allocation_date,condition,order_line_id,message_id,supply_id,customer_id,product_id,supply_grade,requested_grade,delivery_date,objective_unit_score,allocated_quantity_kg,exact_grade
2025-03-02,B0_manual,O0001681,M000683,S0003630,C001,P03,B,B,2025-03-02,,20.0,1
2025-03-02,B0_manual,O0001681,M000683,S0003631,C001,P03,B,B,2025-03-02,,10.0,1
2025-03-02,B0_manual,O0001681,M000683,S0003632,C001,P03,B,B,2025-03-02,,1.0,1
2025-03-02,B0_manual,O0001681,M000683,S0003633,C001,P03,B,B,2025-03-02,,6.0,1
2025-03-02,B0_manual,O0001686,M000683,S0003644,C001,P05,B,B,2025-03-02,,4.0,1
2025-03-02,B0_manual,O0001686,M000683,S0003645,C001,P05,B,B,2025-03-02,,4.0,1
2025-03-02,B0_manual,O0001686,M000683,S0003646,C001,P05,B,B,2025-03-02,,3.0,1
2025-03-02,B0_manual,O0001686,M000683,S0003647,C001,P05,B,B,2025-03-02,,1.0,1
2025-03-02,B0_manual,O0001686,M000683,S0003639,C001,P05,A,B,2025-03-02,,13.0,0
2025-03-02,B0_manual,O0001686,M000683,S0003640,C001,P05,A,B,2025-03-02,,20.0,0
2025-03-02,B0_manual,O0001680,M000684,S0003626,C002,P03,A,B,2025-03-02,,6.0,0
2025-03-02,B0_manual,O0001683,M000684,S0003637,C002,P04,B,B,2025-03-02,,7.0,1
2025-03-02,B0_manual,O0001683,M000684,S0003638,C002,P04,B,B,2025-03-02,,13.0,1
2025-03-02,B0_manual,O0001683,M000684,S0003634,C002,P04,A,B,2025-03-02,,9.0,0
2025-03-02,B0_manual,O0001683,M000684,S0003635,C002,P04,A,B,2025-03-02,,7.0,0
2025-03-02,B0_manual,O0001690,M000684,S0003648,C002,P06,A,A,2025-03-02,,12.0,1
2025-03-02,B0_manual,O0001697,M000684,S0003665,C002,P08,A,A,2025-03-02,,11.0,1
2025-03-02,B0_manual,O0001697,M000684,S0003666,C002,P08,A,A,2025-03-02,,4.0,1
2025-03-02,B0_manual,O0001678,M000685,S0003620,C003,P02,A,A,2025-03-02,,8.0,1
2025-03-02,B0_manual,O0001684,M000685,S0003635,C003,P04,A,A,2025-03-02,,20.0,1
2025-03-02,B0_manual,O0001684,M000685,S0003636,C003,P04,A,A,2025-03-02,,2.0,1
2025-03-02,B0_manual,O0001687,M000685,S0003651,C003,P06,B,B,2025-03-02,,8.0,1
2025-03-02,B0_manual,O0001687,M000685,S0003652,C003,P06,B,B,2025-03-02,,6.0,1
2025-03-02,B0_manual,O0001687,M000685,S0003653,C003,P06,B,B,2025-03-02,,4.0,1
2025-03-02,B0_manual,O0001696,M000685,S0003666,C003,P08,A,A,2025-03-02,,6.0,1
2025-03-02,B0_manual,O0001696,M000685,S0003667,C003,P08,A,A,2025-03-02,,6.0,1
2025-03-02,B0_manual,O0001696,M000685,S0003668,C003,P08,A,A,2025-03-02,,3.0,1
2025-03-02,B0_manual,O0001682,M000686,S0003626,C004,P03,A,A,2025-03-02,,12.0,1
2025-03-02,B0_manual,O0001676,M000687,S0003620,C005,P02,A,A,2025-03-02,,24.0,1
2025-03-02,B0_manual,O0001676,M000687,S0003621,C005,P02,A,A,2025-03-02,,15.0,1
2025-03-02,B0_manual,O0001676,M000687,S0003622,C005,P02,A,A,2025-03-02,,3.0,1
2025-03-02,B0_manual,O0001692,M000688,S0003661,C006,P07,B,B,2025-03-02,,8.0,1
2025-03-02,B0_manual,O0001692,M000688,S0003662,C006,P07,B,B,2025-03-02,,5.0,1
2025-03-02,B0_manual,O0001692,M000688,S0003663,C006,P07,B,B,2025-03-02,,4.0,1
2025-03-02,B0_manual,O0001692,M000688,S0003664,C006,P07,B,B,2025-03-02,,1.0,1
2025-03-02,B0_manual,O0001692,M000688,S0003654,C006,P07,A,B,2025-03-02,,15.0,0
2025-03-02,B0_manual,O0001692,M000688,S0003655,C006,P07,A,B,2025-03-02,,18.0,0
2025-03-02,B0_manual,O0001692,M000688,S0003656,C006,P07,A,B,2025-03-02,,15.0,0
2025-03-02,B0_manual,O0001677,M000689,S0003623,C007,P02,B,B,2025-03-02,,14.0,1
2025-03-02,B0_manual,O0001693,M000689,S0003657,C007,P07,A,A,2025-03-02,,15.0,1
2025-03-02,B0_manual,O0001693,M000689,S0003658,C007,P07,A,A,2025-03-02,,7.0,1
2025-03-02,B0_manual,O0001693,M000689,S0003659,C007,P07,A,A,2025-03-02,,1.0,1
2025-03-02,B0_manual,O0001674,M000690,S0003614,C008,P01,A,A,2025-03-02,,25.0,1
2025-03-02,B0_manual,O0001673,M000691,S0003617,C009,P01,B,B,2025-03-02,,16.0,1
2025-03-02,B0_manual,O0001673,M000691,S0003618,C009,P01,B,B,2025-03-02,,17.0,1
2025-03-02,B0_manual,O0001675,M000692,S0003614,C010,P01,A,A,2025-03-02,,11.0,1
2025-03-02,B0_manual,O0001675,M000692,S0003615,C010,P01,A,A,2025-03-02,,12.0,1
2025-03-02,B0_manual,O0001675,M000692,S0003616,C010,P01,A,A,2025-03-02,,1.0,1
2025-03-02,B0_manual,O0001679,M000692,S0003623,C010,P02,B,B,2025-03-02,,2.0,1
2025-03-02,B0_manual,O0001679,M000692,S0003624,C010,P02,B,B,2025-03-02,,9.0,1
2025-03-02,B0_manual,O0001679,M000692,S0003625,C010,P02,B,B,2025-03-02,,1.0,1
2025-03-02,B0_manual,O0001691,M000693,S0003648,C012,P06,A,A,2025-03-02,,6.0,1
2025-03-02,B0_manual,O0001694,M000693,S0003660,C012,P07,A,A,2025-03-02,,1.0,1
2025-03-02,B1_optimization_only,O0001674,M000690,S0003614,C008,P01,A,A,2025-03-02,8.266666666666667,8.0,1
2025-03-02,B1_optimization_only,O0001675,M000692,S0003614,C010,P01,A,A,2025-03-02,9.466666666666667,28.0,1
2025-03-02,B1_optimization_only,O0001675,M000692,S0003615,C010,P01,A,A,2025-03-02,11.466676666666666,12.0,1
2025-03-02,B1_optimization_only,O0001675,M000692,S0003616,C010,P01,A,A,2025-03-02,26.80002,1.0,1
2025-03-02,B1_optimization_only,O0001673,M000691,S0003618,C009,P01,B,B,2025-03-02,11.666676666666666,13.0,1
2025-03-02,B1_optimization_only,O0001673,M000691,S0003619,C009,P01,B,B,2025-03-02,27.00002,20.0,1
2025-03-02,B1_optimization_only,O0001676,M000687,S0003620,C005,P02,A,A,2025-03-02,8.666666666666666,32.0,1
2025-03-02,B1_optimization_only,O0001676,M000687,S0003621,C005,P02,A,A,2025-03-02,10.666676666666666,10.0,1
2025-03-02,B1_optimization_only,O0001678,M000685,S0003621,C003,P02,A,A,2025-03-02,11.866676666666665,5.0,1
2025-03-02,B1_optimization_only,O0001678,M000685,S0003622,C003,P02,A,A,2025-03-02,27.20002,3.0,1
2025-03-02,B1_optimization_only,O0001677,M000689,S0003623,C007,P02,B,B,2025-03-02,7.866666666666666,14.0,1
2025-03-02,B1_optimization_only,O0001679,M000692,S0003623,C010,P02,B,B,2025-03-02,8.866666666666665,2.0,1
2025-03-02,B1_optimization_only,O0001679,M000692,S0003624,C010,P02,B,B,2025-03-02,10.866676666666665,9.0,1
2025-03-02,B1_optimization_only,O0001679,M000692,S0003625,C010,P02,B,B,2025-03-02,26.20002,1.0,1
2025-03-02,B1_optimization_only,O0001680,M000684,S0003628,C002,P03,A,B,2025-03-02,11.975019999999999,5.0,0
2025-03-02,B1_optimization_only,O0001682,M000686,S0003628,C004,P03,A,A,2025-03-02,11.67502,12.0,1
2025-03-02,B1_optimization_only,O0001680,M000684,S0003629,C002,P03,A,B,2025-03-02,26.60003,1.0,0
2025-03-02,B1_optimization_only,O0001681,M000683,S0003630,C001,P03,B,B,2025-03-02,10.475,20.0,1
2025-03-02,B1_optimization_only,O0001681,M000683,S0003631,C001,P03,B,B,2025-03-02,11.60001,10.0,1
2025-03-02,B1_optimization_only,O0001681,M000683,S0003632,C001,P03,B,B,2025-03-02,13.475019999999999,1.0,1
2025-03-02,B1_optimization_only,O0001681,M000683,S0003633,C001,P03,B,B,2025-03-02,28.10003,6.0,1
2025-03-02,B1_optimization_only,O0001683,M000684,S0003634,C002,P04,A,B,2025-03-02,13.966666666666665,9.0,0
2025-03-02,B1_optimization_only,O0001683,M000684,S0003635,C002,P04,A,B,2025-03-02,15.966676666666665,4.0,0
2025-03-02,B1_optimization_only,O0001684,M000685,S0003635,C003,P04,A,A,2025-03-02,16.066676666666666,23.0,1
2025-03-02,B1_optimization_only,O0001684,M000685,S0003636,C003,P04,A,A,2025-03-02,31.400019999999998,2.0,1
2025-03-02,B1_optimization_only,O0001683,M000684,S0003637,C002,P04,B,B,2025-03-02,15.066666666666665,7.0,1
2025-03-02,B1_optimization_only,O0001683,M000684,S0003638,C002,P04,B,B,2025-03-02,17.066676666666666,13.0,1
2025-03-02,B1_optimization_only,O0001685,M000686,S0003639,C004,P05,A,B,2025-03-02,9.440000000000001,13.0,0
2025-03-02,B1_optimization_only,O0001685,M000686,S0003640,C004,P05,A,B,2025-03-02,10.160010000000002,25.0,0
2025-03-02,B1_optimization_only,O0001686,M000683,S0003640,C001,P05,A,B,2025-03-02,11.96001,6.0,0
2025-03-02,B1_optimization_only,O0001686,M000683,S0003641,C001,P05,A,B,2025-03-02,13.16002,15.0,0
2025-03-02,B1_optimization_only,O0001686,M000683,S0003642,C001,P05,A,B,2025-03-02,14.84003,8.0,0
2025-03-02,B1_optimization_only,O0001686,M000683,S0003643,C001,P05,A,B,2025-03-02,29.00004,4.0,0
2025-03-02,B1_optimization_only,O0001686,M000683,S0003644,C001,P05,B,B,2025-03-02,12.34,4.0,1
2025-03-02,B1_optimization_only,O0001686,M000683,S0003645,C001,P05,B,B,2025-03-02,13.06001,4.0,1
2025-03-02,B1_optimization_only,O0001686,M000683,S0003646,C001,P05,B,B,2025-03-02,14.260019999999999,3.0,1
2025-03-02,B1_optimization_only,O0001686,M000683,S0003647,C001,P05,B,B,2025-03-02,30.10004,1.0,1
2025-03-02,B1_optimization_only,O0001688,M000691,S0003648,C009,P06,A,B,2025-03-02,8.366666666666667,10.0,0
2025-03-02,B1_optimization_only,O0001691,M000693,S0003648,C012,P06,A,A,2025-03-02,7.466666666666667,6.0,1
2025-03-02,B1_optimization_only,O0001688,M000691,S0003649,C009,P06,A,B,2025-03-02,10.366676666666667,2.0,0
2025-03-02,B1_optimization_only,O0001690,M000684,S0003649,C002,P06,A,A,2025-03-02,13.266676666666665,3.0,1
2025-03-02,B1_optimization_only,O0001690,M000684,S0003650,C002,P06,A,A,2025-03-02,28.60002,9.0,1
2025-03-02,B1_optimization_only,O0001687,M000685,S0003651,C003,P06,B,B,2025-03-02,10.266666666666666,8.0,1
2025-03-02,B1_optimization_only,O0001687,M000685,S0003652,C003,P06,B,B,2025-03-02,12.266676666666665,6.0,1
2025-03-02,B1_optimization_only,O0001687,M000685,S0003653,C003,P06,B,B,2025-03-02,27.60002,4.0,1
2025-03-02,B1_optimization_only,O0001692,M000688,S0003654,C006,P07,A,B,2025-03-02,6.022448979591837,14.0,0
2025-03-02,B1_optimization_only,O0001694,M000693,S0003654,C012,P07,A,A,2025-03-02,5.722448979591836,1.0,1
2025-03-02,B1_optimization_only,O0001692,M000688,S0003655,C006,P07,A,B,2025-03-02,6.389805918367347,18.0,0
2025-03-02,B1_optimization_only,O0001692,M000688,S0003656,C006,P07,A,B,2025-03-02,7.002060816326531,15.0,0
2025-03-02,B1_optimization_only,O0001692,M000688,S0003657,C006,P07,A,B,2025-03-02,7.859213673469388,1.0,0
2025-03-02,B1_optimization_only,O0001693,M000689,S0003657,C007,P07,A,A,2025-03-02,8.359213673469387,14.0,1
2025-03-02,B1_optimization_only,O0001693,M000689,S0003658,C007,P07,A,A,2025-03-02,9.461264489795917,7.0,1
2025-03-02,B1_optimization_only,O0001693,M000689,S0003659,C007,P07,A,A,2025-03-02,10.80821326530612,1.0,1
2025-03-02,B1_optimization_only,O0001693,M000689,S0003660,C007,P07,A,A,2025-03-02,24.40006,1.0,1
2025-03-02,B1_optimization_only,O0001692,M000688,S0003661,C006,P07,B,B,2025-03-02,7.122448979591836,8.0,1
2025-03-02,B1_optimization_only,O0001692,M000688,S0003662,C006,P07,B,B,2025-03-02,7.489805918367346,5.0,1
2025-03-02,B1_optimization_only,O0001692,M000688,S0003663,C006,P07,B,B,2025-03-02,8.10206081632653,4.0,1
2025-03-02,B1_optimization_only,O0001692,M000688,S0003664,C006,P07,B,B,2025-03-02,8.959213673469389,1.0,1
2025-03-02,B1_optimization_only,O0001696,M000685,S0003665,C003,P08,A,A,2025-03-02,10.540000000000001,11.0,1
2025-03-02,B1_optimization_only,O0001696,M000685,S0003666,C003,P08,A,A,2025-03-02,11.260010000000001,4.0,1
2025-03-02,B1_optimization_only,O0001697,M000684,S0003666,C002,P08,A,A,2025-03-02,12.260010000000001,6.0,1
2025-03-02,B1_optimization_only,O0001697,M000684,S0003667,C002,P08,A,A,2025-03-02,13.46002,6.0,1
2025-03-02,B1_optimization_only,O0001697,M000684,S0003668,C002,P08,A,A,2025-03-02,15.140030000000001,3.0,1
2025-03-02,P1_proposed_dss,O0001674,M000690,S0003614,C008,P01,A,A,2025-03-02,8.266666666666667,8.0,1
2025-03-02,P1_proposed_dss,O0001675,M000692,S0003614,C010,P01,A,A,2025-03-02,9.466666666666667,28.0,1
2025-03-02,P1_proposed_dss,O0001675,M000692,S0003615,C010,P01,A,A,2025-03-02,11.466676666666666,12.0,1
2025-03-02,P1_proposed_dss,O0001675,M000692,S0003616,C010,P01,A,A,2025-03-02,26.80002,1.0,1
2025-03-02,P1_proposed_dss,O0001673,M000691,S0003618,C009,P01,B,B,2025-03-02,11.666676666666666,13.0,1
2025-03-02,P1_proposed_dss,O0001673,M000691,S0003619,C009,P01,B,B,2025-03-02,27.00002,20.0,1
2025-03-02,P1_proposed_dss,O0001676,M000687,S0003620,C005,P02,A,A,2025-03-02,8.666666666666666,32.0,1
2025-03-02,P1_proposed_dss,O0001676,M000687,S0003621,C005,P02,A,A,2025-03-02,10.666676666666666,10.0,1
2025-03-02,P1_proposed_dss,O0001678,M000685,S0003621,C003,P02,A,A,2025-03-02,11.866676666666665,5.0,1
2025-03-02,P1_proposed_dss,O0001678,M000685,S0003622,C003,P02,A,A,2025-03-02,27.20002,3.0,1
2025-03-02,P1_proposed_dss,O0001677,M000689,S0003623,C007,P02,B,B,2025-03-02,7.866666666666666,14.0,1
2025-03-02,P1_proposed_dss,O0001679,M000692,S0003623,C010,P02,B,B,2025-03-02,8.866666666666665,2.0,1
2025-03-02,P1_proposed_dss,O0001679,M000692,S0003624,C010,P02,B,B,2025-03-02,10.866676666666665,9.0,1
2025-03-02,P1_proposed_dss,O0001679,M000692,S0003625,C010,P02,B,B,2025-03-02,26.20002,1.0,1
2025-03-02,P1_proposed_dss,O0001680,M000684,S0003628,C002,P03,A,A,2025-03-02,13.075019999999999,5.0,1
2025-03-02,P1_proposed_dss,O0001682,M000686,S0003628,C004,P03,A,A,2025-03-02,11.67502,12.0,1
2025-03-02,P1_proposed_dss,O0001680,M000684,S0003629,C002,P03,A,A,2025-03-02,27.700029999999998,1.0,1
2025-03-02,P1_proposed_dss,O0001681,M000683,S0003630,C001,P03,B,B,2025-03-02,10.475,20.0,1
2025-03-02,P1_proposed_dss,O0001681,M000683,S0003631,C001,P03,B,B,2025-03-02,11.60001,10.0,1
2025-03-02,P1_proposed_dss,O0001681,M000683,S0003632,C001,P03,B,B,2025-03-02,13.475019999999999,1.0,1
2025-03-02,P1_proposed_dss,O0001681,M000683,S0003633,C001,P03,B,B,2025-03-02,28.10003,6.0,1
2025-03-02,P1_proposed_dss,O0001683,M000684,S0003634,C002,P04,A,B,2025-03-02,13.966666666666665,9.0,0
2025-03-02,P1_proposed_dss,O0001683,M000684,S0003635,C002,P04,A,B,2025-03-02,15.966676666666665,4.0,0
2025-03-02,P1_proposed_dss,O0001684,M000685,S0003635,C003,P04,A,A,2025-03-02,16.066676666666666,23.0,1
2025-03-02,P1_proposed_dss,O0001684,M000685,S0003636,C003,P04,A,A,2025-03-02,31.400019999999998,2.0,1
2025-03-02,P1_proposed_dss,O0001683,M000684,S0003637,C002,P04,B,B,2025-03-02,15.066666666666665,7.0,1
2025-03-02,P1_proposed_dss,O0001683,M000684,S0003638,C002,P04,B,B,2025-03-02,17.066676666666666,13.0,1
2025-03-02,P1_proposed_dss,O0001685,M000686,S0003639,C004,P05,A,B,2025-03-02,9.440000000000001,13.0,0
2025-03-02,P1_proposed_dss,O0001685,M000686,S0003640,C004,P05,A,B,2025-03-02,10.160010000000002,25.0,0
2025-03-02,P1_proposed_dss,O0001686,M000683,S0003640,C001,P05,A,B,2025-03-02,11.96001,6.0,0
2025-03-02,P1_proposed_dss,O0001686,M000683,S0003641,C001,P05,A,B,2025-03-02,13.16002,15.0,0
2025-03-02,P1_proposed_dss,O0001686,M000683,S0003642,C001,P05,A,B,2025-03-02,14.84003,8.0,0
2025-03-02,P1_proposed_dss,O0001686,M000683,S0003643,C001,P05,A,B,2025-03-02,29.00004,4.0,0
2025-03-02,P1_proposed_dss,O0001686,M000683,S0003644,C001,P05,B,B,2025-03-02,12.34,4.0,1
2025-03-02,P1_proposed_dss,O0001686,M000683,S0003645,C001,P05,B,B,2025-03-02,13.06001,4.0,1
2025-03-02,P1_proposed_dss,O0001686,M000683,S0003646,C001,P05,B,B,2025-03-02,14.260019999999999,3.0,1
2025-03-02,P1_proposed_dss,O0001686,M000683,S0003647,C001,P05,B,B,2025-03-02,30.10004,1.0,1
2025-03-02,P1_proposed_dss,O0001688,M000691,S0003648,C009,P06,A,B,2025-03-02,8.366666666666667,10.0,0
2025-03-02,P1_proposed_dss,O0001691,M000693,S0003648,C012,P06,A,A,2025-03-02,7.466666666666667,6.0,1
2025-03-02,P1_proposed_dss,O0001688,M000691,S0003649,C009,P06,A,B,2025-03-02,10.366676666666667,2.0,0
2025-03-02,P1_proposed_dss,O0001690,M000684,S0003649,C002,P06,A,A,2025-03-02,13.266676666666665,3.0,1
2025-03-02,P1_proposed_dss,O0001690,M000684,S0003650,C002,P06,A,A,2025-03-02,28.60002,9.0,1
2025-03-02,P1_proposed_dss,O0001687,M000685,S0003651,C003,P06,B,B,2025-03-02,10.266666666666666,8.0,1
2025-03-02,P1_proposed_dss,O0001687,M000685,S0003652,C003,P06,B,B,2025-03-02,12.266676666666665,6.0,1
2025-03-02,P1_proposed_dss,O0001687,M000685,S0003653,C003,P06,B,B,2025-03-02,27.60002,4.0,1
2025-03-02,P1_proposed_dss,O0001692,M000688,S0003654,C006,P07,A,B,2025-03-02,6.022448979591837,14.0,0
2025-03-02,P1_proposed_dss,O0001694,M000693,S0003654,C012,P07,A,A,2025-03-02,5.722448979591836,1.0,1
2025-03-02,P1_proposed_dss,O0001692,M000688,S0003655,C006,P07,A,B,2025-03-02,6.389805918367347,18.0,0
2025-03-02,P1_proposed_dss,O0001692,M000688,S0003656,C006,P07,A,B,2025-03-02,7.002060816326531,15.0,0
2025-03-02,P1_proposed_dss,O0001692,M000688,S0003657,C006,P07,A,B,2025-03-02,7.859213673469388,1.0,0
2025-03-02,P1_proposed_dss,O0001693,M000689,S0003657,C007,P07,A,A,2025-03-02,8.359213673469387,14.0,1
2025-03-02,P1_proposed_dss,O0001693,M000689,S0003658,C007,P07,A,A,2025-03-02,9.461264489795917,7.0,1
2025-03-02,P1_proposed_dss,O0001693,M000689,S0003659,C007,P07,A,A,2025-03-02,10.80821326530612,1.0,1
2025-03-02,P1_proposed_dss,O0001693,M000689,S0003660,C007,P07,A,A,2025-03-02,24.40006,1.0,1
2025-03-02,P1_proposed_dss,O0001692,M000688,S0003661,C006,P07,B,B,2025-03-02,7.122448979591836,8.0,1
2025-03-02,P1_proposed_dss,O0001692,M000688,S0003662,C006,P07,B,B,2025-03-02,7.489805918367346,5.0,1
2025-03-02,P1_proposed_dss,O0001692,M000688,S0003663,C006,P07,B,B,2025-03-02,8.10206081632653,4.0,1
2025-03-02,P1_proposed_dss,O0001692,M000688,S0003664,C006,P07,B,B,2025-03-02,8.959213673469389,1.0,1
2025-03-02,P1_proposed_dss,O0001695,M000692,S0003666,C010,P08,A,A,2025-03-02,10.260010000000001,3.0,1
2025-03-02,P1_proposed_dss,O0001696,M000685,S0003666,C003,P08,A,A,2025-03-02,11.260010000000001,6.0,1
2025-03-02,P1_proposed_dss,O0001696,M000685,S0003667,C003,P08,A,A,2025-03-02,12.46002,6.0,1
2025-03-02,P1_proposed_dss,O0001696,M000685,S0003668,C003,P08,A,A,2025-03-02,14.140030000000001,3.0,1
2025-03-02,P1_proposed_dss,O0001697,M000684,S0003669,C002,P08,B,B,2025-03-02,11.540000000000001,5.0,1
2025-03-02,P1_proposed_dss,O0001697,M000684,S0003670,C002,P08,B,B,2025-03-02,12.260010000000001,1.0,1
2025-03-02,P1_proposed_dss,O0001697,M000684,S0003671,C002,P08,B,B,2025-03-02,13.46002,3.0,1
2025-03-02,P1_proposed_dss,O0001697,M000684,S0003672,C002,P08,B,B,2025-03-02,15.140030000000001,1.0,1
2025-03-03,B0_manual,O0001713,M000694,S0003695,C001,P04,B,B,2025-03-03,,12.0,1
2025-03-03,B0_manual,O0001717,M000694,S0003703,C001,P05,B,B,2025-03-03,,15.0,1
2025-03-03,B0_manual,O0001717,M000694,S0003704,C001,P05,B,B,2025-03-03,,19.0,1
2025-03-03,B0_manual,O0001698,M000695,S0003673,C002,P01,A,A,2025-03-03,,39.0,1
2025-03-03,B0_manual,O0001698,M000695,S0003674,C002,P01,A,A,2025-03-03,,24.0,1
2025-03-03,B0_manual,O0001698,M000695,S0003675,C002,P01,A,A,2025-03-03,,11.0,1
2025-03-03,B0_manual,O0001706,M000695,S0003689,C002,P03,B,B,2025-03-03,,8.0,1
2025-03-03,B0_manual,O0001706,M000695,S0003690,C002,P03,B,B,2025-03-03,,3.0,1
2025-03-03,B0_manual,O0001706,M000695,S0003691,C002,P03,B,B,2025-03-03,,1.0,1
2025-03-03,B0_manual,O0001719,M000695,S0003704,C002,P05,B,B,2025-03-03,,7.0,1
2025-03-03,B0_manual,O0001719,M000695,S0003705,C002,P05,B,B,2025-03-03,,1.0,1
2025-03-03,B0_manual,O0001719,M000695,S0003706,C002,P05,B,B,2025-03-03,,4.0,1
2025-03-03,B0_manual,O0001722,M000695,S0003711,C002,P06,B,B,2025-03-03,,6.0,1
2025-03-03,B0_manual,O0001722,M000695,S0003712,C002,P06,B,B,2025-03-03,,2.0,1
2025-03-03,B0_manual,O0001729,M000695,S0003730,C002,P08,B,B,2025-03-03,,4.0,1
2025-03-03,B0_manual,O0001729,M000695,S0003731,C002,P08,B,B,2025-03-03,,1.0,1
2025-03-03,B0_manual,O0001699,M000696,S0003675,C004,P01,A,A,2025-03-03,,12.0,1
2025-03-03,B0_manual,O0001701,M000696,S0003682,C004,P02,B,B,2025-03-03,,3.0,1
2025-03-03,B0_manual,O0001707,M000696,S0003685,C004,P03,A,A,2025-03-03,,25.0,1
2025-03-03,B0_manual,O0001703,M000697,S0003679,C005,P02,A,A,2025-03-03,,15.0,1
2025-03-03,B0_manual,O0001703,M000697,S0003680,C005,P02,A,A,2025-03-03,,7.0,1
2025-03-03,B0_manual,O0001703,M000697,S0003681,C005,P02,A,A,2025-03-03,,3.0,1
2025-03-03,B0_manual,O0001709,M000697,S0003685,C005,P03,A,A,2025-03-03,,4.0,1
2025-03-03,B0_manual,O0001709,M000697,S0003686,C005,P03,A,A,2025-03-03,,27.0,1
2025-03-03,B0_manual,O0001709,M000697,S0003687,C005,P03,A,A,2025-03-03,,5.0,1
2025-03-03,B0_manual,O0001709,M000697,S0003688,C005,P03,A,A,2025-03-03,,2.0,1
2025-03-03,B0_manual,O0001714,M000697,S0003693,C005,P04,A,A,2025-03-03,,4.0,1
2025-03-03,B0_manual,O0001716,M000697,S0003706,C005,P05,B,B,2025-03-03,,5.0,1
2025-03-03,B0_manual,O0001716,M000697,S0003707,C005,P05,B,B,2025-03-03,,2.0,1
2025-03-03,B0_manual,O0001723,M000697,S0003718,C005,P07,B,B,2025-03-03,,7.0,1
2025-03-03,B0_manual,O0001723,M000697,S0003719,C005,P07,B,B,2025-03-03,,5.0,1
2025-03-03,B0_manual,O0001710,M000698,S0003693,C006,P04,A,A,2025-03-03,,23.0,1
2025-03-03,B0_manual,O0001726,M000698,S0003719,C006,P07,B,B,2025-03-03,,4.0,1
2025-03-03,B0_manual,O0001726,M000698,S0003720,C006,P07,B,B,2025-03-03,,9.0,1
2025-03-03,B0_manual,O0001726,M000698,S0003721,C006,P07,B,B,2025-03-03,,3.0,1
2025-03-03,B0_manual,O0001728,M000698,S0003731,C006,P08,B,B,2025-03-03,,2.0,1
2025-03-03,B0_manual,O0001728,M000698,S0003732,C006,P08,B,B,2025-03-03,,1.0,1
2025-03-03,B0_manual,O0001700,M000699,S0003676,C007,P01,B,B,2025-03-03,,12.0,1
2025-03-03,B0_manual,O0001721,M000699,S0003708,C007,P06,A,A,2025-03-03,,9.0,1
2025-03-03,B0_manual,O0001721,M000699,S0003709,C007,P06,A,A,2025-03-03,,12.0,1
2025-03-03,B0_manual,O0001724,M000699,S0003721,C007,P07,B,B,2025-03-03,,6.0,1
2025-03-03,B0_manual,O0001724,M000699,S0003722,C007,P07,B,B,2025-03-03,,5.0,1
2025-03-03,B0_manual,O0001724,M000699,S0003723,C007,P07,B,B,2025-03-03,,1.0,1
2025-03-03,B0_manual,O0001730,M000699,S0003725,C007,P08,A,A,2025-03-03,,4.0,1
2025-03-03,B0_manual,O0001712,M000700,S0003695,C008,P04,B,B,2025-03-03,,3.0,1
2025-03-03,B0_manual,O0001725,M000700,S0003723,C008,P07,B,B,2025-03-03,,4.0,1
2025-03-03,B0_manual,O0001725,M000700,S0003724,C008,P07,B,B,2025-03-03,,2.0,1
2025-03-03,B0_manual,O0001725,M000700,S0003713,C008,P07,A,B,2025-03-03,,17.0,0
2025-03-03,B0_manual,O0001725,M000700,S0003714,C008,P07,A,B,2025-03-03,,8.0,0
2025-03-03,B0_manual,O0001725,M000700,S0003715,C008,P07,A,B,2025-03-03,,4.0,0
2025-03-03,B0_manual,O0001725,M000700,S0003716,C008,P07,A,B,2025-03-03,,11.0,0
2025-03-03,B0_manual,O0001725,M000700,S0003717,C008,P07,A,B,2025-03-03,,5.0,0
2025-03-03,B0_manual,O0001705,M000701,S0003691,C009,P03,B,B,2025-03-03,,8.0,1
2025-03-03,B0_manual,O0001705,M000701,S0003692,C009,P03,B,B,2025-03-03,,1.0,1
2025-03-03,B0_manual,O0001711,M000702,S0003693,C010,P04,A,A,2025-03-03,,15.0,1
2025-03-03,B0_manual,O0001711,M000702,S0003694,C010,P04,A,A,2025-03-03,,5.0,1
2025-03-03,B0_manual,O0001720,M000703,S0003709,C011,P06,A,A,2025-03-03,,4.0,1
2025-03-03,B0_manual,O0001720,M000703,S0003710,C011,P06,A,A,2025-03-03,,3.0,1
2025-03-03,B0_manual,O0001704,M000704,S0003682,C012,P02,B,B,2025-03-03,,12.0,1
2025-03-03,B0_manual,O0001704,M000704,S0003683,C012,P02,B,B,2025-03-03,,3.0,1
2025-03-03,B1_optimization_only,O0001698,M000695,S0003673,C002,P01,A,A,2025-03-03,11.466666666666667,27.0,1
2025-03-03,B1_optimization_only,O0001699,M000696,S0003673,C004,P01,A,A,2025-03-03,10.066666666666666,12.0,1
2025-03-03,B1_optimization_only,O0001698,M000695,S0003674,C002,P01,A,A,2025-03-03,13.466676666666666,24.0,1
2025-03-03,B1_optimization_only,O0001698,M000695,S0003675,C002,P01,A,A,2025-03-03,28.80002,23.0,1
2025-03-03,B1_optimization_only,O0001700,M000699,S0003677,C007,P01,B,B,2025-03-03,10.466676666666666,7.0,1
2025-03-03,B1_optimization_only,O0001700,M000699,S0003678,C007,P01,B,B,2025-03-03,25.80002,5.0,1
2025-03-03,B1_optimization_only,O0001703,M000697,S0003679,C005,P02,A,A,2025-03-03,8.666666666666666,15.0,1
2025-03-03,B1_optimization_only,O0001702,M000702,S0003680,C010,P02,A,A,2025-03-03,10.866676666666665,3.0,1
2025-03-03,B1_optimization_only,O0001703,M000697,S0003680,C005,P02,A,A,2025-03-03,10.666676666666666,4.0,1
2025-03-03,B1_optimization_only,O0001702,M000702,S0003681,C010,P02,A,A,2025-03-03,26.20002,3.0,1
2025-03-03,B1_optimization_only,O0001704,M000704,S0003682,C012,P02,B,B,2025-03-03,7.066666666666667,3.0,1
2025-03-03,B1_optimization_only,O0001704,M000704,S0003683,C012,P02,B,B,2025-03-03,9.066676666666666,11.0,1
2025-03-03,B1_optimization_only,O0001701,M000696,S0003684,C004,P02,B,B,2025-03-03,26.80002,3.0,1
2025-03-03,B1_optimization_only,O0001704,M000704,S0003684,C012,P02,B,B,2025-03-03,24.400019999999998,1.0,1
2025-03-03,B1_optimization_only,O0001709,M000697,S0003685,C005,P03,A,A,2025-03-03,7.875,29.0,1
2025-03-03,B1_optimization_only,O0001707,M000696,S0003686,C004,P03,A,A,2025-03-03,9.80001,18.0,1
2025-03-03,B1_optimization_only,O0001709,M000697,S0003686,C005,P03,A,A,2025-03-03,9.00001,9.0,1
2025-03-03,B1_optimization_only,O0001707,M000696,S0003687,C004,P03,A,A,2025-03-03,11.67502,5.0,1
2025-03-03,B1_optimization_only,O0001707,M000696,S0003688,C004,P03,A,A,2025-03-03,26.30003,2.0,1
2025-03-03,B1_optimization_only,O0001705,M000701,S0003689,C009,P03,B,B,2025-03-03,8.275,8.0,1
2025-03-03,B1_optimization_only,O0001705,M000701,S0003690,C009,P03,B,B,2025-03-03,9.40001,1.0,1
2025-03-03,B1_optimization_only,O0001706,M000695,S0003690,C002,P03,B,B,2025-03-03,11.200009999999999,2.0,1
2025-03-03,B1_optimization_only,O0001706,M000695,S0003691,C002,P03,B,B,2025-03-03,13.075019999999999,9.0,1
2025-03-03,B1_optimization_only,O0001706,M000695,S0003692,C002,P03,B,B,2025-03-03,27.700029999999998,1.0,1
2025-03-03,B1_optimization_only,O0001710,M000698,S0003693,C006,P04,A,A,2025-03-03,12.666666666666666,23.0,1
2025-03-03,B1_optimization_only,O0001711,M000702,S0003693,C010,P04,A,A,2025-03-03,13.066666666666665,12.0,1
2025-03-03,B1_optimization_only,O0001714,M000697,S0003693,C005,P04,A,A,2025-03-03,12.866666666666665,4.0,1
2025-03-03,B1_optimization_only,O0001711,M000702,S0003694,C010,P04,A,A,2025-03-03,15.066676666666664,8.0,1
2025-03-03,B1_optimization_only,O0001712,M000700,S0003695,C008,P04,B,B,2025-03-03,11.866666666666665,3.0,1
2025-03-03,B1_optimization_only,O0001713,M000694,S0003695,C001,P04,B,B,2025-03-03,15.466666666666667,9.0,1
2025-03-03,B1_optimization_only,O0001713,M000694,S0003696,C001,P04,B,B,2025-03-03,17.466676666666668,1.0,1
2025-03-03,B1_optimization_only,O0001713,M000694,S0003697,C001,P04,B,B,2025-03-03,32.800019999999996,2.0,1
2025-03-03,B1_optimization_only,O0001718,M000699,S0003699,C007,P05,A,B,2025-03-03,8.56001,11.0,0
2025-03-03,B1_optimization_only,O0001717,M000694,S0003700,C001,P05,A,B,2025-03-03,13.16002,10.0,0
2025-03-03,B1_optimization_only,O0001719,M000695,S0003700,C002,P05,A,B,2025-03-03,12.760019999999999,3.0,0
2025-03-03,B1_optimization_only,O0001717,M000694,S0003701,C001,P05,A,B,2025-03-03,14.84003,8.0,0
2025-03-03,B1_optimization_only,O0001717,M000694,S0003702,C001,P05,A,B,2025-03-03,29.00004,4.0,0
2025-03-03,B1_optimization_only,O0001716,M000697,S0003703,C005,P05,B,B,2025-03-03,9.74,7.0,1
2025-03-03,B1_optimization_only,O0001718,M000699,S0003703,C007,P05,B,B,2025-03-03,8.94,8.0,1
2025-03-03,B1_optimization_only,O0001715,M000702,S0003704,C010,P05,B,B,2025-03-03,10.66001,4.0,1
2025-03-03,B1_optimization_only,O0001716,M000697,S0003704,C005,P05,B,B,2025-03-03,10.46001,13.0,1
2025-03-03,B1_optimization_only,O0001719,M000695,S0003704,C002,P05,B,B,2025-03-03,12.66001,9.0,1
2025-03-03,B1_optimization_only,O0001717,M000694,S0003705,C001,P05,B,B,2025-03-03,14.260019999999999,1.0,1
2025-03-03,B1_optimization_only,O0001717,M000694,S0003706,C001,P05,B,B,2025-03-03,15.940030000000002,9.0,1
2025-03-03,B1_optimization_only,O0001717,M000694,S0003707,C001,P05,B,B,2025-03-03,30.10004,2.0,1
2025-03-03,B1_optimization_only,O0001720,M000703,S0003708,C011,P06,A,A,2025-03-03,7.666666666666667,7.0,1
2025-03-03,B1_optimization_only,O0001721,M000699,S0003708,C007,P06,A,A,2025-03-03,8.266666666666666,2.0,1
2025-03-03,B1_optimization_only,O0001721,M000699,S0003709,C007,P06,A,A,2025-03-03,10.266676666666665,16.0,1
2025-03-03,B1_optimization_only,O0001721,M000699,S0003710,C007,P06,A,A,2025-03-03,25.60002,3.0,1
2025-03-03,B1_optimization_only,O0001722,M000695,S0003711,C002,P06,B,B,2025-03-03,11.266666666666666,6.0,1
2025-03-03,B1_optimization_only,O0001722,M000695,S0003712,C002,P06,B,B,2025-03-03,13.266676666666665,2.0,1
2025-03-03,B1_optimization_only,O0001725,M000700,S0003713,C008,P07,A,B,2025-03-03,5.222448979591836,17.0,0
2025-03-03,B1_optimization_only,O0001725,M000700,S0003714,C008,P07,A,B,2025-03-03,5.589805918367346,8.0,0
2025-03-03,B1_optimization_only,O0001725,M000700,S0003715,C008,P07,A,B,2025-03-03,6.20206081632653,4.0,0
2025-03-03,B1_optimization_only,O0001724,M000699,S0003716,C007,P07,A,B,2025-03-03,7.259213673469387,5.0,0
2025-03-03,B1_optimization_only,O0001725,M000700,S0003716,C008,P07,A,B,2025-03-03,7.0592136734693876,6.0,0
2025-03-03,B1_optimization_only,O0001726,M000698,S0003717,C006,P07,A,B,2025-03-03,8.96126448979592,5.0,0
2025-03-03,B1_optimization_only,O0001725,M000700,S0003718,C008,P07,B,B,2025-03-03,6.322448979591837,7.0,1
2025-03-03,B1_optimization_only,O0001725,M000700,S0003719,C008,P07,B,B,2025-03-03,6.689805918367346,9.0,1
2025-03-03,B1_optimization_only,O0001724,M000699,S0003720,C007,P07,B,B,2025-03-03,7.50206081632653,7.0,1
2025-03-03,B1_optimization_only,O0001726,M000698,S0003720,C006,P07,B,B,2025-03-03,8.10206081632653,2.0,1
2025-03-03,B1_optimization_only,O0001726,M000698,S0003721,C006,P07,B,B,2025-03-03,8.959213673469389,9.0,1
2025-03-03,B1_optimization_only,O0001723,M000697,S0003722,C005,P07,B,B,2025-03-03,10.261264489795918,5.0,1
2025-03-03,B1_optimization_only,O0001723,M000697,S0003723,C005,P07,B,B,2025-03-03,11.608213265306121,5.0,1
2025-03-03,B1_optimization_only,O0001723,M000697,S0003724,C005,P07,B,B,2025-03-03,25.20006,2.0,1
2025-03-03,B1_optimization_only,O0001727,M000702,S0003726,C010,P08,A,B,2025-03-03,9.160010000000002,6.0,0
2025-03-03,B1_optimization_only,O0001729,M000695,S0003726,C002,P08,A,B,2025-03-03,11.160010000000002,1.0,0
2025-03-03,B1_optimization_only,O0001727,M000702,S0003727,C010,P08,A,B,2025-03-03,10.36002,6.0,0
2025-03-03,B1_optimization_only,O0001727,M000702,S0003728,C010,P08,A,B,2025-03-03,12.040030000000003,2.0,0
2025-03-03,B1_optimization_only,O0001729,M000695,S0003728,C002,P08,A,B,2025-03-03,14.040030000000003,3.0,0
2025-03-03,B1_optimization_only,O0001730,M000699,S0003728,C007,P08,A,A,2025-03-03,12.140030000000001,4.0,1
2025-03-03,B1_optimization_only,O0001729,M000695,S0003729,C002,P08,A,B,2025-03-03,28.20004,1.0,0
2025-03-03,B1_optimization_only,O0001728,M000698,S0003730,C006,P08,B,B,2025-03-03,9.14,4.0,1
2025-03-03,B1_optimization_only,O0001728,M000698,S0003731,C006,P08,B,B,2025-03-03,9.86001,3.0,1
2025-03-03,B1_optimization_only,O0001728,M000698,S0003732,C006,P08,B,B,2025-03-03,12.740030000000003,1.0,1
2025-03-03,P1_proposed_dss,O0001698,M000695,S0003673,C002,P01,A,A,2025-03-03,11.466666666666667,27.0,1
2025-03-03,P1_proposed_dss,O0001699,M000696,S0003673,C004,P01,A,A,2025-03-03,10.066666666666666,12.0,1
2025-03-03,P1_proposed_dss,O0001698,M000695,S0003674,C002,P01,A,A,2025-03-03,13.466676666666666,24.0,1
2025-03-03,P1_proposed_dss,O0001698,M000695,S0003675,C002,P01,A,A,2025-03-03,28.80002,23.0,1
2025-03-03,P1_proposed_dss,O0001700,M000699,S0003677,C007,P01,B,B,2025-03-03,10.466676666666666,7.0,1
2025-03-03,P1_proposed_dss,O0001700,M000699,S0003678,C007,P01,B,B,2025-03-03,25.80002,5.0,1
2025-03-03,P1_proposed_dss,O0001703,M000697,S0003679,C005,P02,A,A,2025-03-03,8.666666666666666,15.0,1
2025-03-03,P1_proposed_dss,O0001702,M000702,S0003680,C010,P02,A,A,2025-03-03,10.866676666666665,3.0,1
2025-03-03,P1_proposed_dss,O0001703,M000697,S0003680,C005,P02,A,A,2025-03-03,10.666676666666666,4.0,1
2025-03-03,P1_proposed_dss,O0001702,M000702,S0003681,C010,P02,A,A,2025-03-03,26.20002,3.0,1
2025-03-03,P1_proposed_dss,O0001704,M000704,S0003682,C012,P02,B,B,2025-03-03,7.066666666666667,3.0,1
2025-03-03,P1_proposed_dss,O0001704,M000704,S0003683,C012,P02,B,B,2025-03-03,9.066676666666666,11.0,1
2025-03-03,P1_proposed_dss,O0001701,M000696,S0003684,C004,P02,B,B,2025-03-03,26.80002,3.0,1
2025-03-03,P1_proposed_dss,O0001704,M000704,S0003684,C012,P02,B,B,2025-03-03,24.400019999999998,1.0,1
2025-03-03,P1_proposed_dss,O0001709,M000697,S0003685,C005,P03,A,A,2025-03-03,7.875,29.0,1
2025-03-03,P1_proposed_dss,O0001707,M000696,S0003686,C004,P03,A,A,2025-03-03,9.80001,18.0,1
2025-03-03,P1_proposed_dss,O0001709,M000697,S0003686,C005,P03,A,A,2025-03-03,9.00001,9.0,1
2025-03-03,P1_proposed_dss,O0001707,M000696,S0003687,C004,P03,A,A,2025-03-03,11.67502,5.0,1
2025-03-03,P1_proposed_dss,O0001707,M000696,S0003688,C004,P03,A,A,2025-03-03,26.30003,2.0,1
2025-03-03,P1_proposed_dss,O0001705,M000701,S0003689,C009,P03,B,B,2025-03-03,8.275,8.0,1
2025-03-03,P1_proposed_dss,O0001705,M000701,S0003690,C009,P03,B,B,2025-03-03,9.40001,1.0,1
2025-03-03,P1_proposed_dss,O0001706,M000695,S0003690,C002,P03,B,B,2025-03-03,11.200009999999999,2.0,1
2025-03-03,P1_proposed_dss,O0001706,M000695,S0003691,C002,P03,B,B,2025-03-03,13.075019999999999,9.0,1
2025-03-03,P1_proposed_dss,O0001706,M000695,S0003692,C002,P03,B,B,2025-03-03,27.700029999999998,1.0,1
2025-03-03,P1_proposed_dss,O0001710,M000698,S0003693,C006,P04,A,A,2025-03-03,12.666666666666666,23.0,1
2025-03-03,P1_proposed_dss,O0001711,M000702,S0003693,C010,P04,A,A,2025-03-03,13.066666666666665,12.0,1
2025-03-03,P1_proposed_dss,O0001714,M000697,S0003693,C005,P04,A,A,2025-03-03,12.866666666666665,4.0,1
2025-03-03,P1_proposed_dss,O0001711,M000702,S0003694,C010,P04,A,A,2025-03-03,15.066676666666664,8.0,1
2025-03-03,P1_proposed_dss,O0001712,M000700,S0003695,C008,P04,B,B,2025-03-03,11.866666666666665,3.0,1
2025-03-03,P1_proposed_dss,O0001713,M000694,S0003695,C001,P04,B,B,2025-03-03,15.466666666666667,9.0,1
2025-03-03,P1_proposed_dss,O0001713,M000694,S0003696,C001,P04,B,B,2025-03-03,17.466676666666668,1.0,1
2025-03-03,P1_proposed_dss,O0001713,M000694,S0003697,C001,P04,B,B,2025-03-03,32.800019999999996,2.0,1
2025-03-03,P1_proposed_dss,O0001718,M000699,S0003699,C007,P05,A,B,2025-03-03,8.56001,11.0,0
2025-03-03,P1_proposed_dss,O0001717,M000694,S0003700,C001,P05,A,B,2025-03-03,13.16002,10.0,0
2025-03-03,P1_proposed_dss,O0001719,M000695,S0003700,C002,P05,A,B,2025-03-03,12.760019999999999,3.0,0
2025-03-03,P1_proposed_dss,O0001717,M000694,S0003701,C001,P05,A,B,2025-03-03,14.84003,8.0,0
2025-03-03,P1_proposed_dss,O0001717,M000694,S0003702,C001,P05,A,B,2025-03-03,29.00004,4.0,0
2025-03-03,P1_proposed_dss,O0001716,M000697,S0003703,C005,P05,B,B,2025-03-03,9.74,7.0,1
2025-03-03,P1_proposed_dss,O0001718,M000699,S0003703,C007,P05,B,B,2025-03-03,8.94,8.0,1
2025-03-03,P1_proposed_dss,O0001715,M000702,S0003704,C010,P05,B,B,2025-03-03,10.66001,4.0,1
2025-03-03,P1_proposed_dss,O0001716,M000697,S0003704,C005,P05,B,B,2025-03-03,10.46001,13.0,1
2025-03-03,P1_proposed_dss,O0001719,M000695,S0003704,C002,P05,B,B,2025-03-03,12.66001,9.0,1
2025-03-03,P1_proposed_dss,O0001717,M000694,S0003705,C001,P05,B,B,2025-03-03,14.260019999999999,1.0,1
2025-03-03,P1_proposed_dss,O0001717,M000694,S0003706,C001,P05,B,B,2025-03-03,15.940030000000002,9.0,1
2025-03-03,P1_proposed_dss,O0001717,M000694,S0003707,C001,P05,B,B,2025-03-03,30.10004,2.0,1
2025-03-03,P1_proposed_dss,O0001720,M000703,S0003708,C011,P06,A,A,2025-03-03,7.666666666666667,7.0,1
2025-03-03,P1_proposed_dss,O0001721,M000699,S0003708,C007,P06,A,A,2025-03-03,8.266666666666666,2.0,1
2025-03-03,P1_proposed_dss,O0001721,M000699,S0003709,C007,P06,A,A,2025-03-03,10.266676666666665,16.0,1
2025-03-03,P1_proposed_dss,O0001721,M000699,S0003710,C007,P06,A,A,2025-03-03,25.60002,3.0,1
2025-03-03,P1_proposed_dss,O0001722,M000695,S0003711,C002,P06,B,B,2025-03-03,11.266666666666666,6.0,1
2025-03-03,P1_proposed_dss,O0001722,M000695,S0003712,C002,P06,B,B,2025-03-03,13.266676666666665,2.0,1
2025-03-03,P1_proposed_dss,O0001725,M000700,S0003713,C008,P07,A,B,2025-03-03,5.222448979591836,17.0,0
2025-03-03,P1_proposed_dss,O0001725,M000700,S0003714,C008,P07,A,B,2025-03-03,5.589805918367346,8.0,0
2025-03-03,P1_proposed_dss,O0001725,M000700,S0003715,C008,P07,A,B,2025-03-03,6.20206081632653,4.0,0
2025-03-03,P1_proposed_dss,O0001724,M000699,S0003716,C007,P07,A,B,2025-03-03,7.259213673469387,5.0,0
2025-03-03,P1_proposed_dss,O0001725,M000700,S0003716,C008,P07,A,B,2025-03-03,7.0592136734693876,6.0,0
2025-03-03,P1_proposed_dss,O0001726,M000698,S0003717,C006,P07,A,B,2025-03-03,8.96126448979592,5.0,0
2025-03-03,P1_proposed_dss,O0001725,M000700,S0003718,C008,P07,B,B,2025-03-03,6.322448979591837,7.0,1
2025-03-03,P1_proposed_dss,O0001725,M000700,S0003719,C008,P07,B,B,2025-03-03,6.689805918367346,9.0,1
2025-03-03,P1_proposed_dss,O0001724,M000699,S0003720,C007,P07,B,B,2025-03-03,7.50206081632653,7.0,1
2025-03-03,P1_proposed_dss,O0001726,M000698,S0003720,C006,P07,B,B,2025-03-03,8.10206081632653,2.0,1
2025-03-03,P1_proposed_dss,O0001726,M000698,S0003721,C006,P07,B,B,2025-03-03,8.959213673469389,9.0,1
2025-03-03,P1_proposed_dss,O0001723,M000697,S0003722,C005,P07,B,B,2025-03-03,10.261264489795918,5.0,1
2025-03-03,P1_proposed_dss,O0001723,M000697,S0003723,C005,P07,B,B,2025-03-03,11.608213265306121,5.0,1
2025-03-03,P1_proposed_dss,O0001723,M000697,S0003724,C005,P07,B,B,2025-03-03,25.20006,2.0,1
2025-03-03,P1_proposed_dss,O0001727,M000702,S0003726,C010,P08,A,B,2025-03-03,9.160010000000002,6.0,0
2025-03-03,P1_proposed_dss,O0001729,M000695,S0003726,C002,P08,A,B,2025-03-03,11.160010000000002,1.0,0
2025-03-03,P1_proposed_dss,O0001727,M000702,S0003727,C010,P08,A,B,2025-03-03,10.36002,6.0,0
2025-03-03,P1_proposed_dss,O0001727,M000702,S0003728,C010,P08,A,B,2025-03-03,12.040030000000003,2.0,0
2025-03-03,P1_proposed_dss,O0001729,M000695,S0003728,C002,P08,A,B,2025-03-03,14.040030000000003,3.0,0
2025-03-03,P1_proposed_dss,O0001730,M000699,S0003728,C007,P08,A,A,2025-03-03,12.140030000000001,4.0,1
2025-03-03,P1_proposed_dss,O0001729,M000695,S0003729,C002,P08,A,B,2025-03-03,28.20004,1.0,0
2025-03-03,P1_proposed_dss,O0001728,M000698,S0003730,C006,P08,B,B,2025-03-03,9.14,4.0,1
2025-03-03,P1_proposed_dss,O0001728,M000698,S0003731,C006,P08,B,B,2025-03-03,9.86001,3.0,1
2025-03-03,P1_proposed_dss,O0001728,M000698,S0003732,C006,P08,B,B,2025-03-03,12.740030000000003,1.0,1
2025-03-04,B0_manual,O0001749,M000705,S0003758,C001,P05,A,A,2025-03-04,,5.0,1
2025-03-04,B0_manual,O0001759,M000705,S0003772,C001,P07,A,A,2025-03-04,,11.0,1
2025-03-04,B0_manual,O0001759,M000705,S0003773,C001,P07,A,A,2025-03-04,,11.0,1
2025-03-04,B0_manual,O0001760,M000705,S0003791,C001,P08,B,B,2025-03-04,,17.0,1
2025-03-04,B0_manual,O0001760,M000705,S0003792,C001,P08,B,B,2025-03-04,,6.0,1
2025-03-04,B0_manual,O0001760,M000705,S0003793,C001,P08,B,B,2025-03-04,,2.0,1
2025-03-04,B0_manual,O0001739,M000706,S0003745,C002,P03,A,A,2025-03-04,,3.0,1
2025-03-04,B0_manual,O0001742,M000706,S0003753,C002,P04,A,A,2025-03-04,,5.0,1
2025-03-04,B0_manual,O0001748,M000706,S0003763,C002,P05,B,B,2025-03-04,,4.0,1
2025-03-04,B0_manual,O0001748,M000706,S0003764,C002,P05,B,B,2025-03-04,,3.0,1
2025-03-04,B0_manual,O0001748,M000706,S0003765,C002,P05,B,B,2025-03-04,,1.0,1
2025-03-04,B0_manual,O0001748,M000706,S0003766,C002,P05,B,B,2025-03-04,,1.0,1
2025-03-04,B0_manual,O0001752,M000706,S0003767,C002,P06,A,A,2025-03-04,,29.0,1
2025-03-04,B0_manual,O0001752,M000706,S0003768,C002,P06,A,A,2025-03-04,,8.0,1
2025-03-04,B0_manual,O0001734,M000707,S0003733,C003,P01,A,A,2025-03-04,,36.0,1
2025-03-04,B0_manual,O0001734,M000707,S0003734,C003,P01,A,A,2025-03-04,,4.0,1
2025-03-04,B0_manual,O0001758,M000707,S0003779,C003,P07,B,B,2025-03-04,,7.0,1
2025-03-04,B0_manual,O0001758,M000707,S0003780,C003,P07,B,B,2025-03-04,,7.0,1
2025-03-04,B0_manual,O0001758,M000707,S0003781,C003,P07,B,B,2025-03-04,,14.0,1
2025-03-04,B0_manual,O0001731,M000708,S0003734,C004,P01,A,A,2025-03-04,,25.0,1
2025-03-04,B0_manual,O0001731,M000708,S0003735,C004,P01,A,A,2025-03-04,,5.0,1
2025-03-04,B0_manual,O0001741,M000708,S0003749,C004,P03,B,B,2025-03-04,,6.0,1
2025-03-04,B0_manual,O0001741,M000708,S0003750,C004,P03,B,B,2025-03-04,,6.0,1
2025-03-04,B0_manual,O0001741,M000708,S0003751,C004,P03,B,B,2025-03-04,,8.0,1
2025-03-04,B0_manual,O0001741,M000708,S0003752,C004,P03,B,B,2025-03-04,,10.0,1
2025-03-04,B0_manual,O0001754,M000708,S0003768,C004,P06,A,A,2025-03-04,,15.0,1
2025-03-04,B0_manual,O0001743,M000709,S0003753,C005,P04,A,A,2025-03-04,,3.0,1
2025-03-04,B0_manual,O0001746,M000710,S0003756,C006,P04,B,B,2025-03-04,,6.0,1
2025-03-04,B0_manual,O0001753,M000710,S0003768,C006,P06,A,A,2025-03-04,,8.0,1
2025-03-04,B0_manual,O0001753,M000710,S0003769,C006,P06,A,A,2025-03-04,,1.0,1
2025-03-04,B0_manual,O0001757,M000710,S0003773,C006,P07,A,A,2025-03-04,,4.0,1
2025-03-04,B0_manual,O0001757,M000710,S0003774,C006,P07,A,A,2025-03-04,,11.0,1
2025-03-04,B0_manual,O0001757,M000710,S0003775,C006,P07,A,A,2025-03-04,,4.0,1
2025-03-04,B0_manual,O0001757,M000710,S0003776,C006,P07,A,A,2025-03-04,,2.0,1
2025-03-04,B0_manual,O0001757,M000710,S0003777,C006,P07,A,A,2025-03-04,,8.0,1
2025-03-04,B0_manual,O0001757,M000710,S0003778,C006,P07,A,A,2025-03-04,,5.0,1
2025-03-04,B0_manual,O0001735,M000711,S0003739,C007,P02,A,A,2025-03-04,,18.0,1
2025-03-04,B0_manual,O0001735,M000711,S0003740,C007,P02,A,A,2025-03-04,,11.0,1
2025-03-04,B0_manual,O0001735,M000711,S0003741,C007,P02,A,A,2025-03-04,,11.0,1
2025-03-04,B0_manual,O0001733,M000712,S0003736,C008,P01,B,B,2025-03-04,,28.0,1
2025-03-04,B0_manual,O0001733,M000712,S0003737,C008,P01,B,B,2025-03-04,,2.0,1
2025-03-04,B0_manual,O0001737,M000712,S0003745,C008,P03,A,A,2025-03-04,,26.0,1
2025-03-04,B0_manual,O0001737,M000712,S0003746,C008,P03,A,A,2025-03-04,,11.0,1
2025-03-04,B0_manual,O0001737,M000712,S0003747,C008,P03,A,A,2025-03-04,,34.0,1
2025-03-04,B0_manual,O0001737,M000712,S0003748,C008,P03,A,A,2025-03-04,,1.0,1
2025-03-04,B0_manual,O0001762,M000712,S0003794,C008,P08,B,B,2025-03-04,,5.0,1
2025-03-04,B0_manual,O0001762,M000712,S0003795,C008,P08,B,B,2025-03-04,,3.0,1
2025-03-04,B0_manual,O0001736,M000713,S0003742,C009,P02,B,B,2025-03-04,,12.0,1
2025-03-04,B0_manual,O0001736,M000713,S0003743,C009,P02,B,B,2025-03-04,,2.0,1
2025-03-04,B0_manual,O0001736,M000713,S0003744,C009,P02,B,B,2025-03-04,,2.0,1
2025-03-04,B0_manual,O0001738,M000713,S0003748,C009,P03,A,A,2025-03-04,,2.0,1
2025-03-04,B0_manual,O0001744,M000713,S0003756,C009,P04,B,B,2025-03-04,,2.0,1
2025-03-04,B0_manual,O0001744,M000713,S0003757,C009,P04,B,B,2025-03-04,,8.0,1
2025-03-04,B0_manual,O0001732,M000714,S0003735,C010,P01,A,A,2025-03-04,,9.0,1
2025-03-04,B0_manual,O0001756,M000714,S0003782,C010,P07,B,B,2025-03-04,,5.0,1
2025-03-04,B0_manual,O0001756,M000714,S0003783,C010,P07,B,B,2025-03-04,,3.0,1
2025-03-04,B0_manual,O0001756,M000714,S0003784,C010,P07,B,B,2025-03-04,,3.0,1
2025-03-04,B0_manual,O0001756,M000714,S0003785,C010,P07,B,B,2025-03-04,,2.0,1
2025-03-04,B0_manual,O0001761,M000714,S0003786,C010,P08,A,A,2025-03-04,,4.0,1
2025-03-04,B0_manual,O0001745,M000715,S0003757,C011,P04,B,B,2025-03-04,,2.0,1
2025-03-04,B1_optimization_only,O0001731,M000708,S0003733,C004,P01,A,A,2025-03-04,10.066666666666666,27.0,1
2025-03-04,B1_optimization_only,O0001732,M000714,S0003733,C010,P01,A,A,2025-03-04,9.466666666666667,9.0,1
2025-03-04,B1_optimization_only,O0001731,M000708,S0003734,C004,P01,A,A,2025-03-04,12.066676666666666,3.0,1
2025-03-04,B1_optimization_only,O0001734,M000707,S0003734,C003,P01,A,A,2025-03-04,12.466676666666666,26.0,1
2025-03-04,B1_optimization_only,O0001734,M000707,S0003735,C003,P01,A,A,2025-03-04,27.80002,14.0,1
2025-03-04,B1_optimization_only,O0001733,M000712,S0003736,C008,P01,B,B,2025-03-04,8.266666666666667,3.0,1
2025-03-04,B1_optimization_only,O0001733,M000712,S0003737,C008,P01,B,B,2025-03-04,10.266676666666667,26.0,1
2025-03-04,B1_optimization_only,O0001733,M000712,S0003738,C008,P01,B,B,2025-03-04,25.60002,1.0,1
2025-03-04,B1_optimization_only,O0001735,M000711,S0003739,C007,P02,A,A,2025-03-04,7.866666666666666,18.0,1
2025-03-04,B1_optimization_only,O0001735,M000711,S0003740,C007,P02,A,A,2025-03-04,9.866676666666665,11.0,1
2025-03-04,B1_optimization_only,O0001735,M000711,S0003741,C007,P02,A,A,2025-03-04,25.20002,11.0,1
2025-03-04,B1_optimization_only,O0001736,M000713,S0003742,C009,P02,B,B,2025-03-04,9.066666666666666,6.0,1
2025-03-04,B1_optimization_only,O0001736,M000713,S0003743,C009,P02,B,B,2025-03-04,11.066676666666666,2.0,1
2025-03-04,B1_optimization_only,O0001736,M000713,S0003744,C009,P02,B,B,2025-03-04,26.400019999999998,8.0,1
2025-03-04,B1_optimization_only,O0001737,M000712,S0003745,C008,P03,A,A,2025-03-04,6.875,29.0,1
2025-03-04,B1_optimization_only,O0001737,M000712,S0003746,C008,P03,A,A,2025-03-04,8.00001,9.0,1
2025-03-04,B1_optimization_only,O0001740,M000714,S0003746,C010,P03,A,A,2025-03-04,9.200009999999999,2.0,1
2025-03-04,B1_optimization_only,O0001738,M000713,S0003747,C009,P03,A,A,2025-03-04,11.27502,21.0,1
2025-03-04,B1_optimization_only,O0001740,M000714,S0003747,C010,P03,A,A,2025-03-04,11.075019999999999,13.0,1
2025-03-04,B1_optimization_only,O0001739,M000706,S0003748,C002,P03,A,A,2025-03-04,27.700029999999998,3.0,1
2025-03-04,B1_optimization_only,O0001741,M000708,S0003749,C004,P03,B,B,2025-03-04,8.675,2.0,1
2025-03-04,B1_optimization_only,O0001741,M000708,S0003750,C004,P03,B,B,2025-03-04,9.80001,6.0,1
2025-03-04,B1_optimization_only,O0001741,M000708,S0003751,C004,P03,B,B,2025-03-04,11.67502,8.0,1
2025-03-04,B1_optimization_only,O0001741,M000708,S0003752,C004,P03,B,B,2025-03-04,26.30003,14.0,1
2025-03-04,B1_optimization_only,O0001745,M000715,S0003753,C011,P04,A,B,2025-03-04,10.366666666666667,15.0,0
2025-03-04,B1_optimization_only,O0001742,M000706,S0003754,C002,P04,A,A,2025-03-04,17.066676666666666,2.0,1
2025-03-04,B1_optimization_only,O0001743,M000709,S0003754,C005,P04,A,A,2025-03-04,14.866676666666665,3.0,1
2025-03-04,B1_optimization_only,O0001745,M000715,S0003754,C011,P04,A,B,2025-03-04,12.366676666666667,1.0,0
2025-03-04,B1_optimization_only,O0001746,M000710,S0003754,C006,P04,A,B,2025-03-04,13.566676666666666,6.0,0
2025-03-04,B1_optimization_only,O0001742,M000706,S0003755,C002,P04,A,A,2025-03-04,32.40002,3.0,1
2025-03-04,B1_optimization_only,O0001745,M000715,S0003756,C011,P04,B,B,2025-03-04,11.466666666666667,8.0,1
2025-03-04,B1_optimization_only,O0001744,M000713,S0003757,C009,P04,B,B,2025-03-04,15.266676666666665,10.0,1
2025-03-04,B1_optimization_only,O0001747,M000710,S0003758,C006,P05,A,B,2025-03-04,8.440000000000001,10.0,0
2025-03-04,B1_optimization_only,O0001748,M000706,S0003758,C002,P05,A,B,2025-03-04,10.84,3.0,0
2025-03-04,B1_optimization_only,O0001748,M000706,S0003759,C002,P05,A,B,2025-03-04,11.56001,9.0,0
2025-03-04,B1_optimization_only,O0001751,M000713,S0003759,C009,P05,A,B,2025-03-04,9.76001,10.0,0
2025-03-04,B1_optimization_only,O0001748,M000706,S0003760,C002,P05,A,B,2025-03-04,12.760019999999999,13.0,0
2025-03-04,B1_optimization_only,O0001749,M000705,S0003761,C001,P05,A,A,2025-03-04,15.940030000000002,2.0,1
2025-03-04,B1_optimization_only,O0001749,M000705,S0003762,C001,P05,A,A,2025-03-04,30.10004,3.0,1
2025-03-04,B1_optimization_only,O0001750,M000709,S0003763,C005,P05,B,B,2025-03-04,9.74,4.0,1
2025-03-04,B1_optimization_only,O0001750,M000709,S0003764,C005,P05,B,B,2025-03-04,10.46001,3.0,1
2025-03-04,B1_optimization_only,O0001750,M000709,S0003765,C005,P05,B,B,2025-03-04,13.34003,1.0,1
2025-03-04,B1_optimization_only,O0001750,M000709,S0003766,C005,P05,B,B,2025-03-04,27.50004,1.0,1
2025-03-04,B1_optimization_only,O0001752,M000706,S0003767,C002,P06,A,A,2025-03-04,11.266666666666666,5.0,1
2025-03-04,B1_optimization_only,O0001753,M000710,S0003767,C006,P06,A,A,2025-03-04,8.866666666666665,9.0,1
2025-03-04,B1_optimization_only,O0001754,M000708,S0003767,C004,P06,A,A,2025-03-04,9.866666666666665,15.0,1
2025-03-04,B1_optimization_only,O0001752,M000706,S0003768,C002,P06,A,A,2025-03-04,13.266676666666665,31.0,1
2025-03-04,B1_optimization_only,O0001752,M000706,S0003769,C002,P06,A,A,2025-03-04,28.60002,1.0,1
2025-03-04,B1_optimization_only,O0001757,M000710,S0003772,C006,P07,A,A,2025-03-04,7.122448979591836,11.0,1
2025-03-04,B1_optimization_only,O0001757,M000710,S0003773,C006,P07,A,A,2025-03-04,7.489805918367346,15.0,1
2025-03-04,B1_optimization_only,O0001757,M000710,S0003774,C006,P07,A,A,2025-03-04,8.10206081632653,8.0,1
2025-03-04,B1_optimization_only,O0001759,M000705,S0003774,C001,P07,A,A,2025-03-04,10.90206081632653,3.0,1
2025-03-04,B1_optimization_only,O0001759,M000705,S0003775,C001,P07,A,A,2025-03-04,11.75921367346939,4.0,1
2025-03-04,B1_optimization_only,O0001759,M000705,S0003776,C001,P07,A,A,2025-03-04,12.86126448979592,2.0,1
2025-03-04,B1_optimization_only,O0001759,M000705,S0003777,C001,P07,A,A,2025-03-04,14.208213265306123,8.0,1
2025-03-04,B1_optimization_only,O0001759,M000705,S0003778,C001,P07,A,A,2025-03-04,27.800060000000002,5.0,1
2025-03-04,B1_optimization_only,O0001756,M000714,S0003779,C010,P07,B,B,2025-03-04,7.522448979591836,7.0,1
2025-03-04,B1_optimization_only,O0001756,M000714,S0003780,C010,P07,B,B,2025-03-04,7.889805918367346,6.0,1
2025-03-04,B1_optimization_only,O0001758,M000707,S0003780,C003,P07,B,B,2025-03-04,8.889805918367347,1.0,1
2025-03-04,B1_optimization_only,O0001758,M000707,S0003781,C003,P07,B,B,2025-03-04,9.50206081632653,14.0,1
2025-03-04,B1_optimization_only,O0001758,M000707,S0003782,C003,P07,B,B,2025-03-04,10.35921367346939,5.0,1
2025-03-04,B1_optimization_only,O0001758,M000707,S0003783,C003,P07,B,B,2025-03-04,11.46126448979592,3.0,1
2025-03-04,B1_optimization_only,O0001758,M000707,S0003784,C003,P07,B,B,2025-03-04,12.808213265306122,3.0,1
2025-03-04,B1_optimization_only,O0001758,M000707,S0003785,C003,P07,B,B,2025-03-04,26.40006,2.0,1
2025-03-04,B1_optimization_only,O0001760,M000705,S0003786,C001,P08,A,B,2025-03-04,10.84,4.0,0
2025-03-04,B1_optimization_only,O0001760,M000705,S0003787,C001,P08,A,B,2025-03-04,11.56001,14.0,0
2025-03-04,B1_optimization_only,O0001760,M000705,S0003788,C001,P08,A,B,2025-03-04,12.760019999999999,2.0,0
2025-03-04,B1_optimization_only,O0001761,M000714,S0003788,C010,P08,A,A,2025-03-04,11.46002,4.0,1
2025-03-04,B1_optimization_only,O0001760,M000705,S0003789,C001,P08,A,B,2025-03-04,14.440030000000002,4.0,0
2025-03-04,B1_optimization_only,O0001760,M000705,S0003790,C001,P08,A,B,2025-03-04,28.60004,1.0,0
2025-03-04,B1_optimization_only,O0001762,M000712,S0003791,C008,P08,B,B,2025-03-04,8.340000000000002,17.0,1
2025-03-04,B1_optimization_only,O0001762,M000712,S0003792,C008,P08,B,B,2025-03-04,9.060010000000002,6.0,1
2025-03-04,B1_optimization_only,O0001762,M000712,S0003793,C008,P08,B,B,2025-03-04,10.26002,2.0,1
2025-03-04,B1_optimization_only,O0001762,M000712,S0003794,C008,P08,B,B,2025-03-04,11.940030000000002,5.0,1
2025-03-04,B1_optimization_only,O0001762,M000712,S0003795,C008,P08,B,B,2025-03-04,26.10004,3.0,1
2025-03-04,P1_proposed_dss,O0001731,M000708,S0003733,C004,P01,A,A,2025-03-04,10.066666666666666,27.0,1
2025-03-04,P1_proposed_dss,O0001732,M000714,S0003733,C010,P01,A,A,2025-03-04,9.466666666666667,9.0,1
2025-03-04,P1_proposed_dss,O0001731,M000708,S0003734,C004,P01,A,A,2025-03-04,12.066676666666666,3.0,1
2025-03-04,P1_proposed_dss,O0001734,M000707,S0003734,C003,P01,A,A,2025-03-04,12.466676666666666,26.0,1
2025-03-04,P1_proposed_dss,O0001734,M000707,S0003735,C003,P01,A,A,2025-03-04,27.80002,14.0,1
2025-03-04,P1_proposed_dss,O0001733,M000712,S0003736,C008,P01,B,B,2025-03-04,8.266666666666667,3.0,1
2025-03-04,P1_proposed_dss,O0001733,M000712,S0003737,C008,P01,B,B,2025-03-04,10.266676666666667,26.0,1
2025-03-04,P1_proposed_dss,O0001733,M000712,S0003738,C008,P01,B,B,2025-03-04,25.60002,1.0,1
2025-03-04,P1_proposed_dss,O0001735,M000711,S0003739,C007,P02,A,A,2025-03-04,7.866666666666666,18.0,1
2025-03-04,P1_proposed_dss,O0001735,M000711,S0003740,C007,P02,A,A,2025-03-04,9.866676666666665,11.0,1
2025-03-04,P1_proposed_dss,O0001735,M000711,S0003741,C007,P02,A,A,2025-03-04,25.20002,11.0,1
2025-03-04,P1_proposed_dss,O0001736,M000713,S0003742,C009,P02,B,B,2025-03-04,9.066666666666666,6.0,1
2025-03-04,P1_proposed_dss,O0001736,M000713,S0003743,C009,P02,B,B,2025-03-04,11.066676666666666,2.0,1
2025-03-04,P1_proposed_dss,O0001736,M000713,S0003744,C009,P02,B,B,2025-03-04,26.400019999999998,8.0,1
2025-03-04,P1_proposed_dss,O0001737,M000712,S0003745,C008,P03,A,A,2025-03-04,6.875,29.0,1
2025-03-04,P1_proposed_dss,O0001737,M000712,S0003746,C008,P03,A,A,2025-03-04,8.00001,9.0,1
2025-03-04,P1_proposed_dss,O0001740,M000714,S0003746,C010,P03,A,A,2025-03-04,9.200009999999999,2.0,1
2025-03-04,P1_proposed_dss,O0001738,M000713,S0003747,C009,P03,A,A,2025-03-04,11.27502,21.0,1
2025-03-04,P1_proposed_dss,O0001740,M000714,S0003747,C010,P03,A,A,2025-03-04,11.075019999999999,13.0,1
2025-03-04,P1_proposed_dss,O0001739,M000706,S0003748,C002,P03,A,A,2025-03-04,27.700029999999998,3.0,1
2025-03-04,P1_proposed_dss,O0001741,M000708,S0003749,C004,P03,B,B,2025-03-04,8.675,2.0,1
2025-03-04,P1_proposed_dss,O0001741,M000708,S0003750,C004,P03,B,B,2025-03-04,9.80001,6.0,1
2025-03-04,P1_proposed_dss,O0001741,M000708,S0003751,C004,P03,B,B,2025-03-04,11.67502,8.0,1
2025-03-04,P1_proposed_dss,O0001741,M000708,S0003752,C004,P03,B,B,2025-03-04,26.30003,14.0,1
2025-03-04,P1_proposed_dss,O0001745,M000715,S0003753,C011,P04,A,B,2025-03-04,10.366666666666667,15.0,0
2025-03-04,P1_proposed_dss,O0001742,M000706,S0003754,C002,P04,A,A,2025-03-04,17.066676666666666,2.0,1
2025-03-04,P1_proposed_dss,O0001743,M000709,S0003754,C005,P04,A,A,2025-03-04,14.866676666666665,3.0,1
2025-03-04,P1_proposed_dss,O0001745,M000715,S0003754,C011,P04,A,B,2025-03-04,12.366676666666667,1.0,0
2025-03-04,P1_proposed_dss,O0001746,M000710,S0003754,C006,P04,A,B,2025-03-04,13.566676666666666,6.0,0
2025-03-04,P1_proposed_dss,O0001742,M000706,S0003755,C002,P04,A,A,2025-03-04,32.40002,3.0,1
2025-03-04,P1_proposed_dss,O0001745,M000715,S0003756,C011,P04,B,B,2025-03-04,11.466666666666667,8.0,1
2025-03-04,P1_proposed_dss,O0001744,M000713,S0003757,C009,P04,B,B,2025-03-04,15.266676666666665,10.0,1
2025-03-04,P1_proposed_dss,O0001747,M000710,S0003758,C006,P05,A,B,2025-03-04,8.440000000000001,10.0,0
2025-03-04,P1_proposed_dss,O0001748,M000706,S0003758,C002,P05,A,B,2025-03-04,10.84,3.0,0
2025-03-04,P1_proposed_dss,O0001748,M000706,S0003759,C002,P05,A,B,2025-03-04,11.56001,9.0,0
2025-03-04,P1_proposed_dss,O0001751,M000713,S0003759,C009,P05,A,B,2025-03-04,9.76001,10.0,0
2025-03-04,P1_proposed_dss,O0001748,M000706,S0003760,C002,P05,A,B,2025-03-04,12.760019999999999,13.0,0
2025-03-04,P1_proposed_dss,O0001749,M000705,S0003761,C001,P05,A,A,2025-03-04,15.940030000000002,2.0,1
2025-03-04,P1_proposed_dss,O0001749,M000705,S0003762,C001,P05,A,A,2025-03-04,30.10004,3.0,1
2025-03-04,P1_proposed_dss,O0001750,M000709,S0003763,C005,P05,B,B,2025-03-04,9.74,4.0,1
2025-03-04,P1_proposed_dss,O0001750,M000709,S0003764,C005,P05,B,B,2025-03-04,10.46001,3.0,1
2025-03-04,P1_proposed_dss,O0001750,M000709,S0003765,C005,P05,B,B,2025-03-04,13.34003,1.0,1
2025-03-04,P1_proposed_dss,O0001750,M000709,S0003766,C005,P05,B,B,2025-03-04,27.50004,1.0,1
2025-03-04,P1_proposed_dss,O0001752,M000706,S0003767,C002,P06,A,A,2025-03-04,11.266666666666666,5.0,1
2025-03-04,P1_proposed_dss,O0001753,M000710,S0003767,C006,P06,A,A,2025-03-04,8.866666666666665,9.0,1
2025-03-04,P1_proposed_dss,O0001754,M000708,S0003767,C004,P06,A,A,2025-03-04,9.866666666666665,15.0,1
2025-03-04,P1_proposed_dss,O0001752,M000706,S0003768,C002,P06,A,A,2025-03-04,13.266676666666665,31.0,1
2025-03-04,P1_proposed_dss,O0001752,M000706,S0003769,C002,P06,A,A,2025-03-04,28.60002,1.0,1
2025-03-04,P1_proposed_dss,O0001757,M000710,S0003772,C006,P07,A,A,2025-03-04,7.122448979591836,11.0,1
2025-03-04,P1_proposed_dss,O0001757,M000710,S0003773,C006,P07,A,A,2025-03-04,7.489805918367346,15.0,1
2025-03-04,P1_proposed_dss,O0001757,M000710,S0003774,C006,P07,A,A,2025-03-04,8.10206081632653,8.0,1
2025-03-04,P1_proposed_dss,O0001759,M000705,S0003774,C001,P07,A,A,2025-03-04,10.90206081632653,3.0,1
2025-03-04,P1_proposed_dss,O0001759,M000705,S0003775,C001,P07,A,A,2025-03-04,11.75921367346939,4.0,1
2025-03-04,P1_proposed_dss,O0001759,M000705,S0003776,C001,P07,A,A,2025-03-04,12.86126448979592,2.0,1
2025-03-04,P1_proposed_dss,O0001759,M000705,S0003777,C001,P07,A,A,2025-03-04,14.208213265306123,8.0,1
2025-03-04,P1_proposed_dss,O0001759,M000705,S0003778,C001,P07,A,A,2025-03-04,27.800060000000002,5.0,1
2025-03-04,P1_proposed_dss,O0001756,M000714,S0003779,C010,P07,B,B,2025-03-04,7.522448979591836,7.0,1
2025-03-04,P1_proposed_dss,O0001756,M000714,S0003780,C010,P07,B,B,2025-03-04,7.889805918367346,6.0,1
2025-03-04,P1_proposed_dss,O0001758,M000707,S0003780,C003,P07,B,B,2025-03-04,8.889805918367347,1.0,1
2025-03-04,P1_proposed_dss,O0001758,M000707,S0003781,C003,P07,B,B,2025-03-04,9.50206081632653,14.0,1
2025-03-04,P1_proposed_dss,O0001758,M000707,S0003782,C003,P07,B,B,2025-03-04,10.35921367346939,5.0,1
2025-03-04,P1_proposed_dss,O0001758,M000707,S0003783,C003,P07,B,B,2025-03-04,11.46126448979592,3.0,1
2025-03-04,P1_proposed_dss,O0001758,M000707,S0003784,C003,P07,B,B,2025-03-04,12.808213265306122,3.0,1
2025-03-04,P1_proposed_dss,O0001758,M000707,S0003785,C003,P07,B,B,2025-03-04,26.40006,2.0,1
2025-03-04,P1_proposed_dss,O0001760,M000705,S0003786,C001,P08,A,B,2025-03-04,10.84,4.0,0
2025-03-04,P1_proposed_dss,O0001760,M000705,S0003787,C001,P08,A,B,2025-03-04,11.56001,14.0,0
2025-03-04,P1_proposed_dss,O0001760,M000705,S0003788,C001,P08,A,B,2025-03-04,12.760019999999999,2.0,0
2025-03-04,P1_proposed_dss,O0001761,M000714,S0003788,C010,P08,A,A,2025-03-04,11.46002,4.0,1
2025-03-04,P1_proposed_dss,O0001760,M000705,S0003789,C001,P08,A,B,2025-03-04,14.440030000000002,4.0,0
2025-03-04,P1_proposed_dss,O0001760,M000705,S0003790,C001,P08,A,B,2025-03-04,28.60004,1.0,0
2025-03-04,P1_proposed_dss,O0001762,M000712,S0003791,C008,P08,B,B,2025-03-04,8.340000000000002,17.0,1
2025-03-04,P1_proposed_dss,O0001762,M000712,S0003792,C008,P08,B,B,2025-03-04,9.060010000000002,6.0,1
2025-03-04,P1_proposed_dss,O0001762,M000712,S0003793,C008,P08,B,B,2025-03-04,10.26002,2.0,1
2025-03-04,P1_proposed_dss,O0001762,M000712,S0003794,C008,P08,B,B,2025-03-04,11.940030000000002,5.0,1
2025-03-04,P1_proposed_dss,O0001762,M000712,S0003795,C008,P08,B,B,2025-03-04,26.10004,3.0,1
2025-03-05,B0_manual,O0001769,M000716,S0003802,C002,P02,A,A,2025-03-05,,7.0,1
2025-03-05,B0_manual,O0001783,M000716,S0003844,C002,P07,B,B,2025-03-05,,13.0,1
2025-03-05,B0_manual,O0001783,M000716,S0003845,C002,P07,B,B,2025-03-05,,2.0,1
2025-03-05,B0_manual,O0001783,M000716,S0003846,C002,P07,B,B,2025-03-05,,10.0,1
2025-03-05,B0_manual,O0001783,M000716,S0003847,C002,P07,B,B,2025-03-05,,7.0,1
2025-03-05,B0_manual,O0001771,M000717,S0003812,C003,P03,B,B,2025-03-05,,10.0,1
2025-03-05,B0_manual,O0001776,M000717,S0003816,C003,P04,A,A,2025-03-05,,16.0,1
2025-03-05,B0_manual,O0001786,M000717,S0003850,C003,P08,A,A,2025-03-05,,11.0,1
2025-03-05,B0_manual,O0001786,M000717,S0003851,C003,P08,A,A,2025-03-05,,17.0,1
2025-03-05,B0_manual,O0001786,M000717,S0003852,C003,P08,A,A,2025-03-05,,7.0,1
2025-03-05,B0_manual,O0001778,M000718,S0003822,C004,P05,A,A,2025-03-05,,18.0,1
2025-03-05,B0_manual,O0001764,M000719,S0003796,C005,P01,A,A,2025-03-05,,41.0,1
2025-03-05,B0_manual,O0001768,M000719,S0003805,C005,P02,B,B,2025-03-05,,27.0,1
2025-03-05,B0_manual,O0001787,M000719,S0003855,C005,P08,B,B,2025-03-05,,11.0,1
2025-03-05,B0_manual,O0001787,M000719,S0003856,C005,P08,B,B,2025-03-05,,1.0,1
2025-03-05,B0_manual,O0001781,M000720,S0003835,C006,P06,B,B,2025-03-05,,9.0,1
2025-03-05,B0_manual,O0001781,M000720,S0003836,C006,P06,B,B,2025-03-05,,2.0,1
2025-03-05,B0_manual,O0001781,M000720,S0003837,C006,P06,B,B,2025-03-05,,1.0,1
2025-03-05,B0_manual,O0001784,M000720,S0003838,C006,P07,A,A,2025-03-05,,16.0,1
2025-03-05,B0_manual,O0001784,M000720,S0003839,C006,P07,A,A,2025-03-05,,6.0,1
2025-03-05,B0_manual,O0001784,M000720,S0003840,C006,P07,A,A,2025-03-05,,2.0,1
2025-03-05,B0_manual,O0001784,M000720,S0003841,C006,P07,A,A,2025-03-05,,4.0,1
2025-03-05,B0_manual,O0001784,M000720,S0003842,C006,P07,A,A,2025-03-05,,4.0,1
2025-03-05,B0_manual,O0001767,M000721,S0003802,C007,P02,A,A,2025-03-05,,21.0,1
2025-03-05,B0_manual,O0001773,M000721,S0003812,C007,P03,B,B,2025-03-05,,8.0,1
2025-03-05,B0_manual,O0001773,M000721,S0003813,C007,P03,B,B,2025-03-05,,11.0,1
2025-03-05,B0_manual,O0001773,M000721,S0003814,C007,P03,B,B,2025-03-05,,3.0,1
2025-03-05,B0_manual,O0001773,M000721,S0003815,C007,P03,B,B,2025-03-05,,3.0,1
2025-03-05,B0_manual,O0001775,M000721,S0003819,C007,P04,B,B,2025-03-05,,10.0,1
2025-03-05,B0_manual,O0001775,M000721,S0003820,C007,P04,B,B,2025-03-05,,2.0,1
2025-03-05,B0_manual,O0001775,M000721,S0003821,C007,P04,B,B,2025-03-05,,1.0,1
2025-03-05,B0_manual,O0001777,M000721,S0003827,C007,P05,B,B,2025-03-05,,5.0,1
2025-03-05,B0_manual,O0001777,M000721,S0003828,C007,P05,B,B,2025-03-05,,10.0,1
2025-03-05,B0_manual,O0001777,M000721,S0003829,C007,P05,B,B,2025-03-05,,4.0,1
2025-03-05,B0_manual,O0001777,M000721,S0003830,C007,P05,B,B,2025-03-05,,3.0,1
2025-03-05,B0_manual,O0001785,M000721,S0003842,C007,P07,A,A,2025-03-05,,3.0,1
2025-03-05,B0_manual,O0001785,M000721,S0003843,C007,P07,A,A,2025-03-05,,4.0,1
2025-03-05,B0_manual,O0001779,M000722,S0003831,C008,P05,B,B,2025-03-05,,2.0,1
2025-03-05,B0_manual,O0001779,M000722,S0003823,C008,P05,A,B,2025-03-05,,25.0,0
2025-03-05,B0_manual,O0001779,M000722,S0003824,C008,P05,A,B,2025-03-05,,12.0,0
2025-03-05,B0_manual,O0001789,M000722,S0003856,C008,P08,B,B,2025-03-05,,3.0,1
2025-03-05,B0_manual,O0001765,M000723,S0003802,C009,P02,A,A,2025-03-05,,4.0,1
2025-03-05,B0_manual,O0001765,M000723,S0003803,C009,P02,A,A,2025-03-05,,10.0,1
2025-03-05,B0_manual,O0001765,M000723,S0003804,C009,P02,A,A,2025-03-05,,1.0,1
2025-03-05,B0_manual,O0001780,M000723,S0003837,C009,P06,B,B,2025-03-05,,3.0,1
2025-03-05,B0_manual,O0001774,M000724,S0003816,C010,P04,A,A,2025-03-05,,9.0,1
2025-03-05,B0_manual,O0001766,M000725,S0003805,C011,P02,B,B,2025-03-05,,1.0,1
2025-03-05,B0_manual,O0001766,M000725,S0003806,C011,P02,B,B,2025-03-05,,19.0,1
2025-03-05,B0_manual,O0001766,M000725,S0003807,C011,P02,B,B,2025-03-05,,1.0,1
2025-03-05,B0_manual,O0001788,M000725,S0003852,C011,P08,A,A,2025-03-05,,2.0,1
2025-03-05,B0_manual,O0001788,M000725,S0003853,C011,P08,A,A,2025-03-05,,17.0,1
2025-03-05,B0_manual,O0001788,M000725,S0003854,C011,P08,A,A,2025-03-05,,3.0,1
2025-03-05,B0_manual,O0001763,M000726,S0003799,C012,P01,B,B,2025-03-05,,31.0,1
2025-03-05,B0_manual,O0001763,M000726,S0003800,C012,P01,B,B,2025-03-05,,21.0,1
2025-03-05,B0_manual,O0001763,M000726,S0003801,C012,P01,B,B,2025-03-05,,4.0,1
2025-03-05,B1_optimization_only,O0001763,M000726,S0003796,C012,P01,A,B,2025-03-05,6.566666666666667,49.0,0
2025-03-05,B1_optimization_only,O0001764,M000719,S0003796,C005,P01,A,A,2025-03-05,9.266666666666667,10.0,1
2025-03-05,B1_optimization_only,O0001764,M000719,S0003797,C005,P01,A,A,2025-03-05,11.266676666666667,26.0,1
2025-03-05,B1_optimization_only,O0001764,M000719,S0003798,C005,P01,A,A,2025-03-05,26.60002,5.0,1
2025-03-05,B1_optimization_only,O0001763,M000726,S0003799,C012,P01,B,B,2025-03-05,7.666666666666667,31.0,1
2025-03-05,B1_optimization_only,O0001763,M000726,S0003800,C012,P01,B,B,2025-03-05,9.666676666666666,21.0,1
2025-03-05,B1_optimization_only,O0001763,M000726,S0003801,C012,P01,B,B,2025-03-05,25.00002,4.0,1
2025-03-05,B1_optimization_only,O0001765,M000723,S0003802,C009,P02,A,A,2025-03-05,9.066666666666666,15.0,1
2025-03-05,B1_optimization_only,O0001767,M000721,S0003802,C007,P02,A,A,2025-03-05,7.866666666666666,17.0,1
2025-03-05,B1_optimization_only,O0001765,M000723,S0003803,C009,P02,A,A,2025-03-05,11.066676666666666,4.0,1
2025-03-05,B1_optimization_only,O0001769,M000716,S0003803,C002,P02,A,A,2025-03-05,12.866676666666665,6.0,1
2025-03-05,B1_optimization_only,O0001769,M000716,S0003804,C002,P02,A,A,2025-03-05,28.20002,1.0,1
2025-03-05,B1_optimization_only,O0001766,M000725,S0003805,C011,P02,B,B,2025-03-05,7.266666666666667,21.0,1
2025-03-05,B1_optimization_only,O0001768,M000719,S0003805,C005,P02,B,B,2025-03-05,8.666666666666666,7.0,1
2025-03-05,B1_optimization_only,O0001768,M000719,S0003806,C005,P02,B,B,2025-03-05,10.666676666666666,19.0,1
2025-03-05,B1_optimization_only,O0001768,M000719,S0003807,C005,P02,B,B,2025-03-05,26.00002,1.0,1
2025-03-05,B1_optimization_only,O0001771,M000717,S0003809,C003,P03,A,B,2025-03-05,9.10001,4.0,0
2025-03-05,B1_optimization_only,O0001772,M000723,S0003809,C009,P03,A,B,2025-03-05,8.30001,4.0,0
2025-03-05,B1_optimization_only,O0001772,M000723,S0003810,C009,P03,A,B,2025-03-05,10.17502,11.0,0
2025-03-05,B1_optimization_only,O0001771,M000717,S0003811,C003,P03,A,B,2025-03-05,25.60003,6.0,0
2025-03-05,B1_optimization_only,O0001770,M000724,S0003812,C010,P03,B,B,2025-03-05,8.075,6.0,1
2025-03-05,B1_optimization_only,O0001773,M000721,S0003812,C007,P03,B,B,2025-03-05,7.074999999999999,12.0,1
2025-03-05,B1_optimization_only,O0001770,M000724,S0003813,C010,P03,B,B,2025-03-05,9.200009999999999,11.0,1
2025-03-05,B1_optimization_only,O0001770,M000724,S0003814,C010,P03,B,B,2025-03-05,11.075019999999999,3.0,1
2025-03-05,B1_optimization_only,O0001770,M000724,S0003815,C010,P03,B,B,2025-03-05,25.700029999999998,3.0,1
2025-03-05,B1_optimization_only,O0001774,M000724,S0003816,C010,P04,A,A,2025-03-05,13.066666666666665,9.0,1
2025-03-05,B1_optimization_only,O0001775,M000721,S0003816,C007,P04,A,B,2025-03-05,10.966666666666665,4.0,0
2025-03-05,B1_optimization_only,O0001776,M000717,S0003816,C003,P04,A,A,2025-03-05,14.066666666666665,1.0,1
2025-03-05,B1_optimization_only,O0001776,M000717,S0003817,C003,P04,A,A,2025-03-05,16.066676666666666,12.0,1
2025-03-05,B1_optimization_only,O0001776,M000717,S0003818,C003,P04,A,A,2025-03-05,31.400019999999998,3.0,1
2025-03-05,B1_optimization_only,O0001775,M000721,S0003819,C007,P04,B,B,2025-03-05,12.066666666666665,10.0,1
2025-03-05,B1_optimization_only,O0001775,M000721,S0003820,C007,P04,B,B,2025-03-05,14.066676666666664,2.0,1
2025-03-05,B1_optimization_only,O0001775,M000721,S0003821,C007,P04,B,B,2025-03-05,29.400019999999998,1.0,1
2025-03-05,B1_optimization_only,O0001779,M000722,S0003823,C008,P05,A,B,2025-03-05,8.36001,19.0,0
2025-03-05,B1_optimization_only,O0001777,M000721,S0003824,C007,P05,A,B,2025-03-05,9.760019999999999,13.0,0
2025-03-05,B1_optimization_only,O0001778,M000718,S0003824,C004,P05,A,A,2025-03-05,12.46002,8.0,1
2025-03-05,B1_optimization_only,O0001779,M000722,S0003824,C008,P05,A,B,2025-03-05,9.56002,5.0,0
2025-03-05,B1_optimization_only,O0001778,M000718,S0003825,C004,P05,A,A,2025-03-05,14.140030000000001,3.0,1
2025-03-05,B1_optimization_only,O0001778,M000718,S0003826,C004,P05,A,A,2025-03-05,28.30004,7.0,1
2025-03-05,B1_optimization_only,O0001779,M000722,S0003827,C008,P05,B,B,2025-03-05,8.74,5.0,1
2025-03-05,B1_optimization_only,O0001779,M000722,S0003828,C008,P05,B,B,2025-03-05,9.46001,10.0,1
2025-03-05,B1_optimization_only,O0001777,M000721,S0003829,C007,P05,B,B,2025-03-05,10.860019999999999,4.0,1
2025-03-05,B1_optimization_only,O0001777,M000721,S0003830,C007,P05,B,B,2025-03-05,12.54003,3.0,1
2025-03-05,B1_optimization_only,O0001777,M000721,S0003831,C007,P05,B,B,2025-03-05,26.700039999999998,2.0,1
2025-03-05,B1_optimization_only,O0001780,M000723,S0003832,C009,P06,A,B,2025-03-05,8.366666666666667,11.0,0
2025-03-05,B1_optimization_only,O0001781,M000720,S0003832,C006,P06,A,B,2025-03-05,7.766666666666667,3.0,0
2025-03-05,B1_optimization_only,O0001780,M000723,S0003833,C009,P06,A,B,2025-03-05,10.366676666666667,19.0,0
2025-03-05,B1_optimization_only,O0001780,M000723,S0003834,C009,P06,A,B,2025-03-05,25.700020000000002,9.0,0
2025-03-05,B1_optimization_only,O0001780,M000723,S0003835,C009,P06,B,B,2025-03-05,9.466666666666667,9.0,1
2025-03-05,B1_optimization_only,O0001780,M000723,S0003836,C009,P06,B,B,2025-03-05,11.466676666666666,2.0,1
2025-03-05,B1_optimization_only,O0001780,M000723,S0003837,C009,P06,B,B,2025-03-05,26.80002,4.0,1
2025-03-05,B1_optimization_only,O0001784,M000720,S0003838,C006,P07,A,A,2025-03-05,7.122448979591836,9.0,1
2025-03-05,B1_optimization_only,O0001785,M000721,S0003838,C007,P07,A,A,2025-03-05,6.522448979591836,7.0,1
2025-03-05,B1_optimization_only,O0001784,M000720,S0003839,C006,P07,A,A,2025-03-05,7.489805918367346,6.0,1
2025-03-05,B1_optimization_only,O0001784,M000720,S0003840,C006,P07,A,A,2025-03-05,8.10206081632653,2.0,1
2025-03-05,B1_optimization_only,O0001784,M000720,S0003841,C006,P07,A,A,2025-03-05,8.959213673469389,4.0,1
2025-03-05,B1_optimization_only,O0001784,M000720,S0003842,C006,P07,A,A,2025-03-05,10.061264489795919,7.0,1
2025-03-05,B1_optimization_only,O0001784,M000720,S0003843,C006,P07,A,A,2025-03-05,25.00006,4.0,1
2025-03-05,B1_optimization_only,O0001783,M000716,S0003846,C002,P07,B,B,2025-03-05,10.50206081632653,10.0,1
2025-03-05,B1_optimization_only,O0001783,M000716,S0003847,C002,P07,B,B,2025-03-05,11.35921367346939,9.0,1
2025-03-05,B1_optimization_only,O0001783,M000716,S0003848,C002,P07,B,B,2025-03-05,12.46126448979592,8.0,1
2025-03-05,B1_optimization_only,O0001783,M000716,S0003849,C002,P07,B,B,2025-03-05,13.808213265306122,5.0,1
2025-03-05,B1_optimization_only,O0001788,M000725,S0003850,C011,P08,A,A,2025-03-05,7.94,11.0,1
2025-03-05,B1_optimization_only,O0001786,M000717,S0003851,C003,P08,A,A,2025-03-05,11.260010000000001,6.0,1
2025-03-05,B1_optimization_only,O0001788,M000725,S0003851,C011,P08,A,A,2025-03-05,8.66001,11.0,1
2025-03-05,B1_optimization_only,O0001786,M000717,S0003852,C003,P08,A,A,2025-03-05,12.46002,9.0,1
2025-03-05,B1_optimization_only,O0001786,M000717,S0003853,C003,P08,A,A,2025-03-05,14.140030000000001,17.0,1
2025-03-05,B1_optimization_only,O0001786,M000717,S0003854,C003,P08,A,A,2025-03-05,28.30004,3.0,1
2025-03-05,B1_optimization_only,O0001789,M000722,S0003855,C008,P08,B,B,2025-03-05,8.340000000000002,3.0,1
2025-03-05,B1_optimization_only,O0001787,M000719,S0003856,C005,P08,B,B,2025-03-05,10.060010000000002,10.0,1
2025-03-05,B1_optimization_only,O0001787,M000719,S0003857,C005,P08,B,B,2025-03-05,11.26002,2.0,1
2025-03-05,P1_proposed_dss,O0001763,M000726,S0003796,C012,P01,A,B,2025-03-05,6.566666666666667,49.0,0
2025-03-05,P1_proposed_dss,O0001764,M000719,S0003796,C005,P01,A,A,2025-03-05,9.266666666666667,10.0,1
2025-03-05,P1_proposed_dss,O0001764,M000719,S0003797,C005,P01,A,A,2025-03-05,11.266676666666667,26.0,1
2025-03-05,P1_proposed_dss,O0001764,M000719,S0003798,C005,P01,A,A,2025-03-05,26.60002,5.0,1
2025-03-05,P1_proposed_dss,O0001763,M000726,S0003799,C012,P01,B,B,2025-03-05,7.666666666666667,31.0,1
2025-03-05,P1_proposed_dss,O0001763,M000726,S0003800,C012,P01,B,B,2025-03-05,9.666676666666666,5.0,1
2025-03-05,P1_proposed_dss,O0001783,M000716,S0003800,C002,P01,B,B,2025-03-05,13.466676666666666,16.0,1
2025-03-05,P1_proposed_dss,O0001783,M000716,S0003801,C002,P01,B,B,2025-03-05,28.80002,4.0,1
2025-03-05,P1_proposed_dss,O0001765,M000723,S0003802,C009,P02,A,A,2025-03-05,9.066666666666666,15.0,1
2025-03-05,P1_proposed_dss,O0001767,M000721,S0003802,C007,P02,A,A,2025-03-05,7.866666666666666,17.0,1
2025-03-05,P1_proposed_dss,O0001765,M000723,S0003803,C009,P02,A,A,2025-03-05,11.066676666666666,4.0,1
2025-03-05,P1_proposed_dss,O0001769,M000716,S0003803,C002,P02,A,A,2025-03-05,12.866676666666665,6.0,1
2025-03-05,P1_proposed_dss,O0001769,M000716,S0003804,C002,P02,A,A,2025-03-05,28.20002,1.0,1
2025-03-05,P1_proposed_dss,O0001766,M000725,S0003805,C011,P02,B,B,2025-03-05,7.266666666666667,21.0,1
2025-03-05,P1_proposed_dss,O0001768,M000719,S0003805,C005,P02,B,B,2025-03-05,8.666666666666666,7.0,1
2025-03-05,P1_proposed_dss,O0001768,M000719,S0003806,C005,P02,B,B,2025-03-05,10.666676666666666,19.0,1
2025-03-05,P1_proposed_dss,O0001768,M000719,S0003807,C005,P02,B,B,2025-03-05,26.00002,1.0,1
2025-03-05,P1_proposed_dss,O0001771,M000717,S0003809,C003,P03,A,B,2025-03-05,9.10001,8.0,0
2025-03-05,P1_proposed_dss,O0001771,M000717,S0003810,C003,P03,A,B,2025-03-05,10.975019999999999,2.0,0
2025-03-05,P1_proposed_dss,O0001772,M000723,S0003810,C009,P03,A,A,2025-03-05,11.27502,9.0,1
2025-03-05,P1_proposed_dss,O0001772,M000723,S0003811,C009,P03,A,A,2025-03-05,25.900029999999997,6.0,1
2025-03-05,P1_proposed_dss,O0001770,M000724,S0003812,C010,P03,B,B,2025-03-05,8.075,6.0,1
2025-03-05,P1_proposed_dss,O0001773,M000721,S0003812,C007,P03,B,B,2025-03-05,7.074999999999999,12.0,1
2025-03-05,P1_proposed_dss,O0001770,M000724,S0003813,C010,P03,B,B,2025-03-05,9.200009999999999,11.0,1
2025-03-05,P1_proposed_dss,O0001770,M000724,S0003814,C010,P03,B,B,2025-03-05,11.075019999999999,3.0,1
2025-03-05,P1_proposed_dss,O0001770,M000724,S0003815,C010,P03,B,B,2025-03-05,25.700029999999998,3.0,1
2025-03-05,P1_proposed_dss,O0001774,M000724,S0003816,C010,P04,A,A,2025-03-05,13.066666666666665,9.0,1
2025-03-05,P1_proposed_dss,O0001775,M000721,S0003816,C007,P04,A,B,2025-03-05,10.966666666666665,4.0,0
2025-03-05,P1_proposed_dss,O0001776,M000717,S0003816,C003,P04,A,A,2025-03-05,14.066666666666665,1.0,1
2025-03-05,P1_proposed_dss,O0001776,M000717,S0003817,C003,P04,A,A,2025-03-05,16.066676666666666,12.0,1
2025-03-05,P1_proposed_dss,O0001776,M000717,S0003818,C003,P04,A,A,2025-03-05,31.400019999999998,3.0,1
2025-03-05,P1_proposed_dss,O0001775,M000721,S0003819,C007,P04,B,B,2025-03-05,12.066666666666665,10.0,1
2025-03-05,P1_proposed_dss,O0001775,M000721,S0003820,C007,P04,B,B,2025-03-05,14.066676666666664,2.0,1
2025-03-05,P1_proposed_dss,O0001775,M000721,S0003821,C007,P04,B,B,2025-03-05,29.400019999999998,1.0,1
2025-03-05,P1_proposed_dss,O0001779,M000722,S0003823,C008,P05,A,B,2025-03-05,8.36001,19.0,0
2025-03-05,P1_proposed_dss,O0001777,M000721,S0003824,C007,P05,A,B,2025-03-05,9.760019999999999,13.0,0
2025-03-05,P1_proposed_dss,O0001778,M000718,S0003824,C004,P05,A,A,2025-03-05,12.46002,8.0,1
2025-03-05,P1_proposed_dss,O0001779,M000722,S0003824,C008,P05,A,B,2025-03-05,9.56002,5.0,0
2025-03-05,P1_proposed_dss,O0001778,M000718,S0003825,C004,P05,A,A,2025-03-05,14.140030000000001,3.0,1
2025-03-05,P1_proposed_dss,O0001778,M000718,S0003826,C004,P05,A,A,2025-03-05,28.30004,7.0,1
2025-03-05,P1_proposed_dss,O0001779,M000722,S0003827,C008,P05,B,B,2025-03-05,8.74,5.0,1
2025-03-05,P1_proposed_dss,O0001779,M000722,S0003828,C008,P05,B,B,2025-03-05,9.46001,10.0,1
2025-03-05,P1_proposed_dss,O0001777,M000721,S0003829,C007,P05,B,B,2025-03-05,10.860019999999999,4.0,1
2025-03-05,P1_proposed_dss,O0001777,M000721,S0003830,C007,P05,B,B,2025-03-05,12.54003,3.0,1
2025-03-05,P1_proposed_dss,O0001777,M000721,S0003831,C007,P05,B,B,2025-03-05,26.700039999999998,2.0,1
2025-03-05,P1_proposed_dss,O0001780,M000723,S0003832,C009,P06,A,B,2025-03-05,8.366666666666667,11.0,0
2025-03-05,P1_proposed_dss,O0001781,M000720,S0003832,C006,P06,A,B,2025-03-05,7.766666666666667,3.0,0
2025-03-05,P1_proposed_dss,O0001780,M000723,S0003833,C009,P06,A,B,2025-03-05,10.366676666666667,19.0,0
2025-03-05,P1_proposed_dss,O0001780,M000723,S0003834,C009,P06,A,B,2025-03-05,25.700020000000002,9.0,0
2025-03-05,P1_proposed_dss,O0001780,M000723,S0003835,C009,P06,B,B,2025-03-05,9.466666666666667,9.0,1
2025-03-05,P1_proposed_dss,O0001780,M000723,S0003836,C009,P06,B,B,2025-03-05,11.466676666666666,2.0,1
2025-03-05,P1_proposed_dss,O0001780,M000723,S0003837,C009,P06,B,B,2025-03-05,26.80002,4.0,1
2025-03-05,P1_proposed_dss,O0001784,M000720,S0003838,C006,P07,A,A,2025-03-05,7.122448979591836,9.0,1
2025-03-05,P1_proposed_dss,O0001785,M000721,S0003838,C007,P07,A,A,2025-03-05,6.522448979591836,7.0,1
2025-03-05,P1_proposed_dss,O0001784,M000720,S0003839,C006,P07,A,A,2025-03-05,7.489805918367346,6.0,1
2025-03-05,P1_proposed_dss,O0001784,M000720,S0003840,C006,P07,A,A,2025-03-05,8.10206081632653,2.0,1
2025-03-05,P1_proposed_dss,O0001784,M000720,S0003841,C006,P07,A,A,2025-03-05,8.959213673469389,4.0,1
2025-03-05,P1_proposed_dss,O0001784,M000720,S0003842,C006,P07,A,A,2025-03-05,10.061264489795919,7.0,1
2025-03-05,P1_proposed_dss,O0001784,M000720,S0003843,C006,P07,A,A,2025-03-05,25.00006,4.0,1
2025-03-05,P1_proposed_dss,O0001788,M000725,S0003850,C011,P08,A,A,2025-03-05,7.94,11.0,1
2025-03-05,P1_proposed_dss,O0001786,M000717,S0003851,C003,P08,A,A,2025-03-05,11.260010000000001,6.0,1
2025-03-05,P1_proposed_dss,O0001788,M000725,S0003851,C011,P08,A,A,2025-03-05,8.66001,11.0,1
2025-03-05,P1_proposed_dss,O0001786,M000717,S0003852,C003,P08,A,A,2025-03-05,12.46002,9.0,1
2025-03-05,P1_proposed_dss,O0001786,M000717,S0003853,C003,P08,A,A,2025-03-05,14.140030000000001,17.0,1
2025-03-05,P1_proposed_dss,O0001786,M000717,S0003854,C003,P08,A,A,2025-03-05,28.30004,3.0,1
2025-03-05,P1_proposed_dss,O0001789,M000722,S0003855,C008,P08,B,B,2025-03-05,8.340000000000002,3.0,1
2025-03-05,P1_proposed_dss,O0001787,M000719,S0003856,C005,P08,B,B,2025-03-05,10.060010000000002,10.0,1
2025-03-05,P1_proposed_dss,O0001787,M000719,S0003857,C005,P08,B,B,2025-03-05,11.26002,2.0,1
2025-03-06,B0_manual,O0001810,M000727,S0003913,C002,P08,B,B,2025-03-06,,11.0,1
2025-03-06,B0_manual,O0001810,M000727,S0003914,C002,P08,B,B,2025-03-06,,17.0,1
2025-03-06,B0_manual,O0001810,M000727,S0003915,C002,P08,B,B,2025-03-06,,4.0,1
2025-03-06,B0_manual,O0001793,M000728,S0003860,C003,P01,B,B,2025-03-06,,3.0,1
2025-03-06,B0_manual,O0001802,M000728,S0003879,C003,P05,A,A,2025-03-06,,2.0,1
2025-03-06,B0_manual,O0001802,M000728,S0003880,C003,P05,A,A,2025-03-06,,3.0,1
2025-03-06,B0_manual,O0001796,M000729,S0003868,C005,P03,A,A,2025-03-06,,24.0,1
2025-03-06,B0_manual,O0001803,M000729,S0003884,C005,P05,B,B,2025-03-06,,3.0,1
2025-03-06,B0_manual,O0001806,M000729,S0003889,C005,P06,A,A,2025-03-06,,25.0,1
2025-03-06,B0_manual,O0001806,M000729,S0003890,C005,P06,A,A,2025-03-06,,21.0,1
2025-03-06,B0_manual,O0001807,M000730,S0003901,C006,P07,B,B,2025-03-06,,12.0,1
2025-03-06,B0_manual,O0001807,M000730,S0003902,C006,P07,B,B,2025-03-06,,7.0,1
2025-03-06,B0_manual,O0001807,M000730,S0003903,C006,P07,B,B,2025-03-06,,2.0,1
2025-03-06,B0_manual,O0001807,M000730,S0003904,C006,P07,B,B,2025-03-06,,2.0,1
2025-03-06,B0_manual,O0001807,M000730,S0003905,C006,P07,B,B,2025-03-06,,11.0,1
2025-03-06,B0_manual,O0001807,M000730,S0003906,C006,P07,B,B,2025-03-06,,1.0,1
2025-03-06,B0_manual,O0001807,M000730,S0003907,C006,P07,B,B,2025-03-06,,6.0,1
2025-03-06,B0_manual,O0001791,M000731,S0003860,C007,P01,B,B,2025-03-06,,11.0,1
2025-03-06,B0_manual,O0001791,M000731,S0003861,C007,P01,B,B,2025-03-06,,21.0,1
2025-03-06,B0_manual,O0001791,M000731,S0003862,C007,P01,B,B,2025-03-06,,3.0,1
2025-03-06,B0_manual,O0001794,M000732,S0003863,C009,P02,A,A,2025-03-06,,19.0,1
2025-03-06,B0_manual,O0001794,M000732,S0003864,C009,P02,A,A,2025-03-06,,24.0,1
2025-03-06,B0_manual,O0001794,M000732,S0003865,C009,P02,A,A,2025-03-06,,1.0,1
2025-03-06,B0_manual,O0001799,M000732,S0003876,C009,P04,B,B,2025-03-06,,14.0,1
2025-03-06,B0_manual,O0001799,M000732,S0003877,C009,P04,B,B,2025-03-06,,3.0,1
2025-03-06,B0_manual,O0001799,M000732,S0003878,C009,P04,B,B,2025-03-06,,3.0,1
2025-03-06,B0_manual,O0001800,M000732,S0003880,C009,P05,A,A,2025-03-06,,6.0,1
2025-03-06,B0_manual,O0001800,M000732,S0003881,C009,P05,A,A,2025-03-06,,3.0,1
2025-03-06,B0_manual,O0001800,M000732,S0003882,C009,P05,A,A,2025-03-06,,1.0,1
2025-03-06,B0_manual,O0001790,M000733,S0003858,C010,P01,A,A,2025-03-06,,10.0,1
2025-03-06,B0_manual,O0001801,M000733,S0003884,C010,P05,B,B,2025-03-06,,7.0,1
2025-03-06,B0_manual,O0001801,M000733,S0003885,C010,P05,B,B,2025-03-06,,3.0,1
2025-03-06,B0_manual,O0001792,M000734,S0003862,C011,P01,B,B,2025-03-06,,2.0,1
2025-03-06,B0_manual,O0001798,M000734,S0003874,C011,P04,A,A,2025-03-06,,20.0,1
2025-03-06,B0_manual,O0001798,M000734,S0003875,C011,P04,A,A,2025-03-06,,11.0,1
2025-03-06,B0_manual,O0001804,M000734,S0003885,C011,P05,B,B,2025-03-06,,4.0,1
2025-03-06,B0_manual,O0001804,M000734,S0003886,C011,P05,B,B,2025-03-06,,4.0,1
2025-03-06,B0_manual,O0001804,M000734,S0003887,C011,P05,B,B,2025-03-06,,3.0,1
2025-03-06,B0_manual,O0001804,M000734,S0003888,C011,P05,B,B,2025-03-06,,1.0,1
2025-03-06,B0_manual,O0001805,M000734,S0003890,C011,P06,A,A,2025-03-06,,2.0,1
2025-03-06,B0_manual,O0001805,M000734,S0003891,C011,P06,A,A,2025-03-06,,6.0,1
2025-03-06,B0_manual,O0001809,M000734,S0003908,C011,P08,A,A,2025-03-06,,3.0,1
2025-03-06,B0_manual,O0001809,M000734,S0003909,C011,P08,A,A,2025-03-06,,13.0,1
2025-03-06,B0_manual,O0001809,M000734,S0003910,C011,P08,A,A,2025-03-06,,8.0,1
2025-03-06,B0_manual,O0001809,M000734,S0003911,C011,P08,A,A,2025-03-06,,3.0,1
2025-03-06,B0_manual,O0001809,M000734,S0003912,C011,P08,A,A,2025-03-06,,5.0,1
2025-03-06,B0_manual,O0001795,M000735,S0003865,C012,P02,A,A,2025-03-06,,5.0,1
2025-03-06,B0_manual,O0001797,M000735,S0003872,C012,P03,B,B,2025-03-06,,13.0,1
2025-03-06,B0_manual,O0001797,M000735,S0003873,C012,P03,B,B,2025-03-06,,1.0,1
2025-03-06,B0_manual,O0001797,M000735,S0003868,C012,P03,A,B,2025-03-06,,4.0,0
2025-03-06,B0_manual,O0001797,M000735,S0003869,C012,P03,A,B,2025-03-06,,18.0,0
2025-03-06,B0_manual,O0001797,M000735,S0003870,C012,P03,A,B,2025-03-06,,29.0,0
2025-03-06,B0_manual,O0001797,M000735,S0003871,C012,P03,A,B,2025-03-06,,1.0,0
2025-03-06,B1_optimization_only,O0001790,M000733,S0003859,C010,P01,A,A,2025-03-06,11.466676666666666,10.0,1
2025-03-06,B1_optimization_only,O0001791,M000731,S0003859,C007,P01,A,B,2025-03-06,9.366676666666665,12.0,0
2025-03-06,B1_optimization_only,O0001792,M000734,S0003859,C011,P01,A,B,2025-03-06,8.766676666666665,29.0,0
2025-03-06,B1_optimization_only,O0001792,M000734,S0003860,C011,P01,B,B,2025-03-06,7.866666666666667,7.0,1
2025-03-06,B1_optimization_only,O0001791,M000731,S0003861,C007,P01,B,B,2025-03-06,10.466676666666666,21.0,1
2025-03-06,B1_optimization_only,O0001791,M000731,S0003862,C007,P01,B,B,2025-03-06,25.80002,2.0,1
2025-03-06,B1_optimization_only,O0001793,M000728,S0003862,C003,P01,B,B,2025-03-06,27.80002,3.0,1
2025-03-06,B1_optimization_only,O0001794,M000732,S0003863,C009,P02,A,A,2025-03-06,9.066666666666666,14.0,1
2025-03-06,B1_optimization_only,O0001795,M000735,S0003863,C012,P02,A,A,2025-03-06,7.066666666666667,5.0,1
2025-03-06,B1_optimization_only,O0001794,M000732,S0003864,C009,P02,A,A,2025-03-06,11.066676666666666,24.0,1
2025-03-06,B1_optimization_only,O0001794,M000732,S0003865,C009,P02,A,A,2025-03-06,26.400019999999998,6.0,1
2025-03-06,B1_optimization_only,O0001797,M000735,S0003868,C012,P03,A,B,2025-03-06,5.175000000000001,28.0,0
2025-03-06,B1_optimization_only,O0001797,M000735,S0003869,C012,P03,A,B,2025-03-06,6.30001,18.0,0
2025-03-06,B1_optimization_only,O0001796,M000729,S0003870,C005,P03,A,A,2025-03-06,10.87502,23.0,1
2025-03-06,B1_optimization_only,O0001797,M000735,S0003870,C012,P03,A,B,2025-03-06,8.17502,6.0,0
2025-03-06,B1_optimization_only,O0001796,M000729,S0003871,C005,P03,A,A,2025-03-06,25.50003,1.0,1
2025-03-06,B1_optimization_only,O0001797,M000735,S0003872,C012,P03,B,B,2025-03-06,6.275,13.0,1
2025-03-06,B1_optimization_only,O0001797,M000735,S0003873,C012,P03,B,B,2025-03-06,9.27502,1.0,1
2025-03-06,B1_optimization_only,O0001798,M000734,S0003874,C011,P04,A,A,2025-03-06,11.466666666666667,20.0,1
2025-03-06,B1_optimization_only,O0001798,M000734,S0003875,C011,P04,A,A,2025-03-06,13.466676666666666,10.0,1
2025-03-06,B1_optimization_only,O0001799,M000732,S0003875,C009,P04,A,B,2025-03-06,14.166676666666666,1.0,0
2025-03-06,B1_optimization_only,O0001799,M000732,S0003876,C009,P04,B,B,2025-03-06,13.266666666666666,14.0,1
2025-03-06,B1_optimization_only,O0001799,M000732,S0003877,C009,P04,B,B,2025-03-06,15.266676666666665,3.0,1
2025-03-06,B1_optimization_only,O0001799,M000732,S0003878,C009,P04,B,B,2025-03-06,30.60002,3.0,1
2025-03-06,B1_optimization_only,O0001800,M000732,S0003880,C009,P05,A,A,2025-03-06,10.860009999999999,5.0,1
2025-03-06,B1_optimization_only,O0001801,M000733,S0003880,C010,P05,A,B,2025-03-06,9.56001,4.0,0
2025-03-06,B1_optimization_only,O0001800,M000732,S0003881,C009,P05,A,A,2025-03-06,12.060019999999998,3.0,1
2025-03-06,B1_optimization_only,O0001800,M000732,S0003882,C009,P05,A,A,2025-03-06,13.740029999999999,2.0,1
2025-03-06,B1_optimization_only,O0001802,M000728,S0003882,C003,P05,A,A,2025-03-06,14.54003,4.0,1
2025-03-06,B1_optimization_only,O0001802,M000728,S0003883,C003,P05,A,A,2025-03-06,28.700039999999998,1.0,1
2025-03-06,B1_optimization_only,O0001804,M000734,S0003884,C011,P05,B,B,2025-03-06,8.34,10.0,1
2025-03-06,B1_optimization_only,O0001803,M000729,S0003885,C005,P05,B,B,2025-03-06,10.46001,3.0,1
2025-03-06,B1_optimization_only,O0001804,M000734,S0003885,C011,P05,B,B,2025-03-06,9.06001,4.0,1
2025-03-06,B1_optimization_only,O0001801,M000733,S0003886,C010,P05,B,B,2025-03-06,11.860019999999999,2.0,1
2025-03-06,B1_optimization_only,O0001804,M000734,S0003886,C011,P05,B,B,2025-03-06,10.260019999999999,2.0,1
2025-03-06,B1_optimization_only,O0001801,M000733,S0003887,C010,P05,B,B,2025-03-06,13.54003,3.0,1
2025-03-06,B1_optimization_only,O0001801,M000733,S0003888,C010,P05,B,B,2025-03-06,27.700039999999998,1.0,1
2025-03-06,B1_optimization_only,O0001805,M000734,S0003889,C011,P06,A,A,2025-03-06,7.666666666666667,8.0,1
2025-03-06,B1_optimization_only,O0001806,M000729,S0003889,C005,P06,A,A,2025-03-06,9.066666666666666,17.0,1
2025-03-06,B1_optimization_only,O0001806,M000729,S0003890,C005,P06,A,A,2025-03-06,11.066676666666666,23.0,1
2025-03-06,B1_optimization_only,O0001806,M000729,S0003891,C005,P06,A,A,2025-03-06,26.400019999999998,6.0,1
2025-03-06,B1_optimization_only,O0001808,M000735,S0003895,C012,P07,A,B,2025-03-06,4.622448979591836,7.0,0
2025-03-06,B1_optimization_only,O0001807,M000730,S0003896,C006,P07,A,B,2025-03-06,6.389805918367347,9.0,0
2025-03-06,B1_optimization_only,O0001808,M000735,S0003896,C012,P07,A,B,2025-03-06,4.989805918367346,3.0,0
2025-03-06,B1_optimization_only,O0001807,M000730,S0003897,C006,P07,A,B,2025-03-06,7.002060816326531,21.0,0
2025-03-06,B1_optimization_only,O0001807,M000730,S0003898,C006,P07,A,B,2025-03-06,7.859213673469388,9.0,0
2025-03-06,B1_optimization_only,O0001807,M000730,S0003899,C006,P07,A,B,2025-03-06,8.96126448979592,5.0,0
2025-03-06,B1_optimization_only,O0001807,M000730,S0003900,C006,P07,A,B,2025-03-06,10.308213265306122,13.0,0
2025-03-06,B1_optimization_only,O0001807,M000730,S0003901,C006,P07,B,B,2025-03-06,7.122448979591836,12.0,1
2025-03-06,B1_optimization_only,O0001807,M000730,S0003902,C006,P07,B,B,2025-03-06,7.489805918367346,7.0,1
2025-03-06,B1_optimization_only,O0001807,M000730,S0003903,C006,P07,B,B,2025-03-06,8.10206081632653,2.0,1
2025-03-06,B1_optimization_only,O0001807,M000730,S0003904,C006,P07,B,B,2025-03-06,8.959213673469389,2.0,1
2025-03-06,B1_optimization_only,O0001807,M000730,S0003905,C006,P07,B,B,2025-03-06,10.061264489795919,11.0,1
2025-03-06,B1_optimization_only,O0001807,M000730,S0003906,C006,P07,B,B,2025-03-06,11.408213265306122,1.0,1
2025-03-06,B1_optimization_only,O0001807,M000730,S0003907,C006,P07,B,B,2025-03-06,25.00006,6.0,1
2025-03-06,B1_optimization_only,O0001809,M000734,S0003908,C011,P08,A,A,2025-03-06,7.94,3.0,1
2025-03-06,B1_optimization_only,O0001809,M000734,S0003909,C011,P08,A,A,2025-03-06,8.66001,13.0,1
2025-03-06,B1_optimization_only,O0001809,M000734,S0003910,C011,P08,A,A,2025-03-06,9.860019999999999,8.0,1
2025-03-06,B1_optimization_only,O0001809,M000734,S0003911,C011,P08,A,A,2025-03-06,11.540030000000002,3.0,1
2025-03-06,B1_optimization_only,O0001809,M000734,S0003912,C011,P08,A,A,2025-03-06,25.700039999999998,5.0,1
2025-03-06,B1_optimization_only,O0001810,M000727,S0003913,C002,P08,B,B,2025-03-06,11.540000000000001,5.0,1
2025-03-06,B1_optimization_only,O0001810,M000727,S0003914,C002,P08,B,B,2025-03-06,12.260010000000001,17.0,1
2025-03-06,B1_optimization_only,O0001810,M000727,S0003915,C002,P08,B,B,2025-03-06,13.46002,5.0,1
2025-03-06,B1_optimization_only,O0001810,M000727,S0003916,C002,P08,B,B,2025-03-06,15.140030000000001,5.0,1
2025-03-06,P1_proposed_dss,O0001790,M000733,S0003859,C010,P01,A,A,2025-03-06,11.466676666666666,10.0,1
2025-03-06,P1_proposed_dss,O0001791,M000731,S0003859,C007,P01,A,B,2025-03-06,9.366676666666665,12.0,0
2025-03-06,P1_proposed_dss,O0001791,M000731,S0003861,C007,P01,B,B,2025-03-06,10.466676666666666,21.0,1
2025-03-06,P1_proposed_dss,O0001791,M000731,S0003862,C007,P01,B,B,2025-03-06,25.80002,2.0,1
2025-03-06,P1_proposed_dss,O0001793,M000728,S0003862,C003,P01,B,B,2025-03-06,27.80002,3.0,1
2025-03-06,P1_proposed_dss,O0001794,M000732,S0003863,C009,P02,A,A,2025-03-06,9.066666666666666,14.0,1
2025-03-06,P1_proposed_dss,O0001795,M000735,S0003863,C012,P02,A,A,2025-03-06,7.066666666666667,5.0,1
2025-03-06,P1_proposed_dss,O0001794,M000732,S0003864,C009,P02,A,A,2025-03-06,11.066676666666666,24.0,1
2025-03-06,P1_proposed_dss,O0001794,M000732,S0003865,C009,P02,A,A,2025-03-06,26.400019999999998,6.0,1
2025-03-06,P1_proposed_dss,O0001797,M000735,S0003868,C012,P03,A,B,2025-03-06,5.175000000000001,28.0,0
2025-03-06,P1_proposed_dss,O0001797,M000735,S0003869,C012,P03,A,B,2025-03-06,6.30001,18.0,0
2025-03-06,P1_proposed_dss,O0001796,M000729,S0003870,C005,P03,A,A,2025-03-06,10.87502,23.0,1
2025-03-06,P1_proposed_dss,O0001797,M000735,S0003870,C012,P03,A,B,2025-03-06,8.17502,6.0,0
2025-03-06,P1_proposed_dss,O0001796,M000729,S0003871,C005,P03,A,A,2025-03-06,25.50003,1.0,1
2025-03-06,P1_proposed_dss,O0001797,M000735,S0003872,C012,P03,B,B,2025-03-06,6.275,13.0,1
2025-03-06,P1_proposed_dss,O0001797,M000735,S0003873,C012,P03,B,B,2025-03-06,9.27502,1.0,1
2025-03-06,P1_proposed_dss,O0001798,M000734,S0003874,C011,P04,A,A,2025-03-06,11.466666666666667,20.0,1
2025-03-06,P1_proposed_dss,O0001798,M000734,S0003875,C011,P04,A,A,2025-03-06,13.466676666666666,10.0,1
2025-03-06,P1_proposed_dss,O0001799,M000732,S0003875,C009,P04,A,B,2025-03-06,14.166676666666666,1.0,0
2025-03-06,P1_proposed_dss,O0001799,M000732,S0003876,C009,P04,B,B,2025-03-06,13.266666666666666,14.0,1
2025-03-06,P1_proposed_dss,O0001799,M000732,S0003877,C009,P04,B,B,2025-03-06,15.266676666666665,3.0,1
2025-03-06,P1_proposed_dss,O0001799,M000732,S0003878,C009,P04,B,B,2025-03-06,30.60002,3.0,1
2025-03-06,P1_proposed_dss,O0001800,M000732,S0003880,C009,P05,A,A,2025-03-06,10.860009999999999,5.0,1
2025-03-06,P1_proposed_dss,O0001801,M000733,S0003880,C010,P05,A,B,2025-03-06,9.56001,4.0,0
2025-03-06,P1_proposed_dss,O0001800,M000732,S0003881,C009,P05,A,A,2025-03-06,12.060019999999998,3.0,1
2025-03-06,P1_proposed_dss,O0001800,M000732,S0003882,C009,P05,A,A,2025-03-06,13.740029999999999,2.0,1
2025-03-06,P1_proposed_dss,O0001802,M000728,S0003882,C003,P05,A,A,2025-03-06,14.54003,4.0,1
2025-03-06,P1_proposed_dss,O0001802,M000728,S0003883,C003,P05,A,A,2025-03-06,28.700039999999998,1.0,1
2025-03-06,P1_proposed_dss,O0001804,M000734,S0003884,C011,P05,B,B,2025-03-06,8.34,10.0,1
2025-03-06,P1_proposed_dss,O0001803,M000729,S0003885,C005,P05,B,B,2025-03-06,10.46001,3.0,1
2025-03-06,P1_proposed_dss,O0001804,M000734,S0003885,C011,P05,B,B,2025-03-06,9.06001,4.0,1
2025-03-06,P1_proposed_dss,O0001801,M000733,S0003886,C010,P05,B,B,2025-03-06,11.860019999999999,2.0,1
2025-03-06,P1_proposed_dss,O0001804,M000734,S0003886,C011,P05,B,B,2025-03-06,10.260019999999999,2.0,1
2025-03-06,P1_proposed_dss,O0001801,M000733,S0003887,C010,P05,B,B,2025-03-06,13.54003,3.0,1
2025-03-06,P1_proposed_dss,O0001801,M000733,S0003888,C010,P05,B,B,2025-03-06,27.700039999999998,1.0,1
2025-03-06,P1_proposed_dss,O0001805,M000734,S0003889,C011,P06,A,A,2025-03-06,7.666666666666667,8.0,1
2025-03-06,P1_proposed_dss,O0001806,M000729,S0003889,C005,P06,A,A,2025-03-06,9.066666666666666,17.0,1
2025-03-06,P1_proposed_dss,O0001806,M000729,S0003890,C005,P06,A,A,2025-03-06,11.066676666666666,23.0,1
2025-03-06,P1_proposed_dss,O0001806,M000729,S0003891,C005,P06,A,A,2025-03-06,26.400019999999998,6.0,1
2025-03-06,P1_proposed_dss,O0001808,M000735,S0003895,C012,P07,A,B,2025-03-06,4.622448979591836,7.0,0
2025-03-06,P1_proposed_dss,O0001807,M000730,S0003896,C006,P07,A,B,2025-03-06,6.389805918367347,9.0,0
2025-03-06,P1_proposed_dss,O0001808,M000735,S0003896,C012,P07,A,B,2025-03-06,4.989805918367346,3.0,0
2025-03-06,P1_proposed_dss,O0001807,M000730,S0003897,C006,P07,A,B,2025-03-06,7.002060816326531,21.0,0
2025-03-06,P1_proposed_dss,O0001807,M000730,S0003898,C006,P07,A,B,2025-03-06,7.859213673469388,9.0,0
2025-03-06,P1_proposed_dss,O0001807,M000730,S0003899,C006,P07,A,B,2025-03-06,8.96126448979592,5.0,0
2025-03-06,P1_proposed_dss,O0001807,M000730,S0003900,C006,P07,A,B,2025-03-06,10.308213265306122,13.0,0
2025-03-06,P1_proposed_dss,O0001807,M000730,S0003901,C006,P07,B,B,2025-03-06,7.122448979591836,12.0,1
2025-03-06,P1_proposed_dss,O0001807,M000730,S0003902,C006,P07,B,B,2025-03-06,7.489805918367346,7.0,1
2025-03-06,P1_proposed_dss,O0001807,M000730,S0003903,C006,P07,B,B,2025-03-06,8.10206081632653,2.0,1
2025-03-06,P1_proposed_dss,O0001807,M000730,S0003904,C006,P07,B,B,2025-03-06,8.959213673469389,2.0,1
2025-03-06,P1_proposed_dss,O0001807,M000730,S0003905,C006,P07,B,B,2025-03-06,10.061264489795919,11.0,1
2025-03-06,P1_proposed_dss,O0001807,M000730,S0003906,C006,P07,B,B,2025-03-06,11.408213265306122,1.0,1
2025-03-06,P1_proposed_dss,O0001807,M000730,S0003907,C006,P07,B,B,2025-03-06,25.00006,6.0,1
2025-03-06,P1_proposed_dss,O0001809,M000734,S0003908,C011,P08,A,A,2025-03-06,7.94,3.0,1
2025-03-06,P1_proposed_dss,O0001809,M000734,S0003909,C011,P08,A,A,2025-03-06,8.66001,13.0,1
2025-03-06,P1_proposed_dss,O0001809,M000734,S0003910,C011,P08,A,A,2025-03-06,9.860019999999999,8.0,1
2025-03-06,P1_proposed_dss,O0001809,M000734,S0003911,C011,P08,A,A,2025-03-06,11.540030000000002,3.0,1
2025-03-06,P1_proposed_dss,O0001809,M000734,S0003912,C011,P08,A,A,2025-03-06,25.700039999999998,5.0,1
2025-03-06,P1_proposed_dss,O0001810,M000727,S0003913,C002,P08,B,B,2025-03-06,11.540000000000001,5.0,1
2025-03-06,P1_proposed_dss,O0001810,M000727,S0003914,C002,P08,B,B,2025-03-06,12.260010000000001,17.0,1
2025-03-06,P1_proposed_dss,O0001810,M000727,S0003915,C002,P08,B,B,2025-03-06,13.46002,5.0,1
2025-03-06,P1_proposed_dss,O0001810,M000727,S0003916,C002,P08,B,B,2025-03-06,15.140030000000001,5.0,1
2025-03-07,B0_manual,O0001824,M000736,S0003942,C001,P05,A,A,2025-03-07,,13.0,1
2025-03-07,B0_manual,O0001824,M000736,S0003943,C001,P05,A,A,2025-03-07,,10.0,1
2025-03-07,B0_manual,O0001830,M000736,S0003951,C001,P06,A,A,2025-03-07,,10.0,1
2025-03-07,B0_manual,O0001816,M000737,S0003923,C002,P02,A,A,2025-03-07,,24.0,1
2025-03-07,B0_manual,O0001822,M000737,S0003939,C002,P04,B,B,2025-03-07,,11.0,1
2025-03-07,B0_manual,O0001822,M000737,S0003940,C002,P04,B,B,2025-03-07,,4.0,1
2025-03-07,B0_manual,O0001822,M000737,S0003941,C002,P04,B,B,2025-03-07,,1.0,1
2025-03-07,B0_manual,O0001831,M000737,S0003951,C002,P06,A,A,2025-03-07,,8.0,1
2025-03-07,B0_manual,O0001831,M000737,S0003952,C002,P06,A,A,2025-03-07,,6.0,1
2025-03-07,B0_manual,O0001834,M000737,S0003957,C002,P07,A,A,2025-03-07,,35.0,1
2025-03-07,B0_manual,O0001836,M000737,S0003969,C002,P08,A,A,2025-03-07,,9.0,1
2025-03-07,B0_manual,O0001836,M000737,S0003970,C002,P08,A,A,2025-03-07,,28.0,1
2025-03-07,B0_manual,O0001836,M000737,S0003971,C002,P08,A,A,2025-03-07,,8.0,1
2025-03-07,B0_manual,O0001836,M000737,S0003972,C002,P08,A,A,2025-03-07,,8.0,1
2025-03-07,B0_manual,O0001811,M000738,S0003920,C004,P01,B,B,2025-03-07,,10.0,1
2025-03-07,B0_manual,O0001825,M000738,S0003944,C004,P05,A,A,2025-03-07,,6.0,1
2025-03-07,B0_manual,O0001825,M000738,S0003945,C004,P05,A,A,2025-03-07,,4.0,1
2025-03-07,B0_manual,O0001825,M000738,S0003946,C004,P05,A,A,2025-03-07,,1.0,1
2025-03-07,B0_manual,O0001833,M000738,S0003957,C004,P07,A,A,2025-03-07,,4.0,1
2025-03-07,B0_manual,O0001833,M000738,S0003958,C004,P07,A,A,2025-03-07,,4.0,1
2025-03-07,B0_manual,O0001833,M000738,S0003959,C004,P07,A,A,2025-03-07,,16.0,1
2025-03-07,B0_manual,O0001833,M000738,S0003960,C004,P07,A,A,2025-03-07,,4.0,1
2025-03-07,B0_manual,O0001819,M000739,S0003928,C005,P03,A,A,2025-03-07,,36.0,1
2025-03-07,B0_manual,O0001819,M000739,S0003929,C005,P03,A,A,2025-03-07,,19.0,1
2025-03-07,B0_manual,O0001819,M000739,S0003930,C005,P03,A,A,2025-03-07,,8.0,1
2025-03-07,B0_manual,O0001819,M000739,S0003931,C005,P03,A,A,2025-03-07,,4.0,1
2025-03-07,B0_manual,O0001820,M000739,S0003936,C005,P04,A,A,2025-03-07,,6.0,1
2025-03-07,B0_manual,O0001812,M000740,S0003917,C006,P01,A,A,2025-03-07,,21.0,1
2025-03-07,B0_manual,O0001812,M000740,S0003918,C006,P01,A,A,2025-03-07,,25.0,1
2025-03-07,B0_manual,O0001812,M000740,S0003919,C006,P01,A,A,2025-03-07,,2.0,1
2025-03-07,B0_manual,O0001817,M000740,S0003923,C006,P02,A,A,2025-03-07,,7.0,1
2025-03-07,B0_manual,O0001817,M000740,S0003924,C006,P02,A,A,2025-03-07,,2.0,1
2025-03-07,B0_manual,O0001823,M000740,S0003936,C006,P04,A,A,2025-03-07,,18.0,1
2025-03-07,B0_manual,O0001832,M000740,S0003963,C006,P07,B,B,2025-03-07,,5.0,1
2025-03-07,B0_manual,O0001832,M000740,S0003964,C006,P07,B,B,2025-03-07,,2.0,1
2025-03-07,B0_manual,O0001832,M000740,S0003965,C006,P07,B,B,2025-03-07,,4.0,1
2025-03-07,B0_manual,O0001832,M000740,S0003966,C006,P07,B,B,2025-03-07,,4.0,1
2025-03-07,B0_manual,O0001832,M000740,S0003967,C006,P07,B,B,2025-03-07,,1.0,1
2025-03-07,B0_manual,O0001829,M000741,S0003954,C007,P06,B,B,2025-03-07,,3.0,1
2025-03-07,B0_manual,O0001826,M000742,S0003947,C008,P05,B,B,2025-03-07,,6.0,1
2025-03-07,B0_manual,O0001826,M000742,S0003948,C008,P05,B,B,2025-03-07,,8.0,1
2025-03-07,B0_manual,O0001826,M000742,S0003949,C008,P05,B,B,2025-03-07,,1.0,1
2025-03-07,B0_manual,O0001818,M000743,S0003932,C009,P03,B,B,2025-03-07,,19.0,1
2025-03-07,B0_manual,O0001818,M000743,S0003933,C009,P03,B,B,2025-03-07,,11.0,1
2025-03-07,B0_manual,O0001818,M000743,S0003934,C009,P03,B,B,2025-03-07,,4.0,1
2025-03-07,B0_manual,O0001818,M000743,S0003935,C009,P03,B,B,2025-03-07,,2.0,1
2025-03-07,B0_manual,O0001827,M000743,S0003952,C009,P06,A,A,2025-03-07,,5.0,1
2025-03-07,B0_manual,O0001827,M000743,S0003953,C009,P06,A,A,2025-03-07,,1.0,1
2025-03-07,B0_manual,O0001821,M000744,S0003936,C010,P04,A,B,2025-03-07,,4.0,0
2025-03-07,B0_manual,O0001821,M000744,S0003937,C010,P04,A,B,2025-03-07,,11.0,0
2025-03-07,B0_manual,O0001815,M000745,S0003926,C011,P02,B,B,2025-03-07,,12.0,1
2025-03-07,B0_manual,O0001815,M000745,S0003927,C011,P02,B,B,2025-03-07,,1.0,1
2025-03-07,B0_manual,O0001814,M000746,S0003927,C012,P02,B,B,2025-03-07,,12.0,1
2025-03-07,B0_manual,O0001835,M000746,S0003973,C012,P08,B,B,2025-03-07,,8.0,1
2025-03-07,B0_manual,O0001835,M000746,S0003974,C012,P08,B,B,2025-03-07,,5.0,1
2025-03-07,B0_manual,O0001835,M000746,S0003975,C012,P08,B,B,2025-03-07,,10.0,1
2025-03-07,B1_optimization_only,O0001812,M000740,S0003917,C006,P01,A,A,2025-03-07,9.066666666666666,21.0,1
2025-03-07,B1_optimization_only,O0001812,M000740,S0003918,C006,P01,A,A,2025-03-07,11.066676666666666,25.0,1
2025-03-07,B1_optimization_only,O0001812,M000740,S0003919,C006,P01,A,A,2025-03-07,26.400019999999998,2.0,1
2025-03-07,B1_optimization_only,O0001811,M000738,S0003921,C004,P01,B,B,2025-03-07,12.066676666666666,5.0,1
2025-03-07,B1_optimization_only,O0001811,M000738,S0003922,C004,P01,B,B,2025-03-07,27.400019999999998,5.0,1
2025-03-07,B1_optimization_only,O0001815,M000745,S0003923,C011,P02,A,B,2025-03-07,6.166666666666667,7.0,0
2025-03-07,B1_optimization_only,O0001816,M000737,S0003923,C002,P02,A,A,2025-03-07,10.866666666666665,12.0,1
2025-03-07,B1_optimization_only,O0001817,M000740,S0003923,C006,P02,A,A,2025-03-07,8.466666666666667,9.0,1
2025-03-07,B1_optimization_only,O0001816,M000737,S0003924,C002,P02,A,A,2025-03-07,12.866676666666665,9.0,1
2025-03-07,B1_optimization_only,O0001816,M000737,S0003925,C002,P02,A,A,2025-03-07,28.20002,3.0,1
2025-03-07,B1_optimization_only,O0001814,M000746,S0003926,C012,P02,B,B,2025-03-07,7.066666666666667,12.0,1
2025-03-07,B1_optimization_only,O0001814,M000746,S0003927,C012,P02,B,B,2025-03-07,9.066676666666666,7.0,1
2025-03-07,B1_optimization_only,O0001815,M000745,S0003927,C011,P02,B,B,2025-03-07,9.266676666666665,6.0,1
2025-03-07,B1_optimization_only,O0001819,M000739,S0003928,C005,P03,A,A,2025-03-07,7.875,36.0,1
2025-03-07,B1_optimization_only,O0001819,M000739,S0003929,C005,P03,A,A,2025-03-07,9.00001,19.0,1
2025-03-07,B1_optimization_only,O0001819,M000739,S0003930,C005,P03,A,A,2025-03-07,10.87502,8.0,1
2025-03-07,B1_optimization_only,O0001819,M000739,S0003931,C005,P03,A,A,2025-03-07,25.50003,4.0,1
2025-03-07,B1_optimization_only,O0001818,M000743,S0003932,C009,P03,B,B,2025-03-07,8.275,19.0,1
2025-03-07,B1_optimization_only,O0001818,M000743,S0003933,C009,P03,B,B,2025-03-07,9.40001,11.0,1
2025-03-07,B1_optimization_only,O0001818,M000743,S0003934,C009,P03,B,B,2025-03-07,11.27502,4.0,1
2025-03-07,B1_optimization_only,O0001818,M000743,S0003935,C009,P03,B,B,2025-03-07,25.900029999999997,2.0,1
2025-03-07,B1_optimization_only,O0001821,M000744,S0003936,C010,P04,A,B,2025-03-07,11.966666666666665,14.0,0
2025-03-07,B1_optimization_only,O0001823,M000740,S0003936,C006,P04,A,A,2025-03-07,12.666666666666666,14.0,1
2025-03-07,B1_optimization_only,O0001820,M000739,S0003937,C005,P04,A,A,2025-03-07,14.866676666666665,6.0,1
2025-03-07,B1_optimization_only,O0001822,M000737,S0003937,C002,P04,A,B,2025-03-07,15.966676666666665,1.0,0
2025-03-07,B1_optimization_only,O0001823,M000740,S0003937,C006,P04,A,A,2025-03-07,14.666676666666666,4.0,1
2025-03-07,B1_optimization_only,O0001822,M000737,S0003938,C002,P04,A,B,2025-03-07,31.300019999999996,1.0,0
2025-03-07,B1_optimization_only,O0001822,M000737,S0003939,C002,P04,B,B,2025-03-07,15.066666666666665,11.0,1
2025-03-07,B1_optimization_only,O0001822,M000737,S0003940,C002,P04,B,B,2025-03-07,17.066676666666666,4.0,1
2025-03-07,B1_optimization_only,O0001822,M000737,S0003941,C002,P04,B,B,2025-03-07,32.40002,1.0,1
2025-03-07,B1_optimization_only,O0001824,M000736,S0003942,C001,P05,A,A,2025-03-07,12.34,2.0,1
2025-03-07,B1_optimization_only,O0001825,M000738,S0003942,C004,P05,A,A,2025-03-07,10.540000000000001,11.0,1
2025-03-07,B1_optimization_only,O0001824,M000736,S0003943,C001,P05,A,A,2025-03-07,13.06001,10.0,1
2025-03-07,B1_optimization_only,O0001824,M000736,S0003944,C001,P05,A,A,2025-03-07,14.260019999999999,6.0,1
2025-03-07,B1_optimization_only,O0001824,M000736,S0003945,C001,P05,A,A,2025-03-07,15.940030000000002,4.0,1
2025-03-07,B1_optimization_only,O0001824,M000736,S0003946,C001,P05,A,A,2025-03-07,30.10004,1.0,1
2025-03-07,B1_optimization_only,O0001826,M000742,S0003948,C008,P05,B,B,2025-03-07,9.46001,6.0,1
2025-03-07,B1_optimization_only,O0001826,M000742,S0003949,C008,P05,B,B,2025-03-07,10.66002,4.0,1
2025-03-07,B1_optimization_only,O0001826,M000742,S0003950,C008,P05,B,B,2025-03-07,12.34003,5.0,1
2025-03-07,B1_optimization_only,O0001827,M000743,S0003951,C009,P06,A,A,2025-03-07,9.466666666666667,6.0,1
2025-03-07,B1_optimization_only,O0001831,M000737,S0003951,C002,P06,A,A,2025-03-07,11.266666666666666,12.0,1
2025-03-07,B1_optimization_only,O0001830,M000736,S0003952,C001,P06,A,A,2025-03-07,13.666676666666666,9.0,1
2025-03-07,B1_optimization_only,O0001831,M000737,S0003952,C002,P06,A,A,2025-03-07,13.266676666666665,2.0,1
2025-03-07,B1_optimization_only,O0001830,M000736,S0003953,C001,P06,A,A,2025-03-07,29.00002,1.0,1
2025-03-07,B1_optimization_only,O0001829,M000741,S0003956,C007,P06,B,B,2025-03-07,25.60002,3.0,1
2025-03-07,B1_optimization_only,O0001833,M000738,S0003957,C004,P07,A,A,2025-03-07,8.122448979591837,2.0,1
2025-03-07,B1_optimization_only,O0001833,M000738,S0003958,C004,P07,A,A,2025-03-07,8.489805918367347,4.0,1
2025-03-07,B1_optimization_only,O0001833,M000738,S0003959,C004,P07,A,A,2025-03-07,9.10206081632653,16.0,1
2025-03-07,B1_optimization_only,O0001833,M000738,S0003960,C004,P07,A,A,2025-03-07,9.959213673469389,6.0,1
2025-03-07,B1_optimization_only,O0001834,M000737,S0003960,C002,P07,A,A,2025-03-07,11.35921367346939,16.0,1
2025-03-07,B1_optimization_only,O0001834,M000737,S0003961,C002,P07,A,A,2025-03-07,12.46126448979592,13.0,1
2025-03-07,B1_optimization_only,O0001834,M000737,S0003962,C002,P07,A,A,2025-03-07,13.808213265306122,6.0,1
2025-03-07,B1_optimization_only,O0001832,M000740,S0003963,C006,P07,B,B,2025-03-07,7.122448979591836,3.0,1
2025-03-07,B1_optimization_only,O0001832,M000740,S0003964,C006,P07,B,B,2025-03-07,7.489805918367346,2.0,1
2025-03-07,B1_optimization_only,O0001832,M000740,S0003965,C006,P07,B,B,2025-03-07,8.10206081632653,4.0,1
2025-03-07,B1_optimization_only,O0001832,M000740,S0003966,C006,P07,B,B,2025-03-07,8.959213673469389,4.0,1
2025-03-07,B1_optimization_only,O0001832,M000740,S0003967,C006,P07,B,B,2025-03-07,10.061264489795919,2.0,1
2025-03-07,B1_optimization_only,O0001832,M000740,S0003968,C006,P07,B,B,2025-03-07,11.408213265306122,1.0,1
2025-03-07,B1_optimization_only,O0001836,M000737,S0003969,C002,P08,A,A,2025-03-07,11.540000000000001,9.0,1
2025-03-07,B1_optimization_only,O0001836,M000737,S0003970,C002,P08,A,A,2025-03-07,12.260010000000001,28.0,1
2025-03-07,B1_optimization_only,O0001836,M000737,S0003971,C002,P08,A,A,2025-03-07,13.46002,8.0,1
2025-03-07,B1_optimization_only,O0001836,M000737,S0003972,C002,P08,A,A,2025-03-07,15.140030000000001,8.0,1
2025-03-07,B1_optimization_only,O0001835,M000746,S0003973,C012,P08,B,B,2025-03-07,7.74,1.0,1
2025-03-07,B1_optimization_only,O0001835,M000746,S0003974,C012,P08,B,B,2025-03-07,8.46001,5.0,1
2025-03-07,B1_optimization_only,O0001835,M000746,S0003975,C012,P08,B,B,2025-03-07,9.66002,12.0,1
2025-03-07,B1_optimization_only,O0001835,M000746,S0003976,C012,P08,B,B,2025-03-07,11.34003,4.0,1
2025-03-07,B1_optimization_only,O0001835,M000746,S0003977,C012,P08,B,B,2025-03-07,25.50004,1.0,1
2025-03-07,P1_proposed_dss,O0001812,M000740,S0003917,C006,P01,A,A,2025-03-07,9.066666666666666,21.0,1
2025-03-07,P1_proposed_dss,O0001812,M000740,S0003918,C006,P01,A,A,2025-03-07,11.066676666666666,25.0,1
2025-03-07,P1_proposed_dss,O0001812,M000740,S0003919,C006,P01,A,A,2025-03-07,26.400019999999998,2.0,1
2025-03-07,P1_proposed_dss,O0001811,M000738,S0003921,C004,P01,B,B,2025-03-07,12.066676666666666,5.0,1
2025-03-07,P1_proposed_dss,O0001811,M000738,S0003922,C004,P01,B,B,2025-03-07,27.400019999999998,5.0,1
2025-03-07,P1_proposed_dss,O0001815,M000745,S0003923,C011,P02,A,B,2025-03-07,6.166666666666667,7.0,0
2025-03-07,P1_proposed_dss,O0001816,M000737,S0003923,C002,P02,A,A,2025-03-07,10.866666666666665,12.0,1
2025-03-07,P1_proposed_dss,O0001817,M000740,S0003923,C006,P02,A,A,2025-03-07,8.466666666666667,9.0,1
2025-03-07,P1_proposed_dss,O0001816,M000737,S0003924,C002,P02,A,A,2025-03-07,12.866676666666665,9.0,1
2025-03-07,P1_proposed_dss,O0001816,M000737,S0003925,C002,P02,A,A,2025-03-07,28.20002,3.0,1
2025-03-07,P1_proposed_dss,O0001814,M000746,S0003926,C012,P02,B,B,2025-03-07,7.066666666666667,12.0,1
2025-03-07,P1_proposed_dss,O0001814,M000746,S0003927,C012,P02,B,B,2025-03-07,9.066676666666666,7.0,1
2025-03-07,P1_proposed_dss,O0001815,M000745,S0003927,C011,P02,B,B,2025-03-07,9.266676666666665,6.0,1
2025-03-07,P1_proposed_dss,O0001819,M000739,S0003928,C005,P03,A,A,2025-03-07,7.875,36.0,1
2025-03-07,P1_proposed_dss,O0001819,M000739,S0003929,C005,P03,A,A,2025-03-07,9.00001,19.0,1
2025-03-07,P1_proposed_dss,O0001819,M000739,S0003930,C005,P03,A,A,2025-03-07,10.87502,8.0,1
2025-03-07,P1_proposed_dss,O0001819,M000739,S0003931,C005,P03,A,A,2025-03-07,25.50003,4.0,1
2025-03-07,P1_proposed_dss,O0001818,M000743,S0003932,C009,P03,B,B,2025-03-07,8.275,19.0,1
2025-03-07,P1_proposed_dss,O0001818,M000743,S0003933,C009,P03,B,B,2025-03-07,9.40001,11.0,1
2025-03-07,P1_proposed_dss,O0001818,M000743,S0003934,C009,P03,B,B,2025-03-07,11.27502,4.0,1
2025-03-07,P1_proposed_dss,O0001818,M000743,S0003935,C009,P03,B,B,2025-03-07,25.900029999999997,2.0,1
2025-03-07,P1_proposed_dss,O0001821,M000744,S0003936,C010,P04,A,B,2025-03-07,11.966666666666665,14.0,0
2025-03-07,P1_proposed_dss,O0001823,M000740,S0003936,C006,P04,A,A,2025-03-07,12.666666666666666,14.0,1
2025-03-07,P1_proposed_dss,O0001820,M000739,S0003937,C005,P04,A,A,2025-03-07,14.866676666666665,6.0,1
2025-03-07,P1_proposed_dss,O0001822,M000737,S0003937,C002,P04,A,B,2025-03-07,15.966676666666665,1.0,0
2025-03-07,P1_proposed_dss,O0001823,M000740,S0003937,C006,P04,A,A,2025-03-07,14.666676666666666,4.0,1
2025-03-07,P1_proposed_dss,O0001822,M000737,S0003938,C002,P04,A,B,2025-03-07,31.300019999999996,1.0,0
2025-03-07,P1_proposed_dss,O0001822,M000737,S0003939,C002,P04,B,B,2025-03-07,15.066666666666665,11.0,1
2025-03-07,P1_proposed_dss,O0001822,M000737,S0003940,C002,P04,B,B,2025-03-07,17.066676666666666,4.0,1
2025-03-07,P1_proposed_dss,O0001822,M000737,S0003941,C002,P04,B,B,2025-03-07,32.40002,1.0,1
2025-03-07,P1_proposed_dss,O0001824,M000736,S0003942,C001,P05,A,A,2025-03-07,12.34,2.0,1
2025-03-07,P1_proposed_dss,O0001825,M000738,S0003942,C004,P05,A,A,2025-03-07,10.540000000000001,11.0,1
2025-03-07,P1_proposed_dss,O0001824,M000736,S0003943,C001,P05,A,A,2025-03-07,13.06001,10.0,1
2025-03-07,P1_proposed_dss,O0001824,M000736,S0003944,C001,P05,A,A,2025-03-07,14.260019999999999,6.0,1
2025-03-07,P1_proposed_dss,O0001824,M000736,S0003945,C001,P05,A,A,2025-03-07,15.940030000000002,4.0,1
2025-03-07,P1_proposed_dss,O0001824,M000736,S0003946,C001,P05,A,A,2025-03-07,30.10004,1.0,1
2025-03-07,P1_proposed_dss,O0001826,M000742,S0003948,C008,P05,B,B,2025-03-07,9.46001,6.0,1
2025-03-07,P1_proposed_dss,O0001826,M000742,S0003949,C008,P05,B,B,2025-03-07,10.66002,4.0,1
2025-03-07,P1_proposed_dss,O0001826,M000742,S0003950,C008,P05,B,B,2025-03-07,12.34003,5.0,1
2025-03-07,P1_proposed_dss,O0001827,M000743,S0003951,C009,P06,A,A,2025-03-07,9.466666666666667,6.0,1
2025-03-07,P1_proposed_dss,O0001831,M000737,S0003951,C002,P06,A,A,2025-03-07,11.266666666666666,12.0,1
2025-03-07,P1_proposed_dss,O0001830,M000736,S0003952,C001,P06,A,A,2025-03-07,13.666676666666666,9.0,1
2025-03-07,P1_proposed_dss,O0001831,M000737,S0003952,C002,P06,A,A,2025-03-07,13.266676666666665,2.0,1
2025-03-07,P1_proposed_dss,O0001830,M000736,S0003953,C001,P06,A,A,2025-03-07,29.00002,1.0,1
2025-03-07,P1_proposed_dss,O0001829,M000741,S0003956,C007,P06,B,B,2025-03-07,25.60002,3.0,1
2025-03-07,P1_proposed_dss,O0001833,M000738,S0003957,C004,P07,A,A,2025-03-07,8.122448979591837,2.0,1
2025-03-07,P1_proposed_dss,O0001833,M000738,S0003958,C004,P07,A,A,2025-03-07,8.489805918367347,4.0,1
2025-03-07,P1_proposed_dss,O0001833,M000738,S0003959,C004,P07,A,A,2025-03-07,9.10206081632653,16.0,1
2025-03-07,P1_proposed_dss,O0001833,M000738,S0003960,C004,P07,A,A,2025-03-07,9.959213673469389,6.0,1
2025-03-07,P1_proposed_dss,O0001834,M000737,S0003960,C002,P07,A,A,2025-03-07,11.35921367346939,16.0,1
2025-03-07,P1_proposed_dss,O0001834,M000737,S0003961,C002,P07,A,A,2025-03-07,12.46126448979592,13.0,1
2025-03-07,P1_proposed_dss,O0001834,M000737,S0003962,C002,P07,A,A,2025-03-07,13.808213265306122,6.0,1
2025-03-07,P1_proposed_dss,O0001832,M000740,S0003963,C006,P07,B,B,2025-03-07,7.122448979591836,3.0,1
2025-03-07,P1_proposed_dss,O0001832,M000740,S0003964,C006,P07,B,B,2025-03-07,7.489805918367346,2.0,1
2025-03-07,P1_proposed_dss,O0001832,M000740,S0003965,C006,P07,B,B,2025-03-07,8.10206081632653,4.0,1
2025-03-07,P1_proposed_dss,O0001832,M000740,S0003966,C006,P07,B,B,2025-03-07,8.959213673469389,4.0,1
2025-03-07,P1_proposed_dss,O0001832,M000740,S0003967,C006,P07,B,B,2025-03-07,10.061264489795919,2.0,1
2025-03-07,P1_proposed_dss,O0001832,M000740,S0003968,C006,P07,B,B,2025-03-07,11.408213265306122,1.0,1
2025-03-07,P1_proposed_dss,O0001836,M000737,S0003969,C002,P08,A,A,2025-03-07,11.540000000000001,9.0,1
2025-03-07,P1_proposed_dss,O0001836,M000737,S0003970,C002,P08,A,A,2025-03-07,12.260010000000001,28.0,1
2025-03-07,P1_proposed_dss,O0001836,M000737,S0003971,C002,P08,A,A,2025-03-07,13.46002,8.0,1
2025-03-07,P1_proposed_dss,O0001836,M000737,S0003972,C002,P08,A,A,2025-03-07,15.140030000000001,8.0,1
2025-03-07,P1_proposed_dss,O0001835,M000746,S0003973,C012,P08,B,B,2025-03-07,7.74,1.0,1
2025-03-07,P1_proposed_dss,O0001835,M000746,S0003974,C012,P08,B,B,2025-03-07,8.46001,5.0,1
2025-03-07,P1_proposed_dss,O0001835,M000746,S0003975,C012,P08,B,B,2025-03-07,9.66002,12.0,1
2025-03-07,P1_proposed_dss,O0001835,M000746,S0003976,C012,P08,B,B,2025-03-07,11.34003,4.0,1
2025-03-07,P1_proposed_dss,O0001835,M000746,S0003977,C012,P08,B,B,2025-03-07,25.50004,1.0,1
2025-03-08,B0_manual,O0001842,M000747,S0003984,C001,P02,A,A,2025-03-08,,15.0,1
2025-03-08,B0_manual,O0001855,M000747,S0004016,C001,P06,B,B,2025-03-08,,6.0,1
2025-03-08,B0_manual,O0001855,M000747,S0004017,C001,P06,B,B,2025-03-08,,4.0,1
2025-03-08,B0_manual,O0001855,M000747,S0004018,C001,P06,B,B,2025-03-08,,3.0,1
2025-03-08,B0_manual,O0001839,M000748,S0003978,C002,P01,A,A,2025-03-08,,20.0,1
2025-03-08,B0_manual,O0001843,M000748,S0003987,C002,P02,B,B,2025-03-08,,12.0,1
2025-03-08,B0_manual,O0001843,M000748,S0003988,C002,P02,B,B,2025-03-08,,3.0,1
2025-03-08,B0_manual,O0001861,M000748,S0004019,C002,P07,A,A,2025-03-08,,15.0,1
2025-03-08,B0_manual,O0001861,M000748,S0004020,C002,P07,A,A,2025-03-08,,11.0,1
2025-03-08,B0_manual,O0001861,M000748,S0004021,C002,P07,A,A,2025-03-08,,5.0,1
2025-03-08,B0_manual,O0001861,M000748,S0004022,C002,P07,A,A,2025-03-08,,1.0,1
2025-03-08,B0_manual,O0001861,M000748,S0004023,C002,P07,A,A,2025-03-08,,11.0,1
2025-03-08,B0_manual,O0001859,M000749,S0004025,C003,P07,B,B,2025-03-08,,16.0,1
2025-03-08,B0_manual,O0001844,M000750,S0003984,C004,P02,A,A,2025-03-08,,9.0,1
2025-03-08,B0_manual,O0001847,M000750,S0003989,C004,P03,A,A,2025-03-08,,25.0,1
2025-03-08,B0_manual,O0001847,M000750,S0003990,C004,P03,A,A,2025-03-08,,8.0,1
2025-03-08,B0_manual,O0001857,M000750,S0004013,C004,P06,A,B,2025-03-08,,17.0,0
2025-03-08,B0_manual,O0001864,M000750,S0004037,C004,P08,B,B,2025-03-08,,5.0,1
2025-03-08,B0_manual,O0001864,M000750,S0004038,C004,P08,B,B,2025-03-08,,2.0,1
2025-03-08,B0_manual,O0001864,M000750,S0004039,C004,P08,B,B,2025-03-08,,6.0,1
2025-03-08,B0_manual,O0001840,M000751,S0003978,C005,P01,A,A,2025-03-08,,14.0,1
2025-03-08,B0_manual,O0001840,M000751,S0003979,C005,P01,A,A,2025-03-08,,12.0,1
2025-03-08,B0_manual,O0001840,M000751,S0003980,C005,P01,A,A,2025-03-08,,3.0,1
2025-03-08,B0_manual,O0001848,M000751,S0003990,C005,P03,A,A,2025-03-08,,10.0,1
2025-03-08,B0_manual,O0001848,M000751,S0003991,C005,P03,A,A,2025-03-08,,11.0,1
2025-03-08,B0_manual,O0001848,M000751,S0003992,C005,P03,A,A,2025-03-08,,1.0,1
2025-03-08,B0_manual,O0001856,M000751,S0004013,C005,P06,A,A,2025-03-08,,12.0,1
2025-03-08,B0_manual,O0001856,M000751,S0004014,C005,P06,A,A,2025-03-08,,5.0,1
2025-03-08,B0_manual,O0001860,M000751,S0004025,C005,P07,B,B,2025-03-08,,2.0,1
2025-03-08,B0_manual,O0001860,M000751,S0004026,C005,P07,B,B,2025-03-08,,14.0,1
2025-03-08,B0_manual,O0001866,M000751,S0004032,C005,P08,A,A,2025-03-08,,12.0,1
2025-03-08,B0_manual,O0001841,M000752,S0003984,C006,P02,A,A,2025-03-08,,3.0,1
2025-03-08,B0_manual,O0001841,M000752,S0003985,C006,P02,A,A,2025-03-08,,1.0,1
2025-03-08,B0_manual,O0001846,M000752,S0003993,C006,P03,B,B,2025-03-08,,5.0,1
2025-03-08,B0_manual,O0001846,M000752,S0003994,C006,P03,B,B,2025-03-08,,2.0,1
2025-03-08,B0_manual,O0001846,M000752,S0003995,C006,P03,B,B,2025-03-08,,3.0,1
2025-03-08,B0_manual,O0001846,M000752,S0003996,C006,P03,B,B,2025-03-08,,4.0,1
2025-03-08,B0_manual,O0001852,M000752,S0004003,C006,P05,A,A,2025-03-08,,10.0,1
2025-03-08,B0_manual,O0001852,M000752,S0004004,C006,P05,A,A,2025-03-08,,12.0,1
2025-03-08,B0_manual,O0001852,M000752,S0004005,C006,P05,A,A,2025-03-08,,8.0,1
2025-03-08,B0_manual,O0001854,M000752,S0004014,C006,P06,A,A,2025-03-08,,3.0,1
2025-03-08,B0_manual,O0001863,M000752,S0004026,C006,P07,B,B,2025-03-08,,3.0,1
2025-03-08,B0_manual,O0001863,M000752,S0004027,C006,P07,B,B,2025-03-08,,6.0,1
2025-03-08,B0_manual,O0001863,M000752,S0004028,C006,P07,B,B,2025-03-08,,8.0,1
2025-03-08,B0_manual,O0001863,M000752,S0004029,C006,P07,B,B,2025-03-08,,4.0,1
2025-03-08,B0_manual,O0001863,M000752,S0004030,C006,P07,B,B,2025-03-08,,2.0,1
2025-03-08,B0_manual,O0001838,M000753,S0003981,C007,P01,B,B,2025-03-08,,3.0,1
2025-03-08,B0_manual,O0001862,M000753,S0004023,C007,P07,A,A,2025-03-08,,8.0,1
2025-03-08,B0_manual,O0001862,M000753,S0004024,C007,P07,A,A,2025-03-08,,7.0,1
2025-03-08,B0_manual,O0001865,M000753,S0004032,C007,P08,A,A,2025-03-08,,3.0,1
2025-03-08,B0_manual,O0001865,M000753,S0004033,C007,P08,A,A,2025-03-08,,14.0,1
2025-03-08,B0_manual,O0001865,M000753,S0004034,C007,P08,A,A,2025-03-08,,9.0,1
2025-03-08,B0_manual,O0001865,M000753,S0004035,C007,P08,A,A,2025-03-08,,1.0,1
2025-03-08,B0_manual,O0001850,M000754,S0003997,C008,P04,A,A,2025-03-08,,10.0,1
2025-03-08,B0_manual,O0001850,M000754,S0003998,C008,P04,A,A,2025-03-08,,8.0,1
2025-03-08,B0_manual,O0001849,M000755,S0003998,C009,P04,A,A,2025-03-08,,1.0,1
2025-03-08,B0_manual,O0001849,M000755,S0003999,C009,P04,A,A,2025-03-08,,1.0,1
2025-03-08,B0_manual,O0001853,M000755,S0004006,C009,P05,A,A,2025-03-08,,5.0,1
2025-03-08,B0_manual,O0001853,M000755,S0004007,C009,P05,A,A,2025-03-08,,3.0,1
2025-03-08,B0_manual,O0001837,M000756,S0003981,C010,P01,B,B,2025-03-08,,15.0,1
2025-03-08,B0_manual,O0001845,M000756,S0003985,C010,P02,A,A,2025-03-08,,11.0,1
2025-03-08,B0_manual,O0001851,M000757,S0004007,C012,P05,A,A,2025-03-08,,1.0,1
2025-03-08,B1_optimization_only,O0001839,M000748,S0003978,C002,P01,A,A,2025-03-08,11.466666666666667,5.0,1
2025-03-08,B1_optimization_only,O0001840,M000751,S0003978,C005,P01,A,A,2025-03-08,9.266666666666667,29.0,1
2025-03-08,B1_optimization_only,O0001839,M000748,S0003979,C002,P01,A,A,2025-03-08,13.466676666666666,12.0,1
2025-03-08,B1_optimization_only,O0001839,M000748,S0003980,C002,P01,A,A,2025-03-08,28.80002,3.0,1
2025-03-08,B1_optimization_only,O0001837,M000756,S0003982,C010,P01,B,B,2025-03-08,11.466676666666666,10.0,1
2025-03-08,B1_optimization_only,O0001838,M000753,S0003982,C007,P01,B,B,2025-03-08,10.466676666666666,3.0,1
2025-03-08,B1_optimization_only,O0001837,M000756,S0003983,C010,P01,B,B,2025-03-08,26.80002,5.0,1
2025-03-08,B1_optimization_only,O0001841,M000752,S0003984,C006,P02,A,A,2025-03-08,8.466666666666667,3.0,1
2025-03-08,B1_optimization_only,O0001843,M000748,S0003984,C002,P02,A,B,2025-03-08,9.766666666666666,4.0,0
2025-03-08,B1_optimization_only,O0001844,M000750,S0003984,C004,P02,A,A,2025-03-08,9.466666666666667,9.0,1
2025-03-08,B1_optimization_only,O0001845,M000756,S0003984,C010,P02,A,A,2025-03-08,8.866666666666665,11.0,1
2025-03-08,B1_optimization_only,O0001842,M000747,S0003985,C001,P02,A,A,2025-03-08,13.266676666666665,11.0,1
2025-03-08,B1_optimization_only,O0001843,M000748,S0003985,C002,P02,A,B,2025-03-08,11.766676666666665,6.0,0
2025-03-08,B1_optimization_only,O0001842,M000747,S0003986,C001,P02,A,A,2025-03-08,28.60002,4.0,1
2025-03-08,B1_optimization_only,O0001843,M000748,S0003987,C002,P02,B,B,2025-03-08,10.866666666666665,12.0,1
2025-03-08,B1_optimization_only,O0001843,M000748,S0003988,C002,P02,B,B,2025-03-08,12.866676666666665,3.0,1
2025-03-08,B1_optimization_only,O0001847,M000750,S0003989,C004,P03,A,A,2025-03-08,8.675,3.0,1
2025-03-08,B1_optimization_only,O0001848,M000751,S0003989,C005,P03,A,A,2025-03-08,7.875,22.0,1
2025-03-08,B1_optimization_only,O0001847,M000750,S0003990,C004,P03,A,A,2025-03-08,9.80001,18.0,1
2025-03-08,B1_optimization_only,O0001847,M000750,S0003991,C004,P03,A,A,2025-03-08,11.67502,11.0,1
2025-03-08,B1_optimization_only,O0001847,M000750,S0003992,C004,P03,A,A,2025-03-08,26.30003,1.0,1
2025-03-08,B1_optimization_only,O0001846,M000752,S0003993,C006,P03,B,B,2025-03-08,7.675000000000001,5.0,1
2025-03-08,B1_optimization_only,O0001846,M000752,S0003994,C006,P03,B,B,2025-03-08,8.80001,2.0,1
2025-03-08,B1_optimization_only,O0001846,M000752,S0003995,C006,P03,B,B,2025-03-08,10.67502,3.0,1
2025-03-08,B1_optimization_only,O0001846,M000752,S0003996,C006,P03,B,B,2025-03-08,25.30003,4.0,1
2025-03-08,B1_optimization_only,O0001849,M000755,S0003997,C009,P04,A,A,2025-03-08,13.266666666666666,8.0,1
2025-03-08,B1_optimization_only,O0001850,M000754,S0003997,C008,P04,A,A,2025-03-08,11.866666666666665,2.0,1
2025-03-08,B1_optimization_only,O0001849,M000755,S0003998,C009,P04,A,A,2025-03-08,15.266676666666665,9.0,1
2025-03-08,B1_optimization_only,O0001849,M000755,S0003999,C009,P04,A,A,2025-03-08,30.60002,1.0,1
2025-03-08,B1_optimization_only,O0001851,M000757,S0004003,C012,P05,A,A,2025-03-08,8.139999999999999,1.0,1
2025-03-08,B1_optimization_only,O0001852,M000752,S0004003,C006,P05,A,A,2025-03-08,9.540000000000001,9.0,1
2025-03-08,B1_optimization_only,O0001852,M000752,S0004004,C006,P05,A,A,2025-03-08,10.260010000000001,12.0,1
2025-03-08,B1_optimization_only,O0001852,M000752,S0004005,C006,P05,A,A,2025-03-08,11.46002,8.0,1
2025-03-08,B1_optimization_only,O0001852,M000752,S0004006,C006,P05,A,A,2025-03-08,13.140030000000001,1.0,1
2025-03-08,B1_optimization_only,O0001853,M000755,S0004006,C009,P05,A,A,2025-03-08,13.740029999999999,4.0,1
2025-03-08,B1_optimization_only,O0001853,M000755,S0004007,C009,P05,A,A,2025-03-08,27.900039999999997,4.0,1
2025-03-08,B1_optimization_only,O0001854,M000752,S0004013,C006,P06,A,A,2025-03-08,8.866666666666665,3.0,1
2025-03-08,B1_optimization_only,O0001856,M000751,S0004013,C005,P06,A,A,2025-03-08,9.066666666666666,9.0,1
2025-03-08,B1_optimization_only,O0001857,M000750,S0004013,C004,P06,A,B,2025-03-08,8.766666666666666,17.0,0
2025-03-08,B1_optimization_only,O0001855,M000747,S0004014,C001,P06,A,B,2025-03-08,12.566676666666666,2.0,0
2025-03-08,B1_optimization_only,O0001856,M000751,S0004014,C005,P06,A,A,2025-03-08,11.066676666666666,8.0,1
2025-03-08,B1_optimization_only,O0001855,M000747,S0004015,C001,P06,A,B,2025-03-08,27.900019999999998,7.0,0
2025-03-08,B1_optimization_only,O0001855,M000747,S0004016,C001,P06,B,B,2025-03-08,11.666666666666666,6.0,1
2025-03-08,B1_optimization_only,O0001855,M000747,S0004017,C001,P06,B,B,2025-03-08,13.666676666666666,4.0,1
2025-03-08,B1_optimization_only,O0001855,M000747,S0004018,C001,P06,B,B,2025-03-08,29.00002,3.0,1
2025-03-08,B1_optimization_only,O0001862,M000753,S0004019,C007,P07,A,A,2025-03-08,6.522448979591836,14.0,1
2025-03-08,B1_optimization_only,O0001861,M000748,S0004020,C002,P07,A,A,2025-03-08,9.889805918367347,10.0,1
2025-03-08,B1_optimization_only,O0001862,M000753,S0004020,C007,P07,A,A,2025-03-08,6.889805918367346,1.0,1
2025-03-08,B1_optimization_only,O0001861,M000748,S0004021,C002,P07,A,A,2025-03-08,10.50206081632653,5.0,1
2025-03-08,B1_optimization_only,O0001861,M000748,S0004022,C002,P07,A,A,2025-03-08,11.35921367346939,1.0,1
2025-03-08,B1_optimization_only,O0001861,M000748,S0004023,C002,P07,A,A,2025-03-08,12.46126448979592,19.0,1
2025-03-08,B1_optimization_only,O0001861,M000748,S0004024,C002,P07,A,A,2025-03-08,13.808213265306122,8.0,1
2025-03-08,B1_optimization_only,O0001863,M000752,S0004025,C006,P07,B,B,2025-03-08,7.122448979591836,1.0,1
2025-03-08,B1_optimization_only,O0001863,M000752,S0004026,C006,P07,B,B,2025-03-08,7.489805918367346,17.0,1
2025-03-08,B1_optimization_only,O0001860,M000751,S0004027,C005,P07,B,B,2025-03-08,8.30206081632653,1.0,1
2025-03-08,B1_optimization_only,O0001863,M000752,S0004027,C006,P07,B,B,2025-03-08,8.10206081632653,5.0,1
2025-03-08,B1_optimization_only,O0001860,M000751,S0004028,C005,P07,B,B,2025-03-08,9.159213673469388,8.0,1
2025-03-08,B1_optimization_only,O0001860,M000751,S0004029,C005,P07,B,B,2025-03-08,10.261264489795918,4.0,1
2025-03-08,B1_optimization_only,O0001859,M000749,S0004030,C003,P07,B,B,2025-03-08,12.808213265306122,6.0,1
2025-03-08,B1_optimization_only,O0001860,M000751,S0004030,C005,P07,B,B,2025-03-08,11.608213265306121,3.0,1
2025-03-08,B1_optimization_only,O0001859,M000749,S0004031,C003,P07,B,B,2025-03-08,26.40006,10.0,1
2025-03-08,B1_optimization_only,O0001864,M000750,S0004032,C004,P08,A,B,2025-03-08,9.040000000000001,1.0,0
2025-03-08,B1_optimization_only,O0001865,M000753,S0004032,C007,P08,A,A,2025-03-08,8.540000000000001,14.0,1
2025-03-08,B1_optimization_only,O0001864,M000750,S0004033,C004,P08,A,B,2025-03-08,9.760010000000001,14.0,0
2025-03-08,B1_optimization_only,O0001864,M000750,S0004034,C004,P08,A,B,2025-03-08,10.96002,9.0,0
2025-03-08,B1_optimization_only,O0001864,M000750,S0004035,C004,P08,A,B,2025-03-08,12.640030000000001,11.0,0
2025-03-08,B1_optimization_only,O0001866,M000751,S0004035,C005,P08,A,A,2025-03-08,12.940030000000002,10.0,1
2025-03-08,B1_optimization_only,O0001866,M000751,S0004036,C005,P08,A,A,2025-03-08,27.10004,2.0,1
2025-03-08,B1_optimization_only,O0001867,M000755,S0004037,C009,P08,B,B,2025-03-08,9.74,5.0,1
2025-03-08,B1_optimization_only,O0001867,M000755,S0004038,C009,P08,B,B,2025-03-08,10.46001,2.0,1
2025-03-08,B1_optimization_only,O0001867,M000755,S0004039,C009,P08,B,B,2025-03-08,11.66002,6.0,1
2025-03-08,P1_proposed_dss,O0001839,M000748,S0003978,C002,P01,A,A,2025-03-08,11.466666666666667,5.0,1
2025-03-08,P1_proposed_dss,O0001840,M000751,S0003978,C005,P01,A,A,2025-03-08,9.266666666666667,29.0,1
2025-03-08,P1_proposed_dss,O0001839,M000748,S0003979,C002,P01,A,A,2025-03-08,13.466676666666666,12.0,1
2025-03-08,P1_proposed_dss,O0001839,M000748,S0003980,C002,P01,A,A,2025-03-08,28.80002,3.0,1
2025-03-08,P1_proposed_dss,O0001837,M000756,S0003982,C010,P01,B,B,2025-03-08,11.466676666666666,10.0,1
2025-03-08,P1_proposed_dss,O0001838,M000753,S0003982,C007,P01,B,B,2025-03-08,10.466676666666666,3.0,1
2025-03-08,P1_proposed_dss,O0001837,M000756,S0003983,C010,P01,B,B,2025-03-08,26.80002,5.0,1
2025-03-08,P1_proposed_dss,O0001841,M000752,S0003984,C006,P02,A,A,2025-03-08,8.466666666666667,3.0,1
2025-03-08,P1_proposed_dss,O0001843,M000748,S0003984,C002,P02,A,B,2025-03-08,9.766666666666666,4.0,0
2025-03-08,P1_proposed_dss,O0001844,M000750,S0003984,C004,P02,A,A,2025-03-08,9.466666666666667,9.0,1
2025-03-08,P1_proposed_dss,O0001845,M000756,S0003984,C010,P02,A,A,2025-03-08,8.866666666666665,11.0,1
2025-03-08,P1_proposed_dss,O0001842,M000747,S0003985,C001,P02,A,A,2025-03-08,13.266676666666665,11.0,1
2025-03-08,P1_proposed_dss,O0001843,M000748,S0003985,C002,P02,A,B,2025-03-08,11.766676666666665,6.0,0
2025-03-08,P1_proposed_dss,O0001842,M000747,S0003986,C001,P02,A,A,2025-03-08,28.60002,4.0,1
2025-03-08,P1_proposed_dss,O0001843,M000748,S0003987,C002,P02,B,B,2025-03-08,10.866666666666665,12.0,1
2025-03-08,P1_proposed_dss,O0001843,M000748,S0003988,C002,P02,B,B,2025-03-08,12.866676666666665,3.0,1
2025-03-08,P1_proposed_dss,O0001847,M000750,S0003989,C004,P03,A,A,2025-03-08,8.675,3.0,1
2025-03-08,P1_proposed_dss,O0001848,M000751,S0003989,C005,P03,A,A,2025-03-08,7.875,22.0,1
2025-03-08,P1_proposed_dss,O0001847,M000750,S0003990,C004,P03,A,A,2025-03-08,9.80001,18.0,1
2025-03-08,P1_proposed_dss,O0001847,M000750,S0003991,C004,P03,A,A,2025-03-08,11.67502,11.0,1
2025-03-08,P1_proposed_dss,O0001847,M000750,S0003992,C004,P03,A,A,2025-03-08,26.30003,1.0,1
2025-03-08,P1_proposed_dss,O0001846,M000752,S0003993,C006,P03,B,B,2025-03-08,7.675000000000001,5.0,1
2025-03-08,P1_proposed_dss,O0001846,M000752,S0003994,C006,P03,B,B,2025-03-08,8.80001,2.0,1
2025-03-08,P1_proposed_dss,O0001846,M000752,S0003995,C006,P03,B,B,2025-03-08,10.67502,3.0,1
2025-03-08,P1_proposed_dss,O0001846,M000752,S0003996,C006,P03,B,B,2025-03-08,25.30003,4.0,1
2025-03-08,P1_proposed_dss,O0001849,M000755,S0003997,C009,P04,A,A,2025-03-08,13.266666666666666,8.0,1
2025-03-08,P1_proposed_dss,O0001850,M000754,S0003997,C008,P04,A,A,2025-03-08,11.866666666666665,2.0,1
2025-03-08,P1_proposed_dss,O0001849,M000755,S0003998,C009,P04,A,A,2025-03-08,15.266676666666665,9.0,1
2025-03-08,P1_proposed_dss,O0001849,M000755,S0003999,C009,P04,A,A,2025-03-08,30.60002,1.0,1
2025-03-08,P1_proposed_dss,O0001851,M000757,S0004003,C012,P05,A,A,2025-03-08,8.139999999999999,1.0,1
2025-03-08,P1_proposed_dss,O0001852,M000752,S0004003,C006,P05,A,A,2025-03-08,9.540000000000001,9.0,1
2025-03-08,P1_proposed_dss,O0001852,M000752,S0004004,C006,P05,A,A,2025-03-08,10.260010000000001,12.0,1
2025-03-08,P1_proposed_dss,O0001852,M000752,S0004005,C006,P05,A,A,2025-03-08,11.46002,8.0,1
2025-03-08,P1_proposed_dss,O0001852,M000752,S0004006,C006,P05,A,A,2025-03-08,13.140030000000001,1.0,1
2025-03-08,P1_proposed_dss,O0001853,M000755,S0004006,C009,P05,A,A,2025-03-08,13.740029999999999,4.0,1
2025-03-08,P1_proposed_dss,O0001853,M000755,S0004007,C009,P05,A,A,2025-03-08,27.900039999999997,4.0,1
2025-03-08,P1_proposed_dss,O0001854,M000752,S0004013,C006,P06,A,A,2025-03-08,8.866666666666665,3.0,1
2025-03-08,P1_proposed_dss,O0001856,M000751,S0004013,C005,P06,A,A,2025-03-08,9.066666666666666,9.0,1
2025-03-08,P1_proposed_dss,O0001857,M000750,S0004013,C004,P06,A,B,2025-03-08,8.766666666666666,17.0,0
2025-03-08,P1_proposed_dss,O0001855,M000747,S0004014,C001,P06,A,B,2025-03-08,12.566676666666666,2.0,0
2025-03-08,P1_proposed_dss,O0001856,M000751,S0004014,C005,P06,A,A,2025-03-08,11.066676666666666,8.0,1
2025-03-08,P1_proposed_dss,O0001855,M000747,S0004015,C001,P06,A,B,2025-03-08,27.900019999999998,7.0,0
2025-03-08,P1_proposed_dss,O0001855,M000747,S0004016,C001,P06,B,B,2025-03-08,11.666666666666666,6.0,1
2025-03-08,P1_proposed_dss,O0001855,M000747,S0004017,C001,P06,B,B,2025-03-08,13.666676666666666,4.0,1
2025-03-08,P1_proposed_dss,O0001855,M000747,S0004018,C001,P06,B,B,2025-03-08,29.00002,3.0,1
2025-03-08,P1_proposed_dss,O0001862,M000753,S0004019,C007,P07,A,A,2025-03-08,6.522448979591836,14.0,1
2025-03-08,P1_proposed_dss,O0001861,M000748,S0004020,C002,P07,A,A,2025-03-08,9.889805918367347,10.0,1
2025-03-08,P1_proposed_dss,O0001862,M000753,S0004020,C007,P07,A,A,2025-03-08,6.889805918367346,1.0,1
2025-03-08,P1_proposed_dss,O0001861,M000748,S0004021,C002,P07,A,A,2025-03-08,10.50206081632653,5.0,1
2025-03-08,P1_proposed_dss,O0001861,M000748,S0004022,C002,P07,A,A,2025-03-08,11.35921367346939,1.0,1
2025-03-08,P1_proposed_dss,O0001861,M000748,S0004023,C002,P07,A,A,2025-03-08,12.46126448979592,19.0,1
2025-03-08,P1_proposed_dss,O0001861,M000748,S0004024,C002,P07,A,A,2025-03-08,13.808213265306122,8.0,1
2025-03-08,P1_proposed_dss,O0001863,M000752,S0004025,C006,P07,B,B,2025-03-08,7.122448979591836,1.0,1
2025-03-08,P1_proposed_dss,O0001863,M000752,S0004026,C006,P07,B,B,2025-03-08,7.489805918367346,17.0,1
2025-03-08,P1_proposed_dss,O0001860,M000751,S0004027,C005,P07,B,B,2025-03-08,8.30206081632653,1.0,1
2025-03-08,P1_proposed_dss,O0001863,M000752,S0004027,C006,P07,B,B,2025-03-08,8.10206081632653,5.0,1
2025-03-08,P1_proposed_dss,O0001860,M000751,S0004028,C005,P07,B,B,2025-03-08,9.159213673469388,8.0,1
2025-03-08,P1_proposed_dss,O0001860,M000751,S0004029,C005,P07,B,B,2025-03-08,10.261264489795918,4.0,1
2025-03-08,P1_proposed_dss,O0001859,M000749,S0004030,C003,P07,B,B,2025-03-08,12.808213265306122,6.0,1
2025-03-08,P1_proposed_dss,O0001860,M000751,S0004030,C005,P07,B,B,2025-03-08,11.608213265306121,3.0,1
2025-03-08,P1_proposed_dss,O0001859,M000749,S0004031,C003,P07,B,B,2025-03-08,26.40006,10.0,1
2025-03-08,P1_proposed_dss,O0001864,M000750,S0004032,C004,P08,A,B,2025-03-08,9.040000000000001,1.0,0
2025-03-08,P1_proposed_dss,O0001865,M000753,S0004032,C007,P08,A,A,2025-03-08,8.540000000000001,14.0,1
2025-03-08,P1_proposed_dss,O0001864,M000750,S0004033,C004,P08,A,B,2025-03-08,9.760010000000001,14.0,0
2025-03-08,P1_proposed_dss,O0001864,M000750,S0004034,C004,P08,A,B,2025-03-08,10.96002,9.0,0
2025-03-08,P1_proposed_dss,O0001864,M000750,S0004035,C004,P08,A,B,2025-03-08,12.640030000000001,11.0,0
2025-03-08,P1_proposed_dss,O0001866,M000751,S0004035,C005,P08,A,A,2025-03-08,12.940030000000002,10.0,1
2025-03-08,P1_proposed_dss,O0001866,M000751,S0004036,C005,P08,A,A,2025-03-08,27.10004,2.0,1
2025-03-08,P1_proposed_dss,O0001867,M000755,S0004037,C009,P08,B,B,2025-03-08,9.74,5.0,1
2025-03-08,P1_proposed_dss,O0001867,M000755,S0004038,C009,P08,B,B,2025-03-08,10.46001,2.0,1
2025-03-08,P1_proposed_dss,O0001867,M000755,S0004039,C009,P08,B,B,2025-03-08,11.66002,6.0,1
2025-03-09,B0_manual,O0001879,M000758,S0004061,C001,P04,B,B,2025-03-09,,4.0,1
2025-03-09,B0_manual,O0001879,M000758,S0004062,C001,P04,B,B,2025-03-09,,3.0,1
2025-03-09,B0_manual,O0001880,M000758,S0004063,C001,P05,A,A,2025-03-09,,11.0,1
2025-03-09,B0_manual,O0001880,M000758,S0004064,C001,P05,A,A,2025-03-09,,19.0,1
2025-03-09,B0_manual,O0001880,M000758,S0004065,C001,P05,A,A,2025-03-09,,3.0,1
2025-03-09,B0_manual,O0001880,M000758,S0004066,C001,P05,A,A,2025-03-09,,8.0,1
2025-03-09,B0_manual,O0001880,M000758,S0004067,C001,P05,A,A,2025-03-09,,4.0,1
2025-03-09,B0_manual,O0001890,M000758,S0004095,C001,P08,B,B,2025-03-09,,3.0,1
2025-03-09,B0_manual,O0001884,M000759,S0004079,C002,P07,A,A,2025-03-09,,46.0,1
2025-03-09,B0_manual,O0001884,M000759,S0004080,C002,P07,A,A,2025-03-09,,39.0,1
2025-03-09,B0_manual,O0001884,M000759,S0004081,C002,P07,A,A,2025-03-09,,27.0,1
2025-03-09,B0_manual,O0001873,M000760,S0004045,C003,P02,A,A,2025-03-09,,25.0,1
2025-03-09,B0_manual,O0001873,M000760,S0004046,C003,P02,A,A,2025-03-09,,6.0,1
2025-03-09,B0_manual,O0001875,M000760,S0004050,C003,P03,A,A,2025-03-09,,11.0,1
2025-03-09,B0_manual,O0001875,M000760,S0004051,C003,P03,A,A,2025-03-09,,7.0,1
2025-03-09,B0_manual,O0001885,M000760,S0004082,C003,P07,A,A,2025-03-09,,5.0,1
2025-03-09,B0_manual,O0001885,M000760,S0004083,C003,P07,A,A,2025-03-09,,14.0,1
2025-03-09,B0_manual,O0001885,M000760,S0004084,C003,P07,A,A,2025-03-09,,12.0,1
2025-03-09,B0_manual,O0001885,M000760,S0004085,C003,P07,A,A,2025-03-09,,1.0,1
2025-03-09,B0_manual,O0001889,M000760,S0004095,C003,P08,B,B,2025-03-09,,3.0,1
2025-03-09,B0_manual,O0001889,M000760,S0004096,C003,P08,B,B,2025-03-09,,6.0,1
2025-03-09,B0_manual,O0001889,M000760,S0004097,C003,P08,B,B,2025-03-09,,2.0,1
2025-03-09,B0_manual,O0001889,M000760,S0004098,C003,P08,B,B,2025-03-09,,4.0,1
2025-03-09,B0_manual,O0001889,M000760,S0004099,C003,P08,B,B,2025-03-09,,1.0,1
2025-03-09,B0_manual,O0001881,M000761,S0004068,C004,P05,B,B,2025-03-09,,17.0,1
2025-03-09,B0_manual,O0001881,M000761,S0004069,C004,P05,B,B,2025-03-09,,17.0,1
2025-03-09,B0_manual,O0001881,M000761,S0004070,C004,P05,B,B,2025-03-09,,16.0,1
2025-03-09,B0_manual,O0001881,M000761,S0004071,C004,P05,B,B,2025-03-09,,3.0,1
2025-03-09,B0_manual,O0001881,M000761,S0004072,C004,P05,B,B,2025-03-09,,2.0,1
2025-03-09,B0_manual,O0001883,M000761,S0004076,C004,P06,B,B,2025-03-09,,24.0,1
2025-03-09,B0_manual,O0001877,M000762,S0004051,C005,P03,A,A,2025-03-09,,5.0,1
2025-03-09,B0_manual,O0001877,M000762,S0004052,C005,P03,A,A,2025-03-09,,6.0,1
2025-03-09,B0_manual,O0001888,M000762,S0004091,C005,P08,A,A,2025-03-09,,3.0,1
2025-03-09,B0_manual,O0001870,M000763,S0004040,C006,P01,A,A,2025-03-09,,30.0,1
2025-03-09,B0_manual,O0001872,M000763,S0004047,C006,P02,B,B,2025-03-09,,10.0,1
2025-03-09,B0_manual,O0001876,M000764,S0004054,C007,P03,B,B,2025-03-09,,14.0,1
2025-03-09,B0_manual,O0001876,M000764,S0004055,C007,P03,B,B,2025-03-09,,4.0,1
2025-03-09,B0_manual,O0001868,M000765,S0004040,C008,P01,A,A,2025-03-09,,15.0,1
2025-03-09,B0_manual,O0001868,M000765,S0004041,C008,P01,A,A,2025-03-09,,11.0,1
2025-03-09,B0_manual,O0001886,M000766,S0004091,C009,P08,A,A,2025-03-09,,13.0,1
2025-03-09,B0_manual,O0001886,M000766,S0004092,C009,P08,A,A,2025-03-09,,6.0,1
2025-03-09,B0_manual,O0001886,M000766,S0004093,C009,P08,A,A,2025-03-09,,9.0,1
2025-03-09,B0_manual,O0001886,M000766,S0004094,C009,P08,A,A,2025-03-09,,3.0,1
2025-03-09,B0_manual,O0001882,M000767,S0004073,C011,P06,A,A,2025-03-09,,19.0,1
2025-03-09,B0_manual,O0001882,M000767,S0004074,C011,P06,A,A,2025-03-09,,9.0,1
2025-03-09,B0_manual,O0001882,M000767,S0004075,C011,P06,A,A,2025-03-09,,3.0,1
2025-03-09,B0_manual,O0001874,M000768,S0004052,C012,P03,A,A,2025-03-09,,1.0,1
2025-03-09,B0_manual,O0001874,M000768,S0004053,C012,P03,A,A,2025-03-09,,3.0,1
2025-03-09,B0_manual,O0001887,M000768,S0004094,C012,P08,A,A,2025-03-09,,7.0,1
2025-03-09,B1_optimization_only,O0001868,M000765,S0004040,C008,P01,A,A,2025-03-09,8.266666666666667,16.0,1
2025-03-09,B1_optimization_only,O0001870,M000763,S0004040,C006,P01,A,A,2025-03-09,9.066666666666666,29.0,1
2025-03-09,B1_optimization_only,O0001869,M000766,S0004041,C009,P01,A,A,2025-03-09,11.666676666666666,10.0,1
2025-03-09,B1_optimization_only,O0001870,M000763,S0004041,C006,P01,A,A,2025-03-09,11.066676666666666,1.0,1
2025-03-09,B1_optimization_only,O0001873,M000760,S0004045,C003,P02,A,A,2025-03-09,9.866666666666665,25.0,1
2025-03-09,B1_optimization_only,O0001873,M000760,S0004046,C003,P02,A,A,2025-03-09,11.866676666666665,6.0,1
2025-03-09,B1_optimization_only,O0001872,M000763,S0004047,C006,P02,B,B,2025-03-09,8.466666666666667,2.0,1
2025-03-09,B1_optimization_only,O0001872,M000763,S0004048,C006,P02,B,B,2025-03-09,10.466676666666666,6.0,1
2025-03-09,B1_optimization_only,O0001872,M000763,S0004049,C006,P02,B,B,2025-03-09,25.80002,2.0,1
2025-03-09,B1_optimization_only,O0001874,M000768,S0004050,C012,P03,A,A,2025-03-09,6.275,4.0,1
2025-03-09,B1_optimization_only,O0001877,M000762,S0004050,C005,P03,A,A,2025-03-09,7.875,7.0,1
2025-03-09,B1_optimization_only,O0001875,M000760,S0004051,C003,P03,A,A,2025-03-09,10.200009999999999,8.0,1
2025-03-09,B1_optimization_only,O0001877,M000762,S0004051,C005,P03,A,A,2025-03-09,9.00001,4.0,1
2025-03-09,B1_optimization_only,O0001875,M000760,S0004052,C003,P03,A,A,2025-03-09,12.075019999999999,7.0,1
2025-03-09,B1_optimization_only,O0001875,M000760,S0004053,C003,P03,A,A,2025-03-09,26.700029999999998,3.0,1
2025-03-09,B1_optimization_only,O0001876,M000764,S0004055,C007,P03,B,B,2025-03-09,8.200009999999999,11.0,1
2025-03-09,B1_optimization_only,O0001876,M000764,S0004056,C007,P03,B,B,2025-03-09,10.075019999999999,5.0,1
2025-03-09,B1_optimization_only,O0001876,M000764,S0004057,C007,P03,B,B,2025-03-09,24.700029999999998,2.0,1
2025-03-09,B1_optimization_only,O0001879,M000758,S0004061,C001,P04,B,B,2025-03-09,15.466666666666667,4.0,1
2025-03-09,B1_optimization_only,O0001879,M000758,S0004062,C001,P04,B,B,2025-03-09,32.800019999999996,3.0,1
2025-03-09,B1_optimization_only,O0001880,M000758,S0004063,C001,P05,A,A,2025-03-09,12.34,11.0,1
2025-03-09,B1_optimization_only,O0001880,M000758,S0004064,C001,P05,A,A,2025-03-09,13.06001,19.0,1
2025-03-09,B1_optimization_only,O0001880,M000758,S0004065,C001,P05,A,A,2025-03-09,14.260019999999999,3.0,1
2025-03-09,B1_optimization_only,O0001880,M000758,S0004066,C001,P05,A,A,2025-03-09,15.940030000000002,8.0,1
2025-03-09,B1_optimization_only,O0001880,M000758,S0004067,C001,P05,A,A,2025-03-09,30.10004,4.0,1
2025-03-09,B1_optimization_only,O0001881,M000761,S0004068,C004,P05,B,B,2025-03-09,10.540000000000001,17.0,1
2025-03-09,B1_optimization_only,O0001881,M000761,S0004069,C004,P05,B,B,2025-03-09,11.260010000000001,17.0,1
2025-03-09,B1_optimization_only,O0001881,M000761,S0004070,C004,P05,B,B,2025-03-09,12.46002,16.0,1
2025-03-09,B1_optimization_only,O0001881,M000761,S0004071,C004,P05,B,B,2025-03-09,14.140030000000001,3.0,1
2025-03-09,B1_optimization_only,O0001881,M000761,S0004072,C004,P05,B,B,2025-03-09,28.30004,2.0,1
2025-03-09,B1_optimization_only,O0001882,M000767,S0004073,C011,P06,A,A,2025-03-09,7.666666666666667,19.0,1
2025-03-09,B1_optimization_only,O0001882,M000767,S0004074,C011,P06,A,A,2025-03-09,9.666676666666666,9.0,1
2025-03-09,B1_optimization_only,O0001882,M000767,S0004075,C011,P06,A,A,2025-03-09,25.00002,3.0,1
2025-03-09,B1_optimization_only,O0001883,M000761,S0004076,C004,P06,B,B,2025-03-09,9.866666666666665,13.0,1
2025-03-09,B1_optimization_only,O0001883,M000761,S0004077,C004,P06,B,B,2025-03-09,11.866676666666665,8.0,1
2025-03-09,B1_optimization_only,O0001883,M000761,S0004078,C004,P06,B,B,2025-03-09,27.20002,3.0,1
2025-03-09,B1_optimization_only,O0001884,M000759,S0004079,C002,P07,A,A,2025-03-09,9.522448979591838,14.0,1
2025-03-09,B1_optimization_only,O0001885,M000760,S0004079,C003,P07,A,A,2025-03-09,8.522448979591838,32.0,1
2025-03-09,B1_optimization_only,O0001884,M000759,S0004080,C002,P07,A,A,2025-03-09,9.889805918367347,39.0,1
2025-03-09,B1_optimization_only,O0001884,M000759,S0004081,C002,P07,A,A,2025-03-09,10.50206081632653,27.0,1
2025-03-09,B1_optimization_only,O0001884,M000759,S0004082,C002,P07,A,A,2025-03-09,11.35921367346939,5.0,1
2025-03-09,B1_optimization_only,O0001884,M000759,S0004083,C002,P07,A,A,2025-03-09,12.46126448979592,14.0,1
2025-03-09,B1_optimization_only,O0001884,M000759,S0004084,C002,P07,A,A,2025-03-09,13.808213265306122,12.0,1
2025-03-09,B1_optimization_only,O0001884,M000759,S0004085,C002,P07,A,A,2025-03-09,27.40006,1.0,1
2025-03-09,B1_optimization_only,O0001886,M000766,S0004091,C009,P08,A,A,2025-03-09,9.74,6.0,1
2025-03-09,B1_optimization_only,O0001887,M000768,S0004091,C012,P08,A,A,2025-03-09,7.74,5.0,1
2025-03-09,B1_optimization_only,O0001888,M000762,S0004091,C005,P08,A,A,2025-03-09,9.340000000000002,3.0,1
2025-03-09,B1_optimization_only,O0001890,M000758,S0004091,C001,P08,A,B,2025-03-09,10.84,2.0,0
2025-03-09,B1_optimization_only,O0001886,M000766,S0004092,C009,P08,A,A,2025-03-09,10.46001,6.0,1
2025-03-09,B1_optimization_only,O0001886,M000766,S0004093,C009,P08,A,A,2025-03-09,11.66002,9.0,1
2025-03-09,B1_optimization_only,O0001886,M000766,S0004094,C009,P08,A,A,2025-03-09,13.34003,10.0,1
2025-03-09,B1_optimization_only,O0001889,M000760,S0004095,C003,P08,B,B,2025-03-09,10.540000000000001,6.0,1
2025-03-09,B1_optimization_only,O0001889,M000760,S0004096,C003,P08,B,B,2025-03-09,11.260010000000001,6.0,1
2025-03-09,B1_optimization_only,O0001889,M000760,S0004097,C003,P08,B,B,2025-03-09,12.46002,2.0,1
2025-03-09,B1_optimization_only,O0001889,M000760,S0004098,C003,P08,B,B,2025-03-09,14.140030000000001,4.0,1
2025-03-09,B1_optimization_only,O0001890,M000758,S0004099,C001,P08,B,B,2025-03-09,29.700039999999998,1.0,1
2025-03-09,P1_proposed_dss,O0001868,M000765,S0004040,C008,P01,A,A,2025-03-09,8.266666666666667,16.0,1
2025-03-09,P1_proposed_dss,O0001870,M000763,S0004040,C006,P01,A,A,2025-03-09,9.066666666666666,29.0,1
2025-03-09,P1_proposed_dss,O0001869,M000766,S0004041,C009,P01,A,A,2025-03-09,11.666676666666666,10.0,1
2025-03-09,P1_proposed_dss,O0001870,M000763,S0004041,C006,P01,A,A,2025-03-09,11.066676666666666,1.0,1
2025-03-09,P1_proposed_dss,O0001873,M000760,S0004045,C003,P02,A,A,2025-03-09,9.866666666666665,25.0,1
2025-03-09,P1_proposed_dss,O0001873,M000760,S0004046,C003,P02,A,A,2025-03-09,11.866676666666665,6.0,1
2025-03-09,P1_proposed_dss,O0001872,M000763,S0004047,C006,P02,B,B,2025-03-09,8.466666666666667,2.0,1
2025-03-09,P1_proposed_dss,O0001872,M000763,S0004048,C006,P02,B,B,2025-03-09,10.466676666666666,6.0,1
2025-03-09,P1_proposed_dss,O0001872,M000763,S0004049,C006,P02,B,B,2025-03-09,25.80002,2.0,1
2025-03-09,P1_proposed_dss,O0001874,M000768,S0004050,C012,P03,A,A,2025-03-09,6.275,4.0,1
2025-03-09,P1_proposed_dss,O0001877,M000762,S0004050,C005,P03,A,A,2025-03-09,7.875,7.0,1
2025-03-09,P1_proposed_dss,O0001875,M000760,S0004051,C003,P03,A,A,2025-03-09,10.200009999999999,8.0,1
2025-03-09,P1_proposed_dss,O0001877,M000762,S0004051,C005,P03,A,A,2025-03-09,9.00001,4.0,1
2025-03-09,P1_proposed_dss,O0001875,M000760,S0004052,C003,P03,A,A,2025-03-09,12.075019999999999,7.0,1
2025-03-09,P1_proposed_dss,O0001875,M000760,S0004053,C003,P03,A,A,2025-03-09,26.700029999999998,3.0,1
2025-03-09,P1_proposed_dss,O0001876,M000764,S0004055,C007,P03,B,B,2025-03-09,8.200009999999999,11.0,1
2025-03-09,P1_proposed_dss,O0001876,M000764,S0004056,C007,P03,B,B,2025-03-09,10.075019999999999,5.0,1
2025-03-09,P1_proposed_dss,O0001876,M000764,S0004057,C007,P03,B,B,2025-03-09,24.700029999999998,2.0,1
2025-03-09,P1_proposed_dss,O0001879,M000758,S0004061,C001,P04,B,B,2025-03-09,15.466666666666667,4.0,1
2025-03-09,P1_proposed_dss,O0001879,M000758,S0004062,C001,P04,B,B,2025-03-09,32.800019999999996,3.0,1
2025-03-09,P1_proposed_dss,O0001880,M000758,S0004063,C001,P05,A,A,2025-03-09,12.34,11.0,1
2025-03-09,P1_proposed_dss,O0001880,M000758,S0004064,C001,P05,A,A,2025-03-09,13.06001,19.0,1
2025-03-09,P1_proposed_dss,O0001880,M000758,S0004065,C001,P05,A,A,2025-03-09,14.260019999999999,3.0,1
2025-03-09,P1_proposed_dss,O0001880,M000758,S0004066,C001,P05,A,A,2025-03-09,15.940030000000002,8.0,1
2025-03-09,P1_proposed_dss,O0001880,M000758,S0004067,C001,P05,A,A,2025-03-09,30.10004,4.0,1
2025-03-09,P1_proposed_dss,O0001881,M000761,S0004068,C004,P05,B,B,2025-03-09,10.540000000000001,17.0,1
2025-03-09,P1_proposed_dss,O0001881,M000761,S0004069,C004,P05,B,B,2025-03-09,11.260010000000001,17.0,1
2025-03-09,P1_proposed_dss,O0001881,M000761,S0004070,C004,P05,B,B,2025-03-09,12.46002,16.0,1
2025-03-09,P1_proposed_dss,O0001881,M000761,S0004071,C004,P05,B,B,2025-03-09,14.140030000000001,3.0,1
2025-03-09,P1_proposed_dss,O0001881,M000761,S0004072,C004,P05,B,B,2025-03-09,28.30004,2.0,1
2025-03-09,P1_proposed_dss,O0001882,M000767,S0004073,C011,P06,A,A,2025-03-09,7.666666666666667,19.0,1
2025-03-09,P1_proposed_dss,O0001882,M000767,S0004074,C011,P06,A,A,2025-03-09,9.666676666666666,9.0,1
2025-03-09,P1_proposed_dss,O0001882,M000767,S0004075,C011,P06,A,A,2025-03-09,25.00002,3.0,1
2025-03-09,P1_proposed_dss,O0001883,M000761,S0004076,C004,P06,B,B,2025-03-09,9.866666666666665,13.0,1
2025-03-09,P1_proposed_dss,O0001883,M000761,S0004077,C004,P06,B,B,2025-03-09,11.866676666666665,8.0,1
2025-03-09,P1_proposed_dss,O0001883,M000761,S0004078,C004,P06,B,B,2025-03-09,27.20002,3.0,1
2025-03-09,P1_proposed_dss,O0001884,M000759,S0004079,C002,P07,A,A,2025-03-09,9.522448979591838,14.0,1
2025-03-09,P1_proposed_dss,O0001885,M000760,S0004079,C003,P07,A,A,2025-03-09,8.522448979591838,32.0,1
2025-03-09,P1_proposed_dss,O0001884,M000759,S0004080,C002,P07,A,A,2025-03-09,9.889805918367347,39.0,1
2025-03-09,P1_proposed_dss,O0001884,M000759,S0004081,C002,P07,A,A,2025-03-09,10.50206081632653,27.0,1
2025-03-09,P1_proposed_dss,O0001884,M000759,S0004082,C002,P07,A,A,2025-03-09,11.35921367346939,5.0,1
2025-03-09,P1_proposed_dss,O0001884,M000759,S0004083,C002,P07,A,A,2025-03-09,12.46126448979592,14.0,1
2025-03-09,P1_proposed_dss,O0001884,M000759,S0004084,C002,P07,A,A,2025-03-09,13.808213265306122,12.0,1
2025-03-09,P1_proposed_dss,O0001884,M000759,S0004085,C002,P07,A,A,2025-03-09,27.40006,1.0,1
2025-03-09,P1_proposed_dss,O0001886,M000766,S0004091,C009,P08,A,A,2025-03-09,9.74,6.0,1
2025-03-09,P1_proposed_dss,O0001887,M000768,S0004091,C012,P08,A,A,2025-03-09,7.74,5.0,1
2025-03-09,P1_proposed_dss,O0001888,M000762,S0004091,C005,P08,A,A,2025-03-09,9.340000000000002,3.0,1
2025-03-09,P1_proposed_dss,O0001890,M000758,S0004091,C001,P08,A,B,2025-03-09,10.84,2.0,0
2025-03-09,P1_proposed_dss,O0001886,M000766,S0004092,C009,P08,A,A,2025-03-09,10.46001,6.0,1
2025-03-09,P1_proposed_dss,O0001886,M000766,S0004093,C009,P08,A,A,2025-03-09,11.66002,9.0,1
2025-03-09,P1_proposed_dss,O0001886,M000766,S0004094,C009,P08,A,A,2025-03-09,13.34003,10.0,1
2025-03-09,P1_proposed_dss,O0001889,M000760,S0004095,C003,P08,B,B,2025-03-09,10.540000000000001,6.0,1
2025-03-09,P1_proposed_dss,O0001889,M000760,S0004096,C003,P08,B,B,2025-03-09,11.260010000000001,6.0,1
2025-03-09,P1_proposed_dss,O0001889,M000760,S0004097,C003,P08,B,B,2025-03-09,12.46002,2.0,1
2025-03-09,P1_proposed_dss,O0001889,M000760,S0004098,C003,P08,B,B,2025-03-09,14.140030000000001,4.0,1
2025-03-09,P1_proposed_dss,O0001890,M000758,S0004099,C001,P08,B,B,2025-03-09,29.700039999999998,1.0,1
2025-03-10,B0_manual,O0001898,M000769,S0004115,C001,P03,B,B,2025-03-10,,7.0,1
2025-03-10,B0_manual,O0001909,M000769,S0004124,C001,P05,A,A,2025-03-10,,10.0,1
2025-03-10,B0_manual,O0001921,M000769,S0004156,C001,P08,B,B,2025-03-10,,15.0,1
2025-03-10,B0_manual,O0001921,M000769,S0004157,C001,P08,B,B,2025-03-10,,1.0,1
2025-03-10,B0_manual,O0001904,M000770,S0004118,C002,P04,A,A,2025-03-10,,12.0,1
2025-03-10,B0_manual,O0001910,M000771,S0004128,C003,P05,B,B,2025-03-10,,11.0,1
2025-03-10,B0_manual,O0001910,M000771,S0004129,C003,P05,B,B,2025-03-10,,14.0,1
2025-03-10,B0_manual,O0001910,M000771,S0004130,C003,P05,B,B,2025-03-10,,7.0,1
2025-03-10,B0_manual,O0001910,M000771,S0004131,C003,P05,B,B,2025-03-10,,2.0,1
2025-03-10,B0_manual,O0001910,M000771,S0004132,C003,P05,B,B,2025-03-10,,1.0,1
2025-03-10,B0_manual,O0001918,M000771,S0004151,C003,P08,A,A,2025-03-10,,15.0,1
2025-03-10,B0_manual,O0001918,M000771,S0004152,C003,P08,A,A,2025-03-10,,10.0,1
2025-03-10,B0_manual,O0001895,M000772,S0004106,C004,P02,A,A,2025-03-10,,54.0,1
2025-03-10,B0_manual,O0001895,M000772,S0004107,C004,P02,A,A,2025-03-10,,10.0,1
2025-03-10,B0_manual,O0001902,M000772,S0004111,C004,P03,A,A,2025-03-10,,36.0,1
2025-03-10,B0_manual,O0001902,M000772,S0004112,C004,P03,A,A,2025-03-10,,4.0,1
2025-03-10,B0_manual,O0001916,M000772,S0004139,C004,P07,A,A,2025-03-10,,14.0,1
2025-03-10,B0_manual,O0001916,M000772,S0004140,C004,P07,A,A,2025-03-10,,2.0,1
2025-03-10,B0_manual,O0001899,M000773,S0004112,C005,P03,A,A,2025-03-10,,27.0,1
2025-03-10,B0_manual,O0001899,M000773,S0004113,C005,P03,A,A,2025-03-10,,8.0,1
2025-03-10,B0_manual,O0001905,M000773,S0004121,C005,P04,B,B,2025-03-10,,8.0,1
2025-03-10,B0_manual,O0001905,M000773,S0004122,C005,P04,B,B,2025-03-10,,4.0,1
2025-03-10,B0_manual,O0001915,M000773,S0004140,C005,P07,A,A,2025-03-10,,8.0,1
2025-03-10,B0_manual,O0001920,M000773,S0004152,C005,P08,A,A,2025-03-10,,6.0,1
2025-03-10,B0_manual,O0001920,M000773,S0004153,C005,P08,A,A,2025-03-10,,4.0,1
2025-03-10,B0_manual,O0001920,M000773,S0004154,C005,P08,A,A,2025-03-10,,8.0,1
2025-03-10,B0_manual,O0001920,M000773,S0004155,C005,P08,A,A,2025-03-10,,2.0,1
2025-03-10,B0_manual,O0001911,M000774,S0004136,C006,P06,B,B,2025-03-10,,10.0,1
2025-03-10,B0_manual,O0001911,M000774,S0004137,C006,P06,B,B,2025-03-10,,5.0,1
2025-03-10,B0_manual,O0001911,M000774,S0004138,C006,P06,B,B,2025-03-10,,1.0,1
2025-03-10,B0_manual,O0001911,M000774,S0004133,C006,P06,A,B,2025-03-10,,2.0,0
2025-03-10,B0_manual,O0001913,M000774,S0004140,C006,P07,A,A,2025-03-10,,6.0,1
2025-03-10,B0_manual,O0001913,M000774,S0004141,C006,P07,A,A,2025-03-10,,8.0,1
2025-03-10,B0_manual,O0001913,M000774,S0004142,C006,P07,A,A,2025-03-10,,3.0,1
2025-03-10,B0_manual,O0001913,M000774,S0004143,C006,P07,A,A,2025-03-10,,7.0,1
2025-03-10,B0_manual,O0001913,M000774,S0004144,C006,P07,A,A,2025-03-10,,5.0,1
2025-03-10,B0_manual,O0001913,M000774,S0004145,C006,P07,A,A,2025-03-10,,9.0,1
2025-03-10,B0_manual,O0001892,M000775,S0004103,C007,P01,B,B,2025-03-10,,37.0,1
2025-03-10,B0_manual,O0001892,M000775,S0004104,C007,P01,B,B,2025-03-10,,8.0,1
2025-03-10,B0_manual,O0001892,M000775,S0004105,C007,P01,B,B,2025-03-10,,1.0,1
2025-03-10,B0_manual,O0001896,M000775,S0004107,C007,P02,A,A,2025-03-10,,9.0,1
2025-03-10,B0_manual,O0001903,M000775,S0004122,C007,P04,B,B,2025-03-10,,2.0,1
2025-03-10,B0_manual,O0001903,M000775,S0004123,C007,P04,B,B,2025-03-10,,2.0,1
2025-03-10,B0_manual,O0001893,M000776,S0004105,C008,P01,B,B,2025-03-10,,1.0,1
2025-03-10,B0_manual,O0001893,M000776,S0004100,C008,P01,A,B,2025-03-10,,36.0,0
2025-03-10,B0_manual,O0001893,M000776,S0004101,C008,P01,A,B,2025-03-10,,13.0,0
2025-03-10,B0_manual,O0001891,M000777,S0004101,C009,P01,A,A,2025-03-10,,9.0,1
2025-03-10,B0_manual,O0001891,M000777,S0004102,C009,P01,A,A,2025-03-10,,1.0,1
2025-03-10,B0_manual,O0001901,M000777,S0004113,C009,P03,A,A,2025-03-10,,12.0,1
2025-03-10,B0_manual,O0001900,M000778,S0004115,C010,P03,B,B,2025-03-10,,4.0,1
2025-03-10,B0_manual,O0001900,M000778,S0004116,C010,P03,B,B,2025-03-10,,5.0,1
2025-03-10,B0_manual,O0001900,M000778,S0004117,C010,P03,B,B,2025-03-10,,1.0,1
2025-03-10,B0_manual,O0001912,M000779,S0004133,C011,P06,A,A,2025-03-10,,9.0,1
2025-03-10,B0_manual,O0001912,M000779,S0004134,C011,P06,A,A,2025-03-10,,4.0,1
2025-03-10,B0_manual,O0001908,M000780,S0004124,C012,P05,A,B,2025-03-10,,20.0,0
2025-03-10,B0_manual,O0001908,M000780,S0004125,C012,P05,A,B,2025-03-10,,10.0,0
2025-03-10,B0_manual,O0001917,M000780,S0004157,C012,P08,B,B,2025-03-10,,4.0,1
2025-03-10,B0_manual,O0001917,M000780,S0004158,C012,P08,B,B,2025-03-10,,10.0,1
2025-03-10,B1_optimization_only,O0001893,M000776,S0004100,C008,P01,A,B,2025-03-10,7.166666666666667,36.0,0
2025-03-10,B1_optimization_only,O0001891,M000777,S0004101,C009,P01,A,A,2025-03-10,11.666676666666666,15.0,1
2025-03-10,B1_optimization_only,O0001892,M000775,S0004101,C007,P01,A,B,2025-03-10,9.366676666666665,7.0,0
2025-03-10,B1_optimization_only,O0001891,M000777,S0004102,C009,P01,A,A,2025-03-10,27.00002,1.0,1
2025-03-10,B1_optimization_only,O0001892,M000775,S0004103,C007,P01,B,B,2025-03-10,8.466666666666667,29.0,1
2025-03-10,B1_optimization_only,O0001893,M000776,S0004103,C008,P01,B,B,2025-03-10,8.266666666666667,8.0,1
2025-03-10,B1_optimization_only,O0001892,M000775,S0004104,C007,P01,B,B,2025-03-10,10.466676666666666,8.0,1
2025-03-10,B1_optimization_only,O0001892,M000775,S0004105,C007,P01,B,B,2025-03-10,25.80002,2.0,1
2025-03-10,B1_optimization_only,O0001895,M000772,S0004106,C004,P02,A,A,2025-03-10,9.466666666666667,45.0,1
2025-03-10,B1_optimization_only,O0001896,M000775,S0004106,C007,P02,A,A,2025-03-10,7.866666666666666,9.0,1
2025-03-10,B1_optimization_only,O0001895,M000772,S0004107,C004,P02,A,A,2025-03-10,11.466676666666666,19.0,1
2025-03-10,B1_optimization_only,O0001899,M000773,S0004111,C005,P03,A,A,2025-03-10,7.875,25.0,1
2025-03-10,B1_optimization_only,O0001900,M000778,S0004111,C010,P03,A,B,2025-03-10,6.975,9.0,0
2025-03-10,B1_optimization_only,O0001899,M000773,S0004112,C005,P03,A,A,2025-03-10,9.00001,10.0,1
2025-03-10,B1_optimization_only,O0001901,M000777,S0004112,C009,P03,A,A,2025-03-10,9.40001,12.0,1
2025-03-10,B1_optimization_only,O0001902,M000772,S0004112,C004,P03,A,A,2025-03-10,9.80001,9.0,1
2025-03-10,B1_optimization_only,O0001902,M000772,S0004113,C004,P03,A,A,2025-03-10,11.67502,21.0,1
2025-03-10,B1_optimization_only,O0001902,M000772,S0004114,C004,P03,A,A,2025-03-10,26.30003,10.0,1
2025-03-10,B1_optimization_only,O0001898,M000769,S0004115,C001,P03,B,B,2025-03-10,10.475,1.0,1
2025-03-10,B1_optimization_only,O0001900,M000778,S0004115,C010,P03,B,B,2025-03-10,8.075,10.0,1
2025-03-10,B1_optimization_only,O0001898,M000769,S0004116,C001,P03,B,B,2025-03-10,11.60001,5.0,1
2025-03-10,B1_optimization_only,O0001898,M000769,S0004117,C001,P03,B,B,2025-03-10,13.475019999999999,1.0,1
2025-03-10,B1_optimization_only,O0001903,M000775,S0004118,C007,P04,A,B,2025-03-10,10.966666666666665,3.0,0
2025-03-10,B1_optimization_only,O0001905,M000773,S0004118,C005,P04,A,B,2025-03-10,11.766666666666666,5.0,0
2025-03-10,B1_optimization_only,O0001907,M000776,S0004118,C008,P04,A,B,2025-03-10,10.766666666666666,10.0,0
2025-03-10,B1_optimization_only,O0001903,M000775,S0004119,C007,P04,A,B,2025-03-10,12.966676666666665,10.0,0
2025-03-10,B1_optimization_only,O0001907,M000776,S0004119,C008,P04,A,B,2025-03-10,12.766676666666665,8.0,0
2025-03-10,B1_optimization_only,O0001904,M000770,S0004120,C002,P04,A,A,2025-03-10,32.40002,12.0,1
2025-03-10,B1_optimization_only,O0001905,M000773,S0004120,C005,P04,A,B,2025-03-10,29.10002,7.0,0
2025-03-10,B1_optimization_only,O0001906,M000780,S0004121,C012,P04,B,B,2025-03-10,11.266666666666666,8.0,1
2025-03-10,B1_optimization_only,O0001906,M000780,S0004122,C012,P04,B,B,2025-03-10,13.266676666666665,6.0,1
2025-03-10,B1_optimization_only,O0001906,M000780,S0004123,C012,P04,B,B,2025-03-10,28.60002,2.0,1
2025-03-10,B1_optimization_only,O0001908,M000780,S0004124,C012,P05,A,B,2025-03-10,7.039999999999999,11.0,0
2025-03-10,B1_optimization_only,O0001908,M000780,S0004125,C012,P05,A,B,2025-03-10,7.7600099999999985,10.0,0
2025-03-10,B1_optimization_only,O0001908,M000780,S0004126,C012,P05,A,B,2025-03-10,8.960019999999998,9.0,0
2025-03-10,B1_optimization_only,O0001909,M000769,S0004126,C001,P05,A,A,2025-03-10,14.260019999999999,3.0,1
2025-03-10,B1_optimization_only,O0001909,M000769,S0004127,C001,P05,A,A,2025-03-10,15.940030000000002,7.0,1
2025-03-10,B1_optimization_only,O0001910,M000771,S0004128,C003,P05,B,B,2025-03-10,10.94,11.0,1
2025-03-10,B1_optimization_only,O0001910,M000771,S0004129,C003,P05,B,B,2025-03-10,11.66001,14.0,1
2025-03-10,B1_optimization_only,O0001910,M000771,S0004130,C003,P05,B,B,2025-03-10,12.860019999999999,7.0,1
2025-03-10,B1_optimization_only,O0001910,M000771,S0004131,C003,P05,B,B,2025-03-10,14.54003,2.0,1
2025-03-10,B1_optimization_only,O0001910,M000771,S0004132,C003,P05,B,B,2025-03-10,28.700039999999998,1.0,1
2025-03-10,B1_optimization_only,O0001911,M000774,S0004134,C006,P06,A,B,2025-03-10,9.766676666666665,1.0,0
2025-03-10,B1_optimization_only,O0001912,M000779,S0004134,C011,P06,A,A,2025-03-10,9.666676666666666,13.0,1
2025-03-10,B1_optimization_only,O0001911,M000774,S0004135,C006,P06,A,B,2025-03-10,25.10002,1.0,0
2025-03-10,B1_optimization_only,O0001911,M000774,S0004136,C006,P06,B,B,2025-03-10,8.866666666666665,10.0,1
2025-03-10,B1_optimization_only,O0001911,M000774,S0004137,C006,P06,B,B,2025-03-10,10.866676666666665,5.0,1
2025-03-10,B1_optimization_only,O0001911,M000774,S0004138,C006,P06,B,B,2025-03-10,26.20002,1.0,1
2025-03-10,B1_optimization_only,O0001913,M000774,S0004139,C006,P07,A,A,2025-03-10,7.122448979591836,14.0,1
2025-03-10,B1_optimization_only,O0001913,M000774,S0004140,C006,P07,A,A,2025-03-10,7.489805918367346,16.0,1
2025-03-10,B1_optimization_only,O0001913,M000774,S0004141,C006,P07,A,A,2025-03-10,8.10206081632653,8.0,1
2025-03-10,B1_optimization_only,O0001915,M000773,S0004142,C005,P07,A,A,2025-03-10,9.159213673469388,3.0,1
2025-03-10,B1_optimization_only,O0001915,M000773,S0004143,C005,P07,A,A,2025-03-10,10.261264489795918,5.0,1
2025-03-10,B1_optimization_only,O0001916,M000772,S0004143,C004,P07,A,A,2025-03-10,11.061264489795919,2.0,1
2025-03-10,B1_optimization_only,O0001916,M000772,S0004144,C004,P07,A,A,2025-03-10,12.408213265306122,5.0,1
2025-03-10,B1_optimization_only,O0001916,M000772,S0004145,C004,P07,A,A,2025-03-10,26.00006,9.0,1
2025-03-10,B1_optimization_only,O0001920,M000773,S0004151,C005,P08,A,A,2025-03-10,9.340000000000002,15.0,1
2025-03-10,B1_optimization_only,O0001918,M000771,S0004152,C003,P08,A,A,2025-03-10,11.260010000000001,11.0,1
2025-03-10,B1_optimization_only,O0001920,M000773,S0004152,C005,P08,A,A,2025-03-10,10.060010000000002,5.0,1
2025-03-10,B1_optimization_only,O0001918,M000771,S0004153,C003,P08,A,A,2025-03-10,12.46002,4.0,1
2025-03-10,B1_optimization_only,O0001918,M000771,S0004154,C003,P08,A,A,2025-03-10,14.140030000000001,8.0,1
2025-03-10,B1_optimization_only,O0001918,M000771,S0004155,C003,P08,A,A,2025-03-10,28.30004,2.0,1
2025-03-10,B1_optimization_only,O0001917,M000780,S0004157,C012,P08,B,B,2025-03-10,8.46001,5.0,1
2025-03-10,B1_optimization_only,O0001917,M000780,S0004158,C012,P08,B,B,2025-03-10,9.66002,9.0,1
2025-03-10,B1_optimization_only,O0001921,M000769,S0004158,C001,P08,B,B,2025-03-10,13.860019999999999,6.0,1
2025-03-10,B1_optimization_only,O0001921,M000769,S0004159,C001,P08,B,B,2025-03-10,15.54003,3.0,1
2025-03-10,B1_optimization_only,O0001921,M000769,S0004160,C001,P08,B,B,2025-03-10,29.700039999999998,7.0,1
2025-03-10,P1_proposed_dss,O0001893,M000776,S0004100,C008,P01,A,B,2025-03-10,7.166666666666667,36.0,0
2025-03-10,P1_proposed_dss,O0001891,M000777,S0004101,C009,P01,A,A,2025-03-10,11.666676666666666,15.0,1
2025-03-10,P1_proposed_dss,O0001892,M000775,S0004101,C007,P01,A,B,2025-03-10,9.366676666666665,7.0,0
2025-03-10,P1_proposed_dss,O0001891,M000777,S0004102,C009,P01,A,A,2025-03-10,27.00002,1.0,1
2025-03-10,P1_proposed_dss,O0001892,M000775,S0004103,C007,P01,B,B,2025-03-10,8.466666666666667,29.0,1
2025-03-10,P1_proposed_dss,O0001893,M000776,S0004103,C008,P01,B,B,2025-03-10,8.266666666666667,8.0,1
2025-03-10,P1_proposed_dss,O0001892,M000775,S0004104,C007,P01,B,B,2025-03-10,10.466676666666666,8.0,1
2025-03-10,P1_proposed_dss,O0001892,M000775,S0004105,C007,P01,B,B,2025-03-10,25.80002,2.0,1
2025-03-10,P1_proposed_dss,O0001895,M000772,S0004106,C004,P02,A,A,2025-03-10,9.466666666666667,45.0,1
2025-03-10,P1_proposed_dss,O0001896,M000775,S0004106,C007,P02,A,A,2025-03-10,7.866666666666666,9.0,1
2025-03-10,P1_proposed_dss,O0001895,M000772,S0004107,C004,P02,A,A,2025-03-10,11.466676666666666,19.0,1
2025-03-10,P1_proposed_dss,O0001899,M000773,S0004111,C005,P03,A,A,2025-03-10,7.875,25.0,1
2025-03-10,P1_proposed_dss,O0001900,M000778,S0004111,C010,P03,A,B,2025-03-10,6.975,9.0,0
2025-03-10,P1_proposed_dss,O0001899,M000773,S0004112,C005,P03,A,A,2025-03-10,9.00001,10.0,1
2025-03-10,P1_proposed_dss,O0001901,M000777,S0004112,C009,P03,A,A,2025-03-10,9.40001,12.0,1
2025-03-10,P1_proposed_dss,O0001902,M000772,S0004112,C004,P03,A,A,2025-03-10,9.80001,9.0,1
2025-03-10,P1_proposed_dss,O0001902,M000772,S0004113,C004,P03,A,A,2025-03-10,11.67502,21.0,1
2025-03-10,P1_proposed_dss,O0001902,M000772,S0004114,C004,P03,A,A,2025-03-10,26.30003,10.0,1
2025-03-10,P1_proposed_dss,O0001898,M000769,S0004115,C001,P03,B,B,2025-03-10,10.475,1.0,1
2025-03-10,P1_proposed_dss,O0001900,M000778,S0004115,C010,P03,B,B,2025-03-10,8.075,10.0,1
2025-03-10,P1_proposed_dss,O0001898,M000769,S0004116,C001,P03,B,B,2025-03-10,11.60001,5.0,1
2025-03-10,P1_proposed_dss,O0001898,M000769,S0004117,C001,P03,B,B,2025-03-10,13.475019999999999,1.0,1
2025-03-10,P1_proposed_dss,O0001903,M000775,S0004118,C007,P04,A,B,2025-03-10,10.966666666666665,3.0,0
2025-03-10,P1_proposed_dss,O0001905,M000773,S0004118,C005,P04,A,B,2025-03-10,11.766666666666666,5.0,0
2025-03-10,P1_proposed_dss,O0001907,M000776,S0004118,C008,P04,A,B,2025-03-10,10.766666666666666,10.0,0
2025-03-10,P1_proposed_dss,O0001903,M000775,S0004119,C007,P04,A,B,2025-03-10,12.966676666666665,10.0,0
2025-03-10,P1_proposed_dss,O0001907,M000776,S0004119,C008,P04,A,B,2025-03-10,12.766676666666665,8.0,0
2025-03-10,P1_proposed_dss,O0001904,M000770,S0004120,C002,P04,A,A,2025-03-10,32.40002,12.0,1
2025-03-10,P1_proposed_dss,O0001905,M000773,S0004120,C005,P04,A,B,2025-03-10,29.10002,7.0,0
2025-03-10,P1_proposed_dss,O0001906,M000780,S0004121,C012,P04,B,B,2025-03-10,11.266666666666666,8.0,1
2025-03-10,P1_proposed_dss,O0001906,M000780,S0004122,C012,P04,B,B,2025-03-10,13.266676666666665,6.0,1
2025-03-10,P1_proposed_dss,O0001906,M000780,S0004123,C012,P04,B,B,2025-03-10,28.60002,2.0,1
2025-03-10,P1_proposed_dss,O0001908,M000780,S0004124,C012,P05,A,B,2025-03-10,7.039999999999999,11.0,0
2025-03-10,P1_proposed_dss,O0001908,M000780,S0004125,C012,P05,A,B,2025-03-10,7.7600099999999985,10.0,0
2025-03-10,P1_proposed_dss,O0001908,M000780,S0004126,C012,P05,A,B,2025-03-10,8.960019999999998,9.0,0
2025-03-10,P1_proposed_dss,O0001909,M000769,S0004126,C001,P05,A,A,2025-03-10,14.260019999999999,3.0,1
2025-03-10,P1_proposed_dss,O0001909,M000769,S0004127,C001,P05,A,A,2025-03-10,15.940030000000002,7.0,1
2025-03-10,P1_proposed_dss,O0001910,M000771,S0004128,C003,P05,B,B,2025-03-10,10.94,11.0,1
2025-03-10,P1_proposed_dss,O0001910,M000771,S0004129,C003,P05,B,B,2025-03-10,11.66001,14.0,1
2025-03-10,P1_proposed_dss,O0001910,M000771,S0004130,C003,P05,B,B,2025-03-10,12.860019999999999,7.0,1
2025-03-10,P1_proposed_dss,O0001910,M000771,S0004131,C003,P05,B,B,2025-03-10,14.54003,2.0,1
2025-03-10,P1_proposed_dss,O0001910,M000771,S0004132,C003,P05,B,B,2025-03-10,28.700039999999998,1.0,1
2025-03-10,P1_proposed_dss,O0001911,M000774,S0004134,C006,P06,A,B,2025-03-10,9.766676666666665,1.0,0
2025-03-10,P1_proposed_dss,O0001912,M000779,S0004134,C011,P06,A,A,2025-03-10,9.666676666666666,13.0,1
2025-03-10,P1_proposed_dss,O0001911,M000774,S0004135,C006,P06,A,B,2025-03-10,25.10002,1.0,0
2025-03-10,P1_proposed_dss,O0001911,M000774,S0004136,C006,P06,B,B,2025-03-10,8.866666666666665,10.0,1
2025-03-10,P1_proposed_dss,O0001911,M000774,S0004137,C006,P06,B,B,2025-03-10,10.866676666666665,5.0,1
2025-03-10,P1_proposed_dss,O0001911,M000774,S0004138,C006,P06,B,B,2025-03-10,26.20002,1.0,1
2025-03-10,P1_proposed_dss,O0001913,M000774,S0004139,C006,P07,A,A,2025-03-10,7.122448979591836,14.0,1
2025-03-10,P1_proposed_dss,O0001913,M000774,S0004140,C006,P07,A,A,2025-03-10,7.489805918367346,16.0,1
2025-03-10,P1_proposed_dss,O0001913,M000774,S0004141,C006,P07,A,A,2025-03-10,8.10206081632653,8.0,1
2025-03-10,P1_proposed_dss,O0001915,M000773,S0004142,C005,P07,A,A,2025-03-10,9.159213673469388,3.0,1
2025-03-10,P1_proposed_dss,O0001915,M000773,S0004143,C005,P07,A,A,2025-03-10,10.261264489795918,5.0,1
2025-03-10,P1_proposed_dss,O0001916,M000772,S0004143,C004,P07,A,A,2025-03-10,11.061264489795919,2.0,1
2025-03-10,P1_proposed_dss,O0001916,M000772,S0004144,C004,P07,A,A,2025-03-10,12.408213265306122,5.0,1
2025-03-10,P1_proposed_dss,O0001916,M000772,S0004145,C004,P07,A,A,2025-03-10,26.00006,9.0,1
2025-03-10,P1_proposed_dss,O0001920,M000773,S0004151,C005,P08,A,A,2025-03-10,9.340000000000002,15.0,1
2025-03-10,P1_proposed_dss,O0001918,M000771,S0004152,C003,P08,A,A,2025-03-10,11.260010000000001,11.0,1
2025-03-10,P1_proposed_dss,O0001920,M000773,S0004152,C005,P08,A,A,2025-03-10,10.060010000000002,5.0,1
2025-03-10,P1_proposed_dss,O0001918,M000771,S0004153,C003,P08,A,A,2025-03-10,12.46002,4.0,1
2025-03-10,P1_proposed_dss,O0001918,M000771,S0004154,C003,P08,A,A,2025-03-10,14.140030000000001,8.0,1
2025-03-10,P1_proposed_dss,O0001918,M000771,S0004155,C003,P08,A,A,2025-03-10,28.30004,2.0,1
2025-03-10,P1_proposed_dss,O0001917,M000780,S0004157,C012,P08,B,B,2025-03-10,8.46001,5.0,1
2025-03-10,P1_proposed_dss,O0001917,M000780,S0004158,C012,P08,B,B,2025-03-10,9.66002,9.0,1
2025-03-10,P1_proposed_dss,O0001921,M000769,S0004158,C001,P08,B,B,2025-03-10,13.860019999999999,6.0,1
2025-03-10,P1_proposed_dss,O0001921,M000769,S0004159,C001,P08,B,B,2025-03-10,15.54003,3.0,1
2025-03-10,P1_proposed_dss,O0001921,M000769,S0004160,C001,P08,B,B,2025-03-10,29.700039999999998,7.0,1
2025-03-11,B0_manual,O0001926,M000781,S0004161,C001,P01,A,A,2025-03-11,,10.0,1
2025-03-11,B0_manual,O0001929,M000781,S0004177,C001,P03,B,B,2025-03-11,,12.0,1
2025-03-11,B0_manual,O0001929,M000781,S0004178,C001,P03,B,B,2025-03-11,,10.0,1
2025-03-11,B0_manual,O0001929,M000781,S0004179,C001,P03,B,B,2025-03-11,,2.0,1
2025-03-11,B0_manual,O0001929,M000781,S0004173,C001,P03,A,B,2025-03-11,,20.0,0
2025-03-11,B0_manual,O0001936,M000781,S0004189,C001,P05,B,B,2025-03-11,,4.0,1
2025-03-11,B0_manual,O0001936,M000781,S0004190,C001,P05,B,B,2025-03-11,,3.0,1
2025-03-11,B0_manual,O0001936,M000781,S0004191,C001,P05,B,B,2025-03-11,,3.0,1
2025-03-11,B0_manual,O0001936,M000781,S0004192,C001,P05,B,B,2025-03-11,,4.0,1
2025-03-11,B0_manual,O0001941,M000781,S0004193,C001,P06,A,A,2025-03-11,,7.0,1
2025-03-11,B0_manual,O0001944,M000781,S0004206,C001,P07,B,B,2025-03-11,,5.0,1
2025-03-11,B0_manual,O0001944,M000781,S0004207,C001,P07,B,B,2025-03-11,,4.0,1
2025-03-11,B0_manual,O0001944,M000781,S0004208,C001,P07,B,B,2025-03-11,,1.0,1
2025-03-11,B0_manual,O0001944,M000781,S0004209,C001,P07,B,B,2025-03-11,,4.0,1
2025-03-11,B0_manual,O0001944,M000781,S0004210,C001,P07,B,B,2025-03-11,,2.0,1
2025-03-11,B0_manual,O0001944,M000781,S0004199,C001,P07,A,B,2025-03-11,,16.0,0
2025-03-11,B0_manual,O0001925,M000782,S0004164,C002,P01,B,B,2025-03-11,,20.0,1
2025-03-11,B0_manual,O0001932,M000782,S0004173,C002,P03,A,A,2025-03-11,,21.0,1
2025-03-11,B0_manual,O0001951,M000783,S0004211,C003,P08,A,A,2025-03-11,,7.0,1
2025-03-11,B0_manual,O0001923,M000784,S0004164,C004,P01,B,B,2025-03-11,,19.0,1
2025-03-11,B0_manual,O0001923,M000784,S0004165,C004,P01,B,B,2025-03-11,,1.0,1
2025-03-11,B0_manual,O0001928,M000784,S0004167,C004,P02,A,A,2025-03-11,,33.0,1
2025-03-11,B0_manual,O0001928,M000784,S0004168,C004,P02,A,A,2025-03-11,,16.0,1
2025-03-11,B0_manual,O0001928,M000784,S0004169,C004,P02,A,A,2025-03-11,,1.0,1
2025-03-11,B0_manual,O0001935,M000784,S0004180,C004,P04,A,A,2025-03-11,,20.0,1
2025-03-11,B0_manual,O0001935,M000784,S0004181,C004,P04,A,A,2025-03-11,,4.0,1
2025-03-11,B0_manual,O0001943,M000784,S0004196,C004,P06,B,B,2025-03-11,,14.0,1
2025-03-11,B0_manual,O0001931,M000785,S0004173,C006,P03,A,A,2025-03-11,,1.0,1
2025-03-11,B0_manual,O0001931,M000785,S0004174,C006,P03,A,A,2025-03-11,,16.0,1
2025-03-11,B0_manual,O0001931,M000785,S0004175,C006,P03,A,A,2025-03-11,,19.0,1
2025-03-11,B0_manual,O0001931,M000785,S0004176,C006,P03,A,A,2025-03-11,,10.0,1
2025-03-11,B0_manual,O0001933,M000785,S0004181,C006,P04,A,A,2025-03-11,,5.0,1
2025-03-11,B0_manual,O0001933,M000785,S0004182,C006,P04,A,A,2025-03-11,,5.0,1
2025-03-11,B0_manual,O0001940,M000785,S0004197,C006,P06,B,B,2025-03-11,,8.0,1
2025-03-11,B0_manual,O0001940,M000785,S0004198,C006,P06,B,B,2025-03-11,,3.0,1
2025-03-11,B0_manual,O0001945,M000785,S0004199,C006,P07,A,A,2025-03-11,,13.0,1
2025-03-11,B0_manual,O0001945,M000785,S0004200,C006,P07,A,A,2025-03-11,,12.0,1
2025-03-11,B0_manual,O0001945,M000785,S0004201,C006,P07,A,A,2025-03-11,,11.0,1
2025-03-11,B0_manual,O0001937,M000786,S0004185,C007,P05,A,A,2025-03-11,,3.0,1
2025-03-11,B0_manual,O0001922,M000787,S0004161,C008,P01,A,A,2025-03-11,,18.0,1
2025-03-11,B0_manual,O0001947,M000787,S0004201,C008,P07,A,A,2025-03-11,,1.0,1
2025-03-11,B0_manual,O0001947,M000787,S0004202,C008,P07,A,A,2025-03-11,,16.0,1
2025-03-11,B0_manual,O0001947,M000787,S0004203,C008,P07,A,A,2025-03-11,,3.0,1
2025-03-11,B0_manual,O0001947,M000787,S0004204,C008,P07,A,A,2025-03-11,,6.0,1
2025-03-11,B0_manual,O0001924,M000788,S0004165,C009,P01,B,B,2025-03-11,,7.0,1
2025-03-11,B0_manual,O0001924,M000788,S0004166,C009,P01,B,B,2025-03-11,,4.0,1
2025-03-11,B0_manual,O0001949,M000788,S0004216,C009,P08,B,B,2025-03-11,,7.0,1
2025-03-11,B0_manual,O0001949,M000788,S0004217,C009,P08,B,B,2025-03-11,,8.0,1
2025-03-11,B0_manual,O0001949,M000788,S0004218,C009,P08,B,B,2025-03-11,,1.0,1
2025-03-11,B0_manual,O0001948,M000789,S0004204,C010,P07,A,A,2025-03-11,,5.0,1
2025-03-11,B0_manual,O0001948,M000789,S0004205,C010,P07,A,A,2025-03-11,,6.0,1
2025-03-11,B0_manual,O0001950,M000790,S0004211,C011,P08,A,A,2025-03-11,,9.0,1
2025-03-11,B0_manual,O0001950,M000790,S0004212,C011,P08,A,A,2025-03-11,,5.0,1
2025-03-11,B0_manual,O0001938,M000791,S0004186,C012,P05,A,A,2025-03-11,,18.0,1
2025-03-11,B0_manual,O0001939,M000791,S0004193,C012,P06,A,A,2025-03-11,,6.0,1
2025-03-11,B1_optimization_only,O0001922,M000787,S0004161,C008,P01,A,A,2025-03-11,8.266666666666667,18.0,1
2025-03-11,B1_optimization_only,O0001924,M000788,S0004161,C009,P01,A,B,2025-03-11,8.566666666666666,6.0,0
2025-03-11,B1_optimization_only,O0001924,M000788,S0004162,C009,P01,A,B,2025-03-11,10.566676666666666,9.0,0
2025-03-11,B1_optimization_only,O0001926,M000781,S0004162,C001,P01,A,A,2025-03-11,13.866676666666665,5.0,1
2025-03-11,B1_optimization_only,O0001926,M000781,S0004163,C001,P01,A,A,2025-03-11,29.20002,5.0,1
2025-03-11,B1_optimization_only,O0001923,M000784,S0004164,C004,P01,B,B,2025-03-11,10.066666666666666,20.0,1
2025-03-11,B1_optimization_only,O0001924,M000788,S0004164,C009,P01,B,B,2025-03-11,9.666666666666666,11.0,1
2025-03-11,B1_optimization_only,O0001925,M000782,S0004164,C002,P01,B,B,2025-03-11,11.466666666666667,8.0,1
2025-03-11,B1_optimization_only,O0001925,M000782,S0004165,C002,P01,B,B,2025-03-11,13.466676666666666,8.0,1
2025-03-11,B1_optimization_only,O0001925,M000782,S0004166,C002,P01,B,B,2025-03-11,28.80002,4.0,1
2025-03-11,B1_optimization_only,O0001928,M000784,S0004167,C004,P02,A,A,2025-03-11,9.466666666666667,33.0,1
2025-03-11,B1_optimization_only,O0001928,M000784,S0004168,C004,P02,A,A,2025-03-11,11.466676666666666,16.0,1
2025-03-11,B1_optimization_only,O0001928,M000784,S0004169,C004,P02,A,A,2025-03-11,26.80002,1.0,1
2025-03-11,B1_optimization_only,O0001931,M000785,S0004173,C006,P03,A,A,2025-03-11,7.675000000000001,42.0,1
2025-03-11,B1_optimization_only,O0001929,M000781,S0004174,C001,P03,A,B,2025-03-11,10.50001,12.0,0
2025-03-11,B1_optimization_only,O0001931,M000785,S0004174,C006,P03,A,A,2025-03-11,8.80001,4.0,1
2025-03-11,B1_optimization_only,O0001929,M000781,S0004175,C001,P03,A,B,2025-03-11,12.37502,8.0,0
2025-03-11,B1_optimization_only,O0001932,M000782,S0004175,C002,P03,A,A,2025-03-11,13.075019999999999,11.0,1
2025-03-11,B1_optimization_only,O0001932,M000782,S0004176,C002,P03,A,A,2025-03-11,27.700029999999998,10.0,1
2025-03-11,B1_optimization_only,O0001929,M000781,S0004177,C001,P03,B,B,2025-03-11,10.475,12.0,1
2025-03-11,B1_optimization_only,O0001929,M000781,S0004178,C001,P03,B,B,2025-03-11,11.60001,10.0,1
2025-03-11,B1_optimization_only,O0001929,M000781,S0004179,C001,P03,B,B,2025-03-11,13.475019999999999,2.0,1
2025-03-11,B1_optimization_only,O0001934,M000788,S0004180,C009,P04,A,A,2025-03-11,13.266666666666666,10.0,1
2025-03-11,B1_optimization_only,O0001935,M000784,S0004180,C004,P04,A,A,2025-03-11,13.666666666666666,10.0,1
2025-03-11,B1_optimization_only,O0001935,M000784,S0004181,C004,P04,A,A,2025-03-11,15.666676666666666,9.0,1
2025-03-11,B1_optimization_only,O0001935,M000784,S0004182,C004,P04,A,A,2025-03-11,31.00002,5.0,1
2025-03-11,B1_optimization_only,O0001937,M000786,S0004185,C007,P05,A,A,2025-03-11,8.94,3.0,1
2025-03-11,B1_optimization_only,O0001936,M000781,S0004186,C001,P05,A,B,2025-03-11,11.96001,24.0,0
2025-03-11,B1_optimization_only,O0001936,M000781,S0004187,C001,P05,A,B,2025-03-11,13.16002,6.0,0
2025-03-11,B1_optimization_only,O0001936,M000781,S0004188,C001,P05,A,B,2025-03-11,14.84003,2.0,0
2025-03-11,B1_optimization_only,O0001936,M000781,S0004189,C001,P05,B,B,2025-03-11,12.34,4.0,1
2025-03-11,B1_optimization_only,O0001936,M000781,S0004190,C001,P05,B,B,2025-03-11,13.06001,3.0,1
2025-03-11,B1_optimization_only,O0001936,M000781,S0004191,C001,P05,B,B,2025-03-11,14.260019999999999,3.0,1
2025-03-11,B1_optimization_only,O0001936,M000781,S0004192,C001,P05,B,B,2025-03-11,15.940030000000002,4.0,1
2025-03-11,B1_optimization_only,O0001939,M000791,S0004193,C012,P06,A,A,2025-03-11,7.466666666666667,6.0,1
2025-03-11,B1_optimization_only,O0001940,M000785,S0004193,C006,P06,A,B,2025-03-11,7.766666666666667,21.0,0
2025-03-11,B1_optimization_only,O0001941,M000781,S0004194,C001,P06,A,A,2025-03-11,13.666676666666666,5.0,1
2025-03-11,B1_optimization_only,O0001942,M000789,S0004194,C010,P06,A,B,2025-03-11,10.166676666666666,3.0,0
2025-03-11,B1_optimization_only,O0001941,M000781,S0004195,C001,P06,A,A,2025-03-11,29.00002,2.0,1
2025-03-11,B1_optimization_only,O0001940,M000785,S0004196,C006,P06,B,B,2025-03-11,8.866666666666665,11.0,1
2025-03-11,B1_optimization_only,O0001943,M000784,S0004196,C004,P06,B,B,2025-03-11,9.866666666666665,3.0,1
2025-03-11,B1_optimization_only,O0001943,M000784,S0004197,C004,P06,B,B,2025-03-11,11.866676666666665,8.0,1
2025-03-11,B1_optimization_only,O0001943,M000784,S0004198,C004,P06,B,B,2025-03-11,27.20002,3.0,1
2025-03-11,B1_optimization_only,O0001946,M000786,S0004199,C007,P07,A,B,2025-03-11,5.422448979591835,4.0,0
2025-03-11,B1_optimization_only,O0001947,M000787,S0004199,C008,P07,A,A,2025-03-11,6.322448979591837,25.0,1
2025-03-11,B1_optimization_only,O0001945,M000785,S0004200,C006,P07,A,A,2025-03-11,7.489805918367346,11.0,1
2025-03-11,B1_optimization_only,O0001947,M000787,S0004200,C008,P07,A,A,2025-03-11,6.689805918367346,1.0,1
2025-03-11,B1_optimization_only,O0001945,M000785,S0004201,C006,P07,A,A,2025-03-11,8.10206081632653,12.0,1
2025-03-11,B1_optimization_only,O0001945,M000785,S0004202,C006,P07,A,A,2025-03-11,8.959213673469389,5.0,1
2025-03-11,B1_optimization_only,O0001948,M000789,S0004202,C010,P07,A,A,2025-03-11,9.359213673469387,11.0,1
2025-03-11,B1_optimization_only,O0001945,M000785,S0004203,C006,P07,A,A,2025-03-11,10.061264489795919,3.0,1
2025-03-11,B1_optimization_only,O0001944,M000781,S0004204,C001,P07,A,B,2025-03-11,13.108213265306123,6.0,0
2025-03-11,B1_optimization_only,O0001945,M000785,S0004204,C006,P07,A,A,2025-03-11,11.408213265306122,5.0,1
2025-03-11,B1_optimization_only,O0001944,M000781,S0004205,C001,P07,A,B,2025-03-11,26.700060000000004,10.0,0
2025-03-11,B1_optimization_only,O0001944,M000781,S0004206,C001,P07,B,B,2025-03-11,9.922448979591838,5.0,1
2025-03-11,B1_optimization_only,O0001944,M000781,S0004207,C001,P07,B,B,2025-03-11,10.289805918367348,4.0,1
2025-03-11,B1_optimization_only,O0001944,M000781,S0004208,C001,P07,B,B,2025-03-11,10.90206081632653,1.0,1
2025-03-11,B1_optimization_only,O0001944,M000781,S0004209,C001,P07,B,B,2025-03-11,11.75921367346939,4.0,1
2025-03-11,B1_optimization_only,O0001944,M000781,S0004210,C001,P07,B,B,2025-03-11,12.86126448979592,2.0,1
2025-03-11,B1_optimization_only,O0001950,M000790,S0004211,C011,P08,A,A,2025-03-11,7.94,7.0,1
2025-03-11,B1_optimization_only,O0001950,M000790,S0004212,C011,P08,A,A,2025-03-11,8.66001,7.0,1
2025-03-11,B1_optimization_only,O0001951,M000783,S0004213,C003,P08,A,A,2025-03-11,12.46002,4.0,1
2025-03-11,B1_optimization_only,O0001951,M000783,S0004214,C003,P08,A,A,2025-03-11,14.140030000000001,2.0,1
2025-03-11,B1_optimization_only,O0001951,M000783,S0004215,C003,P08,A,A,2025-03-11,28.30004,1.0,1
2025-03-11,B1_optimization_only,O0001949,M000788,S0004216,C009,P08,B,B,2025-03-11,9.74,1.0,1
2025-03-11,B1_optimization_only,O0001949,M000788,S0004217,C009,P08,B,B,2025-03-11,10.46001,8.0,1
2025-03-11,B1_optimization_only,O0001949,M000788,S0004218,C009,P08,B,B,2025-03-11,11.66002,3.0,1
2025-03-11,B1_optimization_only,O0001949,M000788,S0004219,C009,P08,B,B,2025-03-11,13.34003,3.0,1
2025-03-11,B1_optimization_only,O0001949,M000788,S0004220,C009,P08,B,B,2025-03-11,27.50004,1.0,1
2025-03-11,P1_proposed_dss,O0001922,M000787,S0004161,C008,P01,A,A,2025-03-11,8.266666666666667,18.0,1
2025-03-11,P1_proposed_dss,O0001924,M000788,S0004161,C009,P01,A,B,2025-03-11,8.566666666666666,6.0,0
2025-03-11,P1_proposed_dss,O0001924,M000788,S0004162,C009,P01,A,B,2025-03-11,10.566676666666666,9.0,0
2025-03-11,P1_proposed_dss,O0001926,M000781,S0004162,C001,P01,A,A,2025-03-11,13.866676666666665,5.0,1
2025-03-11,P1_proposed_dss,O0001926,M000781,S0004163,C001,P01,A,A,2025-03-11,29.20002,5.0,1
2025-03-11,P1_proposed_dss,O0001923,M000784,S0004164,C004,P01,B,B,2025-03-11,10.066666666666666,20.0,1
2025-03-11,P1_proposed_dss,O0001924,M000788,S0004164,C009,P01,B,B,2025-03-11,9.666666666666666,11.0,1
2025-03-11,P1_proposed_dss,O0001925,M000782,S0004164,C002,P01,B,B,2025-03-11,11.466666666666667,8.0,1
2025-03-11,P1_proposed_dss,O0001925,M000782,S0004165,C002,P01,B,B,2025-03-11,13.466676666666666,8.0,1
2025-03-11,P1_proposed_dss,O0001925,M000782,S0004166,C002,P01,B,B,2025-03-11,28.80002,4.0,1
2025-03-11,P1_proposed_dss,O0001928,M000784,S0004167,C004,P02,A,A,2025-03-11,9.466666666666667,33.0,1
2025-03-11,P1_proposed_dss,O0001928,M000784,S0004168,C004,P02,A,A,2025-03-11,11.466676666666666,16.0,1
2025-03-11,P1_proposed_dss,O0001928,M000784,S0004169,C004,P02,A,A,2025-03-11,26.80002,1.0,1
2025-03-11,P1_proposed_dss,O0001931,M000785,S0004173,C006,P03,A,A,2025-03-11,7.675000000000001,42.0,1
2025-03-11,P1_proposed_dss,O0001929,M000781,S0004174,C001,P03,A,B,2025-03-11,10.50001,12.0,0
2025-03-11,P1_proposed_dss,O0001931,M000785,S0004174,C006,P03,A,A,2025-03-11,8.80001,4.0,1
2025-03-11,P1_proposed_dss,O0001929,M000781,S0004175,C001,P03,A,B,2025-03-11,12.37502,8.0,0
2025-03-11,P1_proposed_dss,O0001932,M000782,S0004175,C002,P03,A,A,2025-03-11,13.075019999999999,11.0,1
2025-03-11,P1_proposed_dss,O0001932,M000782,S0004176,C002,P03,A,A,2025-03-11,27.700029999999998,10.0,1
2025-03-11,P1_proposed_dss,O0001929,M000781,S0004177,C001,P03,B,B,2025-03-11,10.475,12.0,1
2025-03-11,P1_proposed_dss,O0001929,M000781,S0004178,C001,P03,B,B,2025-03-11,11.60001,10.0,1
2025-03-11,P1_proposed_dss,O0001929,M000781,S0004179,C001,P03,B,B,2025-03-11,13.475019999999999,2.0,1
2025-03-11,P1_proposed_dss,O0001933,M000785,S0004180,C001,P04,A,A,2025-03-11,15.466666666666667,2.0,1
2025-03-11,P1_proposed_dss,O0001935,M000784,S0004180,C004,P04,A,A,2025-03-11,13.666666666666666,18.0,1
2025-03-11,P1_proposed_dss,O0001933,M000785,S0004181,C001,P04,A,A,2025-03-11,17.466676666666668,9.0,1
2025-03-11,P1_proposed_dss,O0001933,M000785,S0004182,C001,P04,A,A,2025-03-11,32.800019999999996,5.0,1
2025-03-11,P1_proposed_dss,O0001937,M000786,S0004185,C007,P05,A,A,2025-03-11,8.94,3.0,1
2025-03-11,P1_proposed_dss,O0001936,M000781,S0004186,C001,P05,A,B,2025-03-11,11.96001,24.0,0
2025-03-11,P1_proposed_dss,O0001936,M000781,S0004187,C001,P05,A,B,2025-03-11,13.16002,6.0,0
2025-03-11,P1_proposed_dss,O0001936,M000781,S0004188,C001,P05,A,B,2025-03-11,14.84003,2.0,0
2025-03-11,P1_proposed_dss,O0001936,M000781,S0004189,C001,P05,B,B,2025-03-11,12.34,4.0,1
2025-03-11,P1_proposed_dss,O0001936,M000781,S0004190,C001,P05,B,B,2025-03-11,13.06001,3.0,1
2025-03-11,P1_proposed_dss,O0001936,M000781,S0004191,C001,P05,B,B,2025-03-11,14.260019999999999,3.0,1
2025-03-11,P1_proposed_dss,O0001936,M000781,S0004192,C001,P05,B,B,2025-03-11,15.940030000000002,4.0,1
2025-03-11,P1_proposed_dss,O0001939,M000791,S0004193,C012,P06,A,A,2025-03-11,7.466666666666667,6.0,1
2025-03-11,P1_proposed_dss,O0001940,M000785,S0004193,C006,P06,A,B,2025-03-11,7.766666666666667,21.0,0
2025-03-11,P1_proposed_dss,O0001941,M000781,S0004194,C001,P06,A,A,2025-03-11,13.666676666666666,5.0,1
2025-03-11,P1_proposed_dss,O0001942,M000789,S0004194,C010,P06,A,B,2025-03-11,10.166676666666666,3.0,0
2025-03-11,P1_proposed_dss,O0001941,M000781,S0004195,C001,P06,A,A,2025-03-11,29.00002,2.0,1
2025-03-11,P1_proposed_dss,O0001940,M000785,S0004196,C006,P06,B,B,2025-03-11,8.866666666666665,11.0,1
2025-03-11,P1_proposed_dss,O0001943,M000784,S0004196,C004,P06,B,B,2025-03-11,9.866666666666665,3.0,1
2025-03-11,P1_proposed_dss,O0001943,M000784,S0004197,C004,P06,B,B,2025-03-11,11.866676666666665,8.0,1
2025-03-11,P1_proposed_dss,O0001943,M000784,S0004198,C004,P06,B,B,2025-03-11,27.20002,3.0,1
2025-03-11,P1_proposed_dss,O0001946,M000786,S0004199,C007,P07,A,B,2025-03-11,5.422448979591835,4.0,0
2025-03-11,P1_proposed_dss,O0001947,M000787,S0004199,C008,P07,A,A,2025-03-11,6.322448979591837,25.0,1
2025-03-11,P1_proposed_dss,O0001945,M000785,S0004200,C006,P07,A,A,2025-03-11,7.489805918367346,11.0,1
2025-03-11,P1_proposed_dss,O0001947,M000787,S0004200,C008,P07,A,A,2025-03-11,6.689805918367346,1.0,1
2025-03-11,P1_proposed_dss,O0001945,M000785,S0004201,C006,P07,A,A,2025-03-11,8.10206081632653,12.0,1
2025-03-11,P1_proposed_dss,O0001945,M000785,S0004202,C006,P07,A,A,2025-03-11,8.959213673469389,5.0,1
2025-03-11,P1_proposed_dss,O0001948,M000789,S0004202,C010,P07,A,A,2025-03-11,9.359213673469387,11.0,1
2025-03-11,P1_proposed_dss,O0001945,M000785,S0004203,C006,P07,A,A,2025-03-11,10.061264489795919,3.0,1
2025-03-11,P1_proposed_dss,O0001944,M000781,S0004204,C001,P07,A,B,2025-03-11,13.108213265306123,6.0,0
2025-03-11,P1_proposed_dss,O0001945,M000785,S0004204,C006,P07,A,A,2025-03-11,11.408213265306122,5.0,1
2025-03-11,P1_proposed_dss,O0001944,M000781,S0004205,C001,P07,A,B,2025-03-11,26.700060000000004,10.0,0
2025-03-11,P1_proposed_dss,O0001944,M000781,S0004206,C001,P07,B,B,2025-03-11,9.922448979591838,5.0,1
2025-03-11,P1_proposed_dss,O0001944,M000781,S0004207,C001,P07,B,B,2025-03-11,10.289805918367348,4.0,1
2025-03-11,P1_proposed_dss,O0001944,M000781,S0004208,C001,P07,B,B,2025-03-11,10.90206081632653,1.0,1
2025-03-11,P1_proposed_dss,O0001944,M000781,S0004209,C001,P07,B,B,2025-03-11,11.75921367346939,4.0,1
2025-03-11,P1_proposed_dss,O0001944,M000781,S0004210,C001,P07,B,B,2025-03-11,12.86126448979592,2.0,1
2025-03-11,P1_proposed_dss,O0001950,M000790,S0004211,C011,P08,A,A,2025-03-11,7.94,7.0,1
2025-03-11,P1_proposed_dss,O0001950,M000790,S0004212,C011,P08,A,A,2025-03-11,8.66001,7.0,1
2025-03-11,P1_proposed_dss,O0001951,M000783,S0004213,C003,P08,A,A,2025-03-11,12.46002,4.0,1
2025-03-11,P1_proposed_dss,O0001951,M000783,S0004214,C003,P08,A,A,2025-03-11,14.140030000000001,2.0,1
2025-03-11,P1_proposed_dss,O0001951,M000783,S0004215,C003,P08,A,A,2025-03-11,28.30004,1.0,1
2025-03-11,P1_proposed_dss,O0001949,M000788,S0004216,C009,P08,B,B,2025-03-11,9.74,1.0,1
2025-03-11,P1_proposed_dss,O0001949,M000788,S0004217,C009,P08,B,B,2025-03-11,10.46001,8.0,1
2025-03-11,P1_proposed_dss,O0001949,M000788,S0004218,C009,P08,B,B,2025-03-11,11.66002,3.0,1
2025-03-11,P1_proposed_dss,O0001949,M000788,S0004219,C009,P08,B,B,2025-03-11,13.34003,3.0,1
2025-03-11,P1_proposed_dss,O0001949,M000788,S0004220,C009,P08,B,B,2025-03-11,27.50004,1.0,1
2025-03-12,B0_manual,O0001953,M000792,S0004224,C001,P01,B,B,2025-03-12,,32.0,1
2025-03-12,B0_manual,O0001953,M000792,S0004225,C001,P01,B,B,2025-03-12,,19.0,1
2025-03-12,B0_manual,O0001953,M000792,S0004226,C001,P01,B,B,2025-03-12,,14.0,1
2025-03-12,B0_manual,O0001953,M000792,S0004221,C001,P01,A,B,2025-03-12,,25.0,0
2025-03-12,B0_manual,O0001954,M000792,S0004230,C001,P02,B,B,2025-03-12,,8.0,1
2025-03-12,B0_manual,O0001964,M000792,S0004252,C001,P05,B,B,2025-03-12,,9.0,1
2025-03-12,B0_manual,O0001964,M000792,S0004253,C001,P05,B,B,2025-03-12,,2.0,1
2025-03-12,B0_manual,O0001964,M000792,S0004254,C001,P05,B,B,2025-03-12,,3.0,1
2025-03-12,B0_manual,O0001970,M000792,S0004256,C001,P06,A,A,2025-03-12,,6.0,1
2025-03-12,B0_manual,O0001974,M000792,S0004275,C001,P08,A,A,2025-03-12,,14.0,1
2025-03-12,B0_manual,O0001974,M000792,S0004276,C001,P08,A,A,2025-03-12,,6.0,1
2025-03-12,B0_manual,O0001958,M000793,S0004230,C002,P02,B,B,2025-03-12,,1.0,1
2025-03-12,B0_manual,O0001958,M000793,S0004231,C002,P02,B,B,2025-03-12,,3.0,1
2025-03-12,B0_manual,O0001958,M000793,S0004232,C002,P02,B,B,2025-03-12,,1.0,1
2025-03-12,B0_manual,O0001967,M000793,S0004255,C002,P05,B,B,2025-03-12,,2.0,1
2025-03-12,B0_manual,O0001972,M000794,S0004261,C003,P07,A,A,2025-03-12,,24.0,1
2025-03-12,B0_manual,O0001972,M000794,S0004262,C003,P07,A,A,2025-03-12,,19.0,1
2025-03-12,B0_manual,O0001972,M000794,S0004263,C003,P07,A,A,2025-03-12,,5.0,1
2025-03-12,B0_manual,O0001972,M000794,S0004264,C003,P07,A,A,2025-03-12,,4.0,1
2025-03-12,B0_manual,O0001972,M000794,S0004265,C003,P07,A,A,2025-03-12,,12.0,1
2025-03-12,B0_manual,O0001972,M000794,S0004266,C003,P07,A,A,2025-03-12,,5.0,1
2025-03-12,B0_manual,O0001972,M000794,S0004267,C003,P07,A,A,2025-03-12,,1.0,1
2025-03-12,B0_manual,O0001952,M000795,S0004221,C004,P01,A,A,2025-03-12,,2.0,1
2025-03-12,B0_manual,O0001952,M000795,S0004222,C004,P01,A,A,2025-03-12,,8.0,1
2025-03-12,B0_manual,O0001962,M000795,S0004241,C004,P04,A,A,2025-03-12,,16.0,1
2025-03-12,B0_manual,O0001962,M000795,S0004242,C004,P04,A,A,2025-03-12,,6.0,1
2025-03-12,B0_manual,O0001962,M000795,S0004243,C004,P04,A,A,2025-03-12,,2.0,1
2025-03-12,B0_manual,O0001968,M000795,S0004256,C004,P06,A,A,2025-03-12,,16.0,1
2025-03-12,B0_manual,O0001957,M000796,S0004227,C007,P02,A,A,2025-03-12,,18.0,1
2025-03-12,B0_manual,O0001957,M000796,S0004228,C007,P02,A,A,2025-03-12,,14.0,1
2025-03-12,B0_manual,O0001977,M000796,S0004276,C007,P08,A,A,2025-03-12,,10.0,1
2025-03-12,B0_manual,O0001977,M000796,S0004277,C007,P08,A,A,2025-03-12,,11.0,1
2025-03-12,B0_manual,O0001977,M000796,S0004278,C007,P08,A,A,2025-03-12,,2.0,1
2025-03-12,B0_manual,O0001977,M000796,S0004279,C007,P08,A,A,2025-03-12,,1.0,1
2025-03-12,B0_manual,O0001961,M000797,S0004244,C008,P04,B,B,2025-03-12,,3.0,1
2025-03-12,B0_manual,O0001975,M000797,S0004280,C008,P08,B,B,2025-03-12,,6.0,1
2025-03-12,B0_manual,O0001975,M000797,S0004281,C008,P08,B,B,2025-03-12,,10.0,1
2025-03-12,B0_manual,O0001975,M000797,S0004282,C008,P08,B,B,2025-03-12,,8.0,1
2025-03-12,B0_manual,O0001975,M000797,S0004283,C008,P08,B,B,2025-03-12,,1.0,1
2025-03-12,B0_manual,O0001956,M000798,S0004228,C009,P02,A,A,2025-03-12,,8.0,1
2025-03-12,B0_manual,O0001969,M000798,S0004257,C009,P06,A,A,2025-03-12,,6.0,1
2025-03-12,B0_manual,O0001960,M000799,S0004233,C010,P03,A,A,2025-03-12,,16.0,1
2025-03-12,B0_manual,O0001960,M000799,S0004234,C010,P03,A,A,2025-03-12,,13.0,1
2025-03-12,B0_manual,O0001960,M000799,S0004235,C010,P03,A,A,2025-03-12,,8.0,1
2025-03-12,B0_manual,O0001960,M000799,S0004236,C010,P03,A,A,2025-03-12,,3.0,1
2025-03-12,B0_manual,O0001965,M000799,S0004247,C010,P05,A,A,2025-03-12,,22.0,1
2025-03-12,B0_manual,O0001965,M000799,S0004248,C010,P05,A,A,2025-03-12,,4.0,1
2025-03-12,B0_manual,O0001976,M000799,S0004283,C010,P08,B,B,2025-03-12,,6.0,1
2025-03-12,B0_manual,O0001955,M000800,S0004228,C011,P02,A,A,2025-03-12,,3.0,1
2025-03-12,B0_manual,O0001966,M000800,S0004248,C011,P05,A,A,2025-03-12,,8.0,1
2025-03-12,B0_manual,O0001966,M000800,S0004249,C011,P05,A,A,2025-03-12,,3.0,1
2025-03-12,B0_manual,O0001971,M000801,S0004257,C012,P06,A,A,2025-03-12,,11.0,1
2025-03-12,B1_optimization_only,O0001952,M000795,S0004221,C004,P01,A,A,2025-03-12,10.066666666666666,8.0,1
2025-03-12,B1_optimization_only,O0001952,M000795,S0004222,C004,P01,A,A,2025-03-12,12.066676666666666,2.0,1
2025-03-12,B1_optimization_only,O0001953,M000792,S0004222,C001,P01,A,B,2025-03-12,12.766676666666665,18.0,0
2025-03-12,B1_optimization_only,O0001953,M000792,S0004223,C001,P01,A,B,2025-03-12,28.10002,7.0,0
2025-03-12,B1_optimization_only,O0001953,M000792,S0004224,C001,P01,B,B,2025-03-12,11.866666666666665,32.0,1
2025-03-12,B1_optimization_only,O0001953,M000792,S0004225,C001,P01,B,B,2025-03-12,13.866676666666665,19.0,1
2025-03-12,B1_optimization_only,O0001953,M000792,S0004226,C001,P01,B,B,2025-03-12,29.20002,14.0,1
2025-03-12,B1_optimization_only,O0001957,M000796,S0004227,C007,P02,A,A,2025-03-12,7.866666666666666,18.0,1
2025-03-12,B1_optimization_only,O0001956,M000798,S0004228,C009,P02,A,A,2025-03-12,11.066676666666666,4.0,1
2025-03-12,B1_optimization_only,O0001957,M000796,S0004228,C007,P02,A,A,2025-03-12,9.866676666666665,4.0,1
2025-03-12,B1_optimization_only,O0001958,M000793,S0004228,C002,P02,A,B,2025-03-12,11.766676666666665,35.0,0
2025-03-12,B1_optimization_only,O0001956,M000798,S0004229,C009,P02,A,A,2025-03-12,26.400019999999998,4.0,1
2025-03-12,B1_optimization_only,O0001957,M000796,S0004229,C007,P02,A,A,2025-03-12,25.20002,1.0,1
2025-03-12,B1_optimization_only,O0001954,M000792,S0004230,C001,P02,B,B,2025-03-12,11.266666666666666,5.0,1
2025-03-12,B1_optimization_only,O0001958,M000793,S0004230,C002,P02,B,B,2025-03-12,10.866666666666665,4.0,1
2025-03-12,B1_optimization_only,O0001954,M000792,S0004231,C001,P02,B,B,2025-03-12,13.266676666666665,2.0,1
2025-03-12,B1_optimization_only,O0001958,M000793,S0004231,C002,P02,B,B,2025-03-12,12.866676666666665,1.0,1
2025-03-12,B1_optimization_only,O0001954,M000792,S0004232,C001,P02,B,B,2025-03-12,28.60002,1.0,1
2025-03-12,B1_optimization_only,O0001960,M000799,S0004233,C010,P03,A,A,2025-03-12,8.075,16.0,1
2025-03-12,B1_optimization_only,O0001960,M000799,S0004234,C010,P03,A,A,2025-03-12,9.200009999999999,13.0,1
2025-03-12,B1_optimization_only,O0001960,M000799,S0004235,C010,P03,A,A,2025-03-12,11.075019999999999,8.0,1
2025-03-12,B1_optimization_only,O0001960,M000799,S0004236,C010,P03,A,A,2025-03-12,25.700029999999998,3.0,1
2025-03-12,B1_optimization_only,O0001962,M000795,S0004241,C004,P04,A,A,2025-03-12,13.666666666666666,16.0,1
2025-03-12,B1_optimization_only,O0001962,M000795,S0004242,C004,P04,A,A,2025-03-12,15.666676666666666,6.0,1
2025-03-12,B1_optimization_only,O0001962,M000795,S0004243,C004,P04,A,A,2025-03-12,31.00002,2.0,1
2025-03-12,B1_optimization_only,O0001961,M000797,S0004246,C008,P04,B,B,2025-03-12,29.20002,3.0,1
2025-03-12,B1_optimization_only,O0001966,M000800,S0004247,C011,P05,A,A,2025-03-12,8.34,10.0,1
2025-03-12,B1_optimization_only,O0001965,M000799,S0004248,C010,P05,A,A,2025-03-12,10.66001,11.0,1
2025-03-12,B1_optimization_only,O0001966,M000800,S0004248,C011,P05,A,A,2025-03-12,9.06001,1.0,1
2025-03-12,B1_optimization_only,O0001965,M000799,S0004249,C010,P05,A,A,2025-03-12,11.860019999999999,4.0,1
2025-03-12,B1_optimization_only,O0001967,M000793,S0004249,C002,P05,A,B,2025-03-12,12.760019999999999,1.0,0
2025-03-12,B1_optimization_only,O0001965,M000799,S0004250,C010,P05,A,A,2025-03-12,13.54003,9.0,1
2025-03-12,B1_optimization_only,O0001967,M000793,S0004250,C002,P05,A,B,2025-03-12,14.440030000000002,1.0,0
2025-03-12,B1_optimization_only,O0001964,M000792,S0004251,C001,P05,A,B,2025-03-12,29.00004,1.0,0
2025-03-12,B1_optimization_only,O0001965,M000799,S0004251,C010,P05,A,A,2025-03-12,27.700039999999998,2.0,1
2025-03-12,B1_optimization_only,O0001964,M000792,S0004252,C001,P05,B,B,2025-03-12,12.34,9.0,1
2025-03-12,B1_optimization_only,O0001964,M000792,S0004253,C001,P05,B,B,2025-03-12,13.06001,2.0,1
2025-03-12,B1_optimization_only,O0001967,M000793,S0004254,C002,P05,B,B,2025-03-12,13.860019999999999,3.0,1
2025-03-12,B1_optimization_only,O0001964,M000792,S0004255,C001,P05,B,B,2025-03-12,15.940030000000002,2.0,1
2025-03-12,B1_optimization_only,O0001968,M000795,S0004256,C004,P06,A,A,2025-03-12,9.866666666666665,5.0,1
2025-03-12,B1_optimization_only,O0001969,M000798,S0004256,C009,P06,A,A,2025-03-12,9.466666666666667,6.0,1
2025-03-12,B1_optimization_only,O0001971,M000801,S0004256,C012,P06,A,A,2025-03-12,7.466666666666667,11.0,1
2025-03-12,B1_optimization_only,O0001968,M000795,S0004257,C004,P06,A,A,2025-03-12,11.866676666666665,11.0,1
2025-03-12,B1_optimization_only,O0001970,M000792,S0004257,C001,P06,A,A,2025-03-12,13.666676666666666,6.0,1
2025-03-12,B1_optimization_only,O0001972,M000794,S0004261,C003,P07,A,A,2025-03-12,8.522448979591838,24.0,1
2025-03-12,B1_optimization_only,O0001972,M000794,S0004262,C003,P07,A,A,2025-03-12,8.889805918367347,19.0,1
2025-03-12,B1_optimization_only,O0001972,M000794,S0004263,C003,P07,A,A,2025-03-12,9.50206081632653,5.0,1
2025-03-12,B1_optimization_only,O0001972,M000794,S0004264,C003,P07,A,A,2025-03-12,10.35921367346939,4.0,1
2025-03-12,B1_optimization_only,O0001972,M000794,S0004265,C003,P07,A,A,2025-03-12,11.46126448979592,12.0,1
2025-03-12,B1_optimization_only,O0001972,M000794,S0004266,C003,P07,A,A,2025-03-12,12.808213265306122,5.0,1
2025-03-12,B1_optimization_only,O0001972,M000794,S0004267,C003,P07,A,A,2025-03-12,26.40006,1.0,1
2025-03-12,B1_optimization_only,O0001977,M000796,S0004275,C007,P08,A,A,2025-03-12,8.540000000000001,14.0,1
2025-03-12,B1_optimization_only,O0001974,M000792,S0004276,C001,P08,A,A,2025-03-12,12.66001,6.0,1
2025-03-12,B1_optimization_only,O0001977,M000796,S0004276,C007,P08,A,A,2025-03-12,9.260010000000001,10.0,1
2025-03-12,B1_optimization_only,O0001974,M000792,S0004277,C001,P08,A,A,2025-03-12,13.860019999999999,11.0,1
2025-03-12,B1_optimization_only,O0001974,M000792,S0004278,C001,P08,A,A,2025-03-12,15.54003,2.0,1
2025-03-12,B1_optimization_only,O0001974,M000792,S0004279,C001,P08,A,A,2025-03-12,29.700039999999998,1.0,1
2025-03-12,B1_optimization_only,O0001975,M000797,S0004280,C008,P08,B,B,2025-03-12,8.340000000000002,6.0,1
2025-03-12,B1_optimization_only,O0001975,M000797,S0004281,C008,P08,B,B,2025-03-12,9.060010000000002,10.0,1
2025-03-12,B1_optimization_only,O0001975,M000797,S0004282,C008,P08,B,B,2025-03-12,10.26002,5.0,1
2025-03-12,B1_optimization_only,O0001976,M000799,S0004282,C010,P08,B,B,2025-03-12,11.46002,3.0,1
2025-03-12,B1_optimization_only,O0001976,M000799,S0004283,C010,P08,B,B,2025-03-12,13.140030000000001,7.0,1
2025-03-12,P1_proposed_dss,O0001953,M000792,S0004221,C001,P01,A,B,2025-03-12,10.766666666666666,8.0,0
2025-03-12,P1_proposed_dss,O0001953,M000792,S0004222,C001,P01,A,B,2025-03-12,12.766676666666665,20.0,0
2025-03-12,P1_proposed_dss,O0001953,M000792,S0004223,C001,P01,A,B,2025-03-12,28.10002,7.0,0
2025-03-12,P1_proposed_dss,O0001952,M000795,S0004224,C004,P01,B,B,2025-03-12,10.066666666666666,10.0,1
2025-03-12,P1_proposed_dss,O0001953,M000792,S0004224,C001,P01,B,B,2025-03-12,11.866666666666665,22.0,1
2025-03-12,P1_proposed_dss,O0001953,M000792,S0004225,C001,P01,B,B,2025-03-12,13.866676666666665,19.0,1
2025-03-12,P1_proposed_dss,O0001953,M000792,S0004226,C001,P01,B,B,2025-03-12,29.20002,14.0,1
2025-03-12,P1_proposed_dss,O0001957,M000796,S0004227,C007,P02,A,A,2025-03-12,7.866666666666666,18.0,1
2025-03-12,P1_proposed_dss,O0001956,M000798,S0004228,C009,P02,A,A,2025-03-12,11.066676666666666,4.0,1
2025-03-12,P1_proposed_dss,O0001957,M000796,S0004228,C007,P02,A,A,2025-03-12,9.866676666666665,4.0,1
2025-03-12,P1_proposed_dss,O0001958,M000793,S0004228,C002,P02,A,B,2025-03-12,11.766676666666665,35.0,0
2025-03-12,P1_proposed_dss,O0001956,M000798,S0004229,C009,P02,A,A,2025-03-12,26.400019999999998,4.0,1
2025-03-12,P1_proposed_dss,O0001957,M000796,S0004229,C007,P02,A,A,2025-03-12,25.20002,1.0,1
2025-03-12,P1_proposed_dss,O0001954,M000792,S0004230,C001,P02,B,B,2025-03-12,11.266666666666666,5.0,1
2025-03-12,P1_proposed_dss,O0001958,M000793,S0004230,C002,P02,B,B,2025-03-12,10.866666666666665,4.0,1
2025-03-12,P1_proposed_dss,O0001954,M000792,S0004231,C001,P02,B,B,2025-03-12,13.266676666666665,2.0,1
2025-03-12,P1_proposed_dss,O0001958,M000793,S0004231,C002,P02,B,B,2025-03-12,12.866676666666665,1.0,1
2025-03-12,P1_proposed_dss,O0001954,M000792,S0004232,C001,P02,B,B,2025-03-12,28.60002,1.0,1
2025-03-12,P1_proposed_dss,O0001960,M000799,S0004233,C010,P03,A,A,2025-03-12,8.075,16.0,1
2025-03-12,P1_proposed_dss,O0001960,M000799,S0004234,C010,P03,A,A,2025-03-12,9.200009999999999,13.0,1
2025-03-12,P1_proposed_dss,O0001960,M000799,S0004235,C010,P03,A,A,2025-03-12,11.075019999999999,8.0,1
2025-03-12,P1_proposed_dss,O0001960,M000799,S0004236,C010,P03,A,A,2025-03-12,25.700029999999998,3.0,1
2025-03-12,P1_proposed_dss,O0001962,M000795,S0004241,C004,P04,A,A,2025-03-12,13.666666666666666,16.0,1
2025-03-12,P1_proposed_dss,O0001962,M000795,S0004242,C004,P04,A,A,2025-03-12,15.666676666666666,6.0,1
2025-03-12,P1_proposed_dss,O0001962,M000795,S0004243,C004,P04,A,A,2025-03-12,31.00002,2.0,1
2025-03-12,P1_proposed_dss,O0001961,M000797,S0004246,C008,P04,B,B,2025-03-12,29.20002,3.0,1
2025-03-12,P1_proposed_dss,O0001966,M000800,S0004247,C011,P05,A,A,2025-03-12,8.34,10.0,1
2025-03-12,P1_proposed_dss,O0001965,M000799,S0004248,C010,P05,A,A,2025-03-12,10.66001,11.0,1
2025-03-12,P1_proposed_dss,O0001966,M000800,S0004248,C011,P05,A,A,2025-03-12,9.06001,1.0,1
2025-03-12,P1_proposed_dss,O0001965,M000799,S0004249,C010,P05,A,A,2025-03-12,11.860019999999999,4.0,1
2025-03-12,P1_proposed_dss,O0001967,M000793,S0004249,C002,P05,A,B,2025-03-12,12.760019999999999,1.0,0
2025-03-12,P1_proposed_dss,O0001965,M000799,S0004250,C010,P05,A,A,2025-03-12,13.54003,9.0,1
2025-03-12,P1_proposed_dss,O0001967,M000793,S0004250,C002,P05,A,B,2025-03-12,14.440030000000002,1.0,0
2025-03-12,P1_proposed_dss,O0001964,M000792,S0004251,C001,P05,A,B,2025-03-12,29.00004,1.0,0
2025-03-12,P1_proposed_dss,O0001965,M000799,S0004251,C010,P05,A,A,2025-03-12,27.700039999999998,2.0,1
2025-03-12,P1_proposed_dss,O0001964,M000792,S0004252,C001,P05,B,B,2025-03-12,12.34,9.0,1
2025-03-12,P1_proposed_dss,O0001964,M000792,S0004253,C001,P05,B,B,2025-03-12,13.06001,2.0,1
2025-03-12,P1_proposed_dss,O0001967,M000793,S0004254,C002,P05,B,B,2025-03-12,13.860019999999999,3.0,1
2025-03-12,P1_proposed_dss,O0001964,M000792,S0004255,C001,P05,B,B,2025-03-12,15.940030000000002,2.0,1
2025-03-12,P1_proposed_dss,O0001968,M000795,S0004256,C004,P06,A,A,2025-03-12,9.866666666666665,5.0,1
2025-03-12,P1_proposed_dss,O0001969,M000798,S0004256,C009,P06,A,A,2025-03-12,9.466666666666667,6.0,1
2025-03-12,P1_proposed_dss,O0001971,M000801,S0004256,C012,P06,A,A,2025-03-12,7.466666666666667,11.0,1
2025-03-12,P1_proposed_dss,O0001968,M000795,S0004257,C004,P06,A,A,2025-03-12,11.866676666666665,11.0,1
2025-03-12,P1_proposed_dss,O0001970,M000792,S0004257,C001,P06,A,A,2025-03-12,13.666676666666666,6.0,1
2025-03-12,P1_proposed_dss,O0001972,M000794,S0004261,C003,P07,A,A,2025-03-12,8.522448979591838,24.0,1
2025-03-12,P1_proposed_dss,O0001972,M000794,S0004262,C003,P07,A,A,2025-03-12,8.889805918367347,19.0,1
2025-03-12,P1_proposed_dss,O0001972,M000794,S0004263,C003,P07,A,A,2025-03-12,9.50206081632653,5.0,1
2025-03-12,P1_proposed_dss,O0001972,M000794,S0004264,C003,P07,A,A,2025-03-12,10.35921367346939,4.0,1
2025-03-12,P1_proposed_dss,O0001972,M000794,S0004265,C003,P07,A,A,2025-03-12,11.46126448979592,12.0,1
2025-03-12,P1_proposed_dss,O0001972,M000794,S0004266,C003,P07,A,A,2025-03-12,12.808213265306122,5.0,1
2025-03-12,P1_proposed_dss,O0001972,M000794,S0004267,C003,P07,A,A,2025-03-12,26.40006,1.0,1
2025-03-12,P1_proposed_dss,O0001975,M000797,S0004275,C008,P08,A,B,2025-03-12,7.240000000000002,5.0,0
2025-03-12,P1_proposed_dss,O0001977,M000796,S0004275,C007,P08,A,B,2025-03-12,7.440000000000001,9.0,0
2025-03-12,P1_proposed_dss,O0001974,M000792,S0004276,C001,P08,A,A,2025-03-12,12.66001,6.0,1
2025-03-12,P1_proposed_dss,O0001977,M000796,S0004276,C007,P08,A,B,2025-03-12,8.160010000000002,10.0,0
2025-03-12,P1_proposed_dss,O0001974,M000792,S0004277,C001,P08,A,A,2025-03-12,13.860019999999999,11.0,1
2025-03-12,P1_proposed_dss,O0001974,M000792,S0004278,C001,P08,A,A,2025-03-12,15.54003,2.0,1
2025-03-12,P1_proposed_dss,O0001974,M000792,S0004279,C001,P08,A,A,2025-03-12,29.700039999999998,1.0,1
2025-03-12,P1_proposed_dss,O0001977,M000796,S0004280,C007,P08,B,B,2025-03-12,8.540000000000001,6.0,1
2025-03-12,P1_proposed_dss,O0001977,M000796,S0004281,C007,P08,B,B,2025-03-12,9.260010000000001,10.0,1
2025-03-12,P1_proposed_dss,O0001976,M000799,S0004282,C010,P08,B,B,2025-03-12,11.46002,3.0,1
2025-03-12,P1_proposed_dss,O0001977,M000796,S0004282,C007,P08,B,B,2025-03-12,10.46002,5.0,1
2025-03-12,P1_proposed_dss,O0001976,M000799,S0004283,C010,P08,B,B,2025-03-12,13.140030000000001,7.0,1
2025-03-13,B0_manual,O0001980,M000802,S0004284,C001,P01,A,A,2025-03-13,,24.0,1
2025-03-13,B0_manual,O0001980,M000802,S0004285,C001,P01,A,A,2025-03-13,,11.0,1
2025-03-13,B0_manual,O0001980,M000802,S0004286,C001,P01,A,A,2025-03-13,,3.0,1
2025-03-13,B0_manual,O0001986,M000802,S0004299,C001,P03,B,B,2025-03-13,,8.0,1
2025-03-13,B0_manual,O0001986,M000802,S0004300,C001,P03,B,B,2025-03-13,,5.0,1
2025-03-13,B0_manual,O0001990,M000802,S0004302,C001,P04,A,A,2025-03-13,,28.0,1
2025-03-13,B0_manual,O0002002,M000802,S0004329,C001,P07,B,B,2025-03-13,,3.0,1
2025-03-13,B0_manual,O0002007,M000802,S0004336,C001,P08,A,A,2025-03-13,,9.0,1
2025-03-13,B0_manual,O0001985,M000803,S0004292,C002,P02,B,B,2025-03-13,,10.0,1
2025-03-13,B0_manual,O0001985,M000803,S0004293,C002,P02,B,B,2025-03-13,,4.0,1
2025-03-13,B0_manual,O0001985,M000803,S0004294,C002,P02,B,B,2025-03-13,,1.0,1
2025-03-13,B0_manual,O0001989,M000804,S0004305,C003,P04,B,B,2025-03-13,,3.0,1
2025-03-13,B0_manual,O0001998,M000804,S0004317,C003,P06,A,A,2025-03-13,,8.0,1
2025-03-13,B0_manual,O0001998,M000804,S0004318,C003,P06,A,A,2025-03-13,,5.0,1
2025-03-13,B0_manual,O0002003,M000804,S0004323,C003,P07,A,A,2025-03-13,,9.0,1
2025-03-13,B0_manual,O0002003,M000804,S0004324,C003,P07,A,A,2025-03-13,,1.0,1
2025-03-13,B0_manual,O0002005,M000804,S0004336,C003,P08,A,A,2025-03-13,,16.0,1
2025-03-13,B0_manual,O0002005,M000804,S0004337,C003,P08,A,A,2025-03-13,,6.0,1
2025-03-13,B0_manual,O0002005,M000804,S0004338,C003,P08,A,A,2025-03-13,,8.0,1
2025-03-13,B0_manual,O0001987,M000805,S0004295,C004,P03,A,A,2025-03-13,,37.0,1
2025-03-13,B0_manual,O0001987,M000805,S0004296,C004,P03,A,A,2025-03-13,,11.0,1
2025-03-13,B0_manual,O0001993,M000805,S0004302,C004,P04,A,A,2025-03-13,,10.0,1
2025-03-13,B0_manual,O0001993,M000805,S0004303,C004,P04,A,A,2025-03-13,,6.0,1
2025-03-13,B0_manual,O0001993,M000805,S0004304,C004,P04,A,A,2025-03-13,,1.0,1
2025-03-13,B0_manual,O0001995,M000806,S0004307,C005,P05,A,A,2025-03-13,,4.0,1
2025-03-13,B0_manual,O0001995,M000806,S0004308,C005,P05,A,A,2025-03-13,,6.0,1
2025-03-13,B0_manual,O0002006,M000806,S0004338,C005,P08,A,A,2025-03-13,,7.0,1
2025-03-13,B0_manual,O0002006,M000806,S0004339,C005,P08,A,A,2025-03-13,,4.0,1
2025-03-13,B0_manual,O0002006,M000806,S0004340,C005,P08,A,A,2025-03-13,,2.0,1
2025-03-13,B0_manual,O0001981,M000807,S0004289,C006,P02,A,A,2025-03-13,,4.0,1
2025-03-13,B0_manual,O0001983,M000808,S0004289,C007,P02,A,B,2025-03-13,,5.0,0
2025-03-13,B0_manual,O0001991,M000808,S0004304,C007,P04,A,A,2025-03-13,,4.0,1
2025-03-13,B0_manual,O0001996,M000808,S0004312,C007,P05,B,B,2025-03-13,,15.0,1
2025-03-13,B0_manual,O0001996,M000808,S0004313,C007,P05,B,B,2025-03-13,,10.0,1
2025-03-13,B0_manual,O0001996,M000808,S0004314,C007,P05,B,B,2025-03-13,,4.0,1
2025-03-13,B0_manual,O0001996,M000808,S0004315,C007,P05,B,B,2025-03-13,,7.0,1
2025-03-13,B0_manual,O0001996,M000808,S0004316,C007,P05,B,B,2025-03-13,,3.0,1
2025-03-13,B0_manual,O0002000,M000808,S0004320,C007,P06,B,B,2025-03-13,,2.0,1
2025-03-13,B0_manual,O0002000,M000808,S0004321,C007,P06,B,B,2025-03-13,,3.0,1
2025-03-13,B0_manual,O0002000,M000808,S0004322,C007,P06,B,B,2025-03-13,,5.0,1
2025-03-13,B0_manual,O0002008,M000808,S0004340,C007,P08,A,A,2025-03-13,,2.0,1
2025-03-13,B0_manual,O0001994,M000809,S0004308,C008,P05,A,A,2025-03-13,,15.0,1
2025-03-13,B0_manual,O0001994,M000809,S0004309,C008,P05,A,A,2025-03-13,,10.0,1
2025-03-13,B0_manual,O0001994,M000809,S0004310,C008,P05,A,A,2025-03-13,,6.0,1
2025-03-13,B0_manual,O0001994,M000809,S0004311,C008,P05,A,A,2025-03-13,,2.0,1
2025-03-13,B0_manual,O0002001,M000809,S0004318,C008,P06,A,A,2025-03-13,,11.0,1
2025-03-13,B0_manual,O0002001,M000809,S0004319,C008,P06,A,A,2025-03-13,,4.0,1
2025-03-13,B0_manual,O0001999,M000810,S0004319,C009,P06,A,A,2025-03-13,,3.0,1
2025-03-13,B0_manual,O0001988,M000813,S0004296,C012,P03,A,A,2025-03-13,,9.0,1
2025-03-13,B0_manual,O0001988,M000813,S0004297,C012,P03,A,A,2025-03-13,,15.0,1
2025-03-13,B0_manual,O0001992,M000813,S0004305,C012,P04,B,B,2025-03-13,,4.0,1
2025-03-13,B0_manual,O0001992,M000813,S0004306,C012,P04,B,B,2025-03-13,,2.0,1
2025-03-13,B0_manual,O0002004,M000813,S0004324,C012,P07,A,A,2025-03-13,,4.0,1
2025-03-13,B0_manual,O0002004,M000813,S0004325,C012,P07,A,A,2025-03-13,,8.0,1
2025-03-13,B0_manual,O0002004,M000813,S0004326,C012,P07,A,A,2025-03-13,,3.0,1
2025-03-13,B0_manual,O0002004,M000813,S0004327,C012,P07,A,A,2025-03-13,,4.0,1
2025-03-13,B0_manual,O0002004,M000813,S0004328,C012,P07,A,A,2025-03-13,,6.0,1
2025-03-13,B1_optimization_only,O0001980,M000802,S0004284,C001,P01,A,A,2025-03-13,11.866666666666665,24.0,1
2025-03-13,B1_optimization_only,O0001980,M000802,S0004285,C001,P01,A,A,2025-03-13,13.866676666666665,11.0,1
2025-03-13,B1_optimization_only,O0001980,M000802,S0004286,C001,P01,A,A,2025-03-13,29.20002,3.0,1
2025-03-13,B1_optimization_only,O0001983,M000808,S0004289,C007,P02,A,B,2025-03-13,6.766666666666667,5.0,0
2025-03-13,B1_optimization_only,O0001984,M000810,S0004289,C009,P02,A,B,2025-03-13,7.966666666666668,31.0,0
2025-03-13,B1_optimization_only,O0001981,M000807,S0004290,C006,P02,A,A,2025-03-13,10.466676666666666,4.0,1
2025-03-13,B1_optimization_only,O0001982,M000804,S0004290,C003,P02,A,B,2025-03-13,10.766676666666665,2.0,0
2025-03-13,B1_optimization_only,O0001984,M000810,S0004290,C009,P02,A,B,2025-03-13,9.966676666666666,34.0,0
2025-03-13,B1_optimization_only,O0001982,M000804,S0004291,C003,P02,A,B,2025-03-13,26.10002,2.0,0
2025-03-13,B1_optimization_only,O0001985,M000803,S0004292,C002,P02,B,B,2025-03-13,10.866666666666665,10.0,1
2025-03-13,B1_optimization_only,O0001985,M000803,S0004293,C002,P02,B,B,2025-03-13,12.866676666666665,4.0,1
2025-03-13,B1_optimization_only,O0001985,M000803,S0004294,C002,P02,B,B,2025-03-13,28.20002,1.0,1
2025-03-13,B1_optimization_only,O0001987,M000805,S0004295,C004,P03,A,A,2025-03-13,8.675,9.0,1
2025-03-13,B1_optimization_only,O0001988,M000813,S0004295,C012,P03,A,A,2025-03-13,6.275,24.0,1
2025-03-13,B1_optimization_only,O0001987,M000805,S0004296,C004,P03,A,A,2025-03-13,9.80001,20.0,1
2025-03-13,B1_optimization_only,O0001987,M000805,S0004297,C004,P03,A,A,2025-03-13,11.67502,16.0,1
2025-03-13,B1_optimization_only,O0001987,M000805,S0004298,C004,P03,A,A,2025-03-13,26.30003,3.0,1
2025-03-13,B1_optimization_only,O0001986,M000802,S0004299,C001,P03,B,B,2025-03-13,10.475,3.0,1
2025-03-13,B1_optimization_only,O0001986,M000802,S0004300,C001,P03,B,B,2025-03-13,11.60001,7.0,1
2025-03-13,B1_optimization_only,O0001986,M000802,S0004301,C001,P03,B,B,2025-03-13,13.475019999999999,3.0,1
2025-03-13,B1_optimization_only,O0001990,M000802,S0004302,C001,P04,A,A,2025-03-13,15.466666666666667,17.0,1
2025-03-13,B1_optimization_only,O0001991,M000808,S0004302,C007,P04,A,A,2025-03-13,12.066666666666665,4.0,1
2025-03-13,B1_optimization_only,O0001993,M000805,S0004302,C004,P04,A,A,2025-03-13,13.666666666666666,17.0,1
2025-03-13,B1_optimization_only,O0001990,M000802,S0004303,C001,P04,A,A,2025-03-13,17.466676666666668,6.0,1
2025-03-13,B1_optimization_only,O0001990,M000802,S0004304,C001,P04,A,A,2025-03-13,32.800019999999996,5.0,1
2025-03-13,B1_optimization_only,O0001989,M000804,S0004305,C003,P04,B,B,2025-03-13,14.066666666666665,1.0,1
2025-03-13,B1_optimization_only,O0001992,M000813,S0004305,C012,P04,B,B,2025-03-13,11.266666666666666,6.0,1
2025-03-13,B1_optimization_only,O0001989,M000804,S0004306,C003,P04,B,B,2025-03-13,16.066676666666666,2.0,1
2025-03-13,B1_optimization_only,O0001994,M000809,S0004307,C008,P05,A,A,2025-03-13,8.74,4.0,1
2025-03-13,B1_optimization_only,O0001994,M000809,S0004308,C008,P05,A,A,2025-03-13,9.46001,21.0,1
2025-03-13,B1_optimization_only,O0001994,M000809,S0004309,C008,P05,A,A,2025-03-13,10.66002,8.0,1
2025-03-13,B1_optimization_only,O0001995,M000806,S0004309,C005,P05,A,A,2025-03-13,11.66002,2.0,1
2025-03-13,B1_optimization_only,O0001995,M000806,S0004310,C005,P05,A,A,2025-03-13,13.34003,6.0,1
2025-03-13,B1_optimization_only,O0001995,M000806,S0004311,C005,P05,A,A,2025-03-13,27.50004,2.0,1
2025-03-13,B1_optimization_only,O0001996,M000808,S0004312,C007,P05,B,B,2025-03-13,8.94,15.0,1
2025-03-13,B1_optimization_only,O0001996,M000808,S0004313,C007,P05,B,B,2025-03-13,9.66001,10.0,1
2025-03-13,B1_optimization_only,O0001996,M000808,S0004314,C007,P05,B,B,2025-03-13,10.860019999999999,4.0,1
2025-03-13,B1_optimization_only,O0001996,M000808,S0004315,C007,P05,B,B,2025-03-13,12.54003,7.0,1
2025-03-13,B1_optimization_only,O0001996,M000808,S0004316,C007,P05,B,B,2025-03-13,26.700039999999998,3.0,1
2025-03-13,B1_optimization_only,O0002000,M000808,S0004317,C007,P06,A,B,2025-03-13,7.166666666666667,3.0,0
2025-03-13,B1_optimization_only,O0002001,M000809,S0004317,C008,P06,A,A,2025-03-13,8.066666666666666,5.0,1
2025-03-13,B1_optimization_only,O0001998,M000804,S0004318,C003,P06,A,A,2025-03-13,12.266676666666665,3.0,1
2025-03-13,B1_optimization_only,O0001999,M000810,S0004318,C009,P06,A,A,2025-03-13,11.466676666666666,3.0,1
2025-03-13,B1_optimization_only,O0002001,M000809,S0004318,C008,P06,A,A,2025-03-13,10.066676666666666,10.0,1
2025-03-13,B1_optimization_only,O0001998,M000804,S0004319,C003,P06,A,A,2025-03-13,27.60002,10.0,1
2025-03-13,B1_optimization_only,O0002000,M000808,S0004320,C007,P06,B,B,2025-03-13,8.266666666666666,2.0,1
2025-03-13,B1_optimization_only,O0002000,M000808,S0004321,C007,P06,B,B,2025-03-13,10.266676666666665,3.0,1
2025-03-13,B1_optimization_only,O0002000,M000808,S0004322,C007,P06,B,B,2025-03-13,25.60002,5.0,1
2025-03-13,B1_optimization_only,O0002004,M000813,S0004323,C012,P07,A,A,2025-03-13,5.722448979591836,9.0,1
2025-03-13,B1_optimization_only,O0002004,M000813,S0004324,C012,P07,A,A,2025-03-13,6.089805918367346,5.0,1
2025-03-13,B1_optimization_only,O0002004,M000813,S0004325,C012,P07,A,A,2025-03-13,6.70206081632653,8.0,1
2025-03-13,B1_optimization_only,O0002004,M000813,S0004326,C012,P07,A,A,2025-03-13,7.5592136734693876,3.0,1
2025-03-13,B1_optimization_only,O0002003,M000804,S0004327,C003,P07,A,A,2025-03-13,11.46126448979592,4.0,1
2025-03-13,B1_optimization_only,O0002003,M000804,S0004328,C003,P07,A,A,2025-03-13,12.808213265306122,6.0,1
2025-03-13,B1_optimization_only,O0002002,M000802,S0004334,C001,P07,B,B,2025-03-13,14.208213265306123,2.0,1
2025-03-13,B1_optimization_only,O0002002,M000802,S0004335,C001,P07,B,B,2025-03-13,27.800060000000002,1.0,1
2025-03-13,B1_optimization_only,O0002005,M000804,S0004336,C003,P08,A,A,2025-03-13,10.540000000000001,10.0,1
2025-03-13,B1_optimization_only,O0002006,M000806,S0004336,C005,P08,A,A,2025-03-13,9.340000000000002,13.0,1
2025-03-13,B1_optimization_only,O0002008,M000808,S0004336,C007,P08,A,A,2025-03-13,8.540000000000001,2.0,1
2025-03-13,B1_optimization_only,O0002005,M000804,S0004337,C003,P08,A,A,2025-03-13,11.260010000000001,6.0,1
2025-03-13,B1_optimization_only,O0002005,M000804,S0004338,C003,P08,A,A,2025-03-13,12.46002,14.0,1
2025-03-13,B1_optimization_only,O0002007,M000802,S0004338,C001,P08,A,A,2025-03-13,13.860019999999999,1.0,1
2025-03-13,B1_optimization_only,O0002007,M000802,S0004339,C001,P08,A,A,2025-03-13,15.54003,4.0,1
2025-03-13,B1_optimization_only,O0002007,M000802,S0004340,C001,P08,A,A,2025-03-13,29.700039999999998,4.0,1
2025-03-13,P1_proposed_dss,O0001980,M000802,S0004284,C001,P01,A,A,2025-03-13,11.866666666666665,24.0,1
2025-03-13,P1_proposed_dss,O0001980,M000802,S0004285,C001,P01,A,A,2025-03-13,13.866676666666665,11.0,1
2025-03-13,P1_proposed_dss,O0001980,M000802,S0004286,C001,P01,A,A,2025-03-13,29.20002,3.0,1
2025-03-13,P1_proposed_dss,O0001983,M000808,S0004289,C007,P02,A,B,2025-03-13,6.766666666666667,5.0,0
2025-03-13,P1_proposed_dss,O0001984,M000810,S0004289,C009,P02,A,B,2025-03-13,7.966666666666668,31.0,0
2025-03-13,P1_proposed_dss,O0001981,M000807,S0004290,C006,P02,A,A,2025-03-13,10.466676666666666,4.0,1
2025-03-13,P1_proposed_dss,O0001982,M000804,S0004290,C003,P02,A,B,2025-03-13,10.766676666666665,2.0,0
2025-03-13,P1_proposed_dss,O0001984,M000810,S0004290,C009,P02,A,B,2025-03-13,9.966676666666666,34.0,0
2025-03-13,P1_proposed_dss,O0001982,M000804,S0004291,C003,P02,A,B,2025-03-13,26.10002,2.0,0
2025-03-13,P1_proposed_dss,O0001985,M000803,S0004292,C002,P02,B,B,2025-03-13,10.866666666666665,10.0,1
2025-03-13,P1_proposed_dss,O0001985,M000803,S0004293,C002,P02,B,B,2025-03-13,12.866676666666665,4.0,1
2025-03-13,P1_proposed_dss,O0001985,M000803,S0004294,C002,P02,B,B,2025-03-13,28.20002,1.0,1
2025-03-13,P1_proposed_dss,O0001987,M000805,S0004295,C004,P03,A,A,2025-03-13,8.675,9.0,1
2025-03-13,P1_proposed_dss,O0001988,M000813,S0004295,C012,P03,A,A,2025-03-13,6.275,24.0,1
2025-03-13,P1_proposed_dss,O0001987,M000805,S0004296,C004,P03,A,A,2025-03-13,9.80001,20.0,1
2025-03-13,P1_proposed_dss,O0001987,M000805,S0004297,C004,P03,A,A,2025-03-13,11.67502,16.0,1
2025-03-13,P1_proposed_dss,O0001987,M000805,S0004298,C004,P03,A,A,2025-03-13,26.30003,3.0,1
2025-03-13,P1_proposed_dss,O0001986,M000802,S0004299,C001,P03,B,B,2025-03-13,10.475,3.0,1
2025-03-13,P1_proposed_dss,O0001986,M000802,S0004300,C001,P03,B,B,2025-03-13,11.60001,7.0,1
2025-03-13,P1_proposed_dss,O0001986,M000802,S0004301,C001,P03,B,B,2025-03-13,13.475019999999999,3.0,1
2025-03-13,P1_proposed_dss,O0001990,M000802,S0004302,C001,P04,A,A,2025-03-13,15.466666666666667,17.0,1
2025-03-13,P1_proposed_dss,O0001991,M000808,S0004302,C007,P04,A,A,2025-03-13,12.066666666666665,4.0,1
2025-03-13,P1_proposed_dss,O0001993,M000805,S0004302,C004,P04,A,A,2025-03-13,13.666666666666666,17.0,1
2025-03-13,P1_proposed_dss,O0001990,M000802,S0004303,C001,P04,A,A,2025-03-13,17.466676666666668,6.0,1
2025-03-13,P1_proposed_dss,O0001990,M000802,S0004304,C001,P04,A,A,2025-03-13,32.800019999999996,5.0,1
2025-03-13,P1_proposed_dss,O0001989,M000804,S0004305,C003,P04,B,B,2025-03-13,14.066666666666665,1.0,1
2025-03-13,P1_proposed_dss,O0001992,M000813,S0004305,C012,P04,B,B,2025-03-13,11.266666666666666,6.0,1
2025-03-13,P1_proposed_dss,O0001989,M000804,S0004306,C003,P04,B,B,2025-03-13,16.066676666666666,2.0,1
2025-03-13,P1_proposed_dss,O0001994,M000809,S0004307,C008,P05,A,A,2025-03-13,8.74,4.0,1
2025-03-13,P1_proposed_dss,O0001994,M000809,S0004308,C008,P05,A,A,2025-03-13,9.46001,21.0,1
2025-03-13,P1_proposed_dss,O0001994,M000809,S0004309,C008,P05,A,A,2025-03-13,10.66002,8.0,1
2025-03-13,P1_proposed_dss,O0001995,M000806,S0004309,C005,P05,A,A,2025-03-13,11.66002,2.0,1
2025-03-13,P1_proposed_dss,O0001995,M000806,S0004310,C005,P05,A,A,2025-03-13,13.34003,6.0,1
2025-03-13,P1_proposed_dss,O0001995,M000806,S0004311,C005,P05,A,A,2025-03-13,27.50004,2.0,1
2025-03-13,P1_proposed_dss,O0001996,M000808,S0004312,C007,P05,B,B,2025-03-13,8.94,15.0,1
2025-03-13,P1_proposed_dss,O0001996,M000808,S0004313,C007,P05,B,B,2025-03-13,9.66001,10.0,1
2025-03-13,P1_proposed_dss,O0001996,M000808,S0004314,C007,P05,B,B,2025-03-13,10.860019999999999,4.0,1
2025-03-13,P1_proposed_dss,O0001996,M000808,S0004315,C007,P05,B,B,2025-03-13,12.54003,7.0,1
2025-03-13,P1_proposed_dss,O0001996,M000808,S0004316,C007,P05,B,B,2025-03-13,26.700039999999998,3.0,1
2025-03-13,P1_proposed_dss,O0002000,M000808,S0004317,C007,P06,A,B,2025-03-13,7.166666666666667,3.0,0
2025-03-13,P1_proposed_dss,O0002001,M000809,S0004317,C008,P06,A,A,2025-03-13,8.066666666666666,5.0,1
2025-03-13,P1_proposed_dss,O0001998,M000804,S0004318,C003,P06,A,A,2025-03-13,12.266676666666665,3.0,1
2025-03-13,P1_proposed_dss,O0001999,M000810,S0004318,C009,P06,A,A,2025-03-13,11.466676666666666,3.0,1
2025-03-13,P1_proposed_dss,O0002001,M000809,S0004318,C008,P06,A,A,2025-03-13,10.066676666666666,10.0,1
2025-03-13,P1_proposed_dss,O0001998,M000804,S0004319,C003,P06,A,A,2025-03-13,27.60002,10.0,1
2025-03-13,P1_proposed_dss,O0002000,M000808,S0004320,C007,P06,B,B,2025-03-13,8.266666666666666,2.0,1
2025-03-13,P1_proposed_dss,O0002000,M000808,S0004321,C007,P06,B,B,2025-03-13,10.266676666666665,3.0,1
2025-03-13,P1_proposed_dss,O0002000,M000808,S0004322,C007,P06,B,B,2025-03-13,25.60002,5.0,1
2025-03-13,P1_proposed_dss,O0002004,M000813,S0004323,C012,P07,A,A,2025-03-13,5.722448979591836,9.0,1
2025-03-13,P1_proposed_dss,O0002004,M000813,S0004324,C012,P07,A,A,2025-03-13,6.089805918367346,5.0,1
2025-03-13,P1_proposed_dss,O0002004,M000813,S0004325,C012,P07,A,A,2025-03-13,6.70206081632653,8.0,1
2025-03-13,P1_proposed_dss,O0002004,M000813,S0004326,C012,P07,A,A,2025-03-13,7.5592136734693876,3.0,1
2025-03-13,P1_proposed_dss,O0002003,M000804,S0004327,C003,P07,A,A,2025-03-13,11.46126448979592,4.0,1
2025-03-13,P1_proposed_dss,O0002003,M000804,S0004328,C003,P07,A,A,2025-03-13,12.808213265306122,6.0,1
2025-03-13,P1_proposed_dss,O0002002,M000802,S0004334,C001,P07,B,B,2025-03-13,14.208213265306123,2.0,1
2025-03-13,P1_proposed_dss,O0002002,M000802,S0004335,C001,P07,B,B,2025-03-13,27.800060000000002,1.0,1
2025-03-13,P1_proposed_dss,O0002005,M000804,S0004336,C003,P08,A,A,2025-03-13,10.540000000000001,10.0,1
2025-03-13,P1_proposed_dss,O0002006,M000806,S0004336,C005,P08,A,A,2025-03-13,9.340000000000002,13.0,1
2025-03-13,P1_proposed_dss,O0002008,M000808,S0004336,C007,P08,A,A,2025-03-13,8.540000000000001,2.0,1
2025-03-13,P1_proposed_dss,O0002005,M000804,S0004337,C003,P08,A,A,2025-03-13,11.260010000000001,6.0,1
2025-03-13,P1_proposed_dss,O0002005,M000804,S0004338,C003,P08,A,A,2025-03-13,12.46002,14.0,1
2025-03-13,P1_proposed_dss,O0002007,M000802,S0004338,C001,P08,A,A,2025-03-13,13.860019999999999,1.0,1
2025-03-13,P1_proposed_dss,O0002007,M000802,S0004339,C001,P08,A,A,2025-03-13,15.54003,4.0,1
2025-03-13,P1_proposed_dss,O0002007,M000802,S0004340,C001,P08,A,A,2025-03-13,29.700039999999998,4.0,1
2025-03-14,B0_manual,O0002011,M000814,S0004347,C003,P01,B,B,2025-03-14,,15.0,1
2025-03-14,B0_manual,O0002021,M000814,S0004373,C003,P05,B,B,2025-03-14,,7.0,1
2025-03-14,B0_manual,O0002035,M000814,S0004397,C003,P08,A,A,2025-03-14,,5.0,1
2025-03-14,B0_manual,O0002014,M000815,S0004353,C004,P02,B,B,2025-03-14,,11.0,1
2025-03-14,B0_manual,O0002014,M000815,S0004354,C004,P02,B,B,2025-03-14,,3.0,1
2025-03-14,B0_manual,O0002032,M000815,S0004397,C004,P08,A,A,2025-03-14,,2.0,1
2025-03-14,B0_manual,O0002032,M000815,S0004398,C004,P08,A,A,2025-03-14,,9.0,1
2025-03-14,B0_manual,O0002032,M000815,S0004399,C004,P08,A,A,2025-03-14,,3.0,1
2025-03-14,B0_manual,O0002012,M000816,S0004347,C005,P01,B,B,2025-03-14,,6.0,1
2025-03-14,B0_manual,O0002012,M000816,S0004348,C005,P01,B,B,2025-03-14,,12.0,1
2025-03-14,B0_manual,O0002012,M000816,S0004349,C005,P01,B,B,2025-03-14,,4.0,1
2025-03-14,B0_manual,O0002019,M000816,S0004365,C005,P04,B,B,2025-03-14,,15.0,1
2025-03-14,B0_manual,O0002019,M000816,S0004366,C005,P04,B,B,2025-03-14,,7.0,1
2025-03-14,B0_manual,O0002019,M000816,S0004367,C005,P04,B,B,2025-03-14,,1.0,1
2025-03-14,B0_manual,O0002019,M000816,S0004362,C005,P04,A,B,2025-03-14,,12.0,0
2025-03-14,B0_manual,O0002019,M000816,S0004363,C005,P04,A,B,2025-03-14,,11.0,0
2025-03-14,B0_manual,O0002019,M000816,S0004364,C005,P04,A,B,2025-03-14,,2.0,0
2025-03-14,B0_manual,O0002023,M000816,S0004378,C005,P06,A,A,2025-03-14,,6.0,1
2025-03-14,B0_manual,O0002029,M000816,S0004390,C005,P07,B,B,2025-03-14,,6.0,1
2025-03-14,B0_manual,O0002029,M000816,S0004391,C005,P07,B,B,2025-03-14,,2.0,1
2025-03-14,B0_manual,O0002029,M000816,S0004392,C005,P07,B,B,2025-03-14,,4.0,1
2025-03-14,B0_manual,O0002016,M000817,S0004355,C006,P03,A,A,2025-03-14,,37.0,1
2025-03-14,B0_manual,O0002016,M000817,S0004356,C006,P03,A,A,2025-03-14,,12.0,1
2025-03-14,B0_manual,O0002025,M000817,S0004378,C006,P06,A,A,2025-03-14,,19.0,1
2025-03-14,B0_manual,O0002025,M000817,S0004379,C006,P06,A,A,2025-03-14,,14.0,1
2025-03-14,B0_manual,O0002030,M000817,S0004392,C006,P07,B,B,2025-03-14,,2.0,1
2025-03-14,B0_manual,O0002030,M000817,S0004393,C006,P07,B,B,2025-03-14,,2.0,1
2025-03-14,B0_manual,O0002030,M000817,S0004394,C006,P07,B,B,2025-03-14,,3.0,1
2025-03-14,B0_manual,O0002030,M000817,S0004395,C006,P07,B,B,2025-03-14,,1.0,1
2025-03-14,B0_manual,O0002030,M000817,S0004396,C006,P07,B,B,2025-03-14,,1.0,1
2025-03-14,B0_manual,O0002017,M000818,S0004356,C007,P03,A,A,2025-03-14,,6.0,1
2025-03-14,B0_manual,O0002017,M000818,S0004357,C007,P03,A,A,2025-03-14,,4.0,1
2025-03-14,B0_manual,O0002034,M000818,S0004401,C007,P08,B,B,2025-03-14,,9.0,1
2025-03-14,B0_manual,O0002020,M000819,S0004368,C008,P05,A,A,2025-03-14,,9.0,1
2025-03-14,B0_manual,O0002020,M000819,S0004369,C008,P05,A,A,2025-03-14,,10.0,1
2025-03-14,B0_manual,O0002020,M000819,S0004370,C008,P05,A,A,2025-03-14,,5.0,1
2025-03-14,B0_manual,O0002020,M000819,S0004371,C008,P05,A,A,2025-03-14,,1.0,1
2025-03-14,B0_manual,O0002031,M000819,S0004399,C008,P08,A,A,2025-03-14,,8.0,1
2025-03-14,B0_manual,O0002031,M000819,S0004400,C008,P08,A,A,2025-03-14,,2.0,1
2025-03-14,B0_manual,O0002010,M000820,S0004344,C009,P01,A,A,2025-03-14,,14.0,1
2025-03-14,B0_manual,O0002022,M000820,S0004371,C009,P05,A,A,2025-03-14,,11.0,1
2025-03-14,B0_manual,O0002022,M000820,S0004372,C009,P05,A,A,2025-03-14,,2.0,1
2025-03-14,B0_manual,O0002013,M000821,S0004350,C010,P02,A,B,2025-03-14,,33.0,0
2025-03-14,B0_manual,O0002028,M000821,S0004383,C010,P07,A,A,2025-03-14,,8.0,1
2025-03-14,B0_manual,O0002028,M000821,S0004384,C010,P07,A,A,2025-03-14,,2.0,1
2025-03-14,B0_manual,O0002024,M000823,S0004381,C012,P06,B,B,2025-03-14,,9.0,1
2025-03-14,B0_manual,O0002024,M000823,S0004382,C012,P06,B,B,2025-03-14,,1.0,1
2025-03-14,B1_optimization_only,O0002012,M000816,S0004344,C005,P01,A,B,2025-03-14,8.166666666666668,20.0,0
2025-03-14,B1_optimization_only,O0002009,M000821,S0004345,C010,P01,A,B,2025-03-14,10.366676666666667,21.0,0
2025-03-14,B1_optimization_only,O0002010,M000820,S0004345,C009,P01,A,A,2025-03-14,11.666676666666666,13.0,1
2025-03-14,B1_optimization_only,O0002010,M000820,S0004346,C009,P01,A,A,2025-03-14,27.00002,1.0,1
2025-03-14,B1_optimization_only,O0002009,M000821,S0004347,C010,P01,B,B,2025-03-14,9.466666666666667,10.0,1
2025-03-14,B1_optimization_only,O0002012,M000816,S0004347,C005,P01,B,B,2025-03-14,9.266666666666667,11.0,1
2025-03-14,B1_optimization_only,O0002009,M000821,S0004348,C010,P01,B,B,2025-03-14,11.466676666666666,1.0,1
2025-03-14,B1_optimization_only,O0002011,M000814,S0004348,C003,P01,B,B,2025-03-14,12.466676666666666,11.0,1
2025-03-14,B1_optimization_only,O0002011,M000814,S0004349,C003,P01,B,B,2025-03-14,27.80002,4.0,1
2025-03-14,B1_optimization_only,O0002013,M000821,S0004350,C010,P02,A,B,2025-03-14,7.766666666666667,30.0,0
2025-03-14,B1_optimization_only,O0002014,M000815,S0004350,C004,P02,A,B,2025-03-14,8.366666666666667,12.0,0
2025-03-14,B1_optimization_only,O0002014,M000815,S0004351,C004,P02,A,B,2025-03-14,10.366676666666667,37.0,0
2025-03-14,B1_optimization_only,O0002014,M000815,S0004352,C004,P02,A,B,2025-03-14,25.700020000000002,1.0,0
2025-03-14,B1_optimization_only,O0002014,M000815,S0004353,C004,P02,B,B,2025-03-14,9.466666666666667,11.0,1
2025-03-14,B1_optimization_only,O0002014,M000815,S0004354,C004,P02,B,B,2025-03-14,11.466676666666666,3.0,1
2025-03-14,B1_optimization_only,O0002016,M000817,S0004355,C006,P03,A,A,2025-03-14,7.675000000000001,27.0,1
2025-03-14,B1_optimization_only,O0002017,M000818,S0004355,C007,P03,A,A,2025-03-14,7.074999999999999,10.0,1
2025-03-14,B1_optimization_only,O0002016,M000817,S0004356,C006,P03,A,A,2025-03-14,8.80001,18.0,1
2025-03-14,B1_optimization_only,O0002016,M000817,S0004357,C006,P03,A,A,2025-03-14,25.30003,4.0,1
2025-03-14,B1_optimization_only,O0002019,M000816,S0004362,C005,P04,A,B,2025-03-14,11.766666666666666,12.0,0
2025-03-14,B1_optimization_only,O0002019,M000816,S0004363,C005,P04,A,B,2025-03-14,13.766676666666665,11.0,0
2025-03-14,B1_optimization_only,O0002019,M000816,S0004364,C005,P04,A,B,2025-03-14,29.10002,2.0,0
2025-03-14,B1_optimization_only,O0002019,M000816,S0004365,C005,P04,B,B,2025-03-14,12.866666666666665,15.0,1
2025-03-14,B1_optimization_only,O0002019,M000816,S0004366,C005,P04,B,B,2025-03-14,14.866676666666665,7.0,1
2025-03-14,B1_optimization_only,O0002019,M000816,S0004367,C005,P04,B,B,2025-03-14,30.20002,1.0,1
2025-03-14,B1_optimization_only,O0002020,M000819,S0004368,C008,P05,A,A,2025-03-14,8.74,4.0,1
2025-03-14,B1_optimization_only,O0002022,M000820,S0004368,C009,P05,A,A,2025-03-14,10.139999999999999,5.0,1
2025-03-14,B1_optimization_only,O0002022,M000820,S0004369,C009,P05,A,A,2025-03-14,10.860009999999999,10.0,1
2025-03-14,B1_optimization_only,O0002022,M000820,S0004370,C009,P05,A,A,2025-03-14,12.060019999999998,5.0,1
2025-03-14,B1_optimization_only,O0002022,M000820,S0004371,C009,P05,A,A,2025-03-14,13.740029999999999,12.0,1
2025-03-14,B1_optimization_only,O0002022,M000820,S0004372,C009,P05,A,A,2025-03-14,27.900039999999997,2.0,1
2025-03-14,B1_optimization_only,O0002021,M000814,S0004375,C003,P05,B,B,2025-03-14,12.860019999999999,1.0,1
2025-03-14,B1_optimization_only,O0002021,M000814,S0004376,C003,P05,B,B,2025-03-14,14.54003,5.0,1
2025-03-14,B1_optimization_only,O0002021,M000814,S0004377,C003,P05,B,B,2025-03-14,28.700039999999998,1.0,1
2025-03-14,B1_optimization_only,O0002024,M000823,S0004378,C012,P06,A,B,2025-03-14,6.366666666666666,8.0,0
2025-03-14,B1_optimization_only,O0002025,M000817,S0004378,C006,P06,A,A,2025-03-14,8.866666666666665,17.0,1
2025-03-14,B1_optimization_only,O0002023,M000816,S0004379,C005,P06,A,A,2025-03-14,11.066676666666666,2.0,1
2025-03-14,B1_optimization_only,O0002025,M000817,S0004379,C006,P06,A,A,2025-03-14,10.866676666666665,16.0,1
2025-03-14,B1_optimization_only,O0002023,M000816,S0004380,C005,P06,A,A,2025-03-14,26.400019999999998,4.0,1
2025-03-14,B1_optimization_only,O0002024,M000823,S0004381,C012,P06,B,B,2025-03-14,7.466666666666667,9.0,1
2025-03-14,B1_optimization_only,O0002024,M000823,S0004382,C012,P06,B,B,2025-03-14,9.466676666666666,1.0,1
2025-03-14,B1_optimization_only,O0002026,M000823,S0004383,C012,P07,A,B,2025-03-14,4.622448979591836,4.0,0
2025-03-14,B1_optimization_only,O0002026,M000823,S0004384,C012,P07,A,B,2025-03-14,4.989805918367346,7.0,0
2025-03-14,B1_optimization_only,O0002027,M000819,S0004384,C008,P07,A,B,2025-03-14,5.589805918367346,1.0,0
2025-03-14,B1_optimization_only,O0002027,M000819,S0004385,C008,P07,A,B,2025-03-14,6.20206081632653,5.0,0
2025-03-14,B1_optimization_only,O0002030,M000817,S0004385,C006,P07,A,B,2025-03-14,7.002060816326531,3.0,0
2025-03-14,B1_optimization_only,O0002028,M000821,S0004386,C010,P07,A,A,2025-03-14,9.359213673469387,4.0,1
2025-03-14,B1_optimization_only,O0002030,M000817,S0004386,C006,P07,A,B,2025-03-14,7.859213673469388,4.0,0
2025-03-14,B1_optimization_only,O0002028,M000821,S0004387,C010,P07,A,A,2025-03-14,10.461264489795917,2.0,1
2025-03-14,B1_optimization_only,O0002028,M000821,S0004388,C010,P07,A,A,2025-03-14,11.80821326530612,3.0,1
2025-03-14,B1_optimization_only,O0002028,M000821,S0004389,C010,P07,A,A,2025-03-14,25.40006,1.0,1
2025-03-14,B1_optimization_only,O0002030,M000817,S0004390,C006,P07,B,B,2025-03-14,7.122448979591836,6.0,1
2025-03-14,B1_optimization_only,O0002030,M000817,S0004391,C006,P07,B,B,2025-03-14,7.489805918367346,2.0,1
2025-03-14,B1_optimization_only,O0002029,M000816,S0004392,C005,P07,B,B,2025-03-14,8.30206081632653,5.0,1
2025-03-14,B1_optimization_only,O0002030,M000817,S0004392,C006,P07,B,B,2025-03-14,8.10206081632653,1.0,1
2025-03-14,B1_optimization_only,O0002029,M000816,S0004393,C005,P07,B,B,2025-03-14,9.159213673469388,2.0,1
2025-03-14,B1_optimization_only,O0002029,M000816,S0004394,C005,P07,B,B,2025-03-14,10.261264489795918,3.0,1
2025-03-14,B1_optimization_only,O0002029,M000816,S0004395,C005,P07,B,B,2025-03-14,11.608213265306121,1.0,1
2025-03-14,B1_optimization_only,O0002029,M000816,S0004396,C005,P07,B,B,2025-03-14,25.20006,1.0,1
2025-03-14,B1_optimization_only,O0002033,M000821,S0004397,C010,P08,A,A,2025-03-14,9.540000000000001,7.0,1
2025-03-14,B1_optimization_only,O0002032,M000815,S0004398,C004,P08,A,A,2025-03-14,10.86001,6.0,1
2025-03-14,B1_optimization_only,O0002033,M000821,S0004398,C010,P08,A,A,2025-03-14,10.260010000000001,3.0,1
2025-03-14,B1_optimization_only,O0002032,M000815,S0004399,C004,P08,A,A,2025-03-14,12.06002,8.0,1
2025-03-14,B1_optimization_only,O0002035,M000814,S0004399,C003,P08,A,A,2025-03-14,12.46002,3.0,1
2025-03-14,B1_optimization_only,O0002035,M000814,S0004400,C003,P08,A,A,2025-03-14,14.140030000000001,2.0,1
2025-03-14,B1_optimization_only,O0002034,M000818,S0004402,C007,P08,B,B,2025-03-14,9.260010000000001,1.0,1
2025-03-14,B1_optimization_only,O0002034,M000818,S0004403,C007,P08,B,B,2025-03-14,10.46002,2.0,1
2025-03-14,B1_optimization_only,O0002034,M000818,S0004404,C007,P08,B,B,2025-03-14,12.140030000000001,6.0,1
2025-03-14,P1_proposed_dss,O0002012,M000816,S0004344,C005,P01,A,B,2025-03-14,8.166666666666668,20.0,0
2025-03-14,P1_proposed_dss,O0002009,M000821,S0004345,C010,P01,A,B,2025-03-14,10.366676666666667,21.0,0
2025-03-14,P1_proposed_dss,O0002010,M000820,S0004345,C009,P01,A,A,2025-03-14,11.666676666666666,13.0,1
2025-03-14,P1_proposed_dss,O0002010,M000820,S0004346,C009,P01,A,A,2025-03-14,27.00002,1.0,1
2025-03-14,P1_proposed_dss,O0002009,M000821,S0004347,C010,P01,B,B,2025-03-14,9.466666666666667,10.0,1
2025-03-14,P1_proposed_dss,O0002012,M000816,S0004347,C005,P01,B,B,2025-03-14,9.266666666666667,11.0,1
2025-03-14,P1_proposed_dss,O0002009,M000821,S0004348,C010,P01,B,B,2025-03-14,11.466676666666666,1.0,1
2025-03-14,P1_proposed_dss,O0002011,M000814,S0004348,C003,P01,B,B,2025-03-14,12.466676666666666,11.0,1
2025-03-14,P1_proposed_dss,O0002011,M000814,S0004349,C003,P01,B,B,2025-03-14,27.80002,4.0,1
2025-03-14,P1_proposed_dss,O0002013,M000821,S0004350,C010,P02,A,B,2025-03-14,7.766666666666667,30.0,0
2025-03-14,P1_proposed_dss,O0002014,M000815,S0004350,C004,P02,A,B,2025-03-14,8.366666666666667,12.0,0
2025-03-14,P1_proposed_dss,O0002014,M000815,S0004351,C004,P02,A,B,2025-03-14,10.366676666666667,37.0,0
2025-03-14,P1_proposed_dss,O0002014,M000815,S0004352,C004,P02,A,B,2025-03-14,25.700020000000002,1.0,0
2025-03-14,P1_proposed_dss,O0002014,M000815,S0004353,C004,P02,B,B,2025-03-14,9.466666666666667,11.0,1
2025-03-14,P1_proposed_dss,O0002014,M000815,S0004354,C004,P02,B,B,2025-03-14,11.466676666666666,3.0,1
2025-03-14,P1_proposed_dss,O0002016,M000817,S0004355,C006,P03,A,A,2025-03-14,7.675000000000001,27.0,1
2025-03-14,P1_proposed_dss,O0002017,M000818,S0004355,C007,P03,A,A,2025-03-14,7.074999999999999,10.0,1
2025-03-14,P1_proposed_dss,O0002016,M000817,S0004356,C006,P03,A,A,2025-03-14,8.80001,18.0,1
2025-03-14,P1_proposed_dss,O0002016,M000817,S0004357,C006,P03,A,A,2025-03-14,25.30003,4.0,1
2025-03-14,P1_proposed_dss,O0002019,M000816,S0004362,C005,P04,A,B,2025-03-14,11.766666666666666,12.0,0
2025-03-14,P1_proposed_dss,O0002019,M000816,S0004363,C005,P04,A,B,2025-03-14,13.766676666666665,11.0,0
2025-03-14,P1_proposed_dss,O0002019,M000816,S0004364,C005,P04,A,B,2025-03-14,29.10002,2.0,0
2025-03-14,P1_proposed_dss,O0002019,M000816,S0004365,C005,P04,B,B,2025-03-14,12.866666666666665,15.0,1
2025-03-14,P1_proposed_dss,O0002019,M000816,S0004366,C005,P04,B,B,2025-03-14,14.866676666666665,7.0,1
2025-03-14,P1_proposed_dss,O0002019,M000816,S0004367,C005,P04,B,B,2025-03-14,30.20002,1.0,1
2025-03-14,P1_proposed_dss,O0002020,M000819,S0004368,C008,P05,A,A,2025-03-14,8.74,4.0,1
2025-03-14,P1_proposed_dss,O0002022,M000820,S0004368,C009,P05,A,A,2025-03-14,10.139999999999999,5.0,1
2025-03-14,P1_proposed_dss,O0002022,M000820,S0004369,C009,P05,A,A,2025-03-14,10.860009999999999,10.0,1
2025-03-14,P1_proposed_dss,O0002022,M000820,S0004370,C009,P05,A,A,2025-03-14,12.060019999999998,5.0,1
2025-03-14,P1_proposed_dss,O0002022,M000820,S0004371,C009,P05,A,A,2025-03-14,13.740029999999999,12.0,1
2025-03-14,P1_proposed_dss,O0002022,M000820,S0004372,C009,P05,A,A,2025-03-14,27.900039999999997,2.0,1
2025-03-14,P1_proposed_dss,O0002021,M000814,S0004375,C003,P05,B,B,2025-03-14,12.860019999999999,1.0,1
2025-03-14,P1_proposed_dss,O0002021,M000814,S0004376,C003,P05,B,B,2025-03-14,14.54003,5.0,1
2025-03-14,P1_proposed_dss,O0002021,M000814,S0004377,C003,P05,B,B,2025-03-14,28.700039999999998,1.0,1
2025-03-14,P1_proposed_dss,O0002024,M000823,S0004378,C012,P06,A,B,2025-03-14,6.366666666666666,8.0,0
2025-03-14,P1_proposed_dss,O0002025,M000817,S0004378,C006,P06,A,A,2025-03-14,8.866666666666665,14.0,1
2025-03-14,P1_proposed_dss,O0002025,M000817,S0004379,C006,P06,A,A,2025-03-14,10.866676666666665,18.0,1
2025-03-14,P1_proposed_dss,O0002023,M000816,S0004380,C005,P06,A,A,2025-03-14,26.400019999999998,3.0,1
2025-03-14,P1_proposed_dss,O0002025,M000817,S0004380,C006,P06,A,A,2025-03-14,26.20002,1.0,1
2025-03-14,P1_proposed_dss,O0002024,M000823,S0004381,C012,P06,B,B,2025-03-14,7.466666666666667,9.0,1
2025-03-14,P1_proposed_dss,O0002024,M000823,S0004382,C012,P06,B,B,2025-03-14,9.466676666666666,1.0,1
2025-03-14,P1_proposed_dss,O0002026,M000823,S0004383,C012,P07,A,B,2025-03-14,4.622448979591836,4.0,0
2025-03-14,P1_proposed_dss,O0002026,M000823,S0004384,C012,P07,A,B,2025-03-14,4.989805918367346,7.0,0
2025-03-14,P1_proposed_dss,O0002027,M000819,S0004384,C008,P07,A,B,2025-03-14,5.589805918367346,1.0,0
2025-03-14,P1_proposed_dss,O0002027,M000819,S0004385,C008,P07,A,B,2025-03-14,6.20206081632653,5.0,0
2025-03-14,P1_proposed_dss,O0002030,M000817,S0004385,C006,P07,A,B,2025-03-14,7.002060816326531,3.0,0
2025-03-14,P1_proposed_dss,O0002028,M000821,S0004386,C010,P07,A,A,2025-03-14,9.359213673469387,4.0,1
2025-03-14,P1_proposed_dss,O0002030,M000817,S0004386,C006,P07,A,B,2025-03-14,7.859213673469388,4.0,0
2025-03-14,P1_proposed_dss,O0002028,M000821,S0004387,C010,P07,A,A,2025-03-14,10.461264489795917,2.0,1
2025-03-14,P1_proposed_dss,O0002028,M000821,S0004388,C010,P07,A,A,2025-03-14,11.80821326530612,3.0,1
2025-03-14,P1_proposed_dss,O0002028,M000821,S0004389,C010,P07,A,A,2025-03-14,25.40006,1.0,1
2025-03-14,P1_proposed_dss,O0002030,M000817,S0004390,C006,P07,B,B,2025-03-14,7.122448979591836,6.0,1
2025-03-14,P1_proposed_dss,O0002030,M000817,S0004391,C006,P07,B,B,2025-03-14,7.489805918367346,2.0,1
2025-03-14,P1_proposed_dss,O0002029,M000816,S0004392,C005,P07,B,B,2025-03-14,8.30206081632653,5.0,1
2025-03-14,P1_proposed_dss,O0002030,M000817,S0004392,C006,P07,B,B,2025-03-14,8.10206081632653,1.0,1
2025-03-14,P1_proposed_dss,O0002029,M000816,S0004393,C005,P07,B,B,2025-03-14,9.159213673469388,2.0,1
2025-03-14,P1_proposed_dss,O0002029,M000816,S0004394,C005,P07,B,B,2025-03-14,10.261264489795918,3.0,1
2025-03-14,P1_proposed_dss,O0002029,M000816,S0004395,C005,P07,B,B,2025-03-14,11.608213265306121,1.0,1
2025-03-14,P1_proposed_dss,O0002029,M000816,S0004396,C005,P07,B,B,2025-03-14,25.20006,1.0,1
2025-03-14,P1_proposed_dss,O0002031,M000819,S0004397,C008,P08,A,A,2025-03-14,8.340000000000002,7.0,1
2025-03-14,P1_proposed_dss,O0002031,M000819,S0004398,C008,P08,A,A,2025-03-14,9.060010000000002,3.0,1
2025-03-14,P1_proposed_dss,O0002032,M000815,S0004398,C004,P08,A,A,2025-03-14,10.86001,6.0,1
2025-03-14,P1_proposed_dss,O0002032,M000815,S0004399,C004,P08,A,A,2025-03-14,12.06002,8.0,1
2025-03-14,P1_proposed_dss,O0002035,M000814,S0004399,C003,P08,A,A,2025-03-14,12.46002,3.0,1
2025-03-14,P1_proposed_dss,O0002035,M000814,S0004400,C003,P08,A,A,2025-03-14,14.140030000000001,2.0,1
2025-03-14,P1_proposed_dss,O0002034,M000818,S0004402,C007,P08,B,B,2025-03-14,9.260010000000001,1.0,1
2025-03-14,P1_proposed_dss,O0002034,M000818,S0004403,C007,P08,B,B,2025-03-14,10.46002,2.0,1
2025-03-14,P1_proposed_dss,O0002034,M000818,S0004404,C007,P08,B,B,2025-03-14,12.140030000000001,6.0,1
2025-03-15,B0_manual,O0002045,M000824,S0004416,C001,P03,A,A,2025-03-15,,14.0,1
2025-03-15,B0_manual,O0002045,M000824,S0004417,C001,P03,A,A,2025-03-15,,14.0,1
2025-03-15,B0_manual,O0002045,M000824,S0004418,C001,P03,A,A,2025-03-15,,10.0,1
2025-03-15,B0_manual,O0002048,M000824,S0004423,C001,P04,A,A,2025-03-15,,12.0,1
2025-03-15,B0_manual,O0002048,M000824,S0004424,C001,P04,A,A,2025-03-15,,1.0,1
2025-03-15,B0_manual,O0002054,M000824,S0004437,C001,P06,A,A,2025-03-15,,6.0,1
2025-03-15,B0_manual,O0002055,M000825,S0004437,C002,P06,A,A,2025-03-15,,3.0,1
2025-03-15,B0_manual,O0002055,M000825,S0004438,C002,P06,A,A,2025-03-15,,10.0,1
2025-03-15,B0_manual,O0002055,M000825,S0004439,C002,P06,A,A,2025-03-15,,2.0,1
2025-03-15,B0_manual,O0002064,M000825,S0004455,C002,P08,A,A,2025-03-15,,5.0,1
2025-03-15,B0_manual,O0002042,M000826,S0004411,C003,P02,A,A,2025-03-15,,24.0,1
2025-03-15,B0_manual,O0002042,M000826,S0004412,C003,P02,A,A,2025-03-15,,5.0,1
2025-03-15,B0_manual,O0002051,M000826,S0004429,C003,P05,A,A,2025-03-15,,6.0,1
2025-03-15,B0_manual,O0002051,M000826,S0004430,C003,P05,A,A,2025-03-15,,8.0,1
2025-03-15,B0_manual,O0002060,M000826,S0004448,C003,P07,B,B,2025-03-15,,11.0,1
2025-03-15,B0_manual,O0002060,M000826,S0004449,C003,P07,B,B,2025-03-15,,8.0,1
2025-03-15,B0_manual,O0002041,M000827,S0004413,C004,P02,B,B,2025-03-15,,11.0,1
2025-03-15,B0_manual,O0002058,M000827,S0004442,C004,P07,A,A,2025-03-15,,9.0,1
2025-03-15,B0_manual,O0002058,M000827,S0004443,C004,P07,A,A,2025-03-15,,7.0,1
2025-03-15,B0_manual,O0002043,M000828,S0004412,C006,P02,A,A,2025-03-15,,12.0,1
2025-03-15,B0_manual,O0002037,M000829,S0004405,C007,P01,A,A,2025-03-15,,32.0,1
2025-03-15,B0_manual,O0002037,M000829,S0004406,C007,P01,A,A,2025-03-15,,13.0,1
2025-03-15,B0_manual,O0002052,M000829,S0004430,C007,P05,A,A,2025-03-15,,1.0,1
2025-03-15,B0_manual,O0002052,M000829,S0004431,C007,P05,A,A,2025-03-15,,6.0,1
2025-03-15,B0_manual,O0002052,M000829,S0004432,C007,P05,A,A,2025-03-15,,5.0,1
2025-03-15,B0_manual,O0002061,M000829,S0004455,C007,P08,A,A,2025-03-15,,13.0,1
2025-03-15,B0_manual,O0002061,M000829,S0004456,C007,P08,A,A,2025-03-15,,5.0,1
2025-03-15,B0_manual,O0002061,M000829,S0004457,C007,P08,A,A,2025-03-15,,12.0,1
2025-03-15,B0_manual,O0002036,M000830,S0004408,C008,P01,B,B,2025-03-15,,8.0,1
2025-03-15,B0_manual,O0002036,M000830,S0004409,C008,P01,B,B,2025-03-15,,2.0,1
2025-03-15,B0_manual,O0002050,M000830,S0004424,C008,P04,A,A,2025-03-15,,6.0,1
2025-03-15,B0_manual,O0002053,M000830,S0004440,C008,P06,B,B,2025-03-15,,4.0,1
2025-03-15,B0_manual,O0002053,M000830,S0004441,C008,P06,B,B,2025-03-15,,13.0,1
2025-03-15,B0_manual,O0002057,M000830,S0004449,C008,P07,B,B,2025-03-15,,3.0,1
2025-03-15,B0_manual,O0002057,M000830,S0004450,C008,P07,B,B,2025-03-15,,2.0,1
2025-03-15,B0_manual,O0002057,M000830,S0004451,C008,P07,B,B,2025-03-15,,9.0,1
2025-03-15,B0_manual,O0002057,M000830,S0004452,C008,P07,B,B,2025-03-15,,11.0,1
2025-03-15,B0_manual,O0002057,M000830,S0004453,C008,P07,B,B,2025-03-15,,2.0,1
2025-03-15,B0_manual,O0002057,M000830,S0004454,C008,P07,B,B,2025-03-15,,5.0,1
2025-03-15,B0_manual,O0002040,M000831,S0004413,C009,P02,B,B,2025-03-15,,11.0,1
2025-03-15,B0_manual,O0002040,M000831,S0004414,C009,P02,B,B,2025-03-15,,2.0,1
2025-03-15,B0_manual,O0002040,M000831,S0004415,C009,P02,B,B,2025-03-15,,4.0,1
2025-03-15,B0_manual,O0002040,M000831,S0004412,C009,P02,A,B,2025-03-15,,3.0,0
2025-03-15,B0_manual,O0002038,M000832,S0004406,C010,P01,A,A,2025-03-15,,14.0,1
2025-03-15,B0_manual,O0002062,M000833,S0004457,C011,P08,A,A,2025-03-15,,1.0,1
2025-03-15,B0_manual,O0002062,M000833,S0004458,C011,P08,A,A,2025-03-15,,5.0,1
2025-03-15,B0_manual,O0002062,M000833,S0004459,C011,P08,A,A,2025-03-15,,3.0,1
2025-03-15,B0_manual,O0002039,M000834,S0004406,C012,P01,A,A,2025-03-15,,5.0,1
2025-03-15,B0_manual,O0002039,M000834,S0004407,C012,P01,A,A,2025-03-15,,2.0,1
2025-03-15,B0_manual,O0002046,M000834,S0004419,C012,P03,B,B,2025-03-15,,6.0,1
2025-03-15,B0_manual,O0002049,M000834,S0004426,C012,P04,B,B,2025-03-15,,21.0,1
2025-03-15,B0_manual,O0002049,M000834,S0004427,C012,P04,B,B,2025-03-15,,9.0,1
2025-03-15,B0_manual,O0002063,M000834,S0004460,C012,P08,B,B,2025-03-15,,3.0,1
2025-03-15,B0_manual,O0002063,M000834,S0004461,C012,P08,B,B,2025-03-15,,3.0,1
2025-03-15,B0_manual,O0002063,M000834,S0004462,C012,P08,B,B,2025-03-15,,4.0,1
2025-03-15,B1_optimization_only,O0002037,M000829,S0004405,C007,P01,A,A,2025-03-15,8.466666666666667,25.0,1
2025-03-15,B1_optimization_only,O0002039,M000834,S0004405,C012,P01,A,A,2025-03-15,7.666666666666667,7.0,1
2025-03-15,B1_optimization_only,O0002037,M000829,S0004406,C007,P01,A,A,2025-03-15,10.466676666666666,20.0,1
2025-03-15,B1_optimization_only,O0002038,M000832,S0004406,C010,P01,A,A,2025-03-15,11.466676666666666,12.0,1
2025-03-15,B1_optimization_only,O0002038,M000832,S0004407,C010,P01,A,A,2025-03-15,26.80002,2.0,1
2025-03-15,B1_optimization_only,O0002036,M000830,S0004408,C008,P01,B,B,2025-03-15,8.266666666666667,3.0,1
2025-03-15,B1_optimization_only,O0002036,M000830,S0004409,C008,P01,B,B,2025-03-15,10.266676666666667,3.0,1
2025-03-15,B1_optimization_only,O0002036,M000830,S0004410,C008,P01,B,B,2025-03-15,25.60002,4.0,1
2025-03-15,B1_optimization_only,O0002040,M000831,S0004411,C009,P02,A,B,2025-03-15,7.966666666666668,3.0,0
2025-03-15,B1_optimization_only,O0002042,M000826,S0004411,C003,P02,A,A,2025-03-15,9.866666666666665,9.0,1
2025-03-15,B1_optimization_only,O0002043,M000828,S0004411,C006,P02,A,A,2025-03-15,8.466666666666667,12.0,1
2025-03-15,B1_optimization_only,O0002042,M000826,S0004412,C003,P02,A,A,2025-03-15,11.866676666666665,20.0,1
2025-03-15,B1_optimization_only,O0002040,M000831,S0004413,C009,P02,B,B,2025-03-15,9.066666666666666,17.0,1
2025-03-15,B1_optimization_only,O0002041,M000827,S0004413,C004,P02,B,B,2025-03-15,9.466666666666667,5.0,1
2025-03-15,B1_optimization_only,O0002041,M000827,S0004414,C004,P02,B,B,2025-03-15,11.466676666666666,2.0,1
2025-03-15,B1_optimization_only,O0002041,M000827,S0004415,C004,P02,B,B,2025-03-15,26.80002,4.0,1
2025-03-15,B1_optimization_only,O0002045,M000824,S0004416,C001,P03,A,A,2025-03-15,10.475,14.0,1
2025-03-15,B1_optimization_only,O0002045,M000824,S0004417,C001,P03,A,A,2025-03-15,11.60001,14.0,1
2025-03-15,B1_optimization_only,O0002045,M000824,S0004418,C001,P03,A,A,2025-03-15,13.475019999999999,10.0,1
2025-03-15,B1_optimization_only,O0002046,M000834,S0004421,C012,P03,B,B,2025-03-15,9.27502,5.0,1
2025-03-15,B1_optimization_only,O0002046,M000834,S0004422,C012,P03,B,B,2025-03-15,23.900029999999997,1.0,1
2025-03-15,B1_optimization_only,O0002050,M000830,S0004423,C008,P04,A,A,2025-03-15,11.866666666666665,2.0,1
2025-03-15,B1_optimization_only,O0002048,M000824,S0004424,C001,P04,A,A,2025-03-15,17.466676666666668,11.0,1
2025-03-15,B1_optimization_only,O0002050,M000830,S0004424,C008,P04,A,A,2025-03-15,13.866676666666665,4.0,1
2025-03-15,B1_optimization_only,O0002048,M000824,S0004425,C001,P04,A,A,2025-03-15,32.800019999999996,2.0,1
2025-03-15,B1_optimization_only,O0002049,M000834,S0004426,C012,P04,B,B,2025-03-15,11.266666666666666,16.0,1
2025-03-15,B1_optimization_only,O0002049,M000834,S0004427,C012,P04,B,B,2025-03-15,13.266676666666665,11.0,1
2025-03-15,B1_optimization_only,O0002049,M000834,S0004428,C012,P04,B,B,2025-03-15,28.60002,3.0,1
2025-03-15,B1_optimization_only,O0002052,M000829,S0004429,C007,P05,A,A,2025-03-15,8.94,6.0,1
2025-03-15,B1_optimization_only,O0002051,M000826,S0004430,C003,P05,A,A,2025-03-15,11.66001,3.0,1
2025-03-15,B1_optimization_only,O0002052,M000829,S0004430,C007,P05,A,A,2025-03-15,9.66001,6.0,1
2025-03-15,B1_optimization_only,O0002051,M000826,S0004431,C003,P05,A,A,2025-03-15,12.860019999999999,6.0,1
2025-03-15,B1_optimization_only,O0002051,M000826,S0004432,C003,P05,A,A,2025-03-15,14.54003,5.0,1
2025-03-15,B1_optimization_only,O0002055,M000825,S0004437,C002,P06,A,A,2025-03-15,11.266666666666666,6.0,1
2025-03-15,B1_optimization_only,O0002054,M000824,S0004438,C001,P06,A,A,2025-03-15,13.666676666666666,1.0,1
2025-03-15,B1_optimization_only,O0002055,M000825,S0004438,C002,P06,A,A,2025-03-15,13.266676666666665,9.0,1
2025-03-15,B1_optimization_only,O0002054,M000824,S0004439,C001,P06,A,A,2025-03-15,29.00002,5.0,1
2025-03-15,B1_optimization_only,O0002053,M000830,S0004440,C008,P06,B,B,2025-03-15,8.066666666666666,2.0,1
2025-03-15,B1_optimization_only,O0002053,M000830,S0004441,C008,P06,B,B,2025-03-15,10.066676666666666,15.0,1
2025-03-15,B1_optimization_only,O0002057,M000830,S0004443,C008,P07,A,B,2025-03-15,5.589805918367346,2.0,0
2025-03-15,B1_optimization_only,O0002059,M000834,S0004443,C012,P07,A,B,2025-03-15,4.989805918367346,8.0,0
2025-03-15,B1_optimization_only,O0002057,M000830,S0004444,C008,P07,A,B,2025-03-15,6.20206081632653,7.0,0
2025-03-15,B1_optimization_only,O0002057,M000830,S0004445,C008,P07,A,B,2025-03-15,7.0592136734693876,14.0,0
2025-03-15,B1_optimization_only,O0002058,M000827,S0004445,C004,P07,A,A,2025-03-15,9.959213673469389,6.0,1
2025-03-15,B1_optimization_only,O0002058,M000827,S0004446,C004,P07,A,A,2025-03-15,11.061264489795919,5.0,1
2025-03-15,B1_optimization_only,O0002058,M000827,S0004447,C004,P07,A,A,2025-03-15,12.408213265306122,5.0,1
2025-03-15,B1_optimization_only,O0002057,M000830,S0004448,C008,P07,B,B,2025-03-15,6.322448979591837,11.0,1
2025-03-15,B1_optimization_only,O0002056,M000831,S0004449,C009,P07,B,B,2025-03-15,8.089805918367347,6.0,1
2025-03-15,B1_optimization_only,O0002057,M000830,S0004449,C008,P07,B,B,2025-03-15,6.689805918367346,5.0,1
2025-03-15,B1_optimization_only,O0002056,M000831,S0004450,C009,P07,B,B,2025-03-15,8.70206081632653,2.0,1
2025-03-15,B1_optimization_only,O0002056,M000831,S0004451,C009,P07,B,B,2025-03-15,9.559213673469388,8.0,1
2025-03-15,B1_optimization_only,O0002060,M000826,S0004451,C003,P07,B,B,2025-03-15,10.35921367346939,1.0,1
2025-03-15,B1_optimization_only,O0002060,M000826,S0004452,C003,P07,B,B,2025-03-15,11.46126448979592,11.0,1
2025-03-15,B1_optimization_only,O0002060,M000826,S0004453,C003,P07,B,B,2025-03-15,12.808213265306122,2.0,1
2025-03-15,B1_optimization_only,O0002060,M000826,S0004454,C003,P07,B,B,2025-03-15,26.40006,5.0,1
2025-03-15,B1_optimization_only,O0002061,M000829,S0004455,C007,P08,A,A,2025-03-15,8.540000000000001,9.0,1
2025-03-15,B1_optimization_only,O0002062,M000833,S0004455,C011,P08,A,A,2025-03-15,7.94,9.0,1
2025-03-15,B1_optimization_only,O0002061,M000829,S0004456,C007,P08,A,A,2025-03-15,9.260010000000001,5.0,1
2025-03-15,B1_optimization_only,O0002061,M000829,S0004457,C007,P08,A,A,2025-03-15,10.46002,13.0,1
2025-03-15,B1_optimization_only,O0002061,M000829,S0004458,C007,P08,A,A,2025-03-15,12.140030000000001,3.0,1
2025-03-15,B1_optimization_only,O0002064,M000825,S0004458,C002,P08,A,A,2025-03-15,15.140030000000001,2.0,1
2025-03-15,B1_optimization_only,O0002064,M000825,S0004459,C002,P08,A,A,2025-03-15,29.30004,3.0,1
2025-03-15,B1_optimization_only,O0002063,M000834,S0004462,C012,P08,B,B,2025-03-15,9.66002,2.0,1
2025-03-15,B1_optimization_only,O0002063,M000834,S0004463,C012,P08,B,B,2025-03-15,11.34003,1.0,1
2025-03-15,B1_optimization_only,O0002063,M000834,S0004464,C012,P08,B,B,2025-03-15,25.50004,7.0,1
2025-03-15,P1_proposed_dss,O0002037,M000829,S0004405,C007,P01,A,A,2025-03-15,8.466666666666667,25.0,1
2025-03-15,P1_proposed_dss,O0002039,M000834,S0004405,C012,P01,A,A,2025-03-15,7.666666666666667,7.0,1
2025-03-15,P1_proposed_dss,O0002037,M000829,S0004406,C007,P01,A,A,2025-03-15,10.466676666666666,20.0,1
2025-03-15,P1_proposed_dss,O0002038,M000832,S0004406,C010,P01,A,A,2025-03-15,11.466676666666666,12.0,1
2025-03-15,P1_proposed_dss,O0002038,M000832,S0004407,C010,P01,A,A,2025-03-15,26.80002,2.0,1
2025-03-15,P1_proposed_dss,O0002036,M000830,S0004408,C008,P01,B,B,2025-03-15,8.266666666666667,3.0,1
2025-03-15,P1_proposed_dss,O0002036,M000830,S0004409,C008,P01,B,B,2025-03-15,10.266676666666667,3.0,1
2025-03-15,P1_proposed_dss,O0002036,M000830,S0004410,C008,P01,B,B,2025-03-15,25.60002,4.0,1
2025-03-15,P1_proposed_dss,O0002040,M000831,S0004411,C009,P02,A,B,2025-03-15,7.966666666666668,3.0,0
2025-03-15,P1_proposed_dss,O0002042,M000826,S0004411,C003,P02,A,A,2025-03-15,9.866666666666665,9.0,1
2025-03-15,P1_proposed_dss,O0002043,M000828,S0004411,C006,P02,A,A,2025-03-15,8.466666666666667,12.0,1
2025-03-15,P1_proposed_dss,O0002042,M000826,S0004412,C003,P02,A,A,2025-03-15,11.866676666666665,20.0,1
2025-03-15,P1_proposed_dss,O0002040,M000831,S0004413,C009,P02,B,B,2025-03-15,9.066666666666666,17.0,1
2025-03-15,P1_proposed_dss,O0002041,M000827,S0004413,C004,P02,B,B,2025-03-15,9.466666666666667,5.0,1
2025-03-15,P1_proposed_dss,O0002041,M000827,S0004414,C004,P02,B,B,2025-03-15,11.466676666666666,2.0,1
2025-03-15,P1_proposed_dss,O0002041,M000827,S0004415,C004,P02,B,B,2025-03-15,26.80002,4.0,1
2025-03-15,P1_proposed_dss,O0002045,M000824,S0004416,C001,P03,A,A,2025-03-15,10.475,14.0,1
2025-03-15,P1_proposed_dss,O0002045,M000824,S0004417,C001,P03,A,A,2025-03-15,11.60001,14.0,1
2025-03-15,P1_proposed_dss,O0002045,M000824,S0004418,C001,P03,A,A,2025-03-15,13.475019999999999,10.0,1
2025-03-15,P1_proposed_dss,O0002046,M000834,S0004421,C012,P03,B,B,2025-03-15,9.27502,5.0,1
2025-03-15,P1_proposed_dss,O0002046,M000834,S0004422,C012,P03,B,B,2025-03-15,23.900029999999997,1.0,1
2025-03-15,P1_proposed_dss,O0002050,M000830,S0004423,C008,P04,A,A,2025-03-15,11.866666666666665,2.0,1
2025-03-15,P1_proposed_dss,O0002048,M000824,S0004424,C001,P04,A,A,2025-03-15,17.466676666666668,11.0,1
2025-03-15,P1_proposed_dss,O0002050,M000830,S0004424,C008,P04,A,A,2025-03-15,13.866676666666665,4.0,1
2025-03-15,P1_proposed_dss,O0002048,M000824,S0004425,C001,P04,A,A,2025-03-15,32.800019999999996,2.0,1
2025-03-15,P1_proposed_dss,O0002049,M000834,S0004426,C012,P04,B,B,2025-03-15,11.266666666666666,16.0,1
2025-03-15,P1_proposed_dss,O0002049,M000834,S0004427,C012,P04,B,B,2025-03-15,13.266676666666665,11.0,1
2025-03-15,P1_proposed_dss,O0002049,M000834,S0004428,C012,P04,B,B,2025-03-15,28.60002,3.0,1
2025-03-15,P1_proposed_dss,O0002052,M000829,S0004429,C007,P05,A,A,2025-03-15,8.94,6.0,1
2025-03-15,P1_proposed_dss,O0002051,M000826,S0004430,C003,P05,A,A,2025-03-15,11.66001,3.0,1
2025-03-15,P1_proposed_dss,O0002052,M000829,S0004430,C007,P05,A,A,2025-03-15,9.66001,6.0,1
2025-03-15,P1_proposed_dss,O0002051,M000826,S0004431,C003,P05,A,A,2025-03-15,12.860019999999999,6.0,1
2025-03-15,P1_proposed_dss,O0002051,M000826,S0004432,C003,P05,A,A,2025-03-15,14.54003,5.0,1
2025-03-15,P1_proposed_dss,O0002055,M000825,S0004437,C002,P06,A,A,2025-03-15,11.266666666666666,6.0,1
2025-03-15,P1_proposed_dss,O0002054,M000824,S0004438,C001,P06,A,A,2025-03-15,13.666676666666666,1.0,1
2025-03-15,P1_proposed_dss,O0002055,M000825,S0004438,C002,P06,A,A,2025-03-15,13.266676666666665,9.0,1
2025-03-15,P1_proposed_dss,O0002054,M000824,S0004439,C001,P06,A,A,2025-03-15,29.00002,5.0,1
2025-03-15,P1_proposed_dss,O0002053,M000830,S0004440,C008,P06,B,B,2025-03-15,8.066666666666666,2.0,1
2025-03-15,P1_proposed_dss,O0002053,M000830,S0004441,C008,P06,B,B,2025-03-15,10.066676666666666,15.0,1
2025-03-15,P1_proposed_dss,O0002057,M000830,S0004443,C008,P07,A,B,2025-03-15,5.589805918367346,2.0,0
2025-03-15,P1_proposed_dss,O0002059,M000834,S0004443,C012,P07,A,B,2025-03-15,4.989805918367346,8.0,0
2025-03-15,P1_proposed_dss,O0002057,M000830,S0004444,C008,P07,A,B,2025-03-15,6.20206081632653,7.0,0
2025-03-15,P1_proposed_dss,O0002057,M000830,S0004445,C008,P07,A,B,2025-03-15,7.0592136734693876,14.0,0
2025-03-15,P1_proposed_dss,O0002058,M000827,S0004445,C004,P07,A,A,2025-03-15,9.959213673469389,6.0,1
2025-03-15,P1_proposed_dss,O0002058,M000827,S0004446,C004,P07,A,A,2025-03-15,11.061264489795919,5.0,1
2025-03-15,P1_proposed_dss,O0002058,M000827,S0004447,C004,P07,A,A,2025-03-15,12.408213265306122,5.0,1
2025-03-15,P1_proposed_dss,O0002057,M000830,S0004448,C008,P07,B,B,2025-03-15,6.322448979591837,11.0,1
2025-03-15,P1_proposed_dss,O0002056,M000831,S0004449,C009,P07,B,B,2025-03-15,8.089805918367347,6.0,1
2025-03-15,P1_proposed_dss,O0002057,M000830,S0004449,C008,P07,B,B,2025-03-15,6.689805918367346,5.0,1
2025-03-15,P1_proposed_dss,O0002056,M000831,S0004450,C009,P07,B,B,2025-03-15,8.70206081632653,2.0,1
2025-03-15,P1_proposed_dss,O0002056,M000831,S0004451,C009,P07,B,B,2025-03-15,9.559213673469388,8.0,1
2025-03-15,P1_proposed_dss,O0002060,M000826,S0004451,C003,P07,B,B,2025-03-15,10.35921367346939,1.0,1
2025-03-15,P1_proposed_dss,O0002060,M000826,S0004452,C003,P07,B,B,2025-03-15,11.46126448979592,11.0,1
2025-03-15,P1_proposed_dss,O0002060,M000826,S0004453,C003,P07,B,B,2025-03-15,12.808213265306122,2.0,1
2025-03-15,P1_proposed_dss,O0002060,M000826,S0004454,C003,P07,B,B,2025-03-15,26.40006,5.0,1
2025-03-15,P1_proposed_dss,O0002061,M000829,S0004455,C007,P08,A,A,2025-03-15,8.540000000000001,9.0,1
2025-03-15,P1_proposed_dss,O0002062,M000833,S0004455,C011,P08,A,A,2025-03-15,7.94,9.0,1
2025-03-15,P1_proposed_dss,O0002061,M000829,S0004456,C007,P08,A,A,2025-03-15,9.260010000000001,5.0,1
2025-03-15,P1_proposed_dss,O0002061,M000829,S0004457,C007,P08,A,A,2025-03-15,10.46002,13.0,1
2025-03-15,P1_proposed_dss,O0002061,M000829,S0004458,C007,P08,A,A,2025-03-15,12.140030000000001,3.0,1
2025-03-15,P1_proposed_dss,O0002064,M000825,S0004458,C002,P08,A,A,2025-03-15,15.140030000000001,2.0,1
2025-03-15,P1_proposed_dss,O0002064,M000825,S0004459,C002,P08,A,A,2025-03-15,29.30004,3.0,1
2025-03-15,P1_proposed_dss,O0002063,M000834,S0004462,C012,P08,B,B,2025-03-15,9.66002,2.0,1
2025-03-15,P1_proposed_dss,O0002063,M000834,S0004463,C012,P08,B,B,2025-03-15,11.34003,1.0,1
2025-03-15,P1_proposed_dss,O0002063,M000834,S0004464,C012,P08,B,B,2025-03-15,25.50004,7.0,1
2025-03-16,B0_manual,O0002074,M000835,S0004480,C001,P03,B,B,2025-03-16,,10.0,1
2025-03-16,B0_manual,O0002074,M000835,S0004481,C001,P03,B,B,2025-03-16,,7.0,1
2025-03-16,B0_manual,O0002074,M000835,S0004482,C001,P03,B,B,2025-03-16,,4.0,1
2025-03-16,B0_manual,O0002074,M000835,S0004483,C001,P03,B,B,2025-03-16,,1.0,1
2025-03-16,B0_manual,O0002078,M000836,S0004495,C002,P05,B,B,2025-03-16,,12.0,1
2025-03-16,B0_manual,O0002078,M000836,S0004496,C002,P05,B,B,2025-03-16,,12.0,1
2025-03-16,B0_manual,O0002086,M000836,S0004499,C002,P06,A,A,2025-03-16,,10.0,1
2025-03-16,B0_manual,O0002086,M000836,S0004500,C002,P06,A,A,2025-03-16,,4.0,1
2025-03-16,B0_manual,O0002086,M000836,S0004501,C002,P06,A,A,2025-03-16,,1.0,1
2025-03-16,B0_manual,O0002070,M000837,S0004471,C003,P02,A,A,2025-03-16,,28.0,1
2025-03-16,B0_manual,O0002082,M000837,S0004497,C003,P05,B,B,2025-03-16,,7.0,1
2025-03-16,B0_manual,O0002088,M000837,S0004512,C003,P07,B,B,2025-03-16,,7.0,1
2025-03-16,B0_manual,O0002088,M000837,S0004513,C003,P07,B,B,2025-03-16,,3.0,1
2025-03-16,B0_manual,O0002088,M000837,S0004514,C003,P07,B,B,2025-03-16,,4.0,1
2025-03-16,B0_manual,O0002088,M000837,S0004515,C003,P07,B,B,2025-03-16,,4.0,1
2025-03-16,B0_manual,O0002088,M000837,S0004516,C003,P07,B,B,2025-03-16,,2.0,1
2025-03-16,B0_manual,O0002088,M000837,S0004517,C003,P07,B,B,2025-03-16,,2.0,1
2025-03-16,B0_manual,O0002088,M000837,S0004518,C003,P07,B,B,2025-03-16,,2.0,1
2025-03-16,B0_manual,O0002093,M000838,S0004519,C004,P08,A,A,2025-03-16,,17.0,1
2025-03-16,B0_manual,O0002093,M000838,S0004520,C004,P08,A,A,2025-03-16,,5.0,1
2025-03-16,B0_manual,O0002067,M000839,S0004465,C005,P01,A,A,2025-03-16,,29.0,1
2025-03-16,B0_manual,O0002067,M000839,S0004466,C005,P01,A,A,2025-03-16,,30.0,1
2025-03-16,B0_manual,O0002068,M000839,S0004474,C005,P02,B,B,2025-03-16,,10.0,1
2025-03-16,B0_manual,O0002068,M000839,S0004475,C005,P02,B,B,2025-03-16,,4.0,1
2025-03-16,B0_manual,O0002085,M000839,S0004502,C005,P06,B,B,2025-03-16,,7.0,1
2025-03-16,B0_manual,O0002094,M000840,S0004520,C006,P08,A,A,2025-03-16,,2.0,1
2025-03-16,B0_manual,O0002094,M000840,S0004521,C006,P08,A,A,2025-03-16,,2.0,1
2025-03-16,B0_manual,O0002094,M000840,S0004522,C006,P08,A,A,2025-03-16,,2.0,1
2025-03-16,B0_manual,O0002094,M000840,S0004523,C006,P08,A,A,2025-03-16,,1.0,1
2025-03-16,B0_manual,O0002073,M000841,S0004476,C007,P03,A,A,2025-03-16,,16.0,1
2025-03-16,B0_manual,O0002091,M000841,S0004505,C007,P07,A,B,2025-03-16,,31.0,0
2025-03-16,B0_manual,O0002091,M000841,S0004506,C007,P07,A,B,2025-03-16,,17.0,0
2025-03-16,B0_manual,O0002065,M000842,S0004468,C008,P01,B,B,2025-03-16,,27.0,1
2025-03-16,B0_manual,O0002065,M000842,S0004469,C008,P01,B,B,2025-03-16,,21.0,1
2025-03-16,B0_manual,O0002065,M000842,S0004470,C008,P01,B,B,2025-03-16,,2.0,1
2025-03-16,B0_manual,O0002081,M000842,S0004498,C008,P05,B,B,2025-03-16,,1.0,1
2025-03-16,B0_manual,O0002090,M000842,S0004506,C008,P07,A,A,2025-03-16,,15.0,1
2025-03-16,B0_manual,O0002090,M000842,S0004507,C008,P07,A,A,2025-03-16,,33.0,1
2025-03-16,B0_manual,O0002071,M000843,S0004476,C009,P03,A,A,2025-03-16,,1.0,1
2025-03-16,B0_manual,O0002071,M000843,S0004477,C009,P03,A,A,2025-03-16,,11.0,1
2025-03-16,B0_manual,O0002071,M000843,S0004478,C009,P03,A,A,2025-03-16,,20.0,1
2025-03-16,B0_manual,O0002076,M000844,S0004484,C010,P04,A,A,2025-03-16,,24.0,1
2025-03-16,B0_manual,O0002076,M000844,S0004485,C010,P04,A,A,2025-03-16,,5.0,1
2025-03-16,B0_manual,O0002076,M000844,S0004486,C010,P04,A,A,2025-03-16,,8.0,1
2025-03-16,B0_manual,O0002089,M000844,S0004507,C010,P07,A,A,2025-03-16,,8.0,1
2025-03-16,B0_manual,O0002089,M000844,S0004508,C010,P07,A,A,2025-03-16,,19.0,1
2025-03-16,B0_manual,O0002089,M000844,S0004509,C010,P07,A,A,2025-03-16,,4.0,1
2025-03-16,B0_manual,O0002089,M000844,S0004510,C010,P07,A,A,2025-03-16,,2.0,1
2025-03-16,B0_manual,O0002089,M000844,S0004511,C010,P07,A,A,2025-03-16,,5.0,1
2025-03-16,B0_manual,O0002077,M000845,S0004487,C011,P04,B,B,2025-03-16,,6.0,1
2025-03-16,B0_manual,O0002079,M000845,S0004490,C011,P05,A,A,2025-03-16,,14.0,1
2025-03-16,B0_manual,O0002083,M000845,S0004502,C011,P06,B,B,2025-03-16,,3.0,1
2025-03-16,B1_optimization_only,O0002065,M000842,S0004465,C008,P01,A,B,2025-03-16,7.166666666666667,10.0,0
2025-03-16,B1_optimization_only,O0002067,M000839,S0004465,C005,P01,A,A,2025-03-16,9.266666666666667,19.0,1
2025-03-16,B1_optimization_only,O0002067,M000839,S0004466,C005,P01,A,A,2025-03-16,11.266676666666667,37.0,1
2025-03-16,B1_optimization_only,O0002067,M000839,S0004467,C005,P01,A,A,2025-03-16,26.60002,3.0,1
2025-03-16,B1_optimization_only,O0002065,M000842,S0004468,C008,P01,B,B,2025-03-16,8.266666666666667,27.0,1
2025-03-16,B1_optimization_only,O0002065,M000842,S0004469,C008,P01,B,B,2025-03-16,10.266676666666667,21.0,1
2025-03-16,B1_optimization_only,O0002065,M000842,S0004470,C008,P01,B,B,2025-03-16,25.60002,2.0,1
2025-03-16,B1_optimization_only,O0002068,M000839,S0004471,C005,P02,A,B,2025-03-16,7.566666666666667,31.0,0
2025-03-16,B1_optimization_only,O0002070,M000837,S0004471,C003,P02,A,A,2025-03-16,9.866666666666665,8.0,1
2025-03-16,B1_optimization_only,O0002070,M000837,S0004472,C003,P02,A,A,2025-03-16,11.866676666666665,11.0,1
2025-03-16,B1_optimization_only,O0002070,M000837,S0004473,C003,P02,A,A,2025-03-16,27.20002,9.0,1
2025-03-16,B1_optimization_only,O0002068,M000839,S0004474,C005,P02,B,B,2025-03-16,8.666666666666666,10.0,1
2025-03-16,B1_optimization_only,O0002068,M000839,S0004475,C005,P02,B,B,2025-03-16,10.666676666666666,1.0,1
2025-03-16,B1_optimization_only,O0002069,M000843,S0004475,C009,P02,B,B,2025-03-16,11.066676666666666,3.0,1
2025-03-16,B1_optimization_only,O0002075,M000845,S0004476,C011,P03,A,B,2025-03-16,5.375,9.0,0
2025-03-16,B1_optimization_only,O0002073,M000841,S0004477,C007,P03,A,A,2025-03-16,8.200009999999999,11.0,1
2025-03-16,B1_optimization_only,O0002071,M000843,S0004478,C009,P03,A,A,2025-03-16,11.27502,22.0,1
2025-03-16,B1_optimization_only,O0002072,M000838,S0004478,C004,P03,A,B,2025-03-16,10.57502,6.0,0
2025-03-16,B1_optimization_only,O0002073,M000841,S0004478,C007,P03,A,A,2025-03-16,10.075019999999999,5.0,1
2025-03-16,B1_optimization_only,O0002071,M000843,S0004479,C009,P03,A,A,2025-03-16,25.900029999999997,10.0,1
2025-03-16,B1_optimization_only,O0002074,M000835,S0004480,C001,P03,B,B,2025-03-16,10.475,10.0,1
2025-03-16,B1_optimization_only,O0002074,M000835,S0004481,C001,P03,B,B,2025-03-16,11.60001,7.0,1
2025-03-16,B1_optimization_only,O0002074,M000835,S0004482,C001,P03,B,B,2025-03-16,13.475019999999999,4.0,1
2025-03-16,B1_optimization_only,O0002074,M000835,S0004483,C001,P03,B,B,2025-03-16,28.10003,1.0,1
2025-03-16,B1_optimization_only,O0002076,M000844,S0004484,C010,P04,A,A,2025-03-16,13.066666666666665,24.0,1
2025-03-16,B1_optimization_only,O0002076,M000844,S0004485,C010,P04,A,A,2025-03-16,15.066676666666664,5.0,1
2025-03-16,B1_optimization_only,O0002076,M000844,S0004486,C010,P04,A,A,2025-03-16,30.400019999999998,8.0,1
2025-03-16,B1_optimization_only,O0002077,M000845,S0004488,C011,P04,B,B,2025-03-16,13.466676666666666,5.0,1
2025-03-16,B1_optimization_only,O0002077,M000845,S0004489,C011,P04,B,B,2025-03-16,28.80002,1.0,1
2025-03-16,B1_optimization_only,O0002080,M000843,S0004490,C009,P05,A,B,2025-03-16,9.04,7.0,0
2025-03-16,B1_optimization_only,O0002079,M000845,S0004491,C011,P05,A,A,2025-03-16,9.06001,14.0,1
2025-03-16,B1_optimization_only,O0002080,M000843,S0004491,C009,P05,A,B,2025-03-16,9.76001,3.0,0
2025-03-16,B1_optimization_only,O0002082,M000837,S0004492,C003,P05,A,B,2025-03-16,11.760019999999999,5.0,0
2025-03-16,B1_optimization_only,O0002082,M000837,S0004493,C003,P05,A,B,2025-03-16,13.440030000000002,1.0,0
2025-03-16,B1_optimization_only,O0002082,M000837,S0004494,C003,P05,A,B,2025-03-16,27.60004,1.0,0
2025-03-16,B1_optimization_only,O0002078,M000836,S0004495,C002,P05,B,B,2025-03-16,11.94,4.0,1
2025-03-16,B1_optimization_only,O0002081,M000842,S0004495,C008,P05,B,B,2025-03-16,8.74,8.0,1
2025-03-16,B1_optimization_only,O0002078,M000836,S0004496,C002,P05,B,B,2025-03-16,12.66001,12.0,1
2025-03-16,B1_optimization_only,O0002078,M000836,S0004497,C002,P05,B,B,2025-03-16,13.860019999999999,7.0,1
2025-03-16,B1_optimization_only,O0002078,M000836,S0004498,C002,P05,B,B,2025-03-16,29.700039999999998,1.0,1
2025-03-16,B1_optimization_only,O0002086,M000836,S0004499,C002,P06,A,A,2025-03-16,11.266666666666666,10.0,1
2025-03-16,B1_optimization_only,O0002086,M000836,S0004500,C002,P06,A,A,2025-03-16,13.266676666666665,4.0,1
2025-03-16,B1_optimization_only,O0002086,M000836,S0004501,C002,P06,A,A,2025-03-16,28.60002,1.0,1
2025-03-16,B1_optimization_only,O0002083,M000845,S0004502,C011,P06,B,B,2025-03-16,7.666666666666667,3.0,1
2025-03-16,B1_optimization_only,O0002085,M000839,S0004503,C005,P06,B,B,2025-03-16,11.066676666666666,5.0,1
2025-03-16,B1_optimization_only,O0002085,M000839,S0004504,C005,P06,B,B,2025-03-16,26.400019999999998,2.0,1
2025-03-16,B1_optimization_only,O0002091,M000841,S0004505,C007,P07,A,B,2025-03-16,5.422448979591835,31.0,0
2025-03-16,B1_optimization_only,O0002090,M000842,S0004506,C008,P07,A,A,2025-03-16,6.689805918367346,17.0,1
2025-03-16,B1_optimization_only,O0002091,M000841,S0004506,C007,P07,A,B,2025-03-16,5.789805918367345,15.0,0
2025-03-16,B1_optimization_only,O0002089,M000844,S0004507,C010,P07,A,A,2025-03-16,8.50206081632653,10.0,1
2025-03-16,B1_optimization_only,O0002090,M000842,S0004507,C008,P07,A,A,2025-03-16,7.302060816326531,31.0,1
2025-03-16,B1_optimization_only,O0002089,M000844,S0004508,C010,P07,A,A,2025-03-16,9.359213673469387,19.0,1
2025-03-16,B1_optimization_only,O0002089,M000844,S0004509,C010,P07,A,A,2025-03-16,10.461264489795917,4.0,1
2025-03-16,B1_optimization_only,O0002089,M000844,S0004510,C010,P07,A,A,2025-03-16,11.80821326530612,2.0,1
2025-03-16,B1_optimization_only,O0002089,M000844,S0004511,C010,P07,A,A,2025-03-16,25.40006,5.0,1
2025-03-16,B1_optimization_only,O0002088,M000837,S0004512,C003,P07,B,B,2025-03-16,8.522448979591838,7.0,1
2025-03-16,B1_optimization_only,O0002088,M000837,S0004513,C003,P07,B,B,2025-03-16,8.889805918367347,3.0,1
2025-03-16,B1_optimization_only,O0002088,M000837,S0004514,C003,P07,B,B,2025-03-16,9.50206081632653,4.0,1
2025-03-16,B1_optimization_only,O0002088,M000837,S0004515,C003,P07,B,B,2025-03-16,10.35921367346939,4.0,1
2025-03-16,B1_optimization_only,O0002088,M000837,S0004516,C003,P07,B,B,2025-03-16,11.46126448979592,2.0,1
2025-03-16,B1_optimization_only,O0002088,M000837,S0004517,C003,P07,B,B,2025-03-16,12.808213265306122,2.0,1
2025-03-16,B1_optimization_only,O0002088,M000837,S0004518,C003,P07,B,B,2025-03-16,26.40006,2.0,1
2025-03-16,B1_optimization_only,O0002092,M000844,S0004519,C010,P08,A,A,2025-03-16,9.540000000000001,7.0,1
2025-03-16,B1_optimization_only,O0002093,M000838,S0004519,C004,P08,A,A,2025-03-16,10.14,10.0,1
2025-03-16,B1_optimization_only,O0002093,M000838,S0004520,C004,P08,A,A,2025-03-16,10.86001,7.0,1
2025-03-16,B1_optimization_only,O0002093,M000838,S0004521,C004,P08,A,A,2025-03-16,12.06002,2.0,1
2025-03-16,B1_optimization_only,O0002093,M000838,S0004522,C004,P08,A,A,2025-03-16,13.740030000000003,2.0,1
2025-03-16,B1_optimization_only,O0002093,M000838,S0004523,C004,P08,A,A,2025-03-16,27.900039999999997,1.0,1
2025-03-16,P1_proposed_dss,O0002065,M000842,S0004465,C008,P01,A,B,2025-03-16,7.166666666666667,10.0,0
2025-03-16,P1_proposed_dss,O0002067,M000839,S0004465,C005,P01,A,A,2025-03-16,9.266666666666667,19.0,1
2025-03-16,P1_proposed_dss,O0002067,M000839,S0004466,C005,P01,A,A,2025-03-16,11.266676666666667,37.0,1
2025-03-16,P1_proposed_dss,O0002067,M000839,S0004467,C005,P01,A,A,2025-03-16,26.60002,3.0,1
2025-03-16,P1_proposed_dss,O0002065,M000842,S0004468,C008,P01,B,B,2025-03-16,8.266666666666667,27.0,1
2025-03-16,P1_proposed_dss,O0002065,M000842,S0004469,C008,P01,B,B,2025-03-16,10.266676666666667,21.0,1
2025-03-16,P1_proposed_dss,O0002065,M000842,S0004470,C008,P01,B,B,2025-03-16,25.60002,2.0,1
2025-03-16,P1_proposed_dss,O0002068,M000839,S0004471,C005,P02,A,B,2025-03-16,7.566666666666667,31.0,0
2025-03-16,P1_proposed_dss,O0002070,M000837,S0004471,C003,P02,A,A,2025-03-16,9.866666666666665,8.0,1
2025-03-16,P1_proposed_dss,O0002070,M000837,S0004472,C003,P02,A,A,2025-03-16,11.866676666666665,11.0,1
2025-03-16,P1_proposed_dss,O0002070,M000837,S0004473,C003,P02,A,A,2025-03-16,27.20002,9.0,1
2025-03-16,P1_proposed_dss,O0002068,M000839,S0004474,C005,P02,B,B,2025-03-16,8.666666666666666,10.0,1
2025-03-16,P1_proposed_dss,O0002068,M000839,S0004475,C005,P02,B,B,2025-03-16,10.666676666666666,1.0,1
2025-03-16,P1_proposed_dss,O0002069,M000843,S0004475,C009,P02,B,B,2025-03-16,11.066676666666666,3.0,1
2025-03-16,P1_proposed_dss,O0002075,M000845,S0004476,C011,P03,A,B,2025-03-16,5.375,9.0,0
2025-03-16,P1_proposed_dss,O0002073,M000841,S0004477,C007,P03,A,A,2025-03-16,8.200009999999999,11.0,1
2025-03-16,P1_proposed_dss,O0002071,M000843,S0004478,C009,P03,A,A,2025-03-16,11.27502,22.0,1
2025-03-16,P1_proposed_dss,O0002072,M000838,S0004478,C004,P03,A,B,2025-03-16,10.57502,6.0,0
2025-03-16,P1_proposed_dss,O0002073,M000841,S0004478,C007,P03,A,A,2025-03-16,10.075019999999999,5.0,1
2025-03-16,P1_proposed_dss,O0002071,M000843,S0004479,C009,P03,A,A,2025-03-16,25.900029999999997,10.0,1
2025-03-16,P1_proposed_dss,O0002074,M000835,S0004480,C001,P03,B,B,2025-03-16,10.475,10.0,1
2025-03-16,P1_proposed_dss,O0002074,M000835,S0004481,C001,P03,B,B,2025-03-16,11.60001,7.0,1
2025-03-16,P1_proposed_dss,O0002074,M000835,S0004482,C001,P03,B,B,2025-03-16,13.475019999999999,4.0,1
2025-03-16,P1_proposed_dss,O0002074,M000835,S0004483,C001,P03,B,B,2025-03-16,28.10003,1.0,1
2025-03-16,P1_proposed_dss,O0002076,M000844,S0004484,C010,P04,A,A,2025-03-16,13.066666666666665,24.0,1
2025-03-16,P1_proposed_dss,O0002076,M000844,S0004485,C010,P04,A,A,2025-03-16,15.066676666666664,5.0,1
2025-03-16,P1_proposed_dss,O0002076,M000844,S0004486,C010,P04,A,A,2025-03-16,30.400019999999998,8.0,1
2025-03-16,P1_proposed_dss,O0002077,M000845,S0004488,C011,P04,B,B,2025-03-16,13.466676666666666,5.0,1
2025-03-16,P1_proposed_dss,O0002077,M000845,S0004489,C011,P04,B,B,2025-03-16,28.80002,1.0,1
2025-03-16,P1_proposed_dss,O0002080,M000843,S0004490,C009,P05,A,B,2025-03-16,9.04,7.0,0
2025-03-16,P1_proposed_dss,O0002079,M000845,S0004491,C011,P05,A,A,2025-03-16,9.06001,14.0,1
2025-03-16,P1_proposed_dss,O0002080,M000843,S0004491,C009,P05,A,B,2025-03-16,9.76001,3.0,0
2025-03-16,P1_proposed_dss,O0002082,M000837,S0004492,C003,P05,A,B,2025-03-16,11.760019999999999,5.0,0
2025-03-16,P1_proposed_dss,O0002082,M000837,S0004493,C003,P05,A,B,2025-03-16,13.440030000000002,1.0,0
2025-03-16,P1_proposed_dss,O0002082,M000837,S0004494,C003,P05,A,B,2025-03-16,27.60004,1.0,0
2025-03-16,P1_proposed_dss,O0002078,M000836,S0004495,C002,P05,B,B,2025-03-16,11.94,4.0,1
2025-03-16,P1_proposed_dss,O0002081,M000842,S0004495,C008,P05,B,B,2025-03-16,8.74,8.0,1
2025-03-16,P1_proposed_dss,O0002078,M000836,S0004496,C002,P05,B,B,2025-03-16,12.66001,12.0,1
2025-03-16,P1_proposed_dss,O0002078,M000836,S0004497,C002,P05,B,B,2025-03-16,13.860019999999999,7.0,1
2025-03-16,P1_proposed_dss,O0002078,M000836,S0004498,C002,P05,B,B,2025-03-16,29.700039999999998,1.0,1
2025-03-16,P1_proposed_dss,O0002086,M000836,S0004499,C002,P06,A,A,2025-03-16,11.266666666666666,10.0,1
2025-03-16,P1_proposed_dss,O0002086,M000836,S0004500,C002,P06,A,A,2025-03-16,13.266676666666665,4.0,1
2025-03-16,P1_proposed_dss,O0002086,M000836,S0004501,C002,P06,A,A,2025-03-16,28.60002,1.0,1
2025-03-16,P1_proposed_dss,O0002083,M000845,S0004502,C011,P06,B,B,2025-03-16,7.666666666666667,3.0,1
2025-03-16,P1_proposed_dss,O0002085,M000839,S0004503,C005,P06,B,B,2025-03-16,11.066676666666666,5.0,1
2025-03-16,P1_proposed_dss,O0002085,M000839,S0004504,C005,P06,B,B,2025-03-16,26.400019999999998,2.0,1
2025-03-16,P1_proposed_dss,O0002091,M000841,S0004505,C007,P07,A,B,2025-03-16,5.422448979591835,31.0,0
2025-03-16,P1_proposed_dss,O0002090,M000842,S0004506,C008,P07,A,A,2025-03-16,6.689805918367346,17.0,1
2025-03-16,P1_proposed_dss,O0002091,M000841,S0004506,C007,P07,A,B,2025-03-16,5.789805918367345,15.0,0
2025-03-16,P1_proposed_dss,O0002089,M000844,S0004507,C010,P07,A,A,2025-03-16,8.50206081632653,10.0,1
2025-03-16,P1_proposed_dss,O0002090,M000842,S0004507,C008,P07,A,A,2025-03-16,7.302060816326531,31.0,1
2025-03-16,P1_proposed_dss,O0002089,M000844,S0004508,C010,P07,A,A,2025-03-16,9.359213673469387,19.0,1
2025-03-16,P1_proposed_dss,O0002089,M000844,S0004509,C010,P07,A,A,2025-03-16,10.461264489795917,4.0,1
2025-03-16,P1_proposed_dss,O0002089,M000844,S0004510,C010,P07,A,A,2025-03-16,11.80821326530612,2.0,1
2025-03-16,P1_proposed_dss,O0002089,M000844,S0004511,C010,P07,A,A,2025-03-16,25.40006,5.0,1
2025-03-16,P1_proposed_dss,O0002088,M000837,S0004512,C003,P07,B,B,2025-03-16,8.522448979591838,7.0,1
2025-03-16,P1_proposed_dss,O0002088,M000837,S0004513,C003,P07,B,B,2025-03-16,8.889805918367347,3.0,1
2025-03-16,P1_proposed_dss,O0002088,M000837,S0004514,C003,P07,B,B,2025-03-16,9.50206081632653,4.0,1
2025-03-16,P1_proposed_dss,O0002088,M000837,S0004515,C003,P07,B,B,2025-03-16,10.35921367346939,4.0,1
2025-03-16,P1_proposed_dss,O0002088,M000837,S0004516,C003,P07,B,B,2025-03-16,11.46126448979592,2.0,1
2025-03-16,P1_proposed_dss,O0002088,M000837,S0004517,C003,P07,B,B,2025-03-16,12.808213265306122,2.0,1
2025-03-16,P1_proposed_dss,O0002088,M000837,S0004518,C003,P07,B,B,2025-03-16,26.40006,2.0,1
2025-03-16,P1_proposed_dss,O0002092,M000844,S0004519,C010,P08,A,A,2025-03-16,9.540000000000001,7.0,1
2025-03-16,P1_proposed_dss,O0002093,M000838,S0004519,C004,P08,A,A,2025-03-16,10.14,10.0,1
2025-03-16,P1_proposed_dss,O0002093,M000838,S0004520,C004,P08,A,A,2025-03-16,10.86001,7.0,1
2025-03-16,P1_proposed_dss,O0002093,M000838,S0004521,C004,P08,A,A,2025-03-16,12.06002,2.0,1
2025-03-16,P1_proposed_dss,O0002093,M000838,S0004522,C004,P08,A,A,2025-03-16,13.740030000000003,2.0,1
2025-03-16,P1_proposed_dss,O0002093,M000838,S0004523,C004,P08,A,A,2025-03-16,27.900039999999997,1.0,1
2025-03-17,B0_manual,O0002098,M000847,S0004529,C001,P01,A,A,2025-03-17,,27.0,1
2025-03-17,B0_manual,O0002098,M000847,S0004530,C001,P01,A,A,2025-03-17,,2.0,1
2025-03-17,B0_manual,O0002112,M000847,S0004554,C001,P05,A,A,2025-03-17,,24.0,1
2025-03-17,B0_manual,O0002112,M000847,S0004555,C001,P05,A,A,2025-03-17,,11.0,1
2025-03-17,B0_manual,O0002121,M000847,S0004586,C001,P08,B,B,2025-03-17,,3.0,1
2025-03-17,B0_manual,O0002103,M000848,S0004538,C002,P02,B,B,2025-03-17,,10.0,1
2025-03-17,B0_manual,O0002109,M000848,S0004551,C002,P04,B,B,2025-03-17,,7.0,1
2025-03-17,B0_manual,O0002109,M000848,S0004552,C002,P04,B,B,2025-03-17,,3.0,1
2025-03-17,B0_manual,O0002109,M000848,S0004553,C002,P04,B,B,2025-03-17,,1.0,1
2025-03-17,B0_manual,O0002109,M000848,S0004548,C002,P04,A,B,2025-03-17,,20.0,0
2025-03-17,B0_manual,O0002116,M000848,S0004566,C002,P06,B,B,2025-03-17,,3.0,1
2025-03-17,B0_manual,O0002116,M000848,S0004567,C002,P06,B,B,2025-03-17,,4.0,1
2025-03-17,B0_manual,O0002095,M000849,S0004530,C003,P01,A,A,2025-03-17,,10.0,1
2025-03-17,B0_manual,O0002101,M000849,S0004535,C003,P02,A,A,2025-03-17,,18.0,1
2025-03-17,B0_manual,O0002122,M000849,S0004586,C003,P08,B,B,2025-03-17,,3.0,1
2025-03-17,B0_manual,O0002108,M000850,S0004548,C004,P04,A,A,2025-03-17,,7.0,1
2025-03-17,B0_manual,O0002108,M000850,S0004549,C004,P04,A,A,2025-03-17,,2.0,1
2025-03-17,B0_manual,O0002096,M000851,S0004532,C005,P01,B,B,2025-03-17,,17.0,1
2025-03-17,B0_manual,O0002096,M000851,S0004533,C005,P01,B,B,2025-03-17,,9.0,1
2025-03-17,B0_manual,O0002096,M000851,S0004534,C005,P01,B,B,2025-03-17,,8.0,1
2025-03-17,B0_manual,O0002100,M000851,S0004535,C005,P02,A,A,2025-03-17,,4.0,1
2025-03-17,B0_manual,O0002100,M000851,S0004536,C005,P02,A,A,2025-03-17,,4.0,1
2025-03-17,B0_manual,O0002105,M000851,S0004545,C005,P03,B,B,2025-03-17,,9.0,1
2025-03-17,B0_manual,O0002105,M000851,S0004546,C005,P03,B,B,2025-03-17,,4.0,1
2025-03-17,B0_manual,O0002105,M000851,S0004547,C005,P03,B,B,2025-03-17,,1.0,1
2025-03-17,B0_manual,O0002123,M000851,S0004586,C005,P08,B,B,2025-03-17,,2.0,1
2025-03-17,B0_manual,O0002123,M000851,S0004587,C005,P08,B,B,2025-03-17,,3.0,1
2025-03-17,B0_manual,O0002123,M000851,S0004588,C005,P08,B,B,2025-03-17,,4.0,1
2025-03-17,B0_manual,O0002123,M000851,S0004589,C005,P08,B,B,2025-03-17,,5.0,1
2025-03-17,B0_manual,O0002099,M000852,S0004530,C006,P01,A,A,2025-03-17,,2.0,1
2025-03-17,B0_manual,O0002099,M000852,S0004531,C006,P01,A,A,2025-03-17,,8.0,1
2025-03-17,B0_manual,O0002119,M000852,S0004569,C006,P07,A,A,2025-03-17,,13.0,1
2025-03-17,B0_manual,O0002114,M000853,S0004563,C007,P06,A,A,2025-03-17,,6.0,1
2025-03-17,B0_manual,O0002120,M000853,S0004569,C007,P07,A,A,2025-03-17,,25.0,1
2025-03-17,B0_manual,O0002104,M000854,S0004536,C008,P02,A,A,2025-03-17,,8.0,1
2025-03-17,B0_manual,O0002110,M000854,S0004549,C008,P04,A,A,2025-03-17,,13.0,1
2025-03-17,B0_manual,O0002110,M000854,S0004550,C008,P04,A,A,2025-03-17,,5.0,1
2025-03-17,B0_manual,O0002111,M000854,S0004559,C008,P05,B,B,2025-03-17,,8.0,1
2025-03-17,B0_manual,O0002111,M000854,S0004560,C008,P05,B,B,2025-03-17,,3.0,1
2025-03-17,B0_manual,O0002111,M000854,S0004561,C008,P05,B,B,2025-03-17,,7.0,1
2025-03-17,B0_manual,O0002111,M000854,S0004562,C008,P05,B,B,2025-03-17,,3.0,1
2025-03-17,B0_manual,O0002115,M000854,S0004563,C008,P06,A,A,2025-03-17,,2.0,1
2025-03-17,B0_manual,O0002115,M000854,S0004564,C008,P06,A,A,2025-03-17,,1.0,1
2025-03-17,B0_manual,O0002117,M000854,S0004570,C008,P07,A,A,2025-03-17,,18.0,1
2025-03-17,B0_manual,O0002117,M000854,S0004571,C008,P07,A,A,2025-03-17,,14.0,1
2025-03-17,B0_manual,O0002097,M000856,S0004531,C011,P01,A,A,2025-03-17,,14.0,1
2025-03-17,B0_manual,O0002102,M000856,S0004536,C011,P02,A,A,2025-03-17,,3.0,1
2025-03-17,B0_manual,O0002102,M000856,S0004537,C011,P02,A,A,2025-03-17,,2.0,1
2025-03-17,B0_manual,O0002113,M000856,S0004564,C011,P06,A,A,2025-03-17,,12.0,1
2025-03-17,B0_manual,O0002124,M000856,S0004583,C011,P08,A,A,2025-03-17,,9.0,1
2025-03-17,B0_manual,O0002124,M000856,S0004584,C011,P08,A,A,2025-03-17,,7.0,1
2025-03-17,B0_manual,O0002118,M000857,S0004572,C012,P07,A,A,2025-03-17,,6.0,1
2025-03-17,B0_manual,O0002118,M000857,S0004573,C012,P07,A,A,2025-03-17,,1.0,1
2025-03-17,B0_manual,O0002118,M000857,S0004574,C012,P07,A,A,2025-03-17,,6.0,1
2025-03-17,B0_manual,O0002118,M000857,S0004575,C012,P07,A,A,2025-03-17,,3.0,1
2025-03-17,B1_optimization_only,O0002095,M000849,S0004529,C003,P01,A,A,2025-03-17,10.466666666666667,3.0,1
2025-03-17,B1_optimization_only,O0002096,M000851,S0004529,C005,P01,A,B,2025-03-17,8.166666666666668,1.0,0
2025-03-17,B1_optimization_only,O0002097,M000856,S0004529,C011,P01,A,A,2025-03-17,7.866666666666667,13.0,1
2025-03-17,B1_optimization_only,O0002099,M000852,S0004529,C006,P01,A,A,2025-03-17,9.066666666666666,10.0,1
2025-03-17,B1_optimization_only,O0002095,M000849,S0004530,C003,P01,A,A,2025-03-17,12.466676666666666,7.0,1
2025-03-17,B1_optimization_only,O0002098,M000847,S0004530,C001,P01,A,A,2025-03-17,13.866676666666665,7.0,1
2025-03-17,B1_optimization_only,O0002098,M000847,S0004531,C001,P01,A,A,2025-03-17,29.20002,22.0,1
2025-03-17,B1_optimization_only,O0002096,M000851,S0004532,C005,P01,B,B,2025-03-17,9.266666666666667,17.0,1
2025-03-17,B1_optimization_only,O0002096,M000851,S0004533,C005,P01,B,B,2025-03-17,11.266676666666667,9.0,1
2025-03-17,B1_optimization_only,O0002096,M000851,S0004534,C005,P01,B,B,2025-03-17,26.60002,8.0,1
2025-03-17,B1_optimization_only,O0002100,M000851,S0004535,C005,P02,A,A,2025-03-17,8.666666666666666,8.0,1
2025-03-17,B1_optimization_only,O0002101,M000849,S0004535,C003,P02,A,A,2025-03-17,9.866666666666665,1.0,1
2025-03-17,B1_optimization_only,O0002102,M000856,S0004535,C011,P02,A,A,2025-03-17,7.266666666666667,5.0,1
2025-03-17,B1_optimization_only,O0002104,M000854,S0004535,C008,P02,A,A,2025-03-17,7.666666666666667,8.0,1
2025-03-17,B1_optimization_only,O0002101,M000849,S0004536,C003,P02,A,A,2025-03-17,11.866676666666665,15.0,1
2025-03-17,B1_optimization_only,O0002101,M000849,S0004537,C003,P02,A,A,2025-03-17,27.20002,2.0,1
2025-03-17,B1_optimization_only,O0002103,M000848,S0004539,C002,P02,B,B,2025-03-17,12.866676666666665,9.0,1
2025-03-17,B1_optimization_only,O0002103,M000848,S0004540,C002,P02,B,B,2025-03-17,28.20002,1.0,1
2025-03-17,B1_optimization_only,O0002105,M000851,S0004541,C005,P03,A,B,2025-03-17,6.775,16.0,0
2025-03-17,B1_optimization_only,O0002107,M000855,S0004541,C009,P03,A,B,2025-03-17,7.175000000000001,9.0,0
2025-03-17,B1_optimization_only,O0002107,M000855,S0004542,C009,P03,A,B,2025-03-17,8.30001,23.0,0
2025-03-17,B1_optimization_only,O0002107,M000855,S0004543,C009,P03,A,B,2025-03-17,10.17502,17.0,0
2025-03-17,B1_optimization_only,O0002107,M000855,S0004544,C009,P03,A,B,2025-03-17,24.80003,3.0,0
2025-03-17,B1_optimization_only,O0002106,M000857,S0004545,C012,P03,B,B,2025-03-17,6.275,6.0,1
2025-03-17,B1_optimization_only,O0002107,M000855,S0004545,C009,P03,B,B,2025-03-17,8.275,3.0,1
2025-03-17,B1_optimization_only,O0002107,M000855,S0004546,C009,P03,B,B,2025-03-17,9.40001,4.0,1
2025-03-17,B1_optimization_only,O0002107,M000855,S0004547,C009,P03,B,B,2025-03-17,11.27502,1.0,1
2025-03-17,B1_optimization_only,O0002108,M000850,S0004548,C004,P04,A,A,2025-03-17,13.666666666666666,9.0,1
2025-03-17,B1_optimization_only,O0002110,M000854,S0004548,C008,P04,A,A,2025-03-17,11.866666666666665,18.0,1
2025-03-17,B1_optimization_only,O0002109,M000848,S0004549,C002,P04,A,B,2025-03-17,15.966676666666665,15.0,0
2025-03-17,B1_optimization_only,O0002109,M000848,S0004550,C002,P04,A,B,2025-03-17,31.300019999999996,5.0,0
2025-03-17,B1_optimization_only,O0002109,M000848,S0004551,C002,P04,B,B,2025-03-17,15.066666666666665,7.0,1
2025-03-17,B1_optimization_only,O0002109,M000848,S0004552,C002,P04,B,B,2025-03-17,17.066676666666666,3.0,1
2025-03-17,B1_optimization_only,O0002109,M000848,S0004553,C002,P04,B,B,2025-03-17,32.40002,1.0,1
2025-03-17,B1_optimization_only,O0002112,M000847,S0004555,C001,P05,A,A,2025-03-17,13.06001,11.0,1
2025-03-17,B1_optimization_only,O0002112,M000847,S0004556,C001,P05,A,A,2025-03-17,14.260019999999999,12.0,1
2025-03-17,B1_optimization_only,O0002112,M000847,S0004557,C001,P05,A,A,2025-03-17,15.940030000000002,3.0,1
2025-03-17,B1_optimization_only,O0002112,M000847,S0004558,C001,P05,A,A,2025-03-17,30.10004,9.0,1
2025-03-17,B1_optimization_only,O0002111,M000854,S0004559,C008,P05,B,B,2025-03-17,8.74,8.0,1
2025-03-17,B1_optimization_only,O0002111,M000854,S0004560,C008,P05,B,B,2025-03-17,9.46001,3.0,1
2025-03-17,B1_optimization_only,O0002111,M000854,S0004561,C008,P05,B,B,2025-03-17,10.66002,7.0,1
2025-03-17,B1_optimization_only,O0002111,M000854,S0004562,C008,P05,B,B,2025-03-17,12.34003,3.0,1
2025-03-17,B1_optimization_only,O0002113,M000856,S0004563,C011,P06,A,A,2025-03-17,7.666666666666667,2.0,1
2025-03-17,B1_optimization_only,O0002113,M000856,S0004564,C011,P06,A,A,2025-03-17,9.666676666666666,10.0,1
2025-03-17,B1_optimization_only,O0002114,M000853,S0004564,C007,P06,A,A,2025-03-17,10.266676666666665,4.0,1
2025-03-17,B1_optimization_only,O0002115,M000854,S0004564,C008,P06,A,A,2025-03-17,10.066676666666666,3.0,1
2025-03-17,B1_optimization_only,O0002114,M000853,S0004565,C007,P06,A,A,2025-03-17,25.60002,2.0,1
2025-03-17,B1_optimization_only,O0002116,M000848,S0004567,C002,P06,B,B,2025-03-17,13.266676666666665,5.0,1
2025-03-17,B1_optimization_only,O0002116,M000848,S0004568,C002,P06,B,B,2025-03-17,28.60002,2.0,1
2025-03-17,B1_optimization_only,O0002117,M000854,S0004569,C008,P07,A,A,2025-03-17,6.322448979591837,22.0,1
2025-03-17,B1_optimization_only,O0002118,M000857,S0004569,C012,P07,A,A,2025-03-17,5.722448979591836,16.0,1
2025-03-17,B1_optimization_only,O0002117,M000854,S0004570,C008,P07,A,A,2025-03-17,6.689805918367346,10.0,1
2025-03-17,B1_optimization_only,O0002120,M000853,S0004570,C007,P07,A,A,2025-03-17,6.889805918367346,8.0,1
2025-03-17,B1_optimization_only,O0002120,M000853,S0004571,C007,P07,A,A,2025-03-17,7.50206081632653,14.0,1
2025-03-17,B1_optimization_only,O0002119,M000852,S0004572,C006,P07,A,A,2025-03-17,8.959213673469389,3.0,1
2025-03-17,B1_optimization_only,O0002120,M000853,S0004572,C007,P07,A,A,2025-03-17,8.359213673469387,3.0,1
2025-03-17,B1_optimization_only,O0002119,M000852,S0004573,C006,P07,A,A,2025-03-17,10.061264489795919,1.0,1
2025-03-17,B1_optimization_only,O0002119,M000852,S0004574,C006,P07,A,A,2025-03-17,11.408213265306122,6.0,1
2025-03-17,B1_optimization_only,O0002119,M000852,S0004575,C006,P07,A,A,2025-03-17,25.00006,3.0,1
2025-03-17,B1_optimization_only,O0002124,M000856,S0004583,C011,P08,A,A,2025-03-17,7.94,2.0,1
2025-03-17,B1_optimization_only,O0002124,M000856,S0004584,C011,P08,A,A,2025-03-17,8.66001,11.0,1
2025-03-17,B1_optimization_only,O0002124,M000856,S0004585,C011,P08,A,A,2025-03-17,9.860019999999999,3.0,1
2025-03-17,B1_optimization_only,O0002123,M000851,S0004586,C005,P08,B,B,2025-03-17,9.340000000000002,8.0,1
2025-03-17,B1_optimization_only,O0002123,M000851,S0004587,C005,P08,B,B,2025-03-17,10.060010000000002,3.0,1
2025-03-17,B1_optimization_only,O0002122,M000849,S0004588,C003,P08,B,B,2025-03-17,12.46002,1.0,1
2025-03-17,B1_optimization_only,O0002123,M000851,S0004588,C005,P08,B,B,2025-03-17,11.26002,3.0,1
2025-03-17,B1_optimization_only,O0002121,M000847,S0004589,C001,P08,B,B,2025-03-17,15.54003,3.0,1
2025-03-17,B1_optimization_only,O0002122,M000849,S0004589,C003,P08,B,B,2025-03-17,14.140030000000001,2.0,1
2025-03-17,P1_proposed_dss,O0002095,M000849,S0004529,C003,P01,A,A,2025-03-17,10.466666666666667,3.0,1
2025-03-17,P1_proposed_dss,O0002097,M000856,S0004529,C011,P01,A,A,2025-03-17,7.866666666666667,14.0,1
2025-03-17,P1_proposed_dss,O0002099,M000852,S0004529,C006,P01,A,A,2025-03-17,9.066666666666666,10.0,1
2025-03-17,P1_proposed_dss,O0002095,M000849,S0004530,C003,P01,A,A,2025-03-17,12.466676666666666,7.0,1
2025-03-17,P1_proposed_dss,O0002098,M000847,S0004530,C001,P01,A,A,2025-03-17,13.866676666666665,7.0,1
2025-03-17,P1_proposed_dss,O0002098,M000847,S0004531,C001,P01,A,A,2025-03-17,29.20002,22.0,1
2025-03-17,P1_proposed_dss,O0002100,M000851,S0004535,C005,P02,A,A,2025-03-17,8.666666666666666,8.0,1
2025-03-17,P1_proposed_dss,O0002101,M000849,S0004535,C003,P02,A,A,2025-03-17,9.866666666666665,1.0,1
2025-03-17,P1_proposed_dss,O0002102,M000856,S0004535,C011,P02,A,A,2025-03-17,7.266666666666667,5.0,1
2025-03-17,P1_proposed_dss,O0002104,M000854,S0004535,C008,P02,A,A,2025-03-17,7.666666666666667,8.0,1
2025-03-17,P1_proposed_dss,O0002101,M000849,S0004536,C003,P02,A,A,2025-03-17,11.866676666666665,15.0,1
2025-03-17,P1_proposed_dss,O0002101,M000849,S0004537,C003,P02,A,A,2025-03-17,27.20002,2.0,1
2025-03-17,P1_proposed_dss,O0002103,M000848,S0004539,C002,P02,B,B,2025-03-17,12.866676666666665,9.0,1
2025-03-17,P1_proposed_dss,O0002103,M000848,S0004540,C002,P02,B,B,2025-03-17,28.20002,1.0,1
2025-03-17,P1_proposed_dss,O0002105,M000851,S0004541,C005,P03,A,B,2025-03-17,6.775,16.0,0
2025-03-17,P1_proposed_dss,O0002107,M000855,S0004541,C009,P03,A,B,2025-03-17,7.175000000000001,9.0,0
2025-03-17,P1_proposed_dss,O0002107,M000855,S0004542,C009,P03,A,B,2025-03-17,8.30001,23.0,0
2025-03-17,P1_proposed_dss,O0002107,M000855,S0004543,C009,P03,A,B,2025-03-17,10.17502,17.0,0
2025-03-17,P1_proposed_dss,O0002107,M000855,S0004544,C009,P03,A,B,2025-03-17,24.80003,3.0,0
2025-03-17,P1_proposed_dss,O0002106,M000857,S0004545,C003,P03,B,B,2025-03-17,9.075,1.0,1
2025-03-17,P1_proposed_dss,O0002107,M000855,S0004545,C009,P03,B,B,2025-03-17,8.275,8.0,1
2025-03-17,P1_proposed_dss,O0002106,M000857,S0004546,C003,P03,B,B,2025-03-17,10.200009999999999,4.0,1
2025-03-17,P1_proposed_dss,O0002106,M000857,S0004547,C003,P03,B,B,2025-03-17,12.075019999999999,1.0,1
2025-03-17,P1_proposed_dss,O0002108,M000850,S0004548,C004,P04,A,A,2025-03-17,13.666666666666666,9.0,1
2025-03-17,P1_proposed_dss,O0002110,M000854,S0004548,C008,P04,A,A,2025-03-17,11.866666666666665,18.0,1
2025-03-17,P1_proposed_dss,O0002109,M000848,S0004549,C002,P04,A,B,2025-03-17,15.966676666666665,15.0,0
2025-03-17,P1_proposed_dss,O0002109,M000848,S0004550,C002,P04,A,B,2025-03-17,31.300019999999996,5.0,0
2025-03-17,P1_proposed_dss,O0002109,M000848,S0004551,C002,P04,B,B,2025-03-17,15.066666666666665,7.0,1
2025-03-17,P1_proposed_dss,O0002109,M000848,S0004552,C002,P04,B,B,2025-03-17,17.066676666666666,3.0,1
2025-03-17,P1_proposed_dss,O0002109,M000848,S0004553,C002,P04,B,B,2025-03-17,32.40002,1.0,1
2025-03-17,P1_proposed_dss,O0002112,M000847,S0004555,C001,P05,A,A,2025-03-17,13.06001,11.0,1
2025-03-17,P1_proposed_dss,O0002112,M000847,S0004556,C001,P05,A,A,2025-03-17,14.260019999999999,12.0,1
2025-03-17,P1_proposed_dss,O0002112,M000847,S0004557,C001,P05,A,A,2025-03-17,15.940030000000002,3.0,1
2025-03-17,P1_proposed_dss,O0002112,M000847,S0004558,C001,P05,A,A,2025-03-17,30.10004,9.0,1
2025-03-17,P1_proposed_dss,O0002111,M000854,S0004559,C008,P05,B,B,2025-03-17,8.74,8.0,1
2025-03-17,P1_proposed_dss,O0002111,M000854,S0004560,C008,P05,B,B,2025-03-17,9.46001,3.0,1
2025-03-17,P1_proposed_dss,O0002111,M000854,S0004561,C008,P05,B,B,2025-03-17,10.66002,7.0,1
2025-03-17,P1_proposed_dss,O0002111,M000854,S0004562,C008,P05,B,B,2025-03-17,12.34003,3.0,1
2025-03-17,P1_proposed_dss,O0002113,M000856,S0004563,C011,P06,A,A,2025-03-17,7.666666666666667,2.0,1
2025-03-17,P1_proposed_dss,O0002113,M000856,S0004564,C011,P06,A,A,2025-03-17,9.666676666666666,10.0,1
2025-03-17,P1_proposed_dss,O0002114,M000853,S0004564,C007,P06,A,A,2025-03-17,10.266676666666665,4.0,1
2025-03-17,P1_proposed_dss,O0002115,M000854,S0004564,C008,P06,A,A,2025-03-17,10.066676666666666,3.0,1
2025-03-17,P1_proposed_dss,O0002114,M000853,S0004565,C007,P06,A,A,2025-03-17,25.60002,2.0,1
2025-03-17,P1_proposed_dss,O0002116,M000848,S0004567,C002,P06,B,B,2025-03-17,13.266676666666665,5.0,1
2025-03-17,P1_proposed_dss,O0002116,M000848,S0004568,C002,P06,B,B,2025-03-17,28.60002,2.0,1
2025-03-17,P1_proposed_dss,O0002096,M000851,S0004569,C005,P07,A,B,2025-03-17,6.222448979591836,12.0,0
2025-03-17,P1_proposed_dss,O0002117,M000854,S0004569,C008,P07,A,A,2025-03-17,6.322448979591837,22.0,1
2025-03-17,P1_proposed_dss,O0002118,M000857,S0004569,C012,P07,A,A,2025-03-17,5.722448979591836,4.0,1
2025-03-17,P1_proposed_dss,O0002117,M000854,S0004570,C008,P07,A,A,2025-03-17,6.689805918367346,10.0,1
2025-03-17,P1_proposed_dss,O0002120,M000853,S0004570,C007,P07,A,A,2025-03-17,6.889805918367346,8.0,1
2025-03-17,P1_proposed_dss,O0002120,M000853,S0004571,C007,P07,A,A,2025-03-17,7.50206081632653,14.0,1
2025-03-17,P1_proposed_dss,O0002119,M000852,S0004572,C006,P07,A,A,2025-03-17,8.959213673469389,3.0,1
2025-03-17,P1_proposed_dss,O0002120,M000853,S0004572,C007,P07,A,A,2025-03-17,8.359213673469387,3.0,1
2025-03-17,P1_proposed_dss,O0002119,M000852,S0004573,C006,P07,A,A,2025-03-17,10.061264489795919,1.0,1
2025-03-17,P1_proposed_dss,O0002119,M000852,S0004574,C006,P07,A,A,2025-03-17,11.408213265306122,6.0,1
2025-03-17,P1_proposed_dss,O0002119,M000852,S0004575,C006,P07,A,A,2025-03-17,25.00006,3.0,1
2025-03-17,P1_proposed_dss,O0002096,M000851,S0004576,C005,P07,B,B,2025-03-17,7.322448979591837,5.0,1
2025-03-17,P1_proposed_dss,O0002096,M000851,S0004577,C005,P07,B,B,2025-03-17,7.689805918367346,5.0,1
2025-03-17,P1_proposed_dss,O0002096,M000851,S0004578,C005,P07,B,B,2025-03-17,8.30206081632653,6.0,1
2025-03-17,P1_proposed_dss,O0002096,M000851,S0004579,C005,P07,B,B,2025-03-17,9.159213673469388,3.0,1
2025-03-17,P1_proposed_dss,O0002096,M000851,S0004580,C005,P07,B,B,2025-03-17,10.261264489795918,1.0,1
2025-03-17,P1_proposed_dss,O0002096,M000851,S0004581,C005,P07,B,B,2025-03-17,11.608213265306121,2.0,1
2025-03-17,P1_proposed_dss,O0002096,M000851,S0004582,C005,P07,B,B,2025-03-17,25.20006,1.0,1
2025-03-17,P1_proposed_dss,O0002124,M000856,S0004583,C011,P08,A,A,2025-03-17,7.94,2.0,1
2025-03-17,P1_proposed_dss,O0002124,M000856,S0004584,C011,P08,A,A,2025-03-17,8.66001,11.0,1
2025-03-17,P1_proposed_dss,O0002124,M000856,S0004585,C011,P08,A,A,2025-03-17,9.860019999999999,3.0,1
2025-03-17,P1_proposed_dss,O0002123,M000851,S0004586,C005,P08,B,B,2025-03-17,9.340000000000002,8.0,1
2025-03-17,P1_proposed_dss,O0002123,M000851,S0004587,C005,P08,B,B,2025-03-17,10.060010000000002,3.0,1
2025-03-17,P1_proposed_dss,O0002122,M000849,S0004588,C003,P08,B,B,2025-03-17,12.46002,1.0,1
2025-03-17,P1_proposed_dss,O0002123,M000851,S0004588,C005,P08,B,B,2025-03-17,11.26002,3.0,1
2025-03-17,P1_proposed_dss,O0002121,M000847,S0004589,C001,P08,B,B,2025-03-17,15.54003,3.0,1
2025-03-17,P1_proposed_dss,O0002122,M000849,S0004589,C003,P08,B,B,2025-03-17,14.140030000000001,2.0,1
2025-03-18,B0_manual,O0002128,M000858,S0004590,C001,P01,A,A,2025-03-18,,35.0,1
2025-03-18,B0_manual,O0002129,M000858,S0004599,C001,P02,B,B,2025-03-18,,7.0,1
2025-03-18,B0_manual,O0002139,M000859,S0004625,C002,P06,A,A,2025-03-18,,11.0,1
2025-03-18,B0_manual,O0002139,M000859,S0004626,C002,P06,A,A,2025-03-18,,1.0,1
2025-03-18,B0_manual,O0002130,M000860,S0004599,C003,P02,B,B,2025-03-18,,2.0,1
2025-03-18,B0_manual,O0002130,M000860,S0004600,C003,P02,B,B,2025-03-18,,9.0,1
2025-03-18,B0_manual,O0002130,M000860,S0004601,C003,P02,B,B,2025-03-18,,3.0,1
2025-03-18,B0_manual,O0002133,M000860,S0004610,C003,P04,A,A,2025-03-18,,3.0,1
2025-03-18,B0_manual,O0002146,M000860,S0004645,C003,P08,A,A,2025-03-18,,3.0,1
2025-03-18,B0_manual,O0002127,M000861,S0004593,C004,P01,B,B,2025-03-18,,11.0,1
2025-03-18,B0_manual,O0002127,M000861,S0004594,C004,P01,B,B,2025-03-18,,14.0,1
2025-03-18,B0_manual,O0002127,M000861,S0004595,C004,P01,B,B,2025-03-18,,2.0,1
2025-03-18,B0_manual,O0002127,M000861,S0004590,C004,P01,A,B,2025-03-18,,25.0,0
2025-03-18,B0_manual,O0002140,M000861,S0004626,C004,P06,A,A,2025-03-18,,24.0,1
2025-03-18,B0_manual,O0002140,M000861,S0004627,C004,P06,A,A,2025-03-18,,7.0,1
2025-03-18,B0_manual,O0002132,M000862,S0004602,C005,P03,A,A,2025-03-18,,14.0,1
2025-03-18,B0_manual,O0002144,M000862,S0004631,C005,P07,A,A,2025-03-18,,19.0,1
2025-03-18,B0_manual,O0002144,M000862,S0004632,C005,P07,A,A,2025-03-18,,11.0,1
2025-03-18,B0_manual,O0002144,M000862,S0004633,C005,P07,A,A,2025-03-18,,13.0,1
2025-03-18,B0_manual,O0002144,M000862,S0004634,C005,P07,A,A,2025-03-18,,3.0,1
2025-03-18,B0_manual,O0002144,M000862,S0004635,C005,P07,A,A,2025-03-18,,2.0,1
2025-03-18,B0_manual,O0002145,M000862,S0004645,C005,P08,A,A,2025-03-18,,10.0,1
2025-03-18,B0_manual,O0002145,M000862,S0004646,C005,P08,A,A,2025-03-18,,3.0,1
2025-03-18,B0_manual,O0002145,M000862,S0004647,C005,P08,A,A,2025-03-18,,4.0,1
2025-03-18,B0_manual,O0002145,M000862,S0004648,C005,P08,A,A,2025-03-18,,4.0,1
2025-03-18,B0_manual,O0002145,M000862,S0004649,C005,P08,A,A,2025-03-18,,10.0,1
2025-03-18,B0_manual,O0002135,M000863,S0004610,C006,P04,A,A,2025-03-18,,9.0,1
2025-03-18,B0_manual,O0002135,M000863,S0004611,C006,P04,A,A,2025-03-18,,4.0,1
2025-03-18,B0_manual,O0002131,M000864,S0004606,C007,P03,B,B,2025-03-18,,4.0,1
2025-03-18,B0_manual,O0002131,M000864,S0004607,C007,P03,B,B,2025-03-18,,8.0,1
2025-03-18,B0_manual,O0002131,M000864,S0004608,C007,P03,B,B,2025-03-18,,1.0,1
2025-03-18,B0_manual,O0002131,M000864,S0004609,C007,P03,B,B,2025-03-18,,2.0,1
2025-03-18,B0_manual,O0002137,M000864,S0004616,C007,P05,A,A,2025-03-18,,12.0,1
2025-03-18,B0_manual,O0002137,M000864,S0004617,C007,P05,A,A,2025-03-18,,11.0,1
2025-03-18,B0_manual,O0002137,M000864,S0004618,C007,P05,A,A,2025-03-18,,5.0,1
2025-03-18,B0_manual,O0002137,M000864,S0004619,C007,P05,A,A,2025-03-18,,3.0,1
2025-03-18,B0_manual,O0002143,M000864,S0004638,C007,P07,B,B,2025-03-18,,15.0,1
2025-03-18,B0_manual,O0002143,M000864,S0004639,C007,P07,B,B,2025-03-18,,5.0,1
2025-03-18,B0_manual,O0002143,M000864,S0004640,C007,P07,B,B,2025-03-18,,8.0,1
2025-03-18,B0_manual,O0002143,M000864,S0004641,C007,P07,B,B,2025-03-18,,7.0,1
2025-03-18,B0_manual,O0002143,M000864,S0004642,C007,P07,B,B,2025-03-18,,4.0,1
2025-03-18,B0_manual,O0002143,M000864,S0004643,C007,P07,B,B,2025-03-18,,1.0,1
2025-03-18,B0_manual,O0002125,M000865,S0004590,C009,P01,A,A,2025-03-18,,4.0,1
2025-03-18,B0_manual,O0002125,M000865,S0004591,C009,P01,A,A,2025-03-18,,4.0,1
2025-03-18,B0_manual,O0002141,M000865,S0004635,C009,P07,A,A,2025-03-18,,13.0,1
2025-03-18,B0_manual,O0002141,M000865,S0004636,C009,P07,A,A,2025-03-18,,2.0,1
2025-03-18,B0_manual,O0002141,M000865,S0004637,C009,P07,A,A,2025-03-18,,1.0,1
2025-03-18,B0_manual,O0002134,M000866,S0004611,C010,P04,A,A,2025-03-18,,6.0,1
2025-03-18,B0_manual,O0002134,M000866,S0004612,C010,P04,A,A,2025-03-18,,1.0,1
2025-03-18,B0_manual,O0002136,M000866,S0004620,C010,P05,B,B,2025-03-18,,5.0,1
2025-03-18,B0_manual,O0002136,M000866,S0004621,C010,P05,B,B,2025-03-18,,7.0,1
2025-03-18,B0_manual,O0002142,M000867,S0004643,C011,P07,B,B,2025-03-18,,1.0,1
2025-03-18,B0_manual,O0002142,M000867,S0004644,C011,P07,B,B,2025-03-18,,1.0,1
2025-03-18,B1_optimization_only,O0002125,M000865,S0004590,C009,P01,A,A,2025-03-18,9.666666666666666,8.0,1
2025-03-18,B1_optimization_only,O0002127,M000861,S0004590,C004,P01,A,B,2025-03-18,8.966666666666667,46.0,0
2025-03-18,B1_optimization_only,O0002128,M000858,S0004590,C001,P01,A,A,2025-03-18,11.866666666666665,10.0,1
2025-03-18,B1_optimization_only,O0002128,M000858,S0004591,C001,P01,A,A,2025-03-18,13.866676666666665,20.0,1
2025-03-18,B1_optimization_only,O0002128,M000858,S0004592,C001,P01,A,A,2025-03-18,29.20002,5.0,1
2025-03-18,B1_optimization_only,O0002126,M000866,S0004593,C010,P01,B,B,2025-03-18,9.466666666666667,11.0,1
2025-03-18,B1_optimization_only,O0002126,M000866,S0004594,C010,P01,B,B,2025-03-18,11.466676666666666,10.0,1
2025-03-18,B1_optimization_only,O0002127,M000861,S0004594,C004,P01,B,B,2025-03-18,12.066676666666666,4.0,1
2025-03-18,B1_optimization_only,O0002127,M000861,S0004595,C004,P01,B,B,2025-03-18,27.400019999999998,2.0,1
2025-03-18,B1_optimization_only,O0002130,M000860,S0004599,C003,P02,B,B,2025-03-18,9.866666666666665,9.0,1
2025-03-18,B1_optimization_only,O0002129,M000858,S0004600,C001,P02,B,B,2025-03-18,13.266676666666665,4.0,1
2025-03-18,B1_optimization_only,O0002130,M000860,S0004600,C003,P02,B,B,2025-03-18,11.866676666666665,5.0,1
2025-03-18,B1_optimization_only,O0002129,M000858,S0004601,C001,P02,B,B,2025-03-18,28.60002,3.0,1
2025-03-18,B1_optimization_only,O0002131,M000864,S0004602,C007,P03,A,B,2025-03-18,5.975,48.0,0
2025-03-18,B1_optimization_only,O0002131,M000864,S0004603,C007,P03,A,B,2025-03-18,7.100009999999999,22.0,0
2025-03-18,B1_optimization_only,O0002132,M000862,S0004604,C005,P03,A,A,2025-03-18,10.87502,13.0,1
2025-03-18,B1_optimization_only,O0002132,M000862,S0004605,C005,P03,A,A,2025-03-18,25.50003,1.0,1
2025-03-18,B1_optimization_only,O0002131,M000864,S0004606,C007,P03,B,B,2025-03-18,7.074999999999999,4.0,1
2025-03-18,B1_optimization_only,O0002131,M000864,S0004607,C007,P03,B,B,2025-03-18,8.200009999999999,8.0,1
2025-03-18,B1_optimization_only,O0002131,M000864,S0004608,C007,P03,B,B,2025-03-18,10.075019999999999,1.0,1
2025-03-18,B1_optimization_only,O0002131,M000864,S0004609,C007,P03,B,B,2025-03-18,24.700029999999998,2.0,1
2025-03-18,B1_optimization_only,O0002134,M000866,S0004610,C010,P04,A,A,2025-03-18,13.066666666666665,11.0,1
2025-03-18,B1_optimization_only,O0002135,M000863,S0004610,C006,P04,A,A,2025-03-18,12.666666666666666,1.0,1
2025-03-18,B1_optimization_only,O0002133,M000860,S0004611,C003,P04,A,A,2025-03-18,16.066676666666666,2.0,1
2025-03-18,B1_optimization_only,O0002134,M000866,S0004611,C010,P04,A,A,2025-03-18,15.066676666666664,8.0,1
2025-03-18,B1_optimization_only,O0002133,M000860,S0004612,C003,P04,A,A,2025-03-18,31.400019999999998,1.0,1
2025-03-18,B1_optimization_only,O0002137,M000864,S0004616,C007,P05,A,A,2025-03-18,8.94,12.0,1
2025-03-18,B1_optimization_only,O0002137,M000864,S0004617,C007,P05,A,A,2025-03-18,9.66001,11.0,1
2025-03-18,B1_optimization_only,O0002137,M000864,S0004618,C007,P05,A,A,2025-03-18,10.860019999999999,5.0,1
2025-03-18,B1_optimization_only,O0002137,M000864,S0004619,C007,P05,A,A,2025-03-18,12.54003,3.0,1
2025-03-18,B1_optimization_only,O0002136,M000866,S0004623,C010,P05,B,B,2025-03-18,13.54003,5.0,1
2025-03-18,B1_optimization_only,O0002136,M000866,S0004624,C010,P05,B,B,2025-03-18,27.700039999999998,7.0,1
2025-03-18,B1_optimization_only,O0002140,M000861,S0004625,C004,P06,A,A,2025-03-18,9.866666666666665,11.0,1
2025-03-18,B1_optimization_only,O0002139,M000859,S0004626,C002,P06,A,A,2025-03-18,13.266676666666665,5.0,1
2025-03-18,B1_optimization_only,O0002140,M000861,S0004626,C004,P06,A,A,2025-03-18,11.866676666666665,20.0,1
2025-03-18,B1_optimization_only,O0002139,M000859,S0004627,C002,P06,A,A,2025-03-18,28.60002,7.0,1
2025-03-18,B1_optimization_only,O0002144,M000862,S0004631,C005,P07,A,A,2025-03-18,7.322448979591837,18.0,1
2025-03-18,B1_optimization_only,O0002144,M000862,S0004632,C005,P07,A,A,2025-03-18,7.689805918367346,11.0,1
2025-03-18,B1_optimization_only,O0002144,M000862,S0004633,C005,P07,A,A,2025-03-18,8.30206081632653,13.0,1
2025-03-18,B1_optimization_only,O0002144,M000862,S0004634,C005,P07,A,A,2025-03-18,9.159213673469388,3.0,1
2025-03-18,B1_optimization_only,O0002141,M000865,S0004635,C009,P07,A,A,2025-03-18,10.661264489795919,12.0,1
2025-03-18,B1_optimization_only,O0002144,M000862,S0004635,C005,P07,A,A,2025-03-18,10.261264489795918,3.0,1
2025-03-18,B1_optimization_only,O0002141,M000865,S0004636,C009,P07,A,A,2025-03-18,12.008213265306122,2.0,1
2025-03-18,B1_optimization_only,O0002141,M000865,S0004637,C009,P07,A,A,2025-03-18,25.600060000000003,2.0,1
2025-03-18,B1_optimization_only,O0002142,M000867,S0004638,C011,P07,B,B,2025-03-18,5.922448979591836,2.0,1
2025-03-18,B1_optimization_only,O0002143,M000864,S0004638,C007,P07,B,B,2025-03-18,6.522448979591836,13.0,1
2025-03-18,B1_optimization_only,O0002143,M000864,S0004639,C007,P07,B,B,2025-03-18,6.889805918367346,5.0,1
2025-03-18,B1_optimization_only,O0002143,M000864,S0004640,C007,P07,B,B,2025-03-18,7.50206081632653,8.0,1
2025-03-18,B1_optimization_only,O0002143,M000864,S0004641,C007,P07,B,B,2025-03-18,8.359213673469387,7.0,1
2025-03-18,B1_optimization_only,O0002143,M000864,S0004642,C007,P07,B,B,2025-03-18,9.461264489795917,4.0,1
2025-03-18,B1_optimization_only,O0002143,M000864,S0004643,C007,P07,B,B,2025-03-18,10.80821326530612,2.0,1
2025-03-18,B1_optimization_only,O0002143,M000864,S0004644,C007,P07,B,B,2025-03-18,24.40006,1.0,1
2025-03-18,B1_optimization_only,O0002145,M000862,S0004645,C005,P08,A,A,2025-03-18,9.340000000000002,13.0,1
2025-03-18,B1_optimization_only,O0002145,M000862,S0004646,C005,P08,A,A,2025-03-18,10.060010000000002,3.0,1
2025-03-18,B1_optimization_only,O0002145,M000862,S0004647,C005,P08,A,A,2025-03-18,11.26002,4.0,1
2025-03-18,B1_optimization_only,O0002145,M000862,S0004648,C005,P08,A,A,2025-03-18,12.940030000000002,4.0,1
2025-03-18,B1_optimization_only,O0002145,M000862,S0004649,C005,P08,A,A,2025-03-18,27.10004,7.0,1
2025-03-18,B1_optimization_only,O0002146,M000860,S0004649,C003,P08,A,A,2025-03-18,28.30004,3.0,1
2025-03-18,P1_proposed_dss,O0002125,M000865,S0004590,C009,P01,A,A,2025-03-18,9.666666666666666,8.0,1
2025-03-18,P1_proposed_dss,O0002127,M000861,S0004590,C004,P01,A,B,2025-03-18,8.966666666666667,46.0,0
2025-03-18,P1_proposed_dss,O0002128,M000858,S0004590,C001,P01,A,A,2025-03-18,11.866666666666665,10.0,1
2025-03-18,P1_proposed_dss,O0002128,M000858,S0004591,C001,P01,A,A,2025-03-18,13.866676666666665,20.0,1
2025-03-18,P1_proposed_dss,O0002128,M000858,S0004592,C001,P01,A,A,2025-03-18,29.20002,5.0,1
2025-03-18,P1_proposed_dss,O0002126,M000866,S0004593,C010,P01,B,B,2025-03-18,9.466666666666667,11.0,1
2025-03-18,P1_proposed_dss,O0002126,M000866,S0004594,C010,P01,B,B,2025-03-18,11.466676666666666,10.0,1
2025-03-18,P1_proposed_dss,O0002127,M000861,S0004594,C004,P01,B,B,2025-03-18,12.066676666666666,4.0,1
2025-03-18,P1_proposed_dss,O0002127,M000861,S0004595,C004,P01,B,B,2025-03-18,27.400019999999998,2.0,1
2025-03-18,P1_proposed_dss,O0002130,M000860,S0004599,C003,P02,B,B,2025-03-18,9.866666666666665,9.0,1
2025-03-18,P1_proposed_dss,O0002129,M000858,S0004600,C001,P02,B,B,2025-03-18,13.266676666666665,4.0,1
2025-03-18,P1_proposed_dss,O0002130,M000860,S0004600,C003,P02,B,B,2025-03-18,11.866676666666665,5.0,1
2025-03-18,P1_proposed_dss,O0002129,M000858,S0004601,C001,P02,B,B,2025-03-18,28.60002,3.0,1
2025-03-18,P1_proposed_dss,O0002131,M000864,S0004602,C007,P03,A,B,2025-03-18,5.975,48.0,0
2025-03-18,P1_proposed_dss,O0002131,M000864,S0004603,C007,P03,A,B,2025-03-18,7.100009999999999,22.0,0
2025-03-18,P1_proposed_dss,O0002132,M000862,S0004604,C005,P03,A,A,2025-03-18,10.87502,13.0,1
2025-03-18,P1_proposed_dss,O0002132,M000862,S0004605,C005,P03,A,A,2025-03-18,25.50003,1.0,1
2025-03-18,P1_proposed_dss,O0002131,M000864,S0004606,C007,P03,B,B,2025-03-18,7.074999999999999,4.0,1
2025-03-18,P1_proposed_dss,O0002131,M000864,S0004607,C007,P03,B,B,2025-03-18,8.200009999999999,8.0,1
2025-03-18,P1_proposed_dss,O0002131,M000864,S0004608,C007,P03,B,B,2025-03-18,10.075019999999999,1.0,1
2025-03-18,P1_proposed_dss,O0002131,M000864,S0004609,C007,P03,B,B,2025-03-18,24.700029999999998,2.0,1
2025-03-18,P1_proposed_dss,O0002134,M000866,S0004610,C010,P04,A,A,2025-03-18,13.066666666666665,11.0,1
2025-03-18,P1_proposed_dss,O0002135,M000863,S0004610,C006,P04,A,A,2025-03-18,12.666666666666666,1.0,1
2025-03-18,P1_proposed_dss,O0002133,M000860,S0004611,C003,P04,A,A,2025-03-18,16.066676666666666,2.0,1
2025-03-18,P1_proposed_dss,O0002134,M000866,S0004611,C010,P04,A,A,2025-03-18,15.066676666666664,8.0,1
2025-03-18,P1_proposed_dss,O0002133,M000860,S0004612,C003,P04,A,A,2025-03-18,31.400019999999998,1.0,1
2025-03-18,P1_proposed_dss,O0002137,M000864,S0004616,C007,P05,A,A,2025-03-18,8.94,12.0,1
2025-03-18,P1_proposed_dss,O0002137,M000864,S0004617,C007,P05,A,A,2025-03-18,9.66001,11.0,1
2025-03-18,P1_proposed_dss,O0002137,M000864,S0004618,C007,P05,A,A,2025-03-18,10.860019999999999,5.0,1
2025-03-18,P1_proposed_dss,O0002137,M000864,S0004619,C007,P05,A,A,2025-03-18,12.54003,3.0,1
2025-03-18,P1_proposed_dss,O0002136,M000866,S0004623,C010,P05,B,B,2025-03-18,13.54003,5.0,1
2025-03-18,P1_proposed_dss,O0002136,M000866,S0004624,C010,P05,B,B,2025-03-18,27.700039999999998,7.0,1
2025-03-18,P1_proposed_dss,O0002140,M000861,S0004625,C004,P06,A,A,2025-03-18,9.866666666666665,11.0,1
2025-03-18,P1_proposed_dss,O0002139,M000859,S0004626,C002,P06,A,A,2025-03-18,13.266676666666665,5.0,1
2025-03-18,P1_proposed_dss,O0002140,M000861,S0004626,C004,P06,A,A,2025-03-18,11.866676666666665,20.0,1
2025-03-18,P1_proposed_dss,O0002139,M000859,S0004627,C002,P06,A,A,2025-03-18,28.60002,7.0,1
2025-03-18,P1_proposed_dss,O0002144,M000862,S0004631,C005,P07,A,A,2025-03-18,7.322448979591837,18.0,1
2025-03-18,P1_proposed_dss,O0002144,M000862,S0004632,C005,P07,A,A,2025-03-18,7.689805918367346,11.0,1
2025-03-18,P1_proposed_dss,O0002144,M000862,S0004633,C005,P07,A,A,2025-03-18,8.30206081632653,13.0,1
2025-03-18,P1_proposed_dss,O0002144,M000862,S0004634,C005,P07,A,A,2025-03-18,9.159213673469388,3.0,1
2025-03-18,P1_proposed_dss,O0002141,M000865,S0004635,C009,P07,A,A,2025-03-18,10.661264489795919,12.0,1
2025-03-18,P1_proposed_dss,O0002144,M000862,S0004635,C005,P07,A,A,2025-03-18,10.261264489795918,3.0,1
2025-03-18,P1_proposed_dss,O0002141,M000865,S0004636,C009,P07,A,A,2025-03-18,12.008213265306122,2.0,1
2025-03-18,P1_proposed_dss,O0002141,M000865,S0004637,C009,P07,A,A,2025-03-18,25.600060000000003,2.0,1
2025-03-18,P1_proposed_dss,O0002142,M000867,S0004638,C011,P07,B,B,2025-03-18,5.922448979591836,2.0,1
2025-03-18,P1_proposed_dss,O0002143,M000864,S0004638,C007,P07,B,B,2025-03-18,6.522448979591836,13.0,1
2025-03-18,P1_proposed_dss,O0002143,M000864,S0004639,C007,P07,B,B,2025-03-18,6.889805918367346,5.0,1
2025-03-18,P1_proposed_dss,O0002143,M000864,S0004640,C007,P07,B,B,2025-03-18,7.50206081632653,8.0,1
2025-03-18,P1_proposed_dss,O0002143,M000864,S0004641,C007,P07,B,B,2025-03-18,8.359213673469387,7.0,1
2025-03-18,P1_proposed_dss,O0002143,M000864,S0004642,C007,P07,B,B,2025-03-18,9.461264489795917,4.0,1
2025-03-18,P1_proposed_dss,O0002143,M000864,S0004643,C007,P07,B,B,2025-03-18,10.80821326530612,2.0,1
2025-03-18,P1_proposed_dss,O0002143,M000864,S0004644,C007,P07,B,B,2025-03-18,24.40006,1.0,1
2025-03-18,P1_proposed_dss,O0002145,M000862,S0004645,C005,P08,A,A,2025-03-18,9.340000000000002,13.0,1
2025-03-18,P1_proposed_dss,O0002145,M000862,S0004646,C005,P08,A,A,2025-03-18,10.060010000000002,3.0,1
2025-03-18,P1_proposed_dss,O0002145,M000862,S0004647,C005,P08,A,A,2025-03-18,11.26002,4.0,1
2025-03-18,P1_proposed_dss,O0002145,M000862,S0004648,C005,P08,A,A,2025-03-18,12.940030000000002,4.0,1
2025-03-18,P1_proposed_dss,O0002145,M000862,S0004649,C005,P08,A,A,2025-03-18,27.10004,7.0,1
2025-03-18,P1_proposed_dss,O0002146,M000860,S0004649,C003,P08,A,A,2025-03-18,28.30004,3.0,1
2025-03-19,B0_manual,O0002151,M000869,S0004661,C001,P02,A,A,2025-03-19,,17.0,1
2025-03-19,B0_manual,O0002151,M000869,S0004662,C001,P02,A,A,2025-03-19,,16.0,1
2025-03-19,B0_manual,O0002151,M000869,S0004663,C001,P02,A,A,2025-03-19,,3.0,1
2025-03-19,B0_manual,O0002158,M000869,S0004677,C001,P04,B,B,2025-03-19,,4.0,1
2025-03-19,B0_manual,O0002158,M000869,S0004678,C001,P04,B,B,2025-03-19,,2.0,1
2025-03-19,B0_manual,O0002158,M000869,S0004679,C001,P04,B,B,2025-03-19,,1.0,1
2025-03-19,B0_manual,O0002170,M000869,S0004696,C001,P07,A,A,2025-03-19,,7.0,1
2025-03-19,B0_manual,O0002152,M000870,S0004664,C002,P02,B,B,2025-03-19,,8.0,1
2025-03-19,B0_manual,O0002152,M000870,S0004665,C002,P02,B,B,2025-03-19,,1.0,1
2025-03-19,B0_manual,O0002163,M000870,S0004680,C002,P05,A,A,2025-03-19,,7.0,1
2025-03-19,B0_manual,O0002163,M000870,S0004681,C002,P05,A,A,2025-03-19,,3.0,1
2025-03-19,B0_manual,O0002163,M000870,S0004682,C002,P05,A,A,2025-03-19,,8.0,1
2025-03-19,B0_manual,O0002167,M000870,S0004690,C002,P06,A,A,2025-03-19,,3.0,1
2025-03-19,B0_manual,O0002168,M000870,S0004696,C002,P07,A,A,2025-03-19,,3.0,1
2025-03-19,B0_manual,O0002171,M000871,S0004696,C004,P07,A,A,2025-03-19,,19.0,1
2025-03-19,B0_manual,O0002171,M000871,S0004697,C004,P07,A,A,2025-03-19,,5.0,1
2025-03-19,B0_manual,O0002174,M000871,S0004709,C004,P08,A,A,2025-03-19,,8.0,1
2025-03-19,B0_manual,O0002174,M000871,S0004710,C004,P08,A,A,2025-03-19,,7.0,1
2025-03-19,B0_manual,O0002155,M000872,S0004671,C005,P03,B,B,2025-03-19,,3.0,1
2025-03-19,B0_manual,O0002155,M000872,S0004672,C005,P03,B,B,2025-03-19,,5.0,1
2025-03-19,B0_manual,O0002155,M000872,S0004673,C005,P03,B,B,2025-03-19,,5.0,1
2025-03-19,B0_manual,O0002155,M000872,S0004674,C005,P03,B,B,2025-03-19,,1.0,1
2025-03-19,B0_manual,O0002164,M000872,S0004683,C005,P05,A,A,2025-03-19,,1.0,1
2025-03-19,B0_manual,O0002164,M000872,S0004684,C005,P05,A,A,2025-03-19,,4.0,1
2025-03-19,B0_manual,O0002162,M000873,S0004685,C006,P05,B,B,2025-03-19,,4.0,1
2025-03-19,B0_manual,O0002162,M000873,S0004686,C006,P05,B,B,2025-03-19,,6.0,1
2025-03-19,B0_manual,O0002165,M000873,S0004693,C006,P06,B,B,2025-03-19,,6.0,1
2025-03-19,B0_manual,O0002165,M000873,S0004694,C006,P06,B,B,2025-03-19,,4.0,1
2025-03-19,B0_manual,O0002172,M000873,S0004714,C006,P08,B,B,2025-03-19,,6.0,1
2025-03-19,B0_manual,O0002172,M000873,S0004715,C006,P08,B,B,2025-03-19,,3.0,1
2025-03-19,B0_manual,O0002150,M000874,S0004658,C007,P01,B,B,2025-03-19,,16.0,1
2025-03-19,B0_manual,O0002150,M000874,S0004659,C007,P01,B,B,2025-03-19,,10.0,1
2025-03-19,B0_manual,O0002150,M000874,S0004660,C007,P01,B,B,2025-03-19,,8.0,1
2025-03-19,B0_manual,O0002153,M000874,S0004667,C007,P03,A,A,2025-03-19,,37.0,1
2025-03-19,B0_manual,O0002153,M000874,S0004668,C007,P03,A,A,2025-03-19,,18.0,1
2025-03-19,B0_manual,O0002153,M000874,S0004669,C007,P03,A,A,2025-03-19,,5.0,1
2025-03-19,B0_manual,O0002169,M000874,S0004703,C007,P07,B,B,2025-03-19,,6.0,1
2025-03-19,B0_manual,O0002169,M000874,S0004704,C007,P07,B,B,2025-03-19,,4.0,1
2025-03-19,B0_manual,O0002169,M000874,S0004705,C007,P07,B,B,2025-03-19,,3.0,1
2025-03-19,B0_manual,O0002169,M000874,S0004706,C007,P07,B,B,2025-03-19,,6.0,1
2025-03-19,B0_manual,O0002169,M000874,S0004707,C007,P07,B,B,2025-03-19,,2.0,1
2025-03-19,B0_manual,O0002169,M000874,S0004708,C007,P07,B,B,2025-03-19,,1.0,1
2025-03-19,B0_manual,O0002161,M000875,S0004686,C008,P05,B,B,2025-03-19,,3.0,1
2025-03-19,B0_manual,O0002161,M000875,S0004687,C008,P05,B,B,2025-03-19,,9.0,1
2025-03-19,B0_manual,O0002161,M000875,S0004688,C008,P05,B,B,2025-03-19,,1.0,1
2025-03-19,B0_manual,O0002161,M000875,S0004689,C008,P05,B,B,2025-03-19,,3.0,1
2025-03-19,B0_manual,O0002148,M000876,S0004655,C009,P01,A,A,2025-03-19,,19.0,1
2025-03-19,B0_manual,O0002173,M000876,S0004710,C009,P08,A,A,2025-03-19,,9.0,1
2025-03-19,B0_manual,O0002173,M000876,S0004711,C009,P08,A,A,2025-03-19,,1.0,1
2025-03-19,B0_manual,O0002173,M000876,S0004712,C009,P08,A,A,2025-03-19,,10.0,1
2025-03-19,B0_manual,O0002157,M000877,S0004675,C010,P04,A,A,2025-03-19,,5.0,1
2025-03-19,B0_manual,O0002149,M000878,S0004656,C011,P01,A,A,2025-03-19,,20.0,1
2025-03-19,B0_manual,O0002156,M000878,S0004675,C011,P04,A,A,2025-03-19,,18.0,1
2025-03-19,B0_manual,O0002166,M000878,S0004694,C011,P06,B,B,2025-03-19,,5.0,1
2025-03-19,B0_manual,O0002166,M000878,S0004695,C011,P06,B,B,2025-03-19,,5.0,1
2025-03-19,B0_manual,O0002166,M000878,S0004690,C011,P06,A,B,2025-03-19,,1.0,0
2025-03-19,B0_manual,O0002154,M000879,S0004669,C012,P03,A,A,2025-03-19,,8.0,1
2025-03-19,B0_manual,O0002159,M000879,S0004675,C012,P04,A,A,2025-03-19,,3.0,1
2025-03-19,B0_manual,O0002159,M000879,S0004676,C012,P04,A,A,2025-03-19,,10.0,1
2025-03-19,B1_optimization_only,O0002150,M000874,S0004655,C007,P01,A,B,2025-03-19,7.366666666666666,6.0,0
2025-03-19,B1_optimization_only,O0002148,M000876,S0004656,C009,P01,A,A,2025-03-19,11.666676666666666,9.0,1
2025-03-19,B1_optimization_only,O0002149,M000878,S0004656,C011,P01,A,A,2025-03-19,9.866676666666667,20.0,1
2025-03-19,B1_optimization_only,O0002150,M000874,S0004656,C007,P01,A,B,2025-03-19,9.366676666666665,6.0,0
2025-03-19,B1_optimization_only,O0002148,M000876,S0004657,C009,P01,A,A,2025-03-19,27.00002,10.0,1
2025-03-19,B1_optimization_only,O0002150,M000874,S0004658,C007,P01,B,B,2025-03-19,8.466666666666667,16.0,1
2025-03-19,B1_optimization_only,O0002150,M000874,S0004659,C007,P01,B,B,2025-03-19,10.466676666666666,10.0,1
2025-03-19,B1_optimization_only,O0002150,M000874,S0004660,C007,P01,B,B,2025-03-19,25.80002,8.0,1
2025-03-19,B1_optimization_only,O0002151,M000869,S0004661,C001,P02,A,A,2025-03-19,11.266666666666666,17.0,1
2025-03-19,B1_optimization_only,O0002151,M000869,S0004662,C001,P02,A,A,2025-03-19,13.266676666666665,16.0,1
2025-03-19,B1_optimization_only,O0002151,M000869,S0004663,C001,P02,A,A,2025-03-19,28.60002,3.0,1
2025-03-19,B1_optimization_only,O0002152,M000870,S0004665,C002,P02,B,B,2025-03-19,12.866676666666665,7.0,1
2025-03-19,B1_optimization_only,O0002152,M000870,S0004666,C002,P02,B,B,2025-03-19,28.20002,2.0,1
2025-03-19,B1_optimization_only,O0002153,M000874,S0004667,C007,P03,A,A,2025-03-19,7.074999999999999,17.0,1
2025-03-19,B1_optimization_only,O0002154,M000879,S0004667,C012,P03,A,A,2025-03-19,6.275,8.0,1
2025-03-19,B1_optimization_only,O0002155,M000872,S0004667,C005,P03,A,B,2025-03-19,6.775,12.0,0
2025-03-19,B1_optimization_only,O0002153,M000874,S0004668,C007,P03,A,A,2025-03-19,8.200009999999999,18.0,1
2025-03-19,B1_optimization_only,O0002153,M000874,S0004669,C007,P03,A,A,2025-03-19,10.075019999999999,21.0,1
2025-03-19,B1_optimization_only,O0002153,M000874,S0004670,C007,P03,A,A,2025-03-19,24.700029999999998,4.0,1
2025-03-19,B1_optimization_only,O0002155,M000872,S0004671,C005,P03,B,B,2025-03-19,7.875,3.0,1
2025-03-19,B1_optimization_only,O0002155,M000872,S0004672,C005,P03,B,B,2025-03-19,9.00001,5.0,1
2025-03-19,B1_optimization_only,O0002155,M000872,S0004673,C005,P03,B,B,2025-03-19,10.87502,5.0,1
2025-03-19,B1_optimization_only,O0002155,M000872,S0004674,C005,P03,B,B,2025-03-19,25.50003,1.0,1
2025-03-19,B1_optimization_only,O0002156,M000878,S0004675,C011,P04,A,A,2025-03-19,11.466666666666667,16.0,1
2025-03-19,B1_optimization_only,O0002159,M000879,S0004675,C012,P04,A,A,2025-03-19,11.266666666666666,10.0,1
2025-03-19,B1_optimization_only,O0002156,M000878,S0004676,C011,P04,A,A,2025-03-19,13.466676666666666,2.0,1
2025-03-19,B1_optimization_only,O0002157,M000877,S0004676,C010,P04,A,A,2025-03-19,15.066676666666664,5.0,1
2025-03-19,B1_optimization_only,O0002158,M000869,S0004676,C001,P04,A,B,2025-03-19,16.366676666666667,8.0,0
2025-03-19,B1_optimization_only,O0002158,M000869,S0004677,C001,P04,B,B,2025-03-19,15.466666666666667,4.0,1
2025-03-19,B1_optimization_only,O0002158,M000869,S0004678,C001,P04,B,B,2025-03-19,17.466676666666668,2.0,1
2025-03-19,B1_optimization_only,O0002158,M000869,S0004679,C001,P04,B,B,2025-03-19,32.800019999999996,1.0,1
2025-03-19,B1_optimization_only,O0002163,M000870,S0004680,C002,P05,A,A,2025-03-19,11.94,2.0,1
2025-03-19,B1_optimization_only,O0002164,M000872,S0004680,C005,P05,A,A,2025-03-19,9.74,5.0,1
2025-03-19,B1_optimization_only,O0002163,M000870,S0004681,C002,P05,A,A,2025-03-19,12.66001,3.0,1
2025-03-19,B1_optimization_only,O0002163,M000870,S0004682,C002,P05,A,A,2025-03-19,13.860019999999999,8.0,1
2025-03-19,B1_optimization_only,O0002163,M000870,S0004683,C002,P05,A,A,2025-03-19,15.54003,1.0,1
2025-03-19,B1_optimization_only,O0002163,M000870,S0004684,C002,P05,A,A,2025-03-19,29.700039999999998,4.0,1
2025-03-19,B1_optimization_only,O0002161,M000875,S0004685,C008,P05,B,B,2025-03-19,8.74,4.0,1
2025-03-19,B1_optimization_only,O0002161,M000875,S0004686,C008,P05,B,B,2025-03-19,9.46001,9.0,1
2025-03-19,B1_optimization_only,O0002161,M000875,S0004687,C008,P05,B,B,2025-03-19,10.66002,3.0,1
2025-03-19,B1_optimization_only,O0002162,M000873,S0004687,C006,P05,B,B,2025-03-19,11.46002,6.0,1
2025-03-19,B1_optimization_only,O0002162,M000873,S0004688,C006,P05,B,B,2025-03-19,13.140030000000001,1.0,1
2025-03-19,B1_optimization_only,O0002162,M000873,S0004689,C006,P05,B,B,2025-03-19,27.30004,3.0,1
2025-03-19,B1_optimization_only,O0002166,M000878,S0004691,C011,P06,A,B,2025-03-19,8.566676666666666,4.0,0
2025-03-19,B1_optimization_only,O0002167,M000870,S0004691,C002,P06,A,A,2025-03-19,13.266676666666665,2.0,1
2025-03-19,B1_optimization_only,O0002167,M000870,S0004692,C002,P06,A,A,2025-03-19,28.60002,1.0,1
2025-03-19,B1_optimization_only,O0002166,M000878,S0004693,C011,P06,B,B,2025-03-19,7.666666666666667,3.0,1
2025-03-19,B1_optimization_only,O0002165,M000873,S0004694,C006,P06,B,B,2025-03-19,10.866676666666665,5.0,1
2025-03-19,B1_optimization_only,O0002166,M000878,S0004694,C011,P06,B,B,2025-03-19,9.666676666666666,4.0,1
2025-03-19,B1_optimization_only,O0002165,M000873,S0004695,C006,P06,B,B,2025-03-19,26.20002,5.0,1
2025-03-19,B1_optimization_only,O0002171,M000871,S0004697,C004,P07,A,A,2025-03-19,8.489805918367347,3.0,1
2025-03-19,B1_optimization_only,O0002171,M000871,S0004698,C004,P07,A,A,2025-03-19,9.10206081632653,7.0,1
2025-03-19,B1_optimization_only,O0002171,M000871,S0004699,C004,P07,A,A,2025-03-19,9.959213673469389,5.0,1
2025-03-19,B1_optimization_only,O0002171,M000871,S0004700,C004,P07,A,A,2025-03-19,11.061264489795919,2.0,1
2025-03-19,B1_optimization_only,O0002168,M000870,S0004701,C002,P07,A,A,2025-03-19,13.808213265306122,2.0,1
2025-03-19,B1_optimization_only,O0002171,M000871,S0004701,C004,P07,A,A,2025-03-19,12.408213265306122,7.0,1
2025-03-19,B1_optimization_only,O0002168,M000870,S0004702,C002,P07,A,A,2025-03-19,27.40006,1.0,1
2025-03-19,B1_optimization_only,O0002170,M000869,S0004702,C001,P07,A,A,2025-03-19,27.800060000000002,7.0,1
2025-03-19,B1_optimization_only,O0002169,M000874,S0004703,C007,P07,B,B,2025-03-19,6.522448979591836,6.0,1
2025-03-19,B1_optimization_only,O0002169,M000874,S0004704,C007,P07,B,B,2025-03-19,6.889805918367346,4.0,1
2025-03-19,B1_optimization_only,O0002169,M000874,S0004705,C007,P07,B,B,2025-03-19,7.50206081632653,3.0,1
2025-03-19,B1_optimization_only,O0002169,M000874,S0004706,C007,P07,B,B,2025-03-19,8.359213673469387,6.0,1
2025-03-19,B1_optimization_only,O0002169,M000874,S0004707,C007,P07,B,B,2025-03-19,9.461264489795917,2.0,1
2025-03-19,B1_optimization_only,O0002169,M000874,S0004708,C007,P07,B,B,2025-03-19,24.40006,1.0,1
2025-03-19,B1_optimization_only,O0002173,M000876,S0004709,C009,P08,A,A,2025-03-19,9.74,4.0,1
2025-03-19,B1_optimization_only,O0002173,M000876,S0004710,C009,P08,A,A,2025-03-19,10.46001,16.0,1
2025-03-19,B1_optimization_only,O0002174,M000871,S0004711,C004,P08,A,A,2025-03-19,12.06002,1.0,1
2025-03-19,B1_optimization_only,O0002174,M000871,S0004712,C004,P08,A,A,2025-03-19,13.740030000000003,13.0,1
2025-03-19,B1_optimization_only,O0002174,M000871,S0004713,C004,P08,A,A,2025-03-19,27.900039999999997,1.0,1
2025-03-19,B1_optimization_only,O0002172,M000873,S0004715,C006,P08,B,B,2025-03-19,9.86001,5.0,1
2025-03-19,B1_optimization_only,O0002172,M000873,S0004716,C006,P08,B,B,2025-03-19,11.06002,1.0,1
2025-03-19,B1_optimization_only,O0002172,M000873,S0004717,C006,P08,B,B,2025-03-19,26.900039999999997,3.0,1
2025-03-19,P1_proposed_dss,O0002150,M000874,S0004655,C007,P01,A,B,2025-03-19,7.366666666666666,6.0,0
2025-03-19,P1_proposed_dss,O0002148,M000876,S0004656,C009,P01,A,A,2025-03-19,11.666676666666666,9.0,1
2025-03-19,P1_proposed_dss,O0002149,M000878,S0004656,C011,P01,A,A,2025-03-19,9.866676666666667,20.0,1
2025-03-19,P1_proposed_dss,O0002150,M000874,S0004656,C007,P01,A,B,2025-03-19,9.366676666666665,6.0,0
2025-03-19,P1_proposed_dss,O0002148,M000876,S0004657,C009,P01,A,A,2025-03-19,27.00002,10.0,1
2025-03-19,P1_proposed_dss,O0002150,M000874,S0004658,C007,P01,B,B,2025-03-19,8.466666666666667,16.0,1
2025-03-19,P1_proposed_dss,O0002150,M000874,S0004659,C007,P01,B,B,2025-03-19,10.466676666666666,10.0,1
2025-03-19,P1_proposed_dss,O0002150,M000874,S0004660,C007,P01,B,B,2025-03-19,25.80002,8.0,1
2025-03-19,P1_proposed_dss,O0002151,M000869,S0004661,C001,P02,A,A,2025-03-19,11.266666666666666,17.0,1
2025-03-19,P1_proposed_dss,O0002151,M000869,S0004662,C001,P02,A,A,2025-03-19,13.266676666666665,16.0,1
2025-03-19,P1_proposed_dss,O0002151,M000869,S0004663,C001,P02,A,A,2025-03-19,28.60002,3.0,1
2025-03-19,P1_proposed_dss,O0002152,M000870,S0004665,C002,P02,B,B,2025-03-19,12.866676666666665,7.0,1
2025-03-19,P1_proposed_dss,O0002152,M000870,S0004666,C002,P02,B,B,2025-03-19,28.20002,2.0,1
2025-03-19,P1_proposed_dss,O0002153,M000874,S0004667,C007,P03,A,A,2025-03-19,7.074999999999999,17.0,1
2025-03-19,P1_proposed_dss,O0002154,M000879,S0004667,C012,P03,A,A,2025-03-19,6.275,4.0,1
2025-03-19,P1_proposed_dss,O0002155,M000872,S0004667,C005,P03,A,B,2025-03-19,6.775,12.0,0
2025-03-19,P1_proposed_dss,O0002153,M000874,S0004668,C007,P03,A,A,2025-03-19,8.200009999999999,18.0,1
2025-03-19,P1_proposed_dss,O0002153,M000874,S0004669,C007,P03,A,A,2025-03-19,10.075019999999999,21.0,1
2025-03-19,P1_proposed_dss,O0002153,M000874,S0004670,C007,P03,A,A,2025-03-19,24.700029999999998,4.0,1
2025-03-19,P1_proposed_dss,O0002155,M000872,S0004671,C005,P03,B,B,2025-03-19,7.875,3.0,1
2025-03-19,P1_proposed_dss,O0002155,M000872,S0004672,C005,P03,B,B,2025-03-19,9.00001,5.0,1
2025-03-19,P1_proposed_dss,O0002155,M000872,S0004673,C005,P03,B,B,2025-03-19,10.87502,5.0,1
2025-03-19,P1_proposed_dss,O0002155,M000872,S0004674,C005,P03,B,B,2025-03-19,25.50003,1.0,1
2025-03-19,P1_proposed_dss,O0002156,M000878,S0004675,C011,P04,A,A,2025-03-19,11.466666666666667,16.0,1
2025-03-19,P1_proposed_dss,O0002159,M000879,S0004675,C012,P04,A,A,2025-03-19,11.266666666666666,10.0,1
2025-03-19,P1_proposed_dss,O0002156,M000878,S0004676,C011,P04,A,A,2025-03-19,13.466676666666666,2.0,1
2025-03-19,P1_proposed_dss,O0002157,M000877,S0004676,C010,P04,A,A,2025-03-19,15.066676666666664,5.0,1
2025-03-19,P1_proposed_dss,O0002158,M000869,S0004676,C001,P04,A,B,2025-03-19,16.366676666666667,8.0,0
2025-03-19,P1_proposed_dss,O0002158,M000869,S0004677,C001,P04,B,B,2025-03-19,15.466666666666667,4.0,1
2025-03-19,P1_proposed_dss,O0002158,M000869,S0004678,C001,P04,B,B,2025-03-19,17.466676666666668,2.0,1
2025-03-19,P1_proposed_dss,O0002158,M000869,S0004679,C001,P04,B,B,2025-03-19,32.800019999999996,1.0,1
2025-03-19,P1_proposed_dss,O0002163,M000870,S0004680,C002,P05,A,A,2025-03-19,11.94,2.0,1
2025-03-19,P1_proposed_dss,O0002164,M000872,S0004680,C005,P05,A,A,2025-03-19,9.74,5.0,1
2025-03-19,P1_proposed_dss,O0002163,M000870,S0004681,C002,P05,A,A,2025-03-19,12.66001,3.0,1
2025-03-19,P1_proposed_dss,O0002163,M000870,S0004682,C002,P05,A,A,2025-03-19,13.860019999999999,8.0,1
2025-03-19,P1_proposed_dss,O0002163,M000870,S0004683,C002,P05,A,A,2025-03-19,15.54003,1.0,1
2025-03-19,P1_proposed_dss,O0002163,M000870,S0004684,C002,P05,A,A,2025-03-19,29.700039999999998,4.0,1
2025-03-19,P1_proposed_dss,O0002161,M000875,S0004685,C008,P05,B,B,2025-03-19,8.74,4.0,1
2025-03-19,P1_proposed_dss,O0002161,M000875,S0004686,C008,P05,B,B,2025-03-19,9.46001,9.0,1
2025-03-19,P1_proposed_dss,O0002161,M000875,S0004687,C008,P05,B,B,2025-03-19,10.66002,3.0,1
2025-03-19,P1_proposed_dss,O0002162,M000873,S0004687,C006,P05,B,B,2025-03-19,11.46002,6.0,1
2025-03-19,P1_proposed_dss,O0002162,M000873,S0004688,C006,P05,B,B,2025-03-19,13.140030000000001,1.0,1
2025-03-19,P1_proposed_dss,O0002162,M000873,S0004689,C006,P05,B,B,2025-03-19,27.30004,3.0,1
2025-03-19,P1_proposed_dss,O0002166,M000878,S0004691,C011,P06,A,B,2025-03-19,8.566676666666666,4.0,0
2025-03-19,P1_proposed_dss,O0002167,M000870,S0004691,C002,P06,A,A,2025-03-19,13.266676666666665,2.0,1
2025-03-19,P1_proposed_dss,O0002167,M000870,S0004692,C002,P06,A,A,2025-03-19,28.60002,1.0,1
2025-03-19,P1_proposed_dss,O0002166,M000878,S0004693,C011,P06,B,B,2025-03-19,7.666666666666667,3.0,1
2025-03-19,P1_proposed_dss,O0002165,M000873,S0004694,C006,P06,B,B,2025-03-19,10.866676666666665,5.0,1
2025-03-19,P1_proposed_dss,O0002166,M000878,S0004694,C011,P06,B,B,2025-03-19,9.666676666666666,4.0,1
2025-03-19,P1_proposed_dss,O0002165,M000873,S0004695,C006,P06,B,B,2025-03-19,26.20002,5.0,1
2025-03-19,P1_proposed_dss,O0002171,M000871,S0004697,C004,P07,A,A,2025-03-19,8.489805918367347,3.0,1
2025-03-19,P1_proposed_dss,O0002171,M000871,S0004698,C004,P07,A,A,2025-03-19,9.10206081632653,7.0,1
2025-03-19,P1_proposed_dss,O0002171,M000871,S0004699,C004,P07,A,A,2025-03-19,9.959213673469389,5.0,1
2025-03-19,P1_proposed_dss,O0002171,M000871,S0004700,C004,P07,A,A,2025-03-19,11.061264489795919,2.0,1
2025-03-19,P1_proposed_dss,O0002168,M000870,S0004701,C002,P07,A,A,2025-03-19,13.808213265306122,2.0,1
2025-03-19,P1_proposed_dss,O0002171,M000871,S0004701,C004,P07,A,A,2025-03-19,12.408213265306122,7.0,1
2025-03-19,P1_proposed_dss,O0002168,M000870,S0004702,C002,P07,A,A,2025-03-19,27.40006,1.0,1
2025-03-19,P1_proposed_dss,O0002170,M000869,S0004702,C001,P07,A,A,2025-03-19,27.800060000000002,7.0,1
2025-03-19,P1_proposed_dss,O0002169,M000874,S0004703,C007,P07,B,B,2025-03-19,6.522448979591836,6.0,1
2025-03-19,P1_proposed_dss,O0002169,M000874,S0004704,C007,P07,B,B,2025-03-19,6.889805918367346,4.0,1
2025-03-19,P1_proposed_dss,O0002169,M000874,S0004705,C007,P07,B,B,2025-03-19,7.50206081632653,3.0,1
2025-03-19,P1_proposed_dss,O0002169,M000874,S0004706,C007,P07,B,B,2025-03-19,8.359213673469387,6.0,1
2025-03-19,P1_proposed_dss,O0002169,M000874,S0004707,C007,P07,B,B,2025-03-19,9.461264489795917,2.0,1
2025-03-19,P1_proposed_dss,O0002169,M000874,S0004708,C007,P07,B,B,2025-03-19,24.40006,1.0,1
2025-03-19,P1_proposed_dss,O0002173,M000876,S0004709,C009,P08,A,A,2025-03-19,9.74,4.0,1
2025-03-19,P1_proposed_dss,O0002173,M000876,S0004710,C009,P08,A,A,2025-03-19,10.46001,16.0,1
2025-03-19,P1_proposed_dss,O0002174,M000871,S0004711,C004,P08,A,A,2025-03-19,12.06002,1.0,1
2025-03-19,P1_proposed_dss,O0002174,M000871,S0004712,C004,P08,A,A,2025-03-19,13.740030000000003,13.0,1
2025-03-19,P1_proposed_dss,O0002174,M000871,S0004713,C004,P08,A,A,2025-03-19,27.900039999999997,1.0,1
2025-03-19,P1_proposed_dss,O0002172,M000873,S0004715,C006,P08,B,B,2025-03-19,9.86001,5.0,1
2025-03-19,P1_proposed_dss,O0002172,M000873,S0004716,C006,P08,B,B,2025-03-19,11.06002,1.0,1
2025-03-19,P1_proposed_dss,O0002172,M000873,S0004717,C006,P08,B,B,2025-03-19,26.900039999999997,3.0,1
2025-03-20,B0_manual,O0002182,M000880,S0004724,C001,P02,A,A,2025-03-20,,8.0,1
2025-03-20,B0_manual,O0002182,M000880,S0004725,C001,P02,A,A,2025-03-20,,28.0,1
2025-03-20,B0_manual,O0002195,M000881,S0004757,C002,P06,B,B,2025-03-20,,3.0,1
2025-03-20,B0_manual,O0002203,M000881,S0004777,C002,P08,B,B,2025-03-20,,4.0,1
2025-03-20,B0_manual,O0002203,M000881,S0004778,C002,P08,B,B,2025-03-20,,6.0,1
2025-03-20,B0_manual,O0002175,M000882,S0004721,C003,P01,B,B,2025-03-20,,17.0,1
2025-03-20,B0_manual,O0002175,M000882,S0004722,C003,P01,B,B,2025-03-20,,10.0,1
2025-03-20,B0_manual,O0002180,M000882,S0004727,C003,P02,B,B,2025-03-20,,19.0,1
2025-03-20,B0_manual,O0002180,M000882,S0004728,C003,P02,B,B,2025-03-20,,5.0,1
2025-03-20,B0_manual,O0002185,M000883,S0004730,C004,P03,A,A,2025-03-20,,17.0,1
2025-03-20,B0_manual,O0002185,M000883,S0004731,C004,P03,A,A,2025-03-20,,19.0,1
2025-03-20,B0_manual,O0002185,M000883,S0004732,C004,P03,A,A,2025-03-20,,11.0,1
2025-03-20,B0_manual,O0002185,M000883,S0004733,C004,P03,A,A,2025-03-20,,4.0,1
2025-03-20,B0_manual,O0002191,M000883,S0004744,C004,P05,A,A,2025-03-20,,7.0,1
2025-03-20,B0_manual,O0002191,M000883,S0004745,C004,P05,A,A,2025-03-20,,3.0,1
2025-03-20,B0_manual,O0002197,M000883,S0004754,C004,P06,A,A,2025-03-20,,14.0,1
2025-03-20,B0_manual,O0002197,M000883,S0004755,C004,P06,A,A,2025-03-20,,6.0,1
2025-03-20,B0_manual,O0002197,M000883,S0004756,C004,P06,A,A,2025-03-20,,2.0,1
2025-03-20,B0_manual,O0002199,M000883,S0004759,C004,P07,A,A,2025-03-20,,6.0,1
2025-03-20,B0_manual,O0002199,M000883,S0004760,C004,P07,A,A,2025-03-20,,7.0,1
2025-03-20,B0_manual,O0002199,M000883,S0004761,C004,P07,A,A,2025-03-20,,3.0,1
2025-03-20,B0_manual,O0002202,M000883,S0004772,C004,P08,A,A,2025-03-20,,15.0,1
2025-03-20,B0_manual,O0002202,M000883,S0004773,C004,P08,A,A,2025-03-20,,3.0,1
2025-03-20,B0_manual,O0002202,M000883,S0004774,C004,P08,A,A,2025-03-20,,2.0,1
2025-03-20,B0_manual,O0002189,M000884,S0004741,C005,P04,B,B,2025-03-20,,6.0,1
2025-03-20,B0_manual,O0002190,M000884,S0004745,C005,P05,A,A,2025-03-20,,5.0,1
2025-03-20,B0_manual,O0002190,M000884,S0004746,C005,P05,A,A,2025-03-20,,8.0,1
2025-03-20,B0_manual,O0002190,M000884,S0004747,C005,P05,A,A,2025-03-20,,1.0,1
2025-03-20,B0_manual,O0002183,M000885,S0004726,C006,P02,A,A,2025-03-20,,1.0,1
2025-03-20,B0_manual,O0002187,M000885,S0004738,C006,P04,A,A,2025-03-20,,21.0,1
2025-03-20,B0_manual,O0002187,M000885,S0004739,C006,P04,A,A,2025-03-20,,17.0,1
2025-03-20,B0_manual,O0002187,M000885,S0004740,C006,P04,A,A,2025-03-20,,8.0,1
2025-03-20,B0_manual,O0002194,M000885,S0004747,C006,P05,A,A,2025-03-20,,3.0,1
2025-03-20,B0_manual,O0002194,M000885,S0004748,C006,P05,A,A,2025-03-20,,4.0,1
2025-03-20,B0_manual,O0002200,M000885,S0004765,C006,P07,B,B,2025-03-20,,5.0,1
2025-03-20,B0_manual,O0002200,M000885,S0004766,C006,P07,B,B,2025-03-20,,4.0,1
2025-03-20,B0_manual,O0002200,M000885,S0004767,C006,P07,B,B,2025-03-20,,23.0,1
2025-03-20,B0_manual,O0002200,M000885,S0004768,C006,P07,B,B,2025-03-20,,1.0,1
2025-03-20,B0_manual,O0002177,M000886,S0004722,C008,P01,B,B,2025-03-20,,20.0,1
2025-03-20,B0_manual,O0002177,M000886,S0004723,C008,P01,B,B,2025-03-20,,7.0,1
2025-03-20,B0_manual,O0002192,M000887,S0004749,C009,P05,B,B,2025-03-20,,8.0,1
2025-03-20,B0_manual,O0002192,M000887,S0004750,C009,P05,B,B,2025-03-20,,6.0,1
2025-03-20,B0_manual,O0002196,M000888,S0004757,C010,P06,B,B,2025-03-20,,5.0,1
2025-03-20,B0_manual,O0002196,M000888,S0004758,C010,P06,B,B,2025-03-20,,4.0,1
2025-03-20,B0_manual,O0002196,M000888,S0004756,C010,P06,A,B,2025-03-20,,1.0,0
2025-03-20,B0_manual,O0002198,M000888,S0004768,C010,P07,B,B,2025-03-20,,4.0,1
2025-03-20,B0_manual,O0002198,M000888,S0004769,C010,P07,B,B,2025-03-20,,2.0,1
2025-03-20,B0_manual,O0002204,M000888,S0004774,C010,P08,A,A,2025-03-20,,3.0,1
2025-03-20,B0_manual,O0002204,M000888,S0004775,C010,P08,A,A,2025-03-20,,7.0,1
2025-03-20,B0_manual,O0002178,M000889,S0004718,C011,P01,A,B,2025-03-20,,11.0,0
2025-03-20,B0_manual,O0002188,M000889,S0004741,C011,P04,B,B,2025-03-20,,6.0,1
2025-03-20,B0_manual,O0002201,M000889,S0004770,C011,P07,B,B,2025-03-20,,4.0,1
2025-03-20,B0_manual,O0002201,M000889,S0004771,C011,P07,B,B,2025-03-20,,3.0,1
2025-03-20,B0_manual,O0002205,M000889,S0004775,C011,P08,A,A,2025-03-20,,3.0,1
2025-03-20,B0_manual,O0002205,M000889,S0004776,C011,P08,A,A,2025-03-20,,2.0,1
2025-03-20,B1_optimization_only,O0002177,M000886,S0004718,C008,P01,A,B,2025-03-20,7.166666666666667,28.0,0
2025-03-20,B1_optimization_only,O0002177,M000886,S0004719,C008,P01,A,B,2025-03-20,9.166676666666666,26.0,0
2025-03-20,B1_optimization_only,O0002175,M000882,S0004720,C003,P01,A,B,2025-03-20,26.700020000000002,10.0,0
2025-03-20,B1_optimization_only,O0002177,M000886,S0004721,C008,P01,B,B,2025-03-20,8.266666666666667,17.0,1
2025-03-20,B1_optimization_only,O0002175,M000882,S0004722,C003,P01,B,B,2025-03-20,12.466676666666666,10.0,1
2025-03-20,B1_optimization_only,O0002176,M000887,S0004722,C009,P01,B,B,2025-03-20,11.666676666666666,14.0,1
2025-03-20,B1_optimization_only,O0002177,M000886,S0004722,C008,P01,B,B,2025-03-20,10.266676666666667,6.0,1
2025-03-20,B1_optimization_only,O0002175,M000882,S0004723,C003,P01,B,B,2025-03-20,27.80002,7.0,1
2025-03-20,B1_optimization_only,O0002182,M000880,S0004724,C001,P02,A,A,2025-03-20,11.266666666666666,7.0,1
2025-03-20,B1_optimization_only,O0002183,M000885,S0004724,C006,P02,A,A,2025-03-20,8.466666666666667,1.0,1
2025-03-20,B1_optimization_only,O0002182,M000880,S0004725,C001,P02,A,A,2025-03-20,13.266676666666665,28.0,1
2025-03-20,B1_optimization_only,O0002182,M000880,S0004726,C001,P02,A,A,2025-03-20,28.60002,1.0,1
2025-03-20,B1_optimization_only,O0002180,M000882,S0004728,C003,P02,B,B,2025-03-20,11.866676666666665,9.0,1
2025-03-20,B1_optimization_only,O0002180,M000882,S0004729,C003,P02,B,B,2025-03-20,27.20002,15.0,1
2025-03-20,B1_optimization_only,O0002185,M000883,S0004730,C004,P03,A,A,2025-03-20,8.675,17.0,1
2025-03-20,B1_optimization_only,O0002185,M000883,S0004731,C004,P03,A,A,2025-03-20,9.80001,19.0,1
2025-03-20,B1_optimization_only,O0002185,M000883,S0004732,C004,P03,A,A,2025-03-20,11.67502,11.0,1
2025-03-20,B1_optimization_only,O0002185,M000883,S0004733,C004,P03,A,A,2025-03-20,26.30003,4.0,1
2025-03-20,B1_optimization_only,O0002187,M000885,S0004738,C006,P04,A,A,2025-03-20,12.666666666666666,21.0,1
2025-03-20,B1_optimization_only,O0002187,M000885,S0004739,C006,P04,A,A,2025-03-20,14.666676666666666,17.0,1
2025-03-20,B1_optimization_only,O0002187,M000885,S0004740,C006,P04,A,A,2025-03-20,30.00002,8.0,1
2025-03-20,B1_optimization_only,O0002188,M000889,S0004742,C011,P04,B,B,2025-03-20,13.466676666666666,6.0,1
2025-03-20,B1_optimization_only,O0002189,M000884,S0004742,C005,P04,B,B,2025-03-20,14.866676666666665,4.0,1
2025-03-20,B1_optimization_only,O0002189,M000884,S0004743,C005,P04,B,B,2025-03-20,30.20002,2.0,1
2025-03-20,B1_optimization_only,O0002194,M000885,S0004744,C006,P05,A,A,2025-03-20,9.540000000000001,7.0,1
2025-03-20,B1_optimization_only,O0002190,M000884,S0004745,C005,P05,A,A,2025-03-20,10.46001,8.0,1
2025-03-20,B1_optimization_only,O0002190,M000884,S0004746,C005,P05,A,A,2025-03-20,11.66002,6.0,1
2025-03-20,B1_optimization_only,O0002191,M000883,S0004746,C004,P05,A,A,2025-03-20,12.46002,2.0,1
2025-03-20,B1_optimization_only,O0002191,M000883,S0004747,C004,P05,A,A,2025-03-20,14.140030000000001,4.0,1
2025-03-20,B1_optimization_only,O0002191,M000883,S0004748,C004,P05,A,A,2025-03-20,28.30004,4.0,1
2025-03-20,B1_optimization_only,O0002192,M000887,S0004752,C009,P05,B,B,2025-03-20,13.740029999999999,10.0,1
2025-03-20,B1_optimization_only,O0002192,M000887,S0004753,C009,P05,B,B,2025-03-20,27.900039999999997,4.0,1
2025-03-20,B1_optimization_only,O0002196,M000888,S0004754,C010,P06,A,B,2025-03-20,8.166666666666666,1.0,0
2025-03-20,B1_optimization_only,O0002197,M000883,S0004754,C004,P06,A,A,2025-03-20,9.866666666666665,13.0,1
2025-03-20,B1_optimization_only,O0002197,M000883,S0004755,C004,P06,A,A,2025-03-20,11.866676666666665,6.0,1
2025-03-20,B1_optimization_only,O0002197,M000883,S0004756,C004,P06,A,A,2025-03-20,27.20002,3.0,1
2025-03-20,B1_optimization_only,O0002196,M000888,S0004757,C010,P06,B,B,2025-03-20,9.266666666666666,8.0,1
2025-03-20,B1_optimization_only,O0002195,M000881,S0004758,C002,P06,B,B,2025-03-20,13.266676666666665,3.0,1
2025-03-20,B1_optimization_only,O0002196,M000888,S0004758,C010,P06,B,B,2025-03-20,11.266676666666665,1.0,1
2025-03-20,B1_optimization_only,O0002200,M000885,S0004759,C006,P07,A,B,2025-03-20,6.022448979591837,6.0,0
2025-03-20,B1_optimization_only,O0002200,M000885,S0004760,C006,P07,A,B,2025-03-20,6.389805918367347,7.0,0
2025-03-20,B1_optimization_only,O0002198,M000888,S0004761,C010,P07,A,B,2025-03-20,7.40206081632653,6.0,0
2025-03-20,B1_optimization_only,O0002199,M000883,S0004761,C004,P07,A,A,2025-03-20,9.10206081632653,2.0,1
2025-03-20,B1_optimization_only,O0002200,M000885,S0004761,C006,P07,A,B,2025-03-20,7.002060816326531,3.0,0
2025-03-20,B1_optimization_only,O0002199,M000883,S0004762,C004,P07,A,A,2025-03-20,9.959213673469389,9.0,1
2025-03-20,B1_optimization_only,O0002199,M000883,S0004763,C004,P07,A,A,2025-03-20,11.061264489795919,4.0,1
2025-03-20,B1_optimization_only,O0002199,M000883,S0004764,C004,P07,A,A,2025-03-20,12.408213265306122,1.0,1
2025-03-20,B1_optimization_only,O0002201,M000889,S0004765,C011,P07,B,B,2025-03-20,5.922448979591836,5.0,1
2025-03-20,B1_optimization_only,O0002201,M000889,S0004766,C011,P07,B,B,2025-03-20,6.289805918367346,4.0,1
2025-03-20,B1_optimization_only,O0002200,M000885,S0004767,C006,P07,B,B,2025-03-20,8.10206081632653,9.0,1
2025-03-20,B1_optimization_only,O0002201,M000889,S0004767,C011,P07,B,B,2025-03-20,6.9020608163265305,14.0,1
2025-03-20,B1_optimization_only,O0002200,M000885,S0004768,C006,P07,B,B,2025-03-20,8.959213673469389,5.0,1
2025-03-20,B1_optimization_only,O0002200,M000885,S0004769,C006,P07,B,B,2025-03-20,10.061264489795919,2.0,1
2025-03-20,B1_optimization_only,O0002200,M000885,S0004770,C006,P07,B,B,2025-03-20,11.408213265306122,1.0,1
2025-03-20,B1_optimization_only,O0002201,M000889,S0004770,C011,P07,B,B,2025-03-20,10.208213265306123,3.0,1
2025-03-20,B1_optimization_only,O0002201,M000889,S0004771,C011,P07,B,B,2025-03-20,23.800060000000002,3.0,1
2025-03-20,B1_optimization_only,O0002204,M000888,S0004772,C010,P08,A,A,2025-03-20,9.540000000000001,10.0,1
2025-03-20,B1_optimization_only,O0002205,M000889,S0004772,C011,P08,A,A,2025-03-20,7.94,5.0,1
2025-03-20,B1_optimization_only,O0002202,M000883,S0004773,C004,P08,A,A,2025-03-20,10.86001,3.0,1
2025-03-20,B1_optimization_only,O0002202,M000883,S0004774,C004,P08,A,A,2025-03-20,12.06002,5.0,1
2025-03-20,B1_optimization_only,O0002202,M000883,S0004775,C004,P08,A,A,2025-03-20,13.740030000000003,10.0,1
2025-03-20,B1_optimization_only,O0002202,M000883,S0004776,C004,P08,A,A,2025-03-20,27.900039999999997,2.0,1
2025-03-20,B1_optimization_only,O0002203,M000881,S0004778,C002,P08,B,B,2025-03-20,12.260010000000001,3.0,1
2025-03-20,B1_optimization_only,O0002203,M000881,S0004779,C002,P08,B,B,2025-03-20,13.46002,4.0,1
2025-03-20,B1_optimization_only,O0002203,M000881,S0004780,C002,P08,B,B,2025-03-20,29.30004,3.0,1
2025-03-20,P1_proposed_dss,O0002177,M000886,S0004718,C008,P01,A,B,2025-03-20,7.166666666666667,28.0,0
2025-03-20,P1_proposed_dss,O0002177,M000886,S0004719,C008,P01,A,B,2025-03-20,9.166676666666666,26.0,0
2025-03-20,P1_proposed_dss,O0002175,M000882,S0004720,C003,P01,A,B,2025-03-20,26.700020000000002,10.0,0
2025-03-20,P1_proposed_dss,O0002177,M000886,S0004721,C008,P01,B,B,2025-03-20,8.266666666666667,17.0,1
2025-03-20,P1_proposed_dss,O0002175,M000882,S0004722,C003,P01,B,B,2025-03-20,12.466676666666666,10.0,1
2025-03-20,P1_proposed_dss,O0002176,M000887,S0004722,C009,P01,B,B,2025-03-20,11.666676666666666,14.0,1
2025-03-20,P1_proposed_dss,O0002177,M000886,S0004722,C008,P01,B,B,2025-03-20,10.266676666666667,6.0,1
2025-03-20,P1_proposed_dss,O0002175,M000882,S0004723,C003,P01,B,B,2025-03-20,27.80002,7.0,1
2025-03-20,P1_proposed_dss,O0002182,M000880,S0004724,C001,P02,A,A,2025-03-20,11.266666666666666,7.0,1
2025-03-20,P1_proposed_dss,O0002183,M000885,S0004724,C006,P02,A,A,2025-03-20,8.466666666666667,1.0,1
2025-03-20,P1_proposed_dss,O0002182,M000880,S0004725,C001,P02,A,A,2025-03-20,13.266676666666665,28.0,1
2025-03-20,P1_proposed_dss,O0002182,M000880,S0004726,C001,P02,A,A,2025-03-20,28.60002,1.0,1
2025-03-20,P1_proposed_dss,O0002180,M000882,S0004728,C003,P02,B,B,2025-03-20,11.866676666666665,9.0,1
2025-03-20,P1_proposed_dss,O0002180,M000882,S0004729,C003,P02,B,B,2025-03-20,27.20002,15.0,1
2025-03-20,P1_proposed_dss,O0002185,M000883,S0004730,C004,P03,A,A,2025-03-20,8.675,17.0,1
2025-03-20,P1_proposed_dss,O0002185,M000883,S0004731,C004,P03,A,A,2025-03-20,9.80001,19.0,1
2025-03-20,P1_proposed_dss,O0002185,M000883,S0004732,C004,P03,A,A,2025-03-20,11.67502,11.0,1
2025-03-20,P1_proposed_dss,O0002185,M000883,S0004733,C004,P03,A,A,2025-03-20,26.30003,4.0,1
2025-03-20,P1_proposed_dss,O0002187,M000885,S0004738,C006,P04,A,A,2025-03-20,12.666666666666666,21.0,1
2025-03-20,P1_proposed_dss,O0002187,M000885,S0004739,C006,P04,A,A,2025-03-20,14.666676666666666,17.0,1
2025-03-20,P1_proposed_dss,O0002187,M000885,S0004740,C006,P04,A,A,2025-03-20,30.00002,8.0,1
2025-03-20,P1_proposed_dss,O0002188,M000889,S0004742,C011,P04,B,B,2025-03-20,13.466676666666666,6.0,1
2025-03-20,P1_proposed_dss,O0002189,M000884,S0004742,C005,P04,B,B,2025-03-20,14.866676666666665,4.0,1
2025-03-20,P1_proposed_dss,O0002189,M000884,S0004743,C005,P04,B,B,2025-03-20,30.20002,2.0,1
2025-03-20,P1_proposed_dss,O0002194,M000885,S0004744,C006,P05,A,A,2025-03-20,9.540000000000001,7.0,1
2025-03-20,P1_proposed_dss,O0002190,M000884,S0004745,C005,P05,A,A,2025-03-20,10.46001,8.0,1
2025-03-20,P1_proposed_dss,O0002190,M000884,S0004746,C005,P05,A,A,2025-03-20,11.66002,6.0,1
2025-03-20,P1_proposed_dss,O0002191,M000883,S0004746,C004,P05,A,A,2025-03-20,12.46002,2.0,1
2025-03-20,P1_proposed_dss,O0002191,M000883,S0004747,C004,P05,A,A,2025-03-20,14.140030000000001,4.0,1
2025-03-20,P1_proposed_dss,O0002191,M000883,S0004748,C004,P05,A,A,2025-03-20,28.30004,4.0,1
2025-03-20,P1_proposed_dss,O0002192,M000887,S0004752,C009,P05,B,B,2025-03-20,13.740029999999999,10.0,1
2025-03-20,P1_proposed_dss,O0002192,M000887,S0004753,C009,P05,B,B,2025-03-20,27.900039999999997,4.0,1
2025-03-20,P1_proposed_dss,O0002196,M000888,S0004754,C010,P06,A,B,2025-03-20,8.166666666666666,1.0,0
2025-03-20,P1_proposed_dss,O0002197,M000883,S0004754,C004,P06,A,A,2025-03-20,9.866666666666665,13.0,1
2025-03-20,P1_proposed_dss,O0002197,M000883,S0004755,C004,P06,A,A,2025-03-20,11.866676666666665,6.0,1
2025-03-20,P1_proposed_dss,O0002197,M000883,S0004756,C004,P06,A,A,2025-03-20,27.20002,3.0,1
2025-03-20,P1_proposed_dss,O0002196,M000888,S0004757,C010,P06,B,B,2025-03-20,9.266666666666666,8.0,1
2025-03-20,P1_proposed_dss,O0002195,M000881,S0004758,C002,P06,B,B,2025-03-20,13.266676666666665,3.0,1
2025-03-20,P1_proposed_dss,O0002196,M000888,S0004758,C010,P06,B,B,2025-03-20,11.266676666666665,1.0,1
2025-03-20,P1_proposed_dss,O0002200,M000885,S0004759,C006,P07,A,B,2025-03-20,6.022448979591837,6.0,0
2025-03-20,P1_proposed_dss,O0002200,M000885,S0004760,C006,P07,A,B,2025-03-20,6.389805918367347,7.0,0
2025-03-20,P1_proposed_dss,O0002198,M000888,S0004761,C010,P07,A,B,2025-03-20,7.40206081632653,6.0,0
2025-03-20,P1_proposed_dss,O0002199,M000883,S0004761,C004,P07,A,A,2025-03-20,9.10206081632653,2.0,1
2025-03-20,P1_proposed_dss,O0002200,M000885,S0004761,C006,P07,A,B,2025-03-20,7.002060816326531,3.0,0
2025-03-20,P1_proposed_dss,O0002199,M000883,S0004762,C004,P07,A,A,2025-03-20,9.959213673469389,9.0,1
2025-03-20,P1_proposed_dss,O0002199,M000883,S0004763,C004,P07,A,A,2025-03-20,11.061264489795919,4.0,1
2025-03-20,P1_proposed_dss,O0002199,M000883,S0004764,C004,P07,A,A,2025-03-20,12.408213265306122,1.0,1
2025-03-20,P1_proposed_dss,O0002201,M000889,S0004765,C011,P07,B,B,2025-03-20,5.922448979591836,5.0,1
2025-03-20,P1_proposed_dss,O0002201,M000889,S0004766,C011,P07,B,B,2025-03-20,6.289805918367346,4.0,1
2025-03-20,P1_proposed_dss,O0002200,M000885,S0004767,C006,P07,B,B,2025-03-20,8.10206081632653,9.0,1
2025-03-20,P1_proposed_dss,O0002201,M000889,S0004767,C011,P07,B,B,2025-03-20,6.9020608163265305,14.0,1
2025-03-20,P1_proposed_dss,O0002200,M000885,S0004768,C006,P07,B,B,2025-03-20,8.959213673469389,5.0,1
2025-03-20,P1_proposed_dss,O0002200,M000885,S0004769,C006,P07,B,B,2025-03-20,10.061264489795919,2.0,1
2025-03-20,P1_proposed_dss,O0002200,M000885,S0004770,C006,P07,B,B,2025-03-20,11.408213265306122,1.0,1
2025-03-20,P1_proposed_dss,O0002201,M000889,S0004770,C011,P07,B,B,2025-03-20,10.208213265306123,3.0,1
2025-03-20,P1_proposed_dss,O0002201,M000889,S0004771,C011,P07,B,B,2025-03-20,23.800060000000002,3.0,1
2025-03-20,P1_proposed_dss,O0002204,M000888,S0004772,C010,P08,A,A,2025-03-20,9.540000000000001,10.0,1
2025-03-20,P1_proposed_dss,O0002205,M000889,S0004772,C011,P08,A,A,2025-03-20,7.94,5.0,1
2025-03-20,P1_proposed_dss,O0002202,M000883,S0004773,C004,P08,A,A,2025-03-20,10.86001,3.0,1
2025-03-20,P1_proposed_dss,O0002202,M000883,S0004774,C004,P08,A,A,2025-03-20,12.06002,5.0,1
2025-03-20,P1_proposed_dss,O0002202,M000883,S0004775,C004,P08,A,A,2025-03-20,13.740030000000003,10.0,1
2025-03-20,P1_proposed_dss,O0002202,M000883,S0004776,C004,P08,A,A,2025-03-20,27.900039999999997,2.0,1
2025-03-20,P1_proposed_dss,O0002203,M000881,S0004778,C002,P08,B,B,2025-03-20,12.260010000000001,3.0,1
2025-03-20,P1_proposed_dss,O0002203,M000881,S0004779,C002,P08,B,B,2025-03-20,13.46002,4.0,1
2025-03-20,P1_proposed_dss,O0002203,M000881,S0004780,C002,P08,B,B,2025-03-20,29.30004,3.0,1
2025-03-21,B0_manual,O0002214,M000891,S0004790,C001,P03,A,A,2025-03-21,,3.0,1
2025-03-21,B0_manual,O0002222,M000891,S0004798,C001,P04,A,A,2025-03-21,,11.0,1
2025-03-21,B0_manual,O0002223,M000891,S0004809,C001,P05,B,B,2025-03-21,,13.0,1
2025-03-21,B0_manual,O0002223,M000891,S0004810,C001,P05,B,B,2025-03-21,,7.0,1
2025-03-21,B0_manual,O0002223,M000891,S0004811,C001,P05,B,B,2025-03-21,,1.0,1
2025-03-21,B0_manual,O0002223,M000891,S0004812,C001,P05,B,B,2025-03-21,,2.0,1
2025-03-21,B0_manual,O0002223,M000891,S0004804,C001,P05,A,B,2025-03-21,,11.0,0
2025-03-21,B0_manual,O0002223,M000891,S0004805,C001,P05,A,B,2025-03-21,,6.0,0
2025-03-21,B0_manual,O0002223,M000891,S0004806,C001,P05,A,B,2025-03-21,,5.0,0
2025-03-21,B0_manual,O0002226,M000891,S0004816,C001,P06,B,B,2025-03-21,,3.0,1
2025-03-21,B0_manual,O0002229,M000891,S0004824,C001,P07,B,B,2025-03-21,,5.0,1
2025-03-21,B0_manual,O0002236,M000891,S0004833,C001,P08,B,B,2025-03-21,,3.0,1
2025-03-21,B0_manual,O0002236,M000891,S0004834,C001,P08,B,B,2025-03-21,,4.0,1
2025-03-21,B0_manual,O0002236,M000891,S0004835,C001,P08,B,B,2025-03-21,,3.0,1
2025-03-21,B0_manual,O0002236,M000891,S0004836,C001,P08,B,B,2025-03-21,,1.0,1
2025-03-21,B0_manual,O0002216,M000892,S0004794,C002,P03,B,B,2025-03-21,,12.0,1
2025-03-21,B0_manual,O0002227,M000892,S0004813,C002,P06,A,A,2025-03-21,,10.0,1
2025-03-21,B0_manual,O0002227,M000892,S0004814,C002,P06,A,A,2025-03-21,,6.0,1
2025-03-21,B0_manual,O0002208,M000893,S0004781,C003,P01,A,A,2025-03-21,,11.0,1
2025-03-21,B0_manual,O0002211,M000893,S0004788,C003,P02,B,B,2025-03-21,,8.0,1
2025-03-21,B0_manual,O0002233,M000893,S0004818,C003,P07,A,A,2025-03-21,,18.0,1
2025-03-21,B0_manual,O0002233,M000893,S0004819,C003,P07,A,A,2025-03-21,,3.0,1
2025-03-21,B0_manual,O0002218,M000894,S0004795,C004,P03,B,B,2025-03-21,,7.0,1
2025-03-21,B0_manual,O0002218,M000894,S0004796,C004,P03,B,B,2025-03-21,,3.0,1
2025-03-21,B0_manual,O0002218,M000894,S0004797,C004,P03,B,B,2025-03-21,,5.0,1
2025-03-21,B0_manual,O0002219,M000895,S0004798,C005,P04,A,A,2025-03-21,,4.0,1
2025-03-21,B0_manual,O0002219,M000895,S0004799,C005,P04,A,A,2025-03-21,,8.0,1
2025-03-21,B0_manual,O0002225,M000895,S0004816,C005,P06,B,B,2025-03-21,,6.0,1
2025-03-21,B0_manual,O0002209,M000896,S0004781,C008,P01,A,A,2025-03-21,,9.0,1
2025-03-21,B0_manual,O0002213,M000896,S0004786,C008,P02,A,A,2025-03-21,,13.0,1
2025-03-21,B0_manual,O0002213,M000896,S0004787,C008,P02,A,A,2025-03-21,,20.0,1
2025-03-21,B0_manual,O0002231,M000896,S0004819,C008,P07,A,A,2025-03-21,,3.0,1
2025-03-21,B0_manual,O0002231,M000896,S0004820,C008,P07,A,A,2025-03-21,,6.0,1
2025-03-21,B0_manual,O0002231,M000896,S0004821,C008,P07,A,A,2025-03-21,,9.0,1
2025-03-21,B0_manual,O0002231,M000896,S0004822,C008,P07,A,A,2025-03-21,,7.0,1
2025-03-21,B0_manual,O0002231,M000896,S0004823,C008,P07,A,A,2025-03-21,,4.0,1
2025-03-21,B0_manual,O0002206,M000897,S0004783,C009,P01,B,B,2025-03-21,,10.0,1
2025-03-21,B0_manual,O0002221,M000897,S0004799,C009,P04,A,A,2025-03-21,,1.0,1
2025-03-21,B0_manual,O0002221,M000897,S0004800,C009,P04,A,A,2025-03-21,,2.0,1
2025-03-21,B0_manual,O0002228,M000897,S0004814,C009,P06,A,A,2025-03-21,,2.0,1
2025-03-21,B0_manual,O0002228,M000897,S0004815,C009,P06,A,A,2025-03-21,,2.0,1
2025-03-21,B0_manual,O0002235,M000898,S0004829,C010,P08,A,A,2025-03-21,,10.0,1
2025-03-21,B0_manual,O0002210,M000899,S0004781,C011,P01,A,A,2025-03-21,,6.0,1
2025-03-21,B0_manual,O0002210,M000899,S0004782,C011,P01,A,A,2025-03-21,,9.0,1
2025-03-21,B0_manual,O0002217,M000899,S0004790,C011,P03,A,A,2025-03-21,,8.0,1
2025-03-21,B0_manual,O0002207,M000900,S0004783,C012,P01,B,B,2025-03-21,,11.0,1
2025-03-21,B0_manual,O0002207,M000900,S0004784,C012,P01,B,B,2025-03-21,,2.0,1
2025-03-21,B0_manual,O0002220,M000900,S0004801,C012,P04,B,B,2025-03-21,,9.0,1
2025-03-21,B0_manual,O0002224,M000900,S0004806,C012,P05,A,A,2025-03-21,,2.0,1
2025-03-21,B0_manual,O0002224,M000900,S0004807,C012,P05,A,A,2025-03-21,,8.0,1
2025-03-21,B0_manual,O0002224,M000900,S0004808,C012,P05,A,A,2025-03-21,,5.0,1
2025-03-21,B1_optimization_only,O0002208,M000893,S0004781,C003,P01,A,A,2025-03-21,10.466666666666667,2.0,1
2025-03-21,B1_optimization_only,O0002209,M000896,S0004781,C008,P01,A,A,2025-03-21,8.266666666666667,9.0,1
2025-03-21,B1_optimization_only,O0002210,M000899,S0004781,C011,P01,A,A,2025-03-21,7.866666666666667,15.0,1
2025-03-21,B1_optimization_only,O0002208,M000893,S0004782,C003,P01,A,A,2025-03-21,12.466676666666666,9.0,1
2025-03-21,B1_optimization_only,O0002207,M000900,S0004783,C012,P01,B,B,2025-03-21,7.666666666666667,3.0,1
2025-03-21,B1_optimization_only,O0002206,M000897,S0004784,C009,P01,B,B,2025-03-21,11.666676666666666,7.0,1
2025-03-21,B1_optimization_only,O0002207,M000900,S0004784,C012,P01,B,B,2025-03-21,9.666676666666666,10.0,1
2025-03-21,B1_optimization_only,O0002206,M000897,S0004785,C009,P01,B,B,2025-03-21,27.00002,3.0,1
2025-03-21,B1_optimization_only,O0002213,M000896,S0004786,C008,P02,A,A,2025-03-21,7.666666666666667,13.0,1
2025-03-21,B1_optimization_only,O0002212,M000897,S0004787,C009,P02,A,A,2025-03-21,11.066676666666666,3.0,1
2025-03-21,B1_optimization_only,O0002213,M000896,S0004787,C008,P02,A,A,2025-03-21,9.666676666666666,17.0,1
2025-03-21,B1_optimization_only,O0002211,M000893,S0004789,C003,P02,B,B,2025-03-21,11.866676666666665,8.0,1
2025-03-21,B1_optimization_only,O0002217,M000899,S0004790,C011,P03,A,A,2025-03-21,6.475,8.0,1
2025-03-21,B1_optimization_only,O0002215,M000897,S0004791,C009,P03,A,B,2025-03-21,8.30001,18.0,0
2025-03-21,B1_optimization_only,O0002215,M000897,S0004792,C009,P03,A,B,2025-03-21,10.17502,8.0,0
2025-03-21,B1_optimization_only,O0002214,M000891,S0004793,C001,P03,A,A,2025-03-21,28.10003,3.0,1
2025-03-21,B1_optimization_only,O0002215,M000897,S0004793,C009,P03,A,B,2025-03-21,24.80003,1.0,0
2025-03-21,B1_optimization_only,O0002218,M000894,S0004794,C004,P03,B,B,2025-03-21,8.675,12.0,1
2025-03-21,B1_optimization_only,O0002216,M000892,S0004795,C002,P03,B,B,2025-03-21,11.200009999999999,4.0,1
2025-03-21,B1_optimization_only,O0002218,M000894,S0004795,C004,P03,B,B,2025-03-21,9.80001,3.0,1
2025-03-21,B1_optimization_only,O0002216,M000892,S0004796,C002,P03,B,B,2025-03-21,13.075019999999999,3.0,1
2025-03-21,B1_optimization_only,O0002216,M000892,S0004797,C002,P03,B,B,2025-03-21,27.700029999999998,5.0,1
2025-03-21,B1_optimization_only,O0002219,M000895,S0004798,C005,P04,A,A,2025-03-21,12.866666666666665,9.0,1
2025-03-21,B1_optimization_only,O0002221,M000897,S0004798,C009,P04,A,A,2025-03-21,13.266666666666666,6.0,1
2025-03-21,B1_optimization_only,O0002222,M000891,S0004799,C001,P04,A,A,2025-03-21,17.466676666666668,9.0,1
2025-03-21,B1_optimization_only,O0002222,M000891,S0004800,C001,P04,A,A,2025-03-21,32.800019999999996,2.0,1
2025-03-21,B1_optimization_only,O0002220,M000900,S0004801,C012,P04,B,B,2025-03-21,11.266666666666666,2.0,1
2025-03-21,B1_optimization_only,O0002220,M000900,S0004802,C012,P04,B,B,2025-03-21,13.266676666666665,5.0,1
2025-03-21,B1_optimization_only,O0002220,M000900,S0004803,C012,P04,B,B,2025-03-21,28.60002,2.0,1
2025-03-21,B1_optimization_only,O0002224,M000900,S0004804,C012,P05,A,A,2025-03-21,8.139999999999999,11.0,1
2025-03-21,B1_optimization_only,O0002223,M000891,S0004805,C001,P05,A,B,2025-03-21,11.96001,2.0,0
2025-03-21,B1_optimization_only,O0002224,M000900,S0004805,C012,P05,A,A,2025-03-21,8.860009999999999,4.0,1
2025-03-21,B1_optimization_only,O0002223,M000891,S0004806,C001,P05,A,B,2025-03-21,13.16002,7.0,0
2025-03-21,B1_optimization_only,O0002223,M000891,S0004807,C001,P05,A,B,2025-03-21,14.84003,8.0,0
2025-03-21,B1_optimization_only,O0002223,M000891,S0004808,C001,P05,A,B,2025-03-21,29.00004,5.0,0
2025-03-21,B1_optimization_only,O0002223,M000891,S0004809,C001,P05,B,B,2025-03-21,12.34,13.0,1
2025-03-21,B1_optimization_only,O0002223,M000891,S0004810,C001,P05,B,B,2025-03-21,13.06001,7.0,1
2025-03-21,B1_optimization_only,O0002223,M000891,S0004811,C001,P05,B,B,2025-03-21,14.260019999999999,1.0,1
2025-03-21,B1_optimization_only,O0002223,M000891,S0004812,C001,P05,B,B,2025-03-21,15.940030000000002,2.0,1
2025-03-21,B1_optimization_only,O0002227,M000892,S0004813,C002,P06,A,A,2025-03-21,11.266666666666666,6.0,1
2025-03-21,B1_optimization_only,O0002228,M000897,S0004813,C009,P06,A,A,2025-03-21,9.466666666666667,4.0,1
2025-03-21,B1_optimization_only,O0002227,M000892,S0004814,C002,P06,A,A,2025-03-21,13.266676666666665,8.0,1
2025-03-21,B1_optimization_only,O0002227,M000892,S0004815,C002,P06,A,A,2025-03-21,28.60002,2.0,1
2025-03-21,B1_optimization_only,O0002225,M000895,S0004816,C005,P06,B,B,2025-03-21,9.066666666666666,1.0,1
2025-03-21,B1_optimization_only,O0002225,M000895,S0004817,C005,P06,B,B,2025-03-21,11.066676666666666,5.0,1
2025-03-21,B1_optimization_only,O0002226,M000891,S0004817,C001,P06,B,B,2025-03-21,13.666676666666666,3.0,1
2025-03-21,B1_optimization_only,O0002231,M000896,S0004818,C008,P07,A,A,2025-03-21,6.322448979591837,14.0,1
2025-03-21,B1_optimization_only,O0002232,M000898,S0004818,C010,P07,A,A,2025-03-21,7.522448979591836,4.0,1
2025-03-21,B1_optimization_only,O0002232,M000898,S0004819,C010,P07,A,A,2025-03-21,7.889805918367346,6.0,1
2025-03-21,B1_optimization_only,O0002232,M000898,S0004820,C010,P07,A,A,2025-03-21,8.50206081632653,5.0,1
2025-03-21,B1_optimization_only,O0002233,M000893,S0004820,C003,P07,A,A,2025-03-21,9.50206081632653,1.0,1
2025-03-21,B1_optimization_only,O0002233,M000893,S0004821,C003,P07,A,A,2025-03-21,10.35921367346939,9.0,1
2025-03-21,B1_optimization_only,O0002233,M000893,S0004822,C003,P07,A,A,2025-03-21,11.46126448979592,7.0,1
2025-03-21,B1_optimization_only,O0002233,M000893,S0004823,C003,P07,A,A,2025-03-21,12.808213265306122,4.0,1
2025-03-21,B1_optimization_only,O0002229,M000891,S0004828,C001,P07,B,B,2025-03-21,12.86126448979592,5.0,1
2025-03-21,B1_optimization_only,O0002237,M000896,S0004829,C008,P08,A,B,2025-03-21,7.240000000000002,1.0,0
2025-03-21,B1_optimization_only,O0002237,M000896,S0004830,C008,P08,A,B,2025-03-21,7.960010000000001,20.0,0
2025-03-21,B1_optimization_only,O0002234,M000893,S0004831,C003,P08,A,B,2025-03-21,11.36002,3.0,0
2025-03-21,B1_optimization_only,O0002235,M000898,S0004831,C010,P08,A,A,2025-03-21,11.46002,7.0,1
2025-03-21,B1_optimization_only,O0002237,M000896,S0004831,C008,P08,A,B,2025-03-21,9.160020000000001,4.0,0
2025-03-21,B1_optimization_only,O0002235,M000898,S0004832,C010,P08,A,A,2025-03-21,27.30004,3.0,1
2025-03-21,B1_optimization_only,O0002236,M000891,S0004833,C001,P08,B,B,2025-03-21,11.94,3.0,1
2025-03-21,B1_optimization_only,O0002236,M000891,S0004834,C001,P08,B,B,2025-03-21,12.66001,4.0,1
2025-03-21,B1_optimization_only,O0002236,M000891,S0004835,C001,P08,B,B,2025-03-21,13.860019999999999,3.0,1
2025-03-21,B1_optimization_only,O0002236,M000891,S0004836,C001,P08,B,B,2025-03-21,29.700039999999998,1.0,1
2025-03-21,P1_proposed_dss,O0002208,M000893,S0004781,C003,P01,A,A,2025-03-21,10.466666666666667,2.0,1
2025-03-21,P1_proposed_dss,O0002209,M000896,S0004781,C008,P01,A,A,2025-03-21,8.266666666666667,9.0,1
2025-03-21,P1_proposed_dss,O0002210,M000899,S0004781,C011,P01,A,A,2025-03-21,7.866666666666667,15.0,1
2025-03-21,P1_proposed_dss,O0002208,M000893,S0004782,C003,P01,A,A,2025-03-21,12.466676666666666,9.0,1
2025-03-21,P1_proposed_dss,O0002207,M000900,S0004783,C012,P01,B,B,2025-03-21,7.666666666666667,3.0,1
2025-03-21,P1_proposed_dss,O0002206,M000897,S0004784,C009,P01,B,B,2025-03-21,11.666676666666666,7.0,1
2025-03-21,P1_proposed_dss,O0002207,M000900,S0004784,C012,P01,B,B,2025-03-21,9.666676666666666,10.0,1
2025-03-21,P1_proposed_dss,O0002206,M000897,S0004785,C009,P01,B,B,2025-03-21,27.00002,3.0,1
2025-03-21,P1_proposed_dss,O0002213,M000896,S0004786,C008,P02,A,A,2025-03-21,7.666666666666667,13.0,1
2025-03-21,P1_proposed_dss,O0002212,M000897,S0004787,C009,P02,A,A,2025-03-21,11.066676666666666,3.0,1
2025-03-21,P1_proposed_dss,O0002213,M000896,S0004787,C008,P02,A,A,2025-03-21,9.666676666666666,17.0,1
2025-03-21,P1_proposed_dss,O0002211,M000893,S0004789,C003,P02,B,B,2025-03-21,11.866676666666665,8.0,1
2025-03-21,P1_proposed_dss,O0002217,M000899,S0004790,C011,P03,A,A,2025-03-21,6.475,8.0,1
2025-03-21,P1_proposed_dss,O0002215,M000897,S0004791,C009,P03,A,B,2025-03-21,8.30001,18.0,0
2025-03-21,P1_proposed_dss,O0002215,M000897,S0004792,C009,P03,A,B,2025-03-21,10.17502,8.0,0
2025-03-21,P1_proposed_dss,O0002214,M000891,S0004793,C001,P03,A,A,2025-03-21,28.10003,3.0,1
2025-03-21,P1_proposed_dss,O0002215,M000897,S0004793,C009,P03,A,B,2025-03-21,24.80003,1.0,0
2025-03-21,P1_proposed_dss,O0002218,M000894,S0004794,C004,P03,B,B,2025-03-21,8.675,12.0,1
2025-03-21,P1_proposed_dss,O0002216,M000892,S0004795,C002,P03,B,B,2025-03-21,11.200009999999999,4.0,1
2025-03-21,P1_proposed_dss,O0002218,M000894,S0004795,C004,P03,B,B,2025-03-21,9.80001,3.0,1
2025-03-21,P1_proposed_dss,O0002216,M000892,S0004796,C002,P03,B,B,2025-03-21,13.075019999999999,3.0,1
2025-03-21,P1_proposed_dss,O0002216,M000892,S0004797,C002,P03,B,B,2025-03-21,27.700029999999998,5.0,1
2025-03-21,P1_proposed_dss,O0002219,M000895,S0004798,C005,P04,A,A,2025-03-21,12.866666666666665,9.0,1
2025-03-21,P1_proposed_dss,O0002221,M000897,S0004798,C009,P04,A,A,2025-03-21,13.266666666666666,6.0,1
2025-03-21,P1_proposed_dss,O0002222,M000891,S0004799,C001,P04,A,A,2025-03-21,17.466676666666668,9.0,1
2025-03-21,P1_proposed_dss,O0002222,M000891,S0004800,C001,P04,A,A,2025-03-21,32.800019999999996,2.0,1
2025-03-21,P1_proposed_dss,O0002220,M000900,S0004801,C012,P04,B,B,2025-03-21,11.266666666666666,2.0,1
2025-03-21,P1_proposed_dss,O0002220,M000900,S0004802,C012,P04,B,B,2025-03-21,13.266676666666665,5.0,1
2025-03-21,P1_proposed_dss,O0002220,M000900,S0004803,C012,P04,B,B,2025-03-21,28.60002,2.0,1
2025-03-21,P1_proposed_dss,O0002224,M000900,S0004804,C012,P05,A,A,2025-03-21,8.139999999999999,11.0,1
2025-03-21,P1_proposed_dss,O0002223,M000891,S0004805,C001,P05,A,B,2025-03-21,11.96001,2.0,0
2025-03-21,P1_proposed_dss,O0002224,M000900,S0004805,C012,P05,A,A,2025-03-21,8.860009999999999,4.0,1
2025-03-21,P1_proposed_dss,O0002223,M000891,S0004806,C001,P05,A,B,2025-03-21,13.16002,7.0,0
2025-03-21,P1_proposed_dss,O0002223,M000891,S0004807,C001,P05,A,B,2025-03-21,14.84003,8.0,0
2025-03-21,P1_proposed_dss,O0002223,M000891,S0004808,C001,P05,A,B,2025-03-21,29.00004,5.0,0
2025-03-21,P1_proposed_dss,O0002223,M000891,S0004809,C001,P05,B,B,2025-03-21,12.34,13.0,1
2025-03-21,P1_proposed_dss,O0002223,M000891,S0004810,C001,P05,B,B,2025-03-21,13.06001,7.0,1
2025-03-21,P1_proposed_dss,O0002223,M000891,S0004811,C001,P05,B,B,2025-03-21,14.260019999999999,1.0,1
2025-03-21,P1_proposed_dss,O0002223,M000891,S0004812,C001,P05,B,B,2025-03-21,15.940030000000002,2.0,1
2025-03-21,P1_proposed_dss,O0002227,M000892,S0004813,C002,P06,A,A,2025-03-21,11.266666666666666,6.0,1
2025-03-21,P1_proposed_dss,O0002228,M000897,S0004813,C009,P06,A,A,2025-03-21,9.466666666666667,4.0,1
2025-03-21,P1_proposed_dss,O0002227,M000892,S0004814,C002,P06,A,A,2025-03-21,13.266676666666665,8.0,1
2025-03-21,P1_proposed_dss,O0002227,M000892,S0004815,C002,P06,A,A,2025-03-21,28.60002,2.0,1
2025-03-21,P1_proposed_dss,O0002225,M000895,S0004816,C005,P06,B,B,2025-03-21,9.066666666666666,1.0,1
2025-03-21,P1_proposed_dss,O0002225,M000895,S0004817,C005,P06,B,B,2025-03-21,11.066676666666666,5.0,1
2025-03-21,P1_proposed_dss,O0002226,M000891,S0004817,C001,P06,B,B,2025-03-21,13.666676666666666,3.0,1
2025-03-21,P1_proposed_dss,O0002231,M000896,S0004818,C008,P07,A,A,2025-03-21,6.322448979591837,14.0,1
2025-03-21,P1_proposed_dss,O0002232,M000898,S0004818,C010,P07,A,A,2025-03-21,7.522448979591836,4.0,1
2025-03-21,P1_proposed_dss,O0002232,M000898,S0004819,C010,P07,A,A,2025-03-21,7.889805918367346,6.0,1
2025-03-21,P1_proposed_dss,O0002232,M000898,S0004820,C010,P07,A,A,2025-03-21,8.50206081632653,5.0,1
2025-03-21,P1_proposed_dss,O0002233,M000893,S0004820,C003,P07,A,A,2025-03-21,9.50206081632653,1.0,1
2025-03-21,P1_proposed_dss,O0002233,M000893,S0004821,C003,P07,A,A,2025-03-21,10.35921367346939,9.0,1
2025-03-21,P1_proposed_dss,O0002233,M000893,S0004822,C003,P07,A,A,2025-03-21,11.46126448979592,7.0,1
2025-03-21,P1_proposed_dss,O0002233,M000893,S0004823,C003,P07,A,A,2025-03-21,12.808213265306122,4.0,1
2025-03-21,P1_proposed_dss,O0002229,M000891,S0004828,C001,P07,B,B,2025-03-21,12.86126448979592,5.0,1
2025-03-21,P1_proposed_dss,O0002237,M000896,S0004829,C008,P08,A,B,2025-03-21,7.240000000000002,2.0,0
2025-03-21,P1_proposed_dss,O0002237,M000896,S0004830,C008,P08,A,B,2025-03-21,7.960010000000001,20.0,0
2025-03-21,P1_proposed_dss,O0002234,M000893,S0004831,C003,P08,A,B,2025-03-21,11.36002,4.0,0
2025-03-21,P1_proposed_dss,O0002235,M000898,S0004831,C010,P08,A,A,2025-03-21,11.46002,7.0,1
2025-03-21,P1_proposed_dss,O0002237,M000896,S0004831,C008,P08,A,B,2025-03-21,9.160020000000001,3.0,0
2025-03-21,P1_proposed_dss,O0002235,M000898,S0004832,C010,P08,A,A,2025-03-21,27.30004,3.0,1
2025-03-21,P1_proposed_dss,O0002236,M000891,S0004833,C001,P08,B,B,2025-03-21,11.94,3.0,1
2025-03-21,P1_proposed_dss,O0002236,M000891,S0004834,C001,P08,B,B,2025-03-21,12.66001,4.0,1
2025-03-21,P1_proposed_dss,O0002236,M000891,S0004835,C001,P08,B,B,2025-03-21,13.860019999999999,3.0,1
2025-03-21,P1_proposed_dss,O0002236,M000891,S0004836,C001,P08,B,B,2025-03-21,29.700039999999998,1.0,1
2025-03-22,B0_manual,O0002249,M000901,S0004855,C001,P04,A,A,2025-03-22,,3.0,1
2025-03-22,B0_manual,O0002254,M000902,S0004865,C002,P05,B,B,2025-03-22,,6.0,1
2025-03-22,B0_manual,O0002254,M000902,S0004866,C002,P05,B,B,2025-03-22,,5.0,1
2025-03-22,B0_manual,O0002254,M000902,S0004867,C002,P05,B,B,2025-03-22,,2.0,1
2025-03-22,B0_manual,O0002246,M000903,S0004848,C003,P03,A,A,2025-03-22,,13.0,1
2025-03-22,B0_manual,O0002246,M000903,S0004849,C003,P03,A,A,2025-03-22,,3.0,1
2025-03-22,B0_manual,O0002264,M000903,S0004889,C003,P08,A,A,2025-03-22,,15.0,1
2025-03-22,B0_manual,O0002264,M000903,S0004890,C003,P08,A,A,2025-03-22,,5.0,1
2025-03-22,B0_manual,O0002264,M000903,S0004891,C003,P08,A,A,2025-03-22,,1.0,1
2025-03-22,B0_manual,O0002264,M000903,S0004892,C003,P08,A,A,2025-03-22,,3.0,1
2025-03-22,B0_manual,O0002239,M000904,S0004837,C004,P01,A,A,2025-03-22,,43.0,1
2025-03-22,B0_manual,O0002239,M000904,S0004838,C004,P01,A,A,2025-03-22,,7.0,1
2025-03-22,B0_manual,O0002252,M000904,S0004867,C004,P05,B,B,2025-03-22,,3.0,1
2025-03-22,B0_manual,O0002252,M000904,S0004868,C004,P05,B,B,2025-03-22,,1.0,1
2025-03-22,B0_manual,O0002252,M000904,S0004869,C004,P05,B,B,2025-03-22,,1.0,1
2025-03-22,B0_manual,O0002260,M000904,S0004875,C004,P07,A,A,2025-03-22,,5.0,1
2025-03-22,B0_manual,O0002244,M000905,S0004843,C006,P02,A,A,2025-03-22,,38.0,1
2025-03-22,B0_manual,O0002244,M000905,S0004844,C006,P02,A,A,2025-03-22,,3.0,1
2025-03-22,B0_manual,O0002256,M000905,S0004870,C006,P06,A,A,2025-03-22,,3.0,1
2025-03-22,B0_manual,O0002261,M000905,S0004882,C006,P07,B,B,2025-03-22,,6.0,1
2025-03-22,B0_manual,O0002261,M000905,S0004883,C006,P07,B,B,2025-03-22,,5.0,1
2025-03-22,B0_manual,O0002261,M000905,S0004884,C006,P07,B,B,2025-03-22,,3.0,1
2025-03-22,B0_manual,O0002261,M000905,S0004885,C006,P07,B,B,2025-03-22,,3.0,1
2025-03-22,B0_manual,O0002261,M000905,S0004886,C006,P07,B,B,2025-03-22,,5.0,1
2025-03-22,B0_manual,O0002261,M000905,S0004887,C006,P07,B,B,2025-03-22,,2.0,1
2025-03-22,B0_manual,O0002261,M000905,S0004888,C006,P07,B,B,2025-03-22,,1.0,1
2025-03-22,B0_manual,O0002263,M000905,S0004892,C006,P08,A,A,2025-03-22,,5.0,1
2025-03-22,B0_manual,O0002243,M000906,S0004845,C007,P02,B,B,2025-03-22,,8.0,1
2025-03-22,B0_manual,O0002243,M000906,S0004846,C007,P02,B,B,2025-03-22,,5.0,1
2025-03-22,B0_manual,O0002243,M000906,S0004847,C007,P02,B,B,2025-03-22,,1.0,1
2025-03-22,B0_manual,O0002247,M000906,S0004855,C007,P04,A,A,2025-03-22,,18.0,1
2025-03-22,B0_manual,O0002247,M000906,S0004856,C007,P04,A,A,2025-03-22,,7.0,1
2025-03-22,B0_manual,O0002253,M000906,S0004861,C007,P05,A,B,2025-03-22,,13.0,0
2025-03-22,B0_manual,O0002253,M000906,S0004862,C007,P05,A,B,2025-03-22,,7.0,0
2025-03-22,B0_manual,O0002238,M000907,S0004838,C008,P01,A,A,2025-03-22,,43.0,1
2025-03-22,B0_manual,O0002240,M000908,S0004838,C009,P01,A,A,2025-03-22,,8.0,1
2025-03-22,B0_manual,O0002245,M000908,S0004849,C009,P03,A,A,2025-03-22,,17.0,1
2025-03-22,B0_manual,O0002245,M000908,S0004850,C009,P03,A,A,2025-03-22,,8.0,1
2025-03-22,B0_manual,O0002257,M000908,S0004870,C009,P06,A,A,2025-03-22,,10.0,1
2025-03-22,B0_manual,O0002262,M000908,S0004875,C009,P07,A,B,2025-03-22,,11.0,0
2025-03-22,B0_manual,O0002262,M000908,S0004876,C009,P07,A,B,2025-03-22,,8.0,0
2025-03-22,B0_manual,O0002262,M000908,S0004877,C009,P07,A,B,2025-03-22,,6.0,0
2025-03-22,B0_manual,O0002262,M000908,S0004878,C009,P07,A,B,2025-03-22,,6.0,0
2025-03-22,B0_manual,O0002250,M000909,S0004862,C010,P05,A,A,2025-03-22,,11.0,1
2025-03-22,B0_manual,O0002250,M000909,S0004863,C010,P05,A,A,2025-03-22,,3.0,1
2025-03-22,B0_manual,O0002258,M000909,S0004873,C010,P06,B,B,2025-03-22,,5.0,1
2025-03-22,B0_manual,O0002258,M000909,S0004874,C010,P06,B,B,2025-03-22,,2.0,1
2025-03-22,B0_manual,O0002241,M000910,S0004840,C011,P01,B,B,2025-03-22,,9.0,1
2025-03-22,B0_manual,O0002241,M000910,S0004841,C011,P01,B,B,2025-03-22,,8.0,1
2025-03-22,B0_manual,O0002241,M000910,S0004842,C011,P01,B,B,2025-03-22,,5.0,1
2025-03-22,B0_manual,O0002248,M000910,S0004858,C011,P04,B,B,2025-03-22,,7.0,1
2025-03-22,B0_manual,O0002248,M000910,S0004859,C011,P04,B,B,2025-03-22,,4.0,1
2025-03-22,B0_manual,O0002248,M000910,S0004860,C011,P04,B,B,2025-03-22,,2.0,1
2025-03-22,B0_manual,O0002255,M000910,S0004870,C011,P06,A,A,2025-03-22,,3.0,1
2025-03-22,B0_manual,O0002242,M000911,S0004838,C012,P01,A,A,2025-03-22,,10.0,1
2025-03-22,B0_manual,O0002259,M000911,S0004870,C012,P06,A,A,2025-03-22,,18.0,1
2025-03-22,B0_manual,O0002259,M000911,S0004871,C012,P06,A,A,2025-03-22,,8.0,1
2025-03-22,B0_manual,O0002259,M000911,S0004872,C012,P06,A,A,2025-03-22,,2.0,1
2025-03-22,B1_optimization_only,O0002238,M000907,S0004837,C008,P01,A,A,2025-03-22,8.266666666666667,26.0,1
2025-03-22,B1_optimization_only,O0002242,M000911,S0004837,C012,P01,A,A,2025-03-22,7.666666666666667,10.0,1
2025-03-22,B1_optimization_only,O0002238,M000907,S0004838,C008,P01,A,A,2025-03-22,10.266676666666667,17.0,1
2025-03-22,B1_optimization_only,O0002239,M000904,S0004838,C004,P01,A,A,2025-03-22,12.066676666666666,49.0,1
2025-03-22,B1_optimization_only,O0002240,M000908,S0004838,C009,P01,A,A,2025-03-22,11.666676666666666,8.0,1
2025-03-22,B1_optimization_only,O0002239,M000904,S0004839,C004,P01,A,A,2025-03-22,27.400019999999998,1.0,1
2025-03-22,B1_optimization_only,O0002241,M000910,S0004840,C011,P01,B,B,2025-03-22,7.866666666666667,9.0,1
2025-03-22,B1_optimization_only,O0002241,M000910,S0004841,C011,P01,B,B,2025-03-22,9.866676666666667,8.0,1
2025-03-22,B1_optimization_only,O0002241,M000910,S0004842,C011,P01,B,B,2025-03-22,25.20002,5.0,1
2025-03-22,B1_optimization_only,O0002243,M000906,S0004843,C007,P02,A,B,2025-03-22,6.766666666666667,6.0,0
2025-03-22,B1_optimization_only,O0002244,M000905,S0004843,C006,P02,A,A,2025-03-22,8.466666666666667,29.0,1
2025-03-22,B1_optimization_only,O0002244,M000905,S0004844,C006,P02,A,A,2025-03-22,10.466676666666666,12.0,1
2025-03-22,B1_optimization_only,O0002243,M000906,S0004845,C007,P02,B,B,2025-03-22,7.866666666666666,8.0,1
2025-03-22,B1_optimization_only,O0002243,M000906,S0004846,C007,P02,B,B,2025-03-22,9.866676666666665,5.0,1
2025-03-22,B1_optimization_only,O0002243,M000906,S0004847,C007,P02,B,B,2025-03-22,25.20002,1.0,1
2025-03-22,B1_optimization_only,O0002245,M000908,S0004848,C009,P03,A,A,2025-03-22,8.275,13.0,1
2025-03-22,B1_optimization_only,O0002245,M000908,S0004849,C009,P03,A,A,2025-03-22,9.40001,12.0,1
2025-03-22,B1_optimization_only,O0002246,M000903,S0004849,C003,P03,A,A,2025-03-22,10.200009999999999,8.0,1
2025-03-22,B1_optimization_only,O0002246,M000903,S0004850,C003,P03,A,A,2025-03-22,12.075019999999999,8.0,1
2025-03-22,B1_optimization_only,O0002247,M000906,S0004855,C007,P04,A,A,2025-03-22,12.066666666666665,19.0,1
2025-03-22,B1_optimization_only,O0002248,M000910,S0004855,C011,P04,A,B,2025-03-22,10.366666666666667,2.0,0
2025-03-22,B1_optimization_only,O0002247,M000906,S0004856,C007,P04,A,A,2025-03-22,14.066676666666664,6.0,1
2025-03-22,B1_optimization_only,O0002249,M000901,S0004856,C001,P04,A,A,2025-03-22,17.466676666666668,1.0,1
2025-03-22,B1_optimization_only,O0002249,M000901,S0004857,C001,P04,A,A,2025-03-22,32.800019999999996,2.0,1
2025-03-22,B1_optimization_only,O0002248,M000910,S0004858,C011,P04,B,B,2025-03-22,11.466666666666667,7.0,1
2025-03-22,B1_optimization_only,O0002248,M000910,S0004859,C011,P04,B,B,2025-03-22,13.466676666666666,4.0,1
2025-03-22,B1_optimization_only,O0002248,M000910,S0004860,C011,P04,B,B,2025-03-22,28.80002,2.0,1
2025-03-22,B1_optimization_only,O0002253,M000906,S0004861,C007,P05,A,B,2025-03-22,7.84,6.0,0
2025-03-22,B1_optimization_only,O0002254,M000902,S0004861,C002,P05,A,B,2025-03-22,10.84,6.0,0
2025-03-22,B1_optimization_only,O0002250,M000909,S0004862,C010,P05,A,A,2025-03-22,10.66001,1.0,1
2025-03-22,B1_optimization_only,O0002253,M000906,S0004862,C007,P05,A,B,2025-03-22,8.56001,14.0,0
2025-03-22,B1_optimization_only,O0002254,M000902,S0004862,C002,P05,A,B,2025-03-22,11.56001,3.0,0
2025-03-22,B1_optimization_only,O0002250,M000909,S0004863,C010,P05,A,A,2025-03-22,11.860019999999999,5.0,1
2025-03-22,B1_optimization_only,O0002250,M000909,S0004864,C010,P05,A,A,2025-03-22,13.54003,8.0,1
2025-03-22,B1_optimization_only,O0002252,M000904,S0004865,C004,P05,B,B,2025-03-22,10.540000000000001,6.0,1
2025-03-22,B1_optimization_only,O0002251,M000911,S0004866,C012,P05,B,B,2025-03-22,8.860009999999999,3.0,1
2025-03-22,B1_optimization_only,O0002252,M000904,S0004866,C004,P05,B,B,2025-03-22,11.260010000000001,2.0,1
2025-03-22,B1_optimization_only,O0002251,M000911,S0004867,C012,P05,B,B,2025-03-22,10.060019999999998,3.0,1
2025-03-22,B1_optimization_only,O0002254,M000902,S0004867,C002,P05,B,B,2025-03-22,13.860019999999999,2.0,1
2025-03-22,B1_optimization_only,O0002254,M000902,S0004868,C002,P05,B,B,2025-03-22,15.54003,1.0,1
2025-03-22,B1_optimization_only,O0002254,M000902,S0004869,C002,P05,B,B,2025-03-22,29.700039999999998,1.0,1
2025-03-22,B1_optimization_only,O0002255,M000910,S0004870,C011,P06,A,A,2025-03-22,7.666666666666667,3.0,1
2025-03-22,B1_optimization_only,O0002256,M000905,S0004870,C006,P06,A,A,2025-03-22,8.866666666666665,3.0,1
2025-03-22,B1_optimization_only,O0002259,M000911,S0004870,C012,P06,A,A,2025-03-22,7.466666666666667,28.0,1
2025-03-22,B1_optimization_only,O0002257,M000908,S0004871,C009,P06,A,A,2025-03-22,11.466676666666666,8.0,1
2025-03-22,B1_optimization_only,O0002257,M000908,S0004872,C009,P06,A,A,2025-03-22,26.80002,2.0,1
2025-03-22,B1_optimization_only,O0002258,M000909,S0004873,C010,P06,B,B,2025-03-22,9.266666666666666,3.0,1
2025-03-22,B1_optimization_only,O0002258,M000909,S0004874,C010,P06,B,B,2025-03-22,11.266676666666665,4.0,1
2025-03-22,B1_optimization_only,O0002261,M000905,S0004875,C006,P07,A,B,2025-03-22,6.022448979591837,16.0,0
2025-03-22,B1_optimization_only,O0002261,M000905,S0004876,C006,P07,A,B,2025-03-22,6.389805918367347,8.0,0
2025-03-22,B1_optimization_only,O0002261,M000905,S0004877,C006,P07,A,B,2025-03-22,7.002060816326531,6.0,0
2025-03-22,B1_optimization_only,O0002261,M000905,S0004878,C006,P07,A,B,2025-03-22,7.859213673469388,8.0,0
2025-03-22,B1_optimization_only,O0002261,M000905,S0004879,C006,P07,A,B,2025-03-22,8.96126448979592,5.0,0
2025-03-22,B1_optimization_only,O0002262,M000908,S0004879,C009,P07,A,B,2025-03-22,9.561264489795919,10.0,0
2025-03-22,B1_optimization_only,O0002260,M000904,S0004880,C004,P07,A,A,2025-03-22,12.408213265306122,3.0,1
2025-03-22,B1_optimization_only,O0002262,M000908,S0004880,C009,P07,A,B,2025-03-22,10.908213265306122,13.0,0
2025-03-22,B1_optimization_only,O0002260,M000904,S0004881,C004,P07,A,A,2025-03-22,26.00006,2.0,1
2025-03-22,B1_optimization_only,O0002261,M000905,S0004882,C006,P07,B,B,2025-03-22,7.122448979591836,6.0,1
2025-03-22,B1_optimization_only,O0002261,M000905,S0004883,C006,P07,B,B,2025-03-22,7.489805918367346,5.0,1
2025-03-22,B1_optimization_only,O0002261,M000905,S0004884,C006,P07,B,B,2025-03-22,8.10206081632653,3.0,1
2025-03-22,B1_optimization_only,O0002261,M000905,S0004885,C006,P07,B,B,2025-03-22,8.959213673469389,3.0,1
2025-03-22,B1_optimization_only,O0002262,M000908,S0004886,C009,P07,B,B,2025-03-22,10.661264489795919,5.0,1
2025-03-22,B1_optimization_only,O0002262,M000908,S0004887,C009,P07,B,B,2025-03-22,12.008213265306122,2.0,1
2025-03-22,B1_optimization_only,O0002262,M000908,S0004888,C009,P07,B,B,2025-03-22,25.600060000000003,1.0,1
2025-03-22,B1_optimization_only,O0002263,M000905,S0004889,C006,P08,A,A,2025-03-22,9.14,5.0,1
2025-03-22,B1_optimization_only,O0002264,M000903,S0004889,C003,P08,A,A,2025-03-22,10.540000000000001,10.0,1
2025-03-22,B1_optimization_only,O0002264,M000903,S0004890,C003,P08,A,A,2025-03-22,11.260010000000001,5.0,1
2025-03-22,B1_optimization_only,O0002264,M000903,S0004891,C003,P08,A,A,2025-03-22,12.46002,1.0,1
2025-03-22,B1_optimization_only,O0002264,M000903,S0004892,C003,P08,A,A,2025-03-22,14.140030000000001,8.0,1
2025-03-22,P1_proposed_dss,O0002238,M000907,S0004837,C008,P01,A,A,2025-03-22,8.266666666666667,31.0,1
2025-03-22,P1_proposed_dss,O0002242,M000911,S0004837,C012,P01,A,B,2025-03-22,6.566666666666667,10.0,0
2025-03-22,P1_proposed_dss,O0002238,M000907,S0004838,C008,P01,A,A,2025-03-22,10.266676666666667,12.0,1
2025-03-22,P1_proposed_dss,O0002239,M000904,S0004838,C004,P01,A,A,2025-03-22,12.066676666666666,49.0,1
2025-03-22,P1_proposed_dss,O0002240,M000908,S0004838,C009,P01,A,A,2025-03-22,11.666676666666666,8.0,1
2025-03-22,P1_proposed_dss,O0002260,M000904,S0004838,C005,P01,A,A,2025-03-22,11.266676666666667,5.0,1
2025-03-22,P1_proposed_dss,O0002239,M000904,S0004839,C004,P01,A,A,2025-03-22,27.400019999999998,1.0,1
2025-03-22,P1_proposed_dss,O0002241,M000910,S0004840,C011,P01,B,B,2025-03-22,7.866666666666667,9.0,1
2025-03-22,P1_proposed_dss,O0002241,M000910,S0004841,C011,P01,B,B,2025-03-22,9.866676666666667,8.0,1
2025-03-22,P1_proposed_dss,O0002241,M000910,S0004842,C011,P01,B,B,2025-03-22,25.20002,5.0,1
2025-03-22,P1_proposed_dss,O0002243,M000906,S0004843,C007,P02,A,B,2025-03-22,6.766666666666667,6.0,0
2025-03-22,P1_proposed_dss,O0002244,M000905,S0004843,C006,P02,A,A,2025-03-22,8.466666666666667,29.0,1
2025-03-22,P1_proposed_dss,O0002244,M000905,S0004844,C006,P02,A,A,2025-03-22,10.466676666666666,12.0,1
2025-03-22,P1_proposed_dss,O0002243,M000906,S0004845,C007,P02,B,B,2025-03-22,7.866666666666666,8.0,1
2025-03-22,P1_proposed_dss,O0002243,M000906,S0004846,C007,P02,B,B,2025-03-22,9.866676666666665,5.0,1
2025-03-22,P1_proposed_dss,O0002243,M000906,S0004847,C007,P02,B,B,2025-03-22,25.20002,1.0,1
2025-03-22,P1_proposed_dss,O0002245,M000908,S0004848,C009,P03,A,A,2025-03-22,8.275,13.0,1
2025-03-22,P1_proposed_dss,O0002245,M000908,S0004849,C009,P03,A,A,2025-03-22,9.40001,12.0,1
2025-03-22,P1_proposed_dss,O0002246,M000903,S0004849,C003,P03,A,A,2025-03-22,10.200009999999999,8.0,1
2025-03-22,P1_proposed_dss,O0002246,M000903,S0004850,C003,P03,A,A,2025-03-22,12.075019999999999,8.0,1
2025-03-22,P1_proposed_dss,O0002247,M000906,S0004855,C007,P04,A,A,2025-03-22,12.066666666666665,19.0,1
2025-03-22,P1_proposed_dss,O0002248,M000910,S0004855,C011,P04,A,B,2025-03-22,10.366666666666667,2.0,0
2025-03-22,P1_proposed_dss,O0002247,M000906,S0004856,C007,P04,A,A,2025-03-22,14.066676666666664,6.0,1
2025-03-22,P1_proposed_dss,O0002249,M000901,S0004856,C001,P04,A,A,2025-03-22,17.466676666666668,1.0,1
2025-03-22,P1_proposed_dss,O0002249,M000901,S0004857,C001,P04,A,A,2025-03-22,32.800019999999996,2.0,1
2025-03-22,P1_proposed_dss,O0002254,M000902,S0004858,C002,P04,B,B,2025-03-22,15.066666666666665,7.0,1
2025-03-22,P1_proposed_dss,O0002254,M000902,S0004859,C002,P04,B,B,2025-03-22,17.066676666666666,4.0,1
2025-03-22,P1_proposed_dss,O0002254,M000902,S0004860,C002,P04,B,B,2025-03-22,32.40002,2.0,1
2025-03-22,P1_proposed_dss,O0002250,M000909,S0004862,C010,P05,A,A,2025-03-22,10.66001,1.0,1
2025-03-22,P1_proposed_dss,O0002253,M000906,S0004862,C007,P05,A,B,2025-03-22,8.56001,16.0,0
2025-03-22,P1_proposed_dss,O0002250,M000909,S0004863,C010,P05,A,A,2025-03-22,11.860019999999999,5.0,1
2025-03-22,P1_proposed_dss,O0002250,M000909,S0004864,C010,P05,A,A,2025-03-22,13.54003,8.0,1
2025-03-22,P1_proposed_dss,O0002251,M000911,S0004865,C012,P05,B,B,2025-03-22,8.139999999999999,6.0,1
2025-03-22,P1_proposed_dss,O0002252,M000904,S0004866,C004,P05,B,B,2025-03-22,11.260010000000001,1.0,1
2025-03-22,P1_proposed_dss,O0002253,M000906,S0004866,C007,P05,B,B,2025-03-22,9.66001,4.0,1
2025-03-22,P1_proposed_dss,O0002252,M000904,S0004867,C004,P05,B,B,2025-03-22,12.46002,5.0,1
2025-03-22,P1_proposed_dss,O0002252,M000904,S0004868,C004,P05,B,B,2025-03-22,14.140030000000001,1.0,1
2025-03-22,P1_proposed_dss,O0002252,M000904,S0004869,C004,P05,B,B,2025-03-22,28.30004,1.0,1
2025-03-22,P1_proposed_dss,O0002255,M000910,S0004870,C011,P06,A,A,2025-03-22,7.666666666666667,3.0,1
2025-03-22,P1_proposed_dss,O0002256,M000905,S0004870,C006,P06,A,A,2025-03-22,8.866666666666665,3.0,1
2025-03-22,P1_proposed_dss,O0002258,M000909,S0004870,C010,P06,A,A,2025-03-22,9.266666666666666,7.0,1
2025-03-22,P1_proposed_dss,O0002259,M000911,S0004870,C012,P06,A,A,2025-03-22,7.466666666666667,21.0,1
2025-03-22,P1_proposed_dss,O0002257,M000908,S0004871,C009,P06,A,A,2025-03-22,11.466676666666666,8.0,1
2025-03-22,P1_proposed_dss,O0002257,M000908,S0004872,C009,P06,A,A,2025-03-22,26.80002,2.0,1
2025-03-22,P1_proposed_dss,O0002261,M000905,S0004875,C006,P07,A,B,2025-03-22,6.022448979591837,16.0,0
2025-03-22,P1_proposed_dss,O0002261,M000905,S0004876,C006,P07,A,B,2025-03-22,6.389805918367347,8.0,0
2025-03-22,P1_proposed_dss,O0002261,M000905,S0004877,C006,P07,A,B,2025-03-22,7.002060816326531,6.0,0
2025-03-22,P1_proposed_dss,O0002261,M000905,S0004878,C006,P07,A,B,2025-03-22,7.859213673469388,8.0,0
2025-03-22,P1_proposed_dss,O0002261,M000905,S0004879,C006,P07,A,B,2025-03-22,8.96126448979592,10.0,0
2025-03-22,P1_proposed_dss,O0002262,M000908,S0004879,C009,P07,A,B,2025-03-22,9.561264489795919,5.0,0
2025-03-22,P1_proposed_dss,O0002262,M000908,S0004880,C009,P07,A,B,2025-03-22,10.908213265306122,16.0,0
2025-03-22,P1_proposed_dss,O0002262,M000908,S0004881,C009,P07,A,B,2025-03-22,24.50006,2.0,0
2025-03-22,P1_proposed_dss,O0002261,M000905,S0004882,C006,P07,B,B,2025-03-22,7.122448979591836,6.0,1
2025-03-22,P1_proposed_dss,O0002261,M000905,S0004883,C006,P07,B,B,2025-03-22,7.489805918367346,5.0,1
2025-03-22,P1_proposed_dss,O0002261,M000905,S0004884,C006,P07,B,B,2025-03-22,8.10206081632653,3.0,1
2025-03-22,P1_proposed_dss,O0002261,M000905,S0004885,C006,P07,B,B,2025-03-22,8.959213673469389,3.0,1
2025-03-22,P1_proposed_dss,O0002262,M000908,S0004886,C009,P07,B,B,2025-03-22,10.661264489795919,5.0,1
2025-03-22,P1_proposed_dss,O0002262,M000908,S0004887,C009,P07,B,B,2025-03-22,12.008213265306122,2.0,1
2025-03-22,P1_proposed_dss,O0002262,M000908,S0004888,C009,P07,B,B,2025-03-22,25.600060000000003,1.0,1
2025-03-22,P1_proposed_dss,O0002263,M000905,S0004889,C006,P08,A,A,2025-03-22,9.14,5.0,1
2025-03-22,P1_proposed_dss,O0002264,M000903,S0004889,C003,P08,A,A,2025-03-22,10.540000000000001,10.0,1
2025-03-22,P1_proposed_dss,O0002264,M000903,S0004890,C003,P08,A,A,2025-03-22,11.260010000000001,5.0,1
2025-03-22,P1_proposed_dss,O0002264,M000903,S0004891,C003,P08,A,A,2025-03-22,12.46002,1.0,1
2025-03-22,P1_proposed_dss,O0002264,M000903,S0004892,C003,P08,A,A,2025-03-22,14.140030000000001,8.0,1
2025-03-23,B0_manual,O0002267,M000912,S0004898,C001,P01,A,A,2025-03-23,,20.0,1
2025-03-23,B0_manual,O0002281,M000912,S0004937,C001,P07,A,A,2025-03-23,,16.0,1
2025-03-23,B0_manual,O0002281,M000912,S0004938,C001,P07,A,A,2025-03-23,,15.0,1
2025-03-23,B0_manual,O0002281,M000912,S0004939,C001,P07,A,A,2025-03-23,,1.0,1
2025-03-23,B0_manual,O0002286,M000912,S0004950,C001,P08,A,A,2025-03-23,,12.0,1
2025-03-23,B0_manual,O0002286,M000912,S0004951,C001,P08,A,A,2025-03-23,,6.0,1
2025-03-23,B0_manual,O0002265,M000913,S0004901,C002,P01,B,B,2025-03-23,,34.0,1
2025-03-23,B0_manual,O0002265,M000913,S0004902,C002,P01,B,B,2025-03-23,,5.0,1
2025-03-23,B0_manual,O0002265,M000913,S0004903,C002,P01,B,B,2025-03-23,,5.0,1
2025-03-23,B0_manual,O0002270,M000913,S0004904,C002,P02,A,A,2025-03-23,,13.0,1
2025-03-23,B0_manual,O0002270,M000913,S0004905,C002,P02,A,A,2025-03-23,,11.0,1
2025-03-23,B0_manual,O0002270,M000913,S0004906,C002,P02,A,A,2025-03-23,,8.0,1
2025-03-23,B0_manual,O0002272,M000913,S0004909,C002,P03,A,A,2025-03-23,,14.0,1
2025-03-23,B0_manual,O0002272,M000913,S0004910,C002,P03,A,A,2025-03-23,,32.0,1
2025-03-23,B0_manual,O0002272,M000913,S0004911,C002,P03,A,A,2025-03-23,,7.0,1
2025-03-23,B0_manual,O0002276,M000913,S0004926,C002,P05,B,B,2025-03-23,,3.0,1
2025-03-23,B0_manual,O0002276,M000913,S0004927,C002,P05,B,B,2025-03-23,,12.0,1
2025-03-23,B0_manual,O0002276,M000913,S0004928,C002,P05,B,B,2025-03-23,,5.0,1
2025-03-23,B0_manual,O0002276,M000913,S0004929,C002,P05,B,B,2025-03-23,,2.0,1
2025-03-23,B0_manual,O0002276,M000913,S0004930,C002,P05,B,B,2025-03-23,,7.0,1
2025-03-23,B0_manual,O0002284,M000913,S0004955,C002,P08,B,B,2025-03-23,,5.0,1
2025-03-23,B0_manual,O0002273,M000914,S0004913,C003,P03,B,B,2025-03-23,,23.0,1
2025-03-23,B0_manual,O0002273,M000914,S0004914,C003,P03,B,B,2025-03-23,,5.0,1
2025-03-23,B0_manual,O0002277,M000915,S0004922,C004,P05,A,B,2025-03-23,,7.0,0
2025-03-23,B0_manual,O0002277,M000915,S0004923,C004,P05,A,B,2025-03-23,,8.0,0
2025-03-23,B0_manual,O0002277,M000915,S0004924,C004,P05,A,B,2025-03-23,,8.0,0
2025-03-23,B0_manual,O0002277,M000915,S0004925,C004,P05,A,B,2025-03-23,,1.0,0
2025-03-23,B0_manual,O0002279,M000915,S0004934,C004,P06,B,B,2025-03-23,,12.0,1
2025-03-23,B0_manual,O0002279,M000915,S0004935,C004,P06,B,B,2025-03-23,,8.0,1
2025-03-23,B0_manual,O0002287,M000915,S0004951,C004,P08,A,A,2025-03-23,,8.0,1
2025-03-23,B0_manual,O0002275,M000916,S0004920,C005,P04,B,B,2025-03-23,,5.0,1
2025-03-23,B0_manual,O0002275,M000916,S0004921,C005,P04,B,B,2025-03-23,,2.0,1
2025-03-23,B0_manual,O0002282,M000916,S0004939,C005,P07,A,A,2025-03-23,,6.0,1
2025-03-23,B0_manual,O0002282,M000916,S0004940,C005,P07,A,A,2025-03-23,,9.0,1
2025-03-23,B0_manual,O0002282,M000916,S0004941,C005,P07,A,A,2025-03-23,,2.0,1
2025-03-23,B0_manual,O0002282,M000916,S0004942,C005,P07,A,A,2025-03-23,,6.0,1
2025-03-23,B0_manual,O0002268,M000917,S0004898,C007,P01,A,A,2025-03-23,,6.0,1
2025-03-23,B0_manual,O0002268,M000917,S0004899,C007,P01,A,A,2025-03-23,,29.0,1
2025-03-23,B0_manual,O0002266,M000918,S0004903,C008,P01,B,B,2025-03-23,,1.0,1
2025-03-23,B0_manual,O0002285,M000918,S0004955,C008,P08,B,B,2025-03-23,,3.0,1
2025-03-23,B0_manual,O0002285,M000918,S0004956,C008,P08,B,B,2025-03-23,,6.0,1
2025-03-23,B0_manual,O0002285,M000918,S0004957,C008,P08,B,B,2025-03-23,,4.0,1
2025-03-23,B0_manual,O0002285,M000918,S0004958,C008,P08,B,B,2025-03-23,,1.0,1
2025-03-23,B0_manual,O0002278,M000919,S0004935,C009,P06,B,B,2025-03-23,,1.0,1
2025-03-23,B0_manual,O0002278,M000919,S0004936,C009,P06,B,B,2025-03-23,,3.0,1
2025-03-23,B0_manual,O0002283,M000919,S0004942,C009,P07,A,A,2025-03-23,,2.0,1
2025-03-23,B0_manual,O0002274,M000921,S0004917,C011,P04,A,B,2025-03-23,,7.0,0
2025-03-23,B0_manual,O0002274,M000921,S0004918,C011,P04,A,B,2025-03-23,,9.0,0
2025-03-23,B0_manual,O0002280,M000922,S0004931,C012,P06,A,A,2025-03-23,,9.0,1
2025-03-23,B0_manual,O0002280,M000922,S0004932,C012,P06,A,A,2025-03-23,,13.0,1
2025-03-23,B0_manual,O0002280,M000922,S0004933,C012,P06,A,A,2025-03-23,,2.0,1
2025-03-23,B1_optimization_only,O0002266,M000918,S0004898,C008,P01,A,B,2025-03-23,7.166666666666667,5.0,0
2025-03-23,B1_optimization_only,O0002268,M000917,S0004898,C007,P01,A,A,2025-03-23,8.466666666666667,12.0,1
2025-03-23,B1_optimization_only,O0002267,M000912,S0004899,C001,P01,A,A,2025-03-23,13.866676666666665,11.0,1
2025-03-23,B1_optimization_only,O0002268,M000917,S0004899,C007,P01,A,A,2025-03-23,10.466676666666666,23.0,1
2025-03-23,B1_optimization_only,O0002267,M000912,S0004900,C001,P01,A,A,2025-03-23,29.20002,9.0,1
2025-03-23,B1_optimization_only,O0002265,M000913,S0004901,C002,P01,B,B,2025-03-23,11.466666666666667,33.0,1
2025-03-23,B1_optimization_only,O0002266,M000918,S0004901,C008,P01,B,B,2025-03-23,8.266666666666667,1.0,1
2025-03-23,B1_optimization_only,O0002265,M000913,S0004902,C002,P01,B,B,2025-03-23,13.466676666666666,5.0,1
2025-03-23,B1_optimization_only,O0002265,M000913,S0004903,C002,P01,B,B,2025-03-23,28.80002,6.0,1
2025-03-23,B1_optimization_only,O0002270,M000913,S0004904,C002,P02,A,A,2025-03-23,10.866666666666665,13.0,1
2025-03-23,B1_optimization_only,O0002270,M000913,S0004905,C002,P02,A,A,2025-03-23,12.866676666666665,11.0,1
2025-03-23,B1_optimization_only,O0002270,M000913,S0004906,C002,P02,A,A,2025-03-23,28.20002,8.0,1
2025-03-23,B1_optimization_only,O0002272,M000913,S0004909,C002,P03,A,A,2025-03-23,10.075,8.0,1
2025-03-23,B1_optimization_only,O0002272,M000913,S0004910,C002,P03,A,A,2025-03-23,11.200009999999999,32.0,1
2025-03-23,B1_optimization_only,O0002272,M000913,S0004911,C002,P03,A,A,2025-03-23,13.075019999999999,12.0,1
2025-03-23,B1_optimization_only,O0002272,M000913,S0004912,C002,P03,A,A,2025-03-23,27.700029999999998,1.0,1
2025-03-23,B1_optimization_only,O0002273,M000914,S0004913,C003,P03,B,B,2025-03-23,9.075,9.0,1
2025-03-23,B1_optimization_only,O0002273,M000914,S0004914,C003,P03,B,B,2025-03-23,10.200009999999999,9.0,1
2025-03-23,B1_optimization_only,O0002273,M000914,S0004915,C003,P03,B,B,2025-03-23,12.075019999999999,9.0,1
2025-03-23,B1_optimization_only,O0002273,M000914,S0004916,C003,P03,B,B,2025-03-23,26.700029999999998,1.0,1
2025-03-23,B1_optimization_only,O0002274,M000921,S0004917,C011,P04,A,B,2025-03-23,10.366666666666667,3.0,0
2025-03-23,B1_optimization_only,O0002274,M000921,S0004918,C011,P04,A,B,2025-03-23,12.366676666666667,8.0,0
2025-03-23,B1_optimization_only,O0002275,M000916,S0004918,C005,P04,A,B,2025-03-23,13.766676666666665,6.0,0
2025-03-23,B1_optimization_only,O0002275,M000916,S0004919,C005,P04,A,B,2025-03-23,29.10002,5.0,0
2025-03-23,B1_optimization_only,O0002274,M000921,S0004920,C011,P04,B,B,2025-03-23,11.466666666666667,5.0,1
2025-03-23,B1_optimization_only,O0002275,M000916,S0004921,C005,P04,B,B,2025-03-23,14.866676666666665,2.0,1
2025-03-23,B1_optimization_only,O0002277,M000915,S0004922,C004,P05,A,B,2025-03-23,9.440000000000001,7.0,0
2025-03-23,B1_optimization_only,O0002277,M000915,S0004923,C004,P05,A,B,2025-03-23,10.160010000000002,8.0,0
2025-03-23,B1_optimization_only,O0002277,M000915,S0004924,C004,P05,A,B,2025-03-23,11.36002,8.0,0
2025-03-23,B1_optimization_only,O0002277,M000915,S0004925,C004,P05,A,B,2025-03-23,27.20004,1.0,0
2025-03-23,B1_optimization_only,O0002276,M000913,S0004926,C002,P05,B,B,2025-03-23,11.94,3.0,1
2025-03-23,B1_optimization_only,O0002276,M000913,S0004927,C002,P05,B,B,2025-03-23,12.66001,12.0,1
2025-03-23,B1_optimization_only,O0002276,M000913,S0004928,C002,P05,B,B,2025-03-23,13.860019999999999,5.0,1
2025-03-23,B1_optimization_only,O0002276,M000913,S0004929,C002,P05,B,B,2025-03-23,15.54003,2.0,1
2025-03-23,B1_optimization_only,O0002276,M000913,S0004930,C002,P05,B,B,2025-03-23,29.700039999999998,7.0,1
2025-03-23,B1_optimization_only,O0002280,M000922,S0004931,C012,P06,A,A,2025-03-23,7.466666666666667,8.0,1
2025-03-23,B1_optimization_only,O0002280,M000922,S0004932,C012,P06,A,A,2025-03-23,9.466676666666666,13.0,1
2025-03-23,B1_optimization_only,O0002278,M000919,S0004933,C009,P06,A,B,2025-03-23,25.700020000000002,1.0,0
2025-03-23,B1_optimization_only,O0002280,M000922,S0004933,C012,P06,A,A,2025-03-23,24.80002,3.0,1
2025-03-23,B1_optimization_only,O0002278,M000919,S0004934,C009,P06,B,B,2025-03-23,9.466666666666667,4.0,1
2025-03-23,B1_optimization_only,O0002279,M000915,S0004934,C004,P06,B,B,2025-03-23,9.866666666666665,8.0,1
2025-03-23,B1_optimization_only,O0002279,M000915,S0004935,C004,P06,B,B,2025-03-23,11.866676666666665,9.0,1
2025-03-23,B1_optimization_only,O0002279,M000915,S0004936,C004,P06,B,B,2025-03-23,27.20002,3.0,1
2025-03-23,B1_optimization_only,O0002283,M000919,S0004937,C009,P07,A,A,2025-03-23,7.722448979591836,16.0,1
2025-03-23,B1_optimization_only,O0002281,M000912,S0004938,C001,P07,A,A,2025-03-23,10.289805918367348,6.0,1
2025-03-23,B1_optimization_only,O0002283,M000919,S0004938,C009,P07,A,A,2025-03-23,8.089805918367347,9.0,1
2025-03-23,B1_optimization_only,O0002281,M000912,S0004939,C001,P07,A,A,2025-03-23,10.90206081632653,7.0,1
2025-03-23,B1_optimization_only,O0002281,M000912,S0004940,C001,P07,A,A,2025-03-23,11.75921367346939,9.0,1
2025-03-23,B1_optimization_only,O0002281,M000912,S0004941,C001,P07,A,A,2025-03-23,12.86126448979592,2.0,1
2025-03-23,B1_optimization_only,O0002281,M000912,S0004942,C001,P07,A,A,2025-03-23,14.208213265306123,8.0,1
2025-03-23,B1_optimization_only,O0002285,M000918,S0004951,C008,P08,A,B,2025-03-23,7.960010000000001,12.0,0
2025-03-23,B1_optimization_only,O0002287,M000915,S0004951,C004,P08,A,A,2025-03-23,10.86001,2.0,1
2025-03-23,B1_optimization_only,O0002286,M000912,S0004952,C001,P08,A,A,2025-03-23,13.860019999999999,1.0,1
2025-03-23,B1_optimization_only,O0002287,M000915,S0004952,C004,P08,A,A,2025-03-23,12.06002,6.0,1
2025-03-23,B1_optimization_only,O0002286,M000912,S0004953,C001,P08,A,A,2025-03-23,15.54003,12.0,1
2025-03-23,B1_optimization_only,O0002286,M000912,S0004954,C001,P08,A,A,2025-03-23,29.700039999999998,5.0,1
2025-03-23,B1_optimization_only,O0002285,M000918,S0004955,C008,P08,B,B,2025-03-23,8.340000000000002,8.0,1
2025-03-23,B1_optimization_only,O0002285,M000918,S0004956,C008,P08,B,B,2025-03-23,9.060010000000002,6.0,1
2025-03-23,B1_optimization_only,O0002284,M000913,S0004957,C002,P08,B,B,2025-03-23,13.46002,4.0,1
2025-03-23,B1_optimization_only,O0002284,M000913,S0004958,C002,P08,B,B,2025-03-23,29.30004,1.0,1
2025-03-23,P1_proposed_dss,O0002266,M000918,S0004898,C008,P01,A,B,2025-03-23,7.166666666666667,5.0,0
2025-03-23,P1_proposed_dss,O0002268,M000917,S0004898,C007,P01,A,A,2025-03-23,8.466666666666667,12.0,1
2025-03-23,P1_proposed_dss,O0002267,M000912,S0004899,C001,P01,A,A,2025-03-23,13.866676666666665,11.0,1
2025-03-23,P1_proposed_dss,O0002268,M000917,S0004899,C007,P01,A,A,2025-03-23,10.466676666666666,23.0,1
2025-03-23,P1_proposed_dss,O0002267,M000912,S0004900,C001,P01,A,A,2025-03-23,29.20002,9.0,1
2025-03-23,P1_proposed_dss,O0002265,M000913,S0004901,C002,P01,B,B,2025-03-23,11.466666666666667,33.0,1
2025-03-23,P1_proposed_dss,O0002266,M000918,S0004901,C008,P01,B,B,2025-03-23,8.266666666666667,1.0,1
2025-03-23,P1_proposed_dss,O0002265,M000913,S0004902,C002,P01,B,B,2025-03-23,13.466676666666666,5.0,1
2025-03-23,P1_proposed_dss,O0002265,M000913,S0004903,C002,P01,B,B,2025-03-23,28.80002,6.0,1
2025-03-23,P1_proposed_dss,O0002270,M000913,S0004904,C002,P02,A,A,2025-03-23,10.866666666666665,13.0,1
2025-03-23,P1_proposed_dss,O0002270,M000913,S0004905,C002,P02,A,A,2025-03-23,12.866676666666665,11.0,1
2025-03-23,P1_proposed_dss,O0002270,M000913,S0004906,C002,P02,A,A,2025-03-23,28.20002,8.0,1
2025-03-23,P1_proposed_dss,O0002272,M000913,S0004909,C002,P03,A,A,2025-03-23,10.075,8.0,1
2025-03-23,P1_proposed_dss,O0002272,M000913,S0004910,C002,P03,A,A,2025-03-23,11.200009999999999,32.0,1
2025-03-23,P1_proposed_dss,O0002272,M000913,S0004911,C002,P03,A,A,2025-03-23,13.075019999999999,12.0,1
2025-03-23,P1_proposed_dss,O0002272,M000913,S0004912,C002,P03,A,A,2025-03-23,27.700029999999998,1.0,1
2025-03-23,P1_proposed_dss,O0002273,M000914,S0004913,C003,P03,B,B,2025-03-23,9.075,9.0,1
2025-03-23,P1_proposed_dss,O0002273,M000914,S0004914,C003,P03,B,B,2025-03-23,10.200009999999999,9.0,1
2025-03-23,P1_proposed_dss,O0002273,M000914,S0004915,C003,P03,B,B,2025-03-23,12.075019999999999,9.0,1
2025-03-23,P1_proposed_dss,O0002273,M000914,S0004916,C003,P03,B,B,2025-03-23,26.700029999999998,1.0,1
2025-03-23,P1_proposed_dss,O0002274,M000921,S0004917,C011,P04,A,B,2025-03-23,10.366666666666667,3.0,0
2025-03-23,P1_proposed_dss,O0002274,M000921,S0004918,C011,P04,A,B,2025-03-23,12.366676666666667,8.0,0
2025-03-23,P1_proposed_dss,O0002275,M000916,S0004918,C005,P04,A,B,2025-03-23,13.766676666666665,6.0,0
2025-03-23,P1_proposed_dss,O0002275,M000916,S0004919,C005,P04,A,B,2025-03-23,29.10002,5.0,0
2025-03-23,P1_proposed_dss,O0002274,M000921,S0004920,C011,P04,B,B,2025-03-23,11.466666666666667,5.0,1
2025-03-23,P1_proposed_dss,O0002275,M000916,S0004921,C005,P04,B,B,2025-03-23,14.866676666666665,2.0,1
2025-03-23,P1_proposed_dss,O0002277,M000915,S0004922,C004,P05,A,B,2025-03-23,9.440000000000001,7.0,0
2025-03-23,P1_proposed_dss,O0002277,M000915,S0004923,C004,P05,A,B,2025-03-23,10.160010000000002,8.0,0
2025-03-23,P1_proposed_dss,O0002277,M000915,S0004924,C004,P05,A,B,2025-03-23,11.36002,8.0,0
2025-03-23,P1_proposed_dss,O0002277,M000915,S0004925,C004,P05,A,B,2025-03-23,27.20004,1.0,0
2025-03-23,P1_proposed_dss,O0002276,M000913,S0004926,C002,P05,B,B,2025-03-23,11.94,3.0,1
2025-03-23,P1_proposed_dss,O0002276,M000913,S0004927,C002,P05,B,B,2025-03-23,12.66001,12.0,1
2025-03-23,P1_proposed_dss,O0002276,M000913,S0004928,C002,P05,B,B,2025-03-23,13.860019999999999,5.0,1
2025-03-23,P1_proposed_dss,O0002276,M000913,S0004929,C002,P05,B,B,2025-03-23,15.54003,2.0,1
2025-03-23,P1_proposed_dss,O0002276,M000913,S0004930,C002,P05,B,B,2025-03-23,29.700039999999998,7.0,1
2025-03-23,P1_proposed_dss,O0002280,M000922,S0004931,C012,P06,A,A,2025-03-23,7.466666666666667,2.0,1
2025-03-23,P1_proposed_dss,O0002280,M000922,S0004932,C012,P06,A,A,2025-03-23,9.466676666666666,13.0,1
2025-03-23,P1_proposed_dss,O0002278,M000919,S0004933,C009,P06,A,B,2025-03-23,25.700020000000002,1.0,0
2025-03-23,P1_proposed_dss,O0002280,M000922,S0004933,C012,P06,A,A,2025-03-23,24.80002,3.0,1
2025-03-23,P1_proposed_dss,O0002278,M000919,S0004934,C009,P06,B,B,2025-03-23,9.466666666666667,4.0,1
2025-03-23,P1_proposed_dss,O0002279,M000915,S0004934,C004,P06,B,B,2025-03-23,9.866666666666665,8.0,1
2025-03-23,P1_proposed_dss,O0002279,M000915,S0004935,C004,P06,B,B,2025-03-23,11.866676666666665,9.0,1
2025-03-23,P1_proposed_dss,O0002279,M000915,S0004936,C004,P06,B,B,2025-03-23,27.20002,3.0,1
2025-03-23,P1_proposed_dss,O0002283,M000919,S0004937,C009,P07,A,A,2025-03-23,7.722448979591836,16.0,1
2025-03-23,P1_proposed_dss,O0002281,M000912,S0004938,C001,P07,A,A,2025-03-23,10.289805918367348,6.0,1
2025-03-23,P1_proposed_dss,O0002283,M000919,S0004938,C009,P07,A,A,2025-03-23,8.089805918367347,9.0,1
2025-03-23,P1_proposed_dss,O0002281,M000912,S0004939,C001,P07,A,A,2025-03-23,10.90206081632653,7.0,1
2025-03-23,P1_proposed_dss,O0002281,M000912,S0004940,C001,P07,A,A,2025-03-23,11.75921367346939,9.0,1
2025-03-23,P1_proposed_dss,O0002281,M000912,S0004941,C001,P07,A,A,2025-03-23,12.86126448979592,2.0,1
2025-03-23,P1_proposed_dss,O0002281,M000912,S0004942,C001,P07,A,A,2025-03-23,14.208213265306123,8.0,1
2025-03-23,P1_proposed_dss,O0002285,M000918,S0004951,C008,P08,A,B,2025-03-23,7.960010000000001,12.0,0
2025-03-23,P1_proposed_dss,O0002287,M000915,S0004951,C004,P08,A,A,2025-03-23,10.86001,2.0,1
2025-03-23,P1_proposed_dss,O0002286,M000912,S0004952,C001,P08,A,A,2025-03-23,13.860019999999999,1.0,1
2025-03-23,P1_proposed_dss,O0002287,M000915,S0004952,C004,P08,A,A,2025-03-23,12.06002,6.0,1
2025-03-23,P1_proposed_dss,O0002286,M000912,S0004953,C001,P08,A,A,2025-03-23,15.54003,12.0,1
2025-03-23,P1_proposed_dss,O0002286,M000912,S0004954,C001,P08,A,A,2025-03-23,29.700039999999998,5.0,1
2025-03-23,P1_proposed_dss,O0002285,M000918,S0004955,C008,P08,B,B,2025-03-23,8.340000000000002,8.0,1
2025-03-23,P1_proposed_dss,O0002285,M000918,S0004956,C008,P08,B,B,2025-03-23,9.060010000000002,6.0,1
2025-03-23,P1_proposed_dss,O0002284,M000913,S0004957,C002,P08,B,B,2025-03-23,13.46002,4.0,1
2025-03-23,P1_proposed_dss,O0002284,M000913,S0004958,C002,P08,B,B,2025-03-23,29.30004,1.0,1
2025-03-24,B0_manual,O0002292,M000923,S0004965,C001,P02,A,A,2025-03-24,,8.0,1
2025-03-24,B0_manual,O0002292,M000923,S0004966,C001,P02,A,A,2025-03-24,,9.0,1
2025-03-24,B0_manual,O0002292,M000923,S0004967,C001,P02,A,A,2025-03-24,,4.0,1
2025-03-24,B0_manual,O0002296,M000923,S0004970,C001,P03,A,A,2025-03-24,,6.0,1
2025-03-24,B0_manual,O0002301,M000923,S0004981,C001,P04,B,B,2025-03-24,,9.0,1
2025-03-24,B0_manual,O0002316,M000923,S0005017,C001,P08,B,B,2025-03-24,,2.0,1
2025-03-24,B0_manual,O0002316,M000923,S0005018,C001,P08,B,B,2025-03-24,,5.0,1
2025-03-24,B0_manual,O0002316,M000923,S0005019,C001,P08,B,B,2025-03-24,,4.0,1
2025-03-24,B0_manual,O0002294,M000924,S0004968,C002,P02,B,B,2025-03-24,,8.0,1
2025-03-24,B0_manual,O0002297,M000924,S0004970,C002,P03,A,A,2025-03-24,,11.0,1
2025-03-24,B0_manual,O0002297,M000924,S0004971,C002,P03,A,A,2025-03-24,,17.0,1
2025-03-24,B0_manual,O0002297,M000924,S0004972,C002,P03,A,A,2025-03-24,,6.0,1
2025-03-24,B0_manual,O0002297,M000924,S0004973,C002,P03,A,A,2025-03-24,,1.0,1
2025-03-24,B0_manual,O0002302,M000924,S0004981,C002,P04,B,B,2025-03-24,,4.0,1
2025-03-24,B0_manual,O0002302,M000924,S0004982,C002,P04,B,B,2025-03-24,,1.0,1
2025-03-24,B0_manual,O0002311,M000924,S0004999,C002,P07,A,A,2025-03-24,,24.0,1
2025-03-24,B0_manual,O0002311,M000924,S0005000,C002,P07,A,A,2025-03-24,,20.0,1
2025-03-24,B0_manual,O0002311,M000924,S0005001,C002,P07,A,A,2025-03-24,,12.0,1
2025-03-24,B0_manual,O0002290,M000925,S0004967,C003,P02,A,A,2025-03-24,,7.0,1
2025-03-24,B0_manual,O0002310,M000925,S0005006,C003,P07,B,B,2025-03-24,,3.0,1
2025-03-24,B0_manual,O0002310,M000925,S0005007,C003,P07,B,B,2025-03-24,,4.0,1
2025-03-24,B0_manual,O0002310,M000925,S0005008,C003,P07,B,B,2025-03-24,,5.0,1
2025-03-24,B0_manual,O0002310,M000925,S0005009,C003,P07,B,B,2025-03-24,,2.0,1
2025-03-24,B0_manual,O0002310,M000925,S0005010,C003,P07,B,B,2025-03-24,,1.0,1
2025-03-24,B0_manual,O0002310,M000925,S0005011,C003,P07,B,B,2025-03-24,,1.0,1
2025-03-24,B0_manual,O0002310,M000925,S0005001,C003,P07,A,B,2025-03-24,,3.0,0
2025-03-24,B0_manual,O0002310,M000925,S0005002,C003,P07,A,B,2025-03-24,,3.0,0
2025-03-24,B0_manual,O0002310,M000925,S0005003,C003,P07,A,B,2025-03-24,,2.0,0
2025-03-24,B0_manual,O0002314,M000925,S0005012,C003,P08,A,A,2025-03-24,,8.0,1
2025-03-24,B0_manual,O0002314,M000925,S0005013,C003,P08,A,A,2025-03-24,,7.0,1
2025-03-24,B0_manual,O0002314,M000925,S0005014,C003,P08,A,A,2025-03-24,,5.0,1
2025-03-24,B0_manual,O0002289,M000926,S0004962,C005,P01,B,B,2025-03-24,,7.0,1
2025-03-24,B0_manual,O0002289,M000926,S0004963,C005,P01,B,B,2025-03-24,,3.0,1
2025-03-24,B0_manual,O0002289,M000926,S0004964,C005,P01,B,B,2025-03-24,,1.0,1
2025-03-24,B0_manual,O0002309,M000926,S0004996,C005,P06,B,B,2025-03-24,,9.0,1
2025-03-24,B0_manual,O0002309,M000926,S0004997,C005,P06,B,B,2025-03-24,,4.0,1
2025-03-24,B0_manual,O0002309,M000926,S0004998,C005,P06,B,B,2025-03-24,,2.0,1
2025-03-24,B0_manual,O0002312,M000926,S0005003,C005,P07,A,A,2025-03-24,,5.0,1
2025-03-24,B0_manual,O0002312,M000926,S0005004,C005,P07,A,A,2025-03-24,,7.0,1
2025-03-24,B0_manual,O0002312,M000926,S0005005,C005,P07,A,A,2025-03-24,,2.0,1
2025-03-24,B0_manual,O0002293,M000927,S0004968,C006,P02,B,B,2025-03-24,,10.0,1
2025-03-24,B0_manual,O0002293,M000927,S0004969,C006,P02,B,B,2025-03-24,,4.0,1
2025-03-24,B0_manual,O0002305,M000927,S0004984,C006,P05,A,A,2025-03-24,,3.0,1
2025-03-24,B0_manual,O0002305,M000927,S0004985,C006,P05,A,A,2025-03-24,,9.0,1
2025-03-24,B0_manual,O0002305,M000927,S0004986,C006,P05,A,A,2025-03-24,,4.0,1
2025-03-24,B0_manual,O0002298,M000928,S0004974,C007,P03,B,B,2025-03-24,,10.0,1
2025-03-24,B0_manual,O0002298,M000928,S0004975,C007,P03,B,B,2025-03-24,,2.0,1
2025-03-24,B0_manual,O0002313,M000929,S0005015,C008,P08,A,B,2025-03-24,,5.0,0
2025-03-24,B0_manual,O0002291,M000930,S0004969,C009,P02,B,B,2025-03-24,,4.0,1
2025-03-24,B0_manual,O0002300,M000930,S0004978,C009,P04,A,A,2025-03-24,,3.0,1
2025-03-24,B0_manual,O0002299,M000931,S0004982,C010,P04,B,B,2025-03-24,,2.0,1
2025-03-24,B0_manual,O0002299,M000931,S0004983,C010,P04,B,B,2025-03-24,,1.0,1
2025-03-24,B0_manual,O0002304,M000931,S0004988,C010,P05,B,B,2025-03-24,,3.0,1
2025-03-24,B0_manual,O0002288,M000932,S0004959,C011,P01,A,A,2025-03-24,,48.0,1
2025-03-24,B0_manual,O0002288,M000932,S0004960,C011,P01,A,A,2025-03-24,,2.0,1
2025-03-24,B0_manual,O0002295,M000932,S0004975,C011,P03,B,B,2025-03-24,,3.0,1
2025-03-24,B0_manual,O0002295,M000932,S0004976,C011,P03,B,B,2025-03-24,,1.0,1
2025-03-24,B0_manual,O0002295,M000932,S0004977,C011,P03,B,B,2025-03-24,,1.0,1
2025-03-24,B0_manual,O0002303,M000932,S0004978,C011,P04,A,A,2025-03-24,,10.0,1
2025-03-24,B0_manual,O0002306,M000933,S0004988,C012,P05,B,B,2025-03-24,,4.0,1
2025-03-24,B0_manual,O0002306,M000933,S0004989,C012,P05,B,B,2025-03-24,,5.0,1
2025-03-24,B0_manual,O0002308,M000933,S0004993,C012,P06,A,A,2025-03-24,,9.0,1
2025-03-24,B1_optimization_only,O0002288,M000932,S0004959,C011,P01,A,A,2025-03-24,7.866666666666667,33.0,1
2025-03-24,B1_optimization_only,O0002288,M000932,S0004960,C011,P01,A,A,2025-03-24,9.866676666666667,5.0,1
2025-03-24,B1_optimization_only,O0002288,M000932,S0004961,C011,P01,A,A,2025-03-24,25.20002,12.0,1
2025-03-24,B1_optimization_only,O0002289,M000926,S0004962,C005,P01,B,B,2025-03-24,9.266666666666667,7.0,1
2025-03-24,B1_optimization_only,O0002289,M000926,S0004963,C005,P01,B,B,2025-03-24,11.266676666666667,3.0,1
2025-03-24,B1_optimization_only,O0002289,M000926,S0004964,C005,P01,B,B,2025-03-24,26.60002,1.0,1
2025-03-24,B1_optimization_only,O0002290,M000925,S0004965,C003,P02,A,A,2025-03-24,9.866666666666665,7.0,1
2025-03-24,B1_optimization_only,O0002292,M000923,S0004965,C001,P02,A,A,2025-03-24,11.266666666666666,1.0,1
2025-03-24,B1_optimization_only,O0002292,M000923,S0004966,C001,P02,A,A,2025-03-24,13.266676666666665,9.0,1
2025-03-24,B1_optimization_only,O0002292,M000923,S0004967,C001,P02,A,A,2025-03-24,28.60002,11.0,1
2025-03-24,B1_optimization_only,O0002291,M000930,S0004968,C009,P02,B,B,2025-03-24,9.066666666666666,8.0,1
2025-03-24,B1_optimization_only,O0002293,M000927,S0004968,C006,P02,B,B,2025-03-24,8.466666666666667,10.0,1
2025-03-24,B1_optimization_only,O0002294,M000924,S0004969,C002,P02,B,B,2025-03-24,12.866676666666665,8.0,1
2025-03-24,B1_optimization_only,O0002297,M000924,S0004970,C002,P03,A,A,2025-03-24,10.075,17.0,1
2025-03-24,B1_optimization_only,O0002297,M000924,S0004971,C002,P03,A,A,2025-03-24,11.200009999999999,17.0,1
2025-03-24,B1_optimization_only,O0002296,M000923,S0004972,C001,P03,A,A,2025-03-24,13.475019999999999,5.0,1
2025-03-24,B1_optimization_only,O0002297,M000924,S0004972,C002,P03,A,A,2025-03-24,13.075019999999999,1.0,1
2025-03-24,B1_optimization_only,O0002296,M000923,S0004973,C001,P03,A,A,2025-03-24,28.10003,1.0,1
2025-03-24,B1_optimization_only,O0002295,M000932,S0004974,C011,P03,B,B,2025-03-24,6.475,5.0,1
2025-03-24,B1_optimization_only,O0002298,M000928,S0004974,C007,P03,B,B,2025-03-24,7.074999999999999,5.0,1
2025-03-24,B1_optimization_only,O0002298,M000928,S0004975,C007,P03,B,B,2025-03-24,8.200009999999999,5.0,1
2025-03-24,B1_optimization_only,O0002298,M000928,S0004976,C007,P03,B,B,2025-03-24,10.075019999999999,1.0,1
2025-03-24,B1_optimization_only,O0002298,M000928,S0004977,C007,P03,B,B,2025-03-24,24.700029999999998,1.0,1
2025-03-24,B1_optimization_only,O0002300,M000930,S0004979,C009,P04,A,A,2025-03-24,15.266676666666665,3.0,1
2025-03-24,B1_optimization_only,O0002301,M000923,S0004979,C001,P04,A,B,2025-03-24,16.366676666666667,7.0,0
2025-03-24,B1_optimization_only,O0002303,M000932,S0004979,C011,P04,A,A,2025-03-24,13.466676666666666,10.0,1
2025-03-24,B1_optimization_only,O0002301,M000923,S0004980,C001,P04,A,B,2025-03-24,31.700020000000002,2.0,0
2025-03-24,B1_optimization_only,O0002299,M000931,S0004981,C010,P04,B,B,2025-03-24,13.066666666666665,5.0,1
2025-03-24,B1_optimization_only,O0002302,M000924,S0004981,C002,P04,B,B,2025-03-24,15.066666666666665,5.0,1
2025-03-24,B1_optimization_only,O0002299,M000931,S0004982,C010,P04,B,B,2025-03-24,15.066676666666664,3.0,1
2025-03-24,B1_optimization_only,O0002299,M000931,S0004983,C010,P04,B,B,2025-03-24,30.400019999999998,1.0,1
2025-03-24,B1_optimization_only,O0002305,M000927,S0004985,C006,P05,A,A,2025-03-24,10.260010000000001,3.0,1
2025-03-24,B1_optimization_only,O0002305,M000927,S0004986,C006,P05,A,A,2025-03-24,11.46002,10.0,1
2025-03-24,B1_optimization_only,O0002305,M000927,S0004987,C006,P05,A,A,2025-03-24,13.140030000000001,3.0,1
2025-03-24,B1_optimization_only,O0002306,M000933,S0004989,C012,P05,B,B,2025-03-24,8.860009999999999,4.0,1
2025-03-24,B1_optimization_only,O0002306,M000933,S0004990,C012,P05,B,B,2025-03-24,10.060019999999998,3.0,1
2025-03-24,B1_optimization_only,O0002306,M000933,S0004991,C012,P05,B,B,2025-03-24,11.74003,1.0,1
2025-03-24,B1_optimization_only,O0002304,M000931,S0004992,C010,P05,B,B,2025-03-24,27.700039999999998,3.0,1
2025-03-24,B1_optimization_only,O0002306,M000933,S0004992,C012,P05,B,B,2025-03-24,25.900039999999997,1.0,1
2025-03-24,B1_optimization_only,O0002308,M000933,S0004993,C012,P06,A,A,2025-03-24,7.466666666666667,8.0,1
2025-03-24,B1_optimization_only,O0002309,M000926,S0004993,C005,P06,A,B,2025-03-24,7.966666666666668,15.0,0
2025-03-24,B1_optimization_only,O0002308,M000933,S0004994,C012,P06,A,A,2025-03-24,9.466676666666666,1.0,1
2025-03-24,B1_optimization_only,O0002309,M000926,S0004994,C005,P06,A,B,2025-03-24,9.966676666666666,6.0,0
2025-03-24,B1_optimization_only,O0002309,M000926,S0004995,C005,P06,A,B,2025-03-24,25.30002,3.0,0
2025-03-24,B1_optimization_only,O0002307,M000932,S0004996,C011,P06,B,B,2025-03-24,7.666666666666667,9.0,1
2025-03-24,B1_optimization_only,O0002307,M000932,S0004997,C011,P06,B,B,2025-03-24,9.666676666666666,4.0,1
2025-03-24,B1_optimization_only,O0002307,M000932,S0004998,C011,P06,B,B,2025-03-24,25.00002,2.0,1
2025-03-24,B1_optimization_only,O0002310,M000925,S0004999,C003,P07,A,B,2025-03-24,7.422448979591837,8.0,0
2025-03-24,B1_optimization_only,O0002311,M000924,S0004999,C002,P07,A,A,2025-03-24,9.522448979591838,2.0,1
2025-03-24,B1_optimization_only,O0002312,M000926,S0004999,C005,P07,A,A,2025-03-24,7.322448979591837,14.0,1
2025-03-24,B1_optimization_only,O0002311,M000924,S0005000,C002,P07,A,A,2025-03-24,9.889805918367347,20.0,1
2025-03-24,B1_optimization_only,O0002311,M000924,S0005001,C002,P07,A,A,2025-03-24,10.50206081632653,15.0,1
2025-03-24,B1_optimization_only,O0002311,M000924,S0005002,C002,P07,A,A,2025-03-24,11.35921367346939,3.0,1
2025-03-24,B1_optimization_only,O0002311,M000924,S0005003,C002,P07,A,A,2025-03-24,12.46126448979592,7.0,1
2025-03-24,B1_optimization_only,O0002311,M000924,S0005004,C002,P07,A,A,2025-03-24,13.808213265306122,7.0,1
2025-03-24,B1_optimization_only,O0002311,M000924,S0005005,C002,P07,A,A,2025-03-24,27.40006,2.0,1
2025-03-24,B1_optimization_only,O0002310,M000925,S0005006,C003,P07,B,B,2025-03-24,8.522448979591838,3.0,1
2025-03-24,B1_optimization_only,O0002310,M000925,S0005007,C003,P07,B,B,2025-03-24,8.889805918367347,4.0,1
2025-03-24,B1_optimization_only,O0002310,M000925,S0005008,C003,P07,B,B,2025-03-24,9.50206081632653,5.0,1
2025-03-24,B1_optimization_only,O0002310,M000925,S0005009,C003,P07,B,B,2025-03-24,10.35921367346939,2.0,1
2025-03-24,B1_optimization_only,O0002310,M000925,S0005010,C003,P07,B,B,2025-03-24,11.46126448979592,1.0,1
2025-03-24,B1_optimization_only,O0002310,M000925,S0005011,C003,P07,B,B,2025-03-24,12.808213265306122,1.0,1
2025-03-24,B1_optimization_only,O0002315,M000933,S0005012,C012,P08,A,B,2025-03-24,6.640000000000001,8.0,0
2025-03-24,B1_optimization_only,O0002313,M000929,S0005013,C008,P08,A,B,2025-03-24,7.960010000000001,5.0,0
2025-03-24,B1_optimization_only,O0002314,M000925,S0005013,C003,P08,A,A,2025-03-24,11.260010000000001,1.0,1
2025-03-24,B1_optimization_only,O0002315,M000933,S0005013,C012,P08,A,B,2025-03-24,7.36001,1.0,0
2025-03-24,B1_optimization_only,O0002314,M000925,S0005014,C003,P08,A,A,2025-03-24,12.46002,5.0,1
2025-03-24,B1_optimization_only,O0002314,M000925,S0005015,C003,P08,A,A,2025-03-24,14.140030000000001,9.0,1
2025-03-24,B1_optimization_only,O0002314,M000925,S0005016,C003,P08,A,A,2025-03-24,28.30004,5.0,1
2025-03-24,B1_optimization_only,O0002316,M000923,S0005017,C001,P08,B,B,2025-03-24,11.94,2.0,1
2025-03-24,B1_optimization_only,O0002316,M000923,S0005018,C001,P08,B,B,2025-03-24,12.66001,5.0,1
2025-03-24,B1_optimization_only,O0002316,M000923,S0005019,C001,P08,B,B,2025-03-24,13.860019999999999,4.0,1
2025-03-24,P1_proposed_dss,O0002288,M000932,S0004959,C011,P01,A,A,2025-03-24,7.866666666666667,33.0,1
2025-03-24,P1_proposed_dss,O0002288,M000932,S0004960,C011,P01,A,A,2025-03-24,9.866676666666667,5.0,1
2025-03-24,P1_proposed_dss,O0002288,M000932,S0004961,C011,P01,A,A,2025-03-24,25.20002,12.0,1
2025-03-24,P1_proposed_dss,O0002289,M000926,S0004962,C005,P01,B,B,2025-03-24,9.266666666666667,7.0,1
2025-03-24,P1_proposed_dss,O0002289,M000926,S0004963,C005,P01,B,B,2025-03-24,11.266676666666667,3.0,1
2025-03-24,P1_proposed_dss,O0002289,M000926,S0004964,C005,P01,B,B,2025-03-24,26.60002,1.0,1
2025-03-24,P1_proposed_dss,O0002290,M000925,S0004965,C003,P02,A,A,2025-03-24,9.866666666666665,7.0,1
2025-03-24,P1_proposed_dss,O0002292,M000923,S0004965,C001,P02,A,A,2025-03-24,11.266666666666666,1.0,1
2025-03-24,P1_proposed_dss,O0002292,M000923,S0004966,C001,P02,A,A,2025-03-24,13.266676666666665,9.0,1
2025-03-24,P1_proposed_dss,O0002292,M000923,S0004967,C001,P02,A,A,2025-03-24,28.60002,11.0,1
2025-03-24,P1_proposed_dss,O0002291,M000930,S0004968,C009,P02,B,B,2025-03-24,9.066666666666666,8.0,1
2025-03-24,P1_proposed_dss,O0002293,M000927,S0004968,C006,P02,B,B,2025-03-24,8.466666666666667,10.0,1
2025-03-24,P1_proposed_dss,O0002294,M000924,S0004969,C002,P02,B,B,2025-03-24,12.866676666666665,8.0,1
2025-03-24,P1_proposed_dss,O0002297,M000924,S0004970,C002,P03,A,A,2025-03-24,10.075,17.0,1
2025-03-24,P1_proposed_dss,O0002297,M000924,S0004971,C002,P03,A,A,2025-03-24,11.200009999999999,17.0,1
2025-03-24,P1_proposed_dss,O0002296,M000923,S0004972,C001,P03,A,A,2025-03-24,13.475019999999999,5.0,1
2025-03-24,P1_proposed_dss,O0002297,M000924,S0004972,C002,P03,A,A,2025-03-24,13.075019999999999,1.0,1
2025-03-24,P1_proposed_dss,O0002296,M000923,S0004973,C001,P03,A,A,2025-03-24,28.10003,1.0,1
2025-03-24,P1_proposed_dss,O0002295,M000932,S0004974,C011,P03,B,B,2025-03-24,6.475,5.0,1
2025-03-24,P1_proposed_dss,O0002298,M000928,S0004974,C007,P03,B,B,2025-03-24,7.074999999999999,5.0,1
2025-03-24,P1_proposed_dss,O0002298,M000928,S0004975,C007,P03,B,B,2025-03-24,8.200009999999999,5.0,1
2025-03-24,P1_proposed_dss,O0002298,M000928,S0004976,C007,P03,B,B,2025-03-24,10.075019999999999,1.0,1
2025-03-24,P1_proposed_dss,O0002298,M000928,S0004977,C007,P03,B,B,2025-03-24,24.700029999999998,1.0,1
2025-03-24,P1_proposed_dss,O0002300,M000930,S0004979,C009,P04,A,A,2025-03-24,15.266676666666665,3.0,1
2025-03-24,P1_proposed_dss,O0002301,M000923,S0004979,C001,P04,A,B,2025-03-24,16.366676666666667,7.0,0
2025-03-24,P1_proposed_dss,O0002303,M000932,S0004979,C011,P04,A,A,2025-03-24,13.466676666666666,10.0,1
2025-03-24,P1_proposed_dss,O0002301,M000923,S0004980,C001,P04,A,B,2025-03-24,31.700020000000002,2.0,0
2025-03-24,P1_proposed_dss,O0002299,M000931,S0004981,C010,P04,B,B,2025-03-24,13.066666666666665,5.0,1
2025-03-24,P1_proposed_dss,O0002302,M000924,S0004981,C002,P04,B,B,2025-03-24,15.066666666666665,5.0,1
2025-03-24,P1_proposed_dss,O0002299,M000931,S0004982,C010,P04,B,B,2025-03-24,15.066676666666664,3.0,1
2025-03-24,P1_proposed_dss,O0002299,M000931,S0004983,C010,P04,B,B,2025-03-24,30.400019999999998,1.0,1
2025-03-24,P1_proposed_dss,O0002305,M000927,S0004985,C006,P05,A,A,2025-03-24,10.260010000000001,3.0,1
2025-03-24,P1_proposed_dss,O0002305,M000927,S0004986,C006,P05,A,A,2025-03-24,11.46002,10.0,1
2025-03-24,P1_proposed_dss,O0002305,M000927,S0004987,C006,P05,A,A,2025-03-24,13.140030000000001,3.0,1
2025-03-24,P1_proposed_dss,O0002306,M000933,S0004989,C012,P05,B,B,2025-03-24,8.860009999999999,4.0,1
2025-03-24,P1_proposed_dss,O0002306,M000933,S0004990,C012,P05,B,B,2025-03-24,10.060019999999998,3.0,1
2025-03-24,P1_proposed_dss,O0002306,M000933,S0004991,C012,P05,B,B,2025-03-24,11.74003,1.0,1
2025-03-24,P1_proposed_dss,O0002304,M000931,S0004992,C010,P05,B,B,2025-03-24,27.700039999999998,3.0,1
2025-03-24,P1_proposed_dss,O0002306,M000933,S0004992,C012,P05,B,B,2025-03-24,25.900039999999997,1.0,1
2025-03-24,P1_proposed_dss,O0002308,M000933,S0004993,C012,P06,A,A,2025-03-24,7.466666666666667,8.0,1
2025-03-24,P1_proposed_dss,O0002309,M000926,S0004993,C005,P06,A,B,2025-03-24,7.966666666666668,15.0,0
2025-03-24,P1_proposed_dss,O0002308,M000933,S0004994,C012,P06,A,A,2025-03-24,9.466676666666666,1.0,1
2025-03-24,P1_proposed_dss,O0002309,M000926,S0004994,C005,P06,A,B,2025-03-24,9.966676666666666,6.0,0
2025-03-24,P1_proposed_dss,O0002309,M000926,S0004995,C005,P06,A,B,2025-03-24,25.30002,3.0,0
2025-03-24,P1_proposed_dss,O0002307,M000932,S0004996,C011,P06,B,B,2025-03-24,7.666666666666667,9.0,1
2025-03-24,P1_proposed_dss,O0002307,M000932,S0004997,C011,P06,B,B,2025-03-24,9.666676666666666,4.0,1
2025-03-24,P1_proposed_dss,O0002307,M000932,S0004998,C011,P06,B,B,2025-03-24,25.00002,2.0,1
2025-03-24,P1_proposed_dss,O0002310,M000925,S0004999,C003,P07,A,B,2025-03-24,7.422448979591837,8.0,0
2025-03-24,P1_proposed_dss,O0002311,M000924,S0004999,C002,P07,A,A,2025-03-24,9.522448979591838,2.0,1
2025-03-24,P1_proposed_dss,O0002312,M000926,S0004999,C005,P07,A,A,2025-03-24,7.322448979591837,14.0,1
2025-03-24,P1_proposed_dss,O0002311,M000924,S0005000,C002,P07,A,A,2025-03-24,9.889805918367347,20.0,1
2025-03-24,P1_proposed_dss,O0002311,M000924,S0005001,C002,P07,A,A,2025-03-24,10.50206081632653,15.0,1
2025-03-24,P1_proposed_dss,O0002311,M000924,S0005002,C002,P07,A,A,2025-03-24,11.35921367346939,3.0,1
2025-03-24,P1_proposed_dss,O0002311,M000924,S0005003,C002,P07,A,A,2025-03-24,12.46126448979592,7.0,1
2025-03-24,P1_proposed_dss,O0002311,M000924,S0005004,C002,P07,A,A,2025-03-24,13.808213265306122,7.0,1
2025-03-24,P1_proposed_dss,O0002311,M000924,S0005005,C002,P07,A,A,2025-03-24,27.40006,2.0,1
2025-03-24,P1_proposed_dss,O0002310,M000925,S0005006,C003,P07,B,B,2025-03-24,8.522448979591838,3.0,1
2025-03-24,P1_proposed_dss,O0002310,M000925,S0005007,C003,P07,B,B,2025-03-24,8.889805918367347,4.0,1
2025-03-24,P1_proposed_dss,O0002310,M000925,S0005008,C003,P07,B,B,2025-03-24,9.50206081632653,5.0,1
2025-03-24,P1_proposed_dss,O0002310,M000925,S0005009,C003,P07,B,B,2025-03-24,10.35921367346939,2.0,1
2025-03-24,P1_proposed_dss,O0002310,M000925,S0005010,C003,P07,B,B,2025-03-24,11.46126448979592,1.0,1
2025-03-24,P1_proposed_dss,O0002310,M000925,S0005011,C003,P07,B,B,2025-03-24,12.808213265306122,1.0,1
2025-03-24,P1_proposed_dss,O0002315,M000933,S0005012,C012,P08,A,B,2025-03-24,6.640000000000001,8.0,0
2025-03-24,P1_proposed_dss,O0002313,M000929,S0005013,C008,P08,A,B,2025-03-24,7.960010000000001,5.0,0
2025-03-24,P1_proposed_dss,O0002314,M000925,S0005013,C003,P08,A,A,2025-03-24,11.260010000000001,1.0,1
2025-03-24,P1_proposed_dss,O0002315,M000933,S0005013,C012,P08,A,B,2025-03-24,7.36001,1.0,0
2025-03-24,P1_proposed_dss,O0002314,M000925,S0005014,C003,P08,A,A,2025-03-24,12.46002,5.0,1
2025-03-24,P1_proposed_dss,O0002314,M000925,S0005015,C003,P08,A,A,2025-03-24,14.140030000000001,9.0,1
2025-03-24,P1_proposed_dss,O0002314,M000925,S0005016,C003,P08,A,A,2025-03-24,28.30004,5.0,1
2025-03-24,P1_proposed_dss,O0002316,M000923,S0005017,C001,P08,B,B,2025-03-24,11.94,2.0,1
2025-03-24,P1_proposed_dss,O0002316,M000923,S0005018,C001,P08,B,B,2025-03-24,12.66001,5.0,1
2025-03-24,P1_proposed_dss,O0002316,M000923,S0005019,C001,P08,B,B,2025-03-24,13.860019999999999,4.0,1
2025-03-25,B0_manual,O0002326,M000934,S0005042,C001,P04,B,B,2025-03-25,,4.0,1
2025-03-25,B0_manual,O0002326,M000934,S0005043,C001,P04,B,B,2025-03-25,,2.0,1
2025-03-25,B0_manual,O0002331,M000934,S0005049,C001,P05,B,B,2025-03-25,,4.0,1
2025-03-25,B0_manual,O0002331,M000934,S0005050,C001,P05,B,B,2025-03-25,,3.0,1
2025-03-25,B0_manual,O0002331,M000934,S0005051,C001,P05,B,B,2025-03-25,,1.0,1
2025-03-25,B0_manual,O0002333,M000934,S0005057,C001,P06,B,B,2025-03-25,,5.0,1
2025-03-25,B0_manual,O0002336,M000934,S0005067,C001,P07,B,B,2025-03-25,,3.0,1
2025-03-25,B0_manual,O0002318,M000935,S0005020,C002,P01,A,A,2025-03-25,,32.0,1
2025-03-25,B0_manual,O0002324,M000935,S0005032,C002,P03,A,A,2025-03-25,,6.0,1
2025-03-25,B0_manual,O0002328,M000935,S0005051,C002,P05,B,B,2025-03-25,,2.0,1
2025-03-25,B0_manual,O0002328,M000935,S0005052,C002,P05,B,B,2025-03-25,,5.0,1
2025-03-25,B0_manual,O0002328,M000935,S0005053,C002,P05,B,B,2025-03-25,,1.0,1
2025-03-25,B0_manual,O0002328,M000935,S0005044,C002,P05,A,B,2025-03-25,,2.0,0
2025-03-25,B0_manual,O0002341,M000935,S0005077,C002,P08,B,B,2025-03-25,,10.0,1
2025-03-25,B0_manual,O0002341,M000935,S0005078,C002,P08,B,B,2025-03-25,,3.0,1
2025-03-25,B0_manual,O0002341,M000935,S0005079,C002,P08,B,B,2025-03-25,,4.0,1
2025-03-25,B0_manual,O0002341,M000935,S0005080,C002,P08,B,B,2025-03-25,,1.0,1
2025-03-25,B0_manual,O0002342,M000936,S0005074,C003,P08,A,A,2025-03-25,,10.0,1
2025-03-25,B0_manual,O0002317,M000937,S0005023,C004,P01,B,B,2025-03-25,,11.0,1
2025-03-25,B0_manual,O0002317,M000937,S0005024,C004,P01,B,B,2025-03-25,,4.0,1
2025-03-25,B0_manual,O0002317,M000937,S0005025,C004,P01,B,B,2025-03-25,,2.0,1
2025-03-25,B0_manual,O0002320,M000937,S0005026,C004,P02,A,A,2025-03-25,,14.0,1
2025-03-25,B0_manual,O0002340,M000937,S0005074,C004,P08,A,B,2025-03-25,,3.0,0
2025-03-25,B0_manual,O0002340,M000937,S0005075,C004,P08,A,B,2025-03-25,,4.0,0
2025-03-25,B0_manual,O0002340,M000937,S0005076,C004,P08,A,B,2025-03-25,,2.0,0
2025-03-25,B0_manual,O0002338,M000938,S0005060,C005,P07,A,A,2025-03-25,,9.0,1
2025-03-25,B0_manual,O0002338,M000938,S0005061,C005,P07,A,A,2025-03-25,,8.0,1
2025-03-25,B0_manual,O0002338,M000938,S0005062,C005,P07,A,A,2025-03-25,,8.0,1
2025-03-25,B0_manual,O0002338,M000938,S0005063,C005,P07,A,A,2025-03-25,,2.0,1
2025-03-25,B0_manual,O0002323,M000939,S0005026,C006,P02,A,A,2025-03-25,,2.0,1
2025-03-25,B0_manual,O0002323,M000939,S0005027,C006,P02,A,A,2025-03-25,,6.0,1
2025-03-25,B0_manual,O0002337,M000939,S0005068,C006,P07,B,B,2025-03-25,,5.0,1
2025-03-25,B0_manual,O0002334,M000940,S0005054,C007,P06,A,A,2025-03-25,,16.0,1
2025-03-25,B0_manual,O0002334,M000940,S0005055,C007,P06,A,A,2025-03-25,,6.0,1
2025-03-25,B0_manual,O0002334,M000940,S0005056,C007,P06,A,A,2025-03-25,,1.0,1
2025-03-25,B0_manual,O0002322,M000941,S0005029,C008,P02,B,B,2025-03-25,,3.0,1
2025-03-25,B0_manual,O0002322,M000941,S0005030,C008,P02,B,B,2025-03-25,,5.0,1
2025-03-25,B0_manual,O0002325,M000941,S0005036,C008,P03,B,B,2025-03-25,,23.0,1
2025-03-25,B0_manual,O0002325,M000941,S0005037,C008,P03,B,B,2025-03-25,,12.0,1
2025-03-25,B0_manual,O0002325,M000941,S0005038,C008,P03,B,B,2025-03-25,,4.0,1
2025-03-25,B0_manual,O0002325,M000941,S0005039,C008,P03,B,B,2025-03-25,,5.0,1
2025-03-25,B0_manual,O0002325,M000941,S0005032,C008,P03,A,B,2025-03-25,,10.0,0
2025-03-25,B0_manual,O0002325,M000941,S0005033,C008,P03,A,B,2025-03-25,,16.0,0
2025-03-25,B0_manual,O0002325,M000941,S0005034,C008,P03,A,B,2025-03-25,,13.0,0
2025-03-25,B0_manual,O0002325,M000941,S0005035,C008,P03,A,B,2025-03-25,,3.0,0
2025-03-25,B0_manual,O0002329,M000941,S0005044,C008,P05,A,A,2025-03-25,,3.0,1
2025-03-25,B0_manual,O0002329,M000941,S0005045,C008,P05,A,A,2025-03-25,,7.0,1
2025-03-25,B0_manual,O0002321,M000942,S0005030,C009,P02,B,B,2025-03-25,,3.0,1
2025-03-25,B0_manual,O0002321,M000942,S0005031,C009,P02,B,B,2025-03-25,,1.0,1
2025-03-25,B0_manual,O0002330,M000942,S0005045,C009,P05,A,A,2025-03-25,,5.0,1
2025-03-25,B0_manual,O0002335,M000943,S0005057,C010,P06,B,B,2025-03-25,,1.0,1
2025-03-25,B0_manual,O0002335,M000943,S0005058,C010,P06,B,B,2025-03-25,,2.0,1
2025-03-25,B0_manual,O0002339,M000943,S0005064,C010,P07,A,A,2025-03-25,,2.0,1
2025-03-25,B0_manual,O0002339,M000943,S0005065,C010,P07,A,A,2025-03-25,,2.0,1
2025-03-25,B0_manual,O0002339,M000943,S0005066,C010,P07,A,A,2025-03-25,,4.0,1
2025-03-25,B0_manual,O0002319,M000944,S0005027,C012,P02,A,A,2025-03-25,,14.0,1
2025-03-25,B0_manual,O0002319,M000944,S0005028,C012,P02,A,A,2025-03-25,,2.0,1
2025-03-25,B0_manual,O0002332,M000944,S0005046,C012,P05,A,A,2025-03-25,,3.0,1
2025-03-25,B0_manual,O0002332,M000944,S0005047,C012,P05,A,A,2025-03-25,,5.0,1
2025-03-25,B0_manual,O0002332,M000944,S0005048,C012,P05,A,A,2025-03-25,,1.0,1
2025-03-25,B1_optimization_only,O0002318,M000935,S0005021,C002,P01,A,A,2025-03-25,13.466676666666666,14.0,1
2025-03-25,B1_optimization_only,O0002318,M000935,S0005022,C002,P01,A,A,2025-03-25,28.80002,18.0,1
2025-03-25,B1_optimization_only,O0002317,M000937,S0005023,C004,P01,B,B,2025-03-25,10.066666666666666,11.0,1
2025-03-25,B1_optimization_only,O0002317,M000937,S0005024,C004,P01,B,B,2025-03-25,12.066676666666666,4.0,1
2025-03-25,B1_optimization_only,O0002317,M000937,S0005025,C004,P01,B,B,2025-03-25,27.400019999999998,2.0,1
2025-03-25,B1_optimization_only,O0002319,M000944,S0005026,C012,P02,A,A,2025-03-25,7.066666666666667,16.0,1
2025-03-25,B1_optimization_only,O0002320,M000937,S0005027,C004,P02,A,A,2025-03-25,11.466676666666666,12.0,1
2025-03-25,B1_optimization_only,O0002323,M000939,S0005027,C006,P02,A,A,2025-03-25,10.466676666666666,8.0,1
2025-03-25,B1_optimization_only,O0002320,M000937,S0005028,C004,P02,A,A,2025-03-25,26.80002,2.0,1
2025-03-25,B1_optimization_only,O0002321,M000942,S0005029,C009,P02,B,B,2025-03-25,9.066666666666666,3.0,1
2025-03-25,B1_optimization_only,O0002321,M000942,S0005030,C009,P02,B,B,2025-03-25,11.066676666666666,8.0,1
2025-03-25,B1_optimization_only,O0002321,M000942,S0005031,C009,P02,B,B,2025-03-25,26.400019999999998,1.0,1
2025-03-25,B1_optimization_only,O0002325,M000941,S0005032,C008,P03,A,B,2025-03-25,5.775,16.0,0
2025-03-25,B1_optimization_only,O0002325,M000941,S0005033,C008,P03,A,B,2025-03-25,6.90001,16.0,0
2025-03-25,B1_optimization_only,O0002324,M000935,S0005034,C002,P03,A,A,2025-03-25,13.075019999999999,3.0,1
2025-03-25,B1_optimization_only,O0002325,M000941,S0005034,C008,P03,A,B,2025-03-25,8.77502,10.0,0
2025-03-25,B1_optimization_only,O0002324,M000935,S0005035,C002,P03,A,A,2025-03-25,27.700029999999998,3.0,1
2025-03-25,B1_optimization_only,O0002325,M000941,S0005036,C008,P03,B,B,2025-03-25,6.875,23.0,1
2025-03-25,B1_optimization_only,O0002325,M000941,S0005037,C008,P03,B,B,2025-03-25,8.00001,12.0,1
2025-03-25,B1_optimization_only,O0002325,M000941,S0005038,C008,P03,B,B,2025-03-25,9.87502,4.0,1
2025-03-25,B1_optimization_only,O0002325,M000941,S0005039,C008,P03,B,B,2025-03-25,24.50003,5.0,1
2025-03-25,B1_optimization_only,O0002326,M000934,S0005040,C001,P04,A,B,2025-03-25,14.366666666666667,25.0,0
2025-03-25,B1_optimization_only,O0002326,M000934,S0005041,C001,P04,A,B,2025-03-25,16.366676666666667,10.0,0
2025-03-25,B1_optimization_only,O0002326,M000934,S0005042,C001,P04,B,B,2025-03-25,15.466666666666667,4.0,1
2025-03-25,B1_optimization_only,O0002326,M000934,S0005043,C001,P04,B,B,2025-03-25,17.466676666666668,2.0,1
2025-03-25,B1_optimization_only,O0002332,M000944,S0005044,C012,P05,A,A,2025-03-25,8.139999999999999,5.0,1
2025-03-25,B1_optimization_only,O0002329,M000941,S0005045,C008,P05,A,A,2025-03-25,9.46001,8.0,1
2025-03-25,B1_optimization_only,O0002332,M000944,S0005045,C012,P05,A,A,2025-03-25,8.860009999999999,4.0,1
2025-03-25,B1_optimization_only,O0002330,M000942,S0005046,C009,P05,A,A,2025-03-25,12.060019999999998,3.0,1
2025-03-25,B1_optimization_only,O0002329,M000941,S0005047,C008,P05,A,A,2025-03-25,12.34003,2.0,1
2025-03-25,B1_optimization_only,O0002330,M000942,S0005047,C009,P05,A,A,2025-03-25,13.740029999999999,2.0,1
2025-03-25,B1_optimization_only,O0002331,M000934,S0005047,C001,P05,A,B,2025-03-25,14.84003,1.0,0
2025-03-25,B1_optimization_only,O0002331,M000934,S0005048,C001,P05,A,B,2025-03-25,29.00004,1.0,0
2025-03-25,B1_optimization_only,O0002328,M000935,S0005049,C002,P05,B,B,2025-03-25,11.94,4.0,1
2025-03-25,B1_optimization_only,O0002328,M000935,S0005050,C002,P05,B,B,2025-03-25,12.66001,3.0,1
2025-03-25,B1_optimization_only,O0002328,M000935,S0005051,C002,P05,B,B,2025-03-25,13.860019999999999,3.0,1
2025-03-25,B1_optimization_only,O0002331,M000934,S0005052,C001,P05,B,B,2025-03-25,15.940030000000002,5.0,1
2025-03-25,B1_optimization_only,O0002331,M000934,S0005053,C001,P05,B,B,2025-03-25,30.10004,1.0,1
2025-03-25,B1_optimization_only,O0002334,M000940,S0005054,C007,P06,A,A,2025-03-25,8.266666666666666,16.0,1
2025-03-25,B1_optimization_only,O0002334,M000940,S0005055,C007,P06,A,A,2025-03-25,10.266676666666665,6.0,1
2025-03-25,B1_optimization_only,O0002334,M000940,S0005056,C007,P06,A,A,2025-03-25,25.60002,1.0,1
2025-03-25,B1_optimization_only,O0002333,M000934,S0005057,C001,P06,B,B,2025-03-25,11.666666666666666,2.0,1
2025-03-25,B1_optimization_only,O0002335,M000943,S0005057,C010,P06,B,B,2025-03-25,9.266666666666666,3.0,1
2025-03-25,B1_optimization_only,O0002333,M000934,S0005058,C001,P06,B,B,2025-03-25,13.666676666666666,2.0,1
2025-03-25,B1_optimization_only,O0002333,M000934,S0005059,C001,P06,B,B,2025-03-25,29.00002,1.0,1
2025-03-25,B1_optimization_only,O0002338,M000938,S0005060,C005,P07,A,A,2025-03-25,7.322448979591837,9.0,1
2025-03-25,B1_optimization_only,O0002338,M000938,S0005061,C005,P07,A,A,2025-03-25,7.689805918367346,8.0,1
2025-03-25,B1_optimization_only,O0002338,M000938,S0005062,C005,P07,A,A,2025-03-25,8.30206081632653,6.0,1
2025-03-25,B1_optimization_only,O0002339,M000943,S0005062,C010,P07,A,A,2025-03-25,8.50206081632653,2.0,1
2025-03-25,B1_optimization_only,O0002339,M000943,S0005063,C010,P07,A,A,2025-03-25,9.359213673469387,2.0,1
2025-03-25,B1_optimization_only,O0002339,M000943,S0005064,C010,P07,A,A,2025-03-25,10.461264489795917,2.0,1
2025-03-25,B1_optimization_only,O0002339,M000943,S0005065,C010,P07,A,A,2025-03-25,11.80821326530612,2.0,1
2025-03-25,B1_optimization_only,O0002339,M000943,S0005066,C010,P07,A,A,2025-03-25,25.40006,4.0,1
2025-03-25,B1_optimization_only,O0002337,M000939,S0005071,C006,P07,B,B,2025-03-25,10.061264489795919,4.0,1
2025-03-25,B1_optimization_only,O0002336,M000934,S0005072,C001,P07,B,B,2025-03-25,14.208213265306123,2.0,1
2025-03-25,B1_optimization_only,O0002337,M000939,S0005072,C006,P07,B,B,2025-03-25,11.408213265306122,1.0,1
2025-03-25,B1_optimization_only,O0002336,M000934,S0005073,C001,P07,B,B,2025-03-25,27.800060000000002,1.0,1
2025-03-25,B1_optimization_only,O0002340,M000937,S0005074,C004,P08,A,B,2025-03-25,9.040000000000001,6.0,0
2025-03-25,B1_optimization_only,O0002341,M000935,S0005074,C002,P08,A,B,2025-03-25,10.440000000000001,3.0,0
2025-03-25,B1_optimization_only,O0002342,M000936,S0005074,C003,P08,A,A,2025-03-25,10.540000000000001,4.0,1
2025-03-25,B1_optimization_only,O0002342,M000936,S0005075,C003,P08,A,A,2025-03-25,11.260010000000001,4.0,1
2025-03-25,B1_optimization_only,O0002342,M000936,S0005076,C003,P08,A,A,2025-03-25,12.46002,2.0,1
2025-03-25,B1_optimization_only,O0002341,M000935,S0005077,C002,P08,B,B,2025-03-25,11.540000000000001,10.0,1
2025-03-25,B1_optimization_only,O0002341,M000935,S0005078,C002,P08,B,B,2025-03-25,12.260010000000001,3.0,1
2025-03-25,B1_optimization_only,O0002341,M000935,S0005079,C002,P08,B,B,2025-03-25,13.46002,4.0,1
2025-03-25,B1_optimization_only,O0002341,M000935,S0005080,C002,P08,B,B,2025-03-25,15.140030000000001,1.0,1
2025-03-25,P1_proposed_dss,O0002318,M000935,S0005021,C002,P01,A,A,2025-03-25,13.466676666666666,14.0,1
2025-03-25,P1_proposed_dss,O0002318,M000935,S0005022,C002,P01,A,A,2025-03-25,28.80002,18.0,1
2025-03-25,P1_proposed_dss,O0002317,M000937,S0005023,C004,P01,B,B,2025-03-25,10.066666666666666,11.0,1
2025-03-25,P1_proposed_dss,O0002317,M000937,S0005024,C004,P01,B,B,2025-03-25,12.066676666666666,4.0,1
2025-03-25,P1_proposed_dss,O0002317,M000937,S0005025,C004,P01,B,B,2025-03-25,27.400019999999998,2.0,1
2025-03-25,P1_proposed_dss,O0002319,M000944,S0005026,C012,P02,A,A,2025-03-25,7.066666666666667,4.0,1
2025-03-25,P1_proposed_dss,O0002323,M000939,S0005026,C006,P02,A,A,2025-03-25,8.466666666666667,8.0,1
2025-03-25,P1_proposed_dss,O0002339,M000943,S0005026,C010,P02,A,A,2025-03-25,8.866666666666665,4.0,1
2025-03-25,P1_proposed_dss,O0002320,M000937,S0005027,C004,P02,A,A,2025-03-25,11.466676666666666,12.0,1
2025-03-25,P1_proposed_dss,O0002339,M000943,S0005027,C010,P02,A,A,2025-03-25,10.866676666666665,8.0,1
2025-03-25,P1_proposed_dss,O0002320,M000937,S0005028,C004,P02,A,A,2025-03-25,26.80002,2.0,1
2025-03-25,P1_proposed_dss,O0002321,M000942,S0005029,C009,P02,B,B,2025-03-25,9.066666666666666,3.0,1
2025-03-25,P1_proposed_dss,O0002321,M000942,S0005030,C009,P02,B,B,2025-03-25,11.066676666666666,8.0,1
2025-03-25,P1_proposed_dss,O0002321,M000942,S0005031,C009,P02,B,B,2025-03-25,26.400019999999998,1.0,1
2025-03-25,P1_proposed_dss,O0002325,M000941,S0005032,C008,P03,A,B,2025-03-25,5.775,16.0,0
2025-03-25,P1_proposed_dss,O0002325,M000941,S0005033,C008,P03,A,B,2025-03-25,6.90001,16.0,0
2025-03-25,P1_proposed_dss,O0002324,M000935,S0005034,C002,P03,A,A,2025-03-25,13.075019999999999,3.0,1
2025-03-25,P1_proposed_dss,O0002325,M000941,S0005034,C008,P03,A,B,2025-03-25,8.77502,10.0,0
2025-03-25,P1_proposed_dss,O0002324,M000935,S0005035,C002,P03,A,A,2025-03-25,27.700029999999998,3.0,1
2025-03-25,P1_proposed_dss,O0002325,M000941,S0005036,C008,P03,B,B,2025-03-25,6.875,23.0,1
2025-03-25,P1_proposed_dss,O0002325,M000941,S0005037,C008,P03,B,B,2025-03-25,8.00001,12.0,1
2025-03-25,P1_proposed_dss,O0002325,M000941,S0005038,C008,P03,B,B,2025-03-25,9.87502,4.0,1
2025-03-25,P1_proposed_dss,O0002325,M000941,S0005039,C008,P03,B,B,2025-03-25,24.50003,5.0,1
2025-03-25,P1_proposed_dss,O0002326,M000934,S0005040,C001,P04,A,B,2025-03-25,14.366666666666667,25.0,0
2025-03-25,P1_proposed_dss,O0002326,M000934,S0005041,C001,P04,A,B,2025-03-25,16.366676666666667,10.0,0
2025-03-25,P1_proposed_dss,O0002326,M000934,S0005042,C001,P04,B,B,2025-03-25,15.466666666666667,4.0,1
2025-03-25,P1_proposed_dss,O0002326,M000934,S0005043,C001,P04,B,B,2025-03-25,17.466676666666668,2.0,1
2025-03-25,P1_proposed_dss,O0002329,M000941,S0005044,C008,P05,A,A,2025-03-25,8.74,4.0,1
2025-03-25,P1_proposed_dss,O0002332,M000944,S0005044,C012,P05,A,A,2025-03-25,8.139999999999999,1.0,1
2025-03-25,P1_proposed_dss,O0002328,M000935,S0005045,C002,P05,A,A,2025-03-25,12.66001,1.0,1
2025-03-25,P1_proposed_dss,O0002329,M000941,S0005045,C008,P05,A,A,2025-03-25,9.46001,6.0,1
2025-03-25,P1_proposed_dss,O0002330,M000942,S0005045,C009,P05,A,A,2025-03-25,10.860009999999999,5.0,1
2025-03-25,P1_proposed_dss,O0002328,M000935,S0005046,C002,P05,A,A,2025-03-25,13.860019999999999,3.0,1
2025-03-25,P1_proposed_dss,O0002328,M000935,S0005047,C002,P05,A,A,2025-03-25,15.54003,5.0,1
2025-03-25,P1_proposed_dss,O0002328,M000935,S0005048,C002,P05,A,A,2025-03-25,29.700039999999998,1.0,1
2025-03-25,P1_proposed_dss,O0002331,M000934,S0005051,C001,P05,B,B,2025-03-25,14.260019999999999,2.0,1
2025-03-25,P1_proposed_dss,O0002331,M000934,S0005052,C001,P05,B,B,2025-03-25,15.940030000000002,5.0,1
2025-03-25,P1_proposed_dss,O0002331,M000934,S0005053,C001,P05,B,B,2025-03-25,30.10004,1.0,1
2025-03-25,P1_proposed_dss,O0002334,M000940,S0005054,C007,P06,A,A,2025-03-25,8.266666666666666,16.0,1
2025-03-25,P1_proposed_dss,O0002334,M000940,S0005055,C007,P06,A,A,2025-03-25,10.266676666666665,6.0,1
2025-03-25,P1_proposed_dss,O0002334,M000940,S0005056,C007,P06,A,A,2025-03-25,25.60002,1.0,1
2025-03-25,P1_proposed_dss,O0002333,M000934,S0005057,C001,P06,B,B,2025-03-25,11.666666666666666,2.0,1
2025-03-25,P1_proposed_dss,O0002335,M000943,S0005057,C010,P06,B,B,2025-03-25,9.266666666666666,3.0,1
2025-03-25,P1_proposed_dss,O0002333,M000934,S0005058,C001,P06,B,B,2025-03-25,13.666676666666666,2.0,1
2025-03-25,P1_proposed_dss,O0002333,M000934,S0005059,C001,P06,B,B,2025-03-25,29.00002,1.0,1
2025-03-25,P1_proposed_dss,O0002338,M000938,S0005060,C005,P07,A,A,2025-03-25,7.322448979591837,1.0,1
2025-03-25,P1_proposed_dss,O0002338,M000938,S0005061,C005,P07,A,A,2025-03-25,7.689805918367346,8.0,1
2025-03-25,P1_proposed_dss,O0002338,M000938,S0005062,C005,P07,A,A,2025-03-25,8.30206081632653,8.0,1
2025-03-25,P1_proposed_dss,O0002338,M000938,S0005063,C005,P07,A,A,2025-03-25,9.159213673469388,2.0,1
2025-03-25,P1_proposed_dss,O0002338,M000938,S0005064,C005,P07,A,A,2025-03-25,10.261264489795918,2.0,1
2025-03-25,P1_proposed_dss,O0002338,M000938,S0005065,C005,P07,A,A,2025-03-25,11.608213265306121,2.0,1
2025-03-25,P1_proposed_dss,O0002338,M000938,S0005066,C005,P07,A,A,2025-03-25,25.20006,4.0,1
2025-03-25,P1_proposed_dss,O0002337,M000939,S0005071,C006,P07,B,B,2025-03-25,10.061264489795919,4.0,1
2025-03-25,P1_proposed_dss,O0002336,M000934,S0005072,C001,P07,B,B,2025-03-25,14.208213265306123,2.0,1
2025-03-25,P1_proposed_dss,O0002337,M000939,S0005072,C006,P07,B,B,2025-03-25,11.408213265306122,1.0,1
2025-03-25,P1_proposed_dss,O0002336,M000934,S0005073,C001,P07,B,B,2025-03-25,27.800060000000002,1.0,1
2025-03-25,P1_proposed_dss,O0002340,M000937,S0005074,C004,P08,A,B,2025-03-25,9.040000000000001,6.0,0
2025-03-25,P1_proposed_dss,O0002341,M000935,S0005074,C002,P08,A,B,2025-03-25,10.440000000000001,3.0,0
2025-03-25,P1_proposed_dss,O0002342,M000936,S0005074,C003,P08,A,A,2025-03-25,10.540000000000001,4.0,1
2025-03-25,P1_proposed_dss,O0002342,M000936,S0005075,C003,P08,A,A,2025-03-25,11.260010000000001,4.0,1
2025-03-25,P1_proposed_dss,O0002342,M000936,S0005076,C003,P08,A,A,2025-03-25,12.46002,2.0,1
2025-03-25,P1_proposed_dss,O0002341,M000935,S0005077,C002,P08,B,B,2025-03-25,11.540000000000001,10.0,1
2025-03-25,P1_proposed_dss,O0002341,M000935,S0005078,C002,P08,B,B,2025-03-25,12.260010000000001,3.0,1
2025-03-25,P1_proposed_dss,O0002341,M000935,S0005079,C002,P08,B,B,2025-03-25,13.46002,4.0,1
2025-03-25,P1_proposed_dss,O0002341,M000935,S0005080,C002,P08,B,B,2025-03-25,15.140030000000001,1.0,1
2025-03-26,B0_manual,O0002345,M000945,S0005090,C002,P02,B,B,2025-03-26,,9.0,1
2025-03-26,B0_manual,O0002345,M000945,S0005091,C002,P02,B,B,2025-03-26,,3.0,1
2025-03-26,B0_manual,O0002355,M000945,S0005105,C002,P05,A,A,2025-03-26,,5.0,1
2025-03-26,B0_manual,O0002355,M000945,S0005106,C002,P05,A,A,2025-03-26,,6.0,1
2025-03-26,B0_manual,O0002355,M000945,S0005107,C002,P05,A,A,2025-03-26,,3.0,1
2025-03-26,B0_manual,O0002366,M000945,S0005125,C002,P07,B,B,2025-03-26,,22.0,1
2025-03-26,B0_manual,O0002366,M000945,S0005126,C002,P07,B,B,2025-03-26,,13.0,1
2025-03-26,B0_manual,O0002366,M000945,S0005127,C002,P07,B,B,2025-03-26,,12.0,1
2025-03-26,B0_manual,O0002366,M000945,S0005128,C002,P07,B,B,2025-03-26,,2.0,1
2025-03-26,B0_manual,O0002366,M000945,S0005129,C002,P07,B,B,2025-03-26,,2.0,1
2025-03-26,B0_manual,O0002366,M000945,S0005130,C002,P07,B,B,2025-03-26,,2.0,1
2025-03-26,B0_manual,O0002344,M000946,S0005084,C003,P01,B,B,2025-03-26,,17.0,1
2025-03-26,B0_manual,O0002344,M000946,S0005085,C003,P01,B,B,2025-03-26,,3.0,1
2025-03-26,B0_manual,O0002348,M000946,S0005092,C003,P03,A,A,2025-03-26,,13.0,1
2025-03-26,B0_manual,O0002348,M000946,S0005093,C003,P03,A,A,2025-03-26,,33.0,1
2025-03-26,B0_manual,O0002348,M000946,S0005094,C003,P03,A,A,2025-03-26,,8.0,1
2025-03-26,B0_manual,O0002348,M000946,S0005095,C003,P03,A,A,2025-03-26,,2.0,1
2025-03-26,B0_manual,O0002357,M000946,S0005107,C003,P05,A,A,2025-03-26,,6.0,1
2025-03-26,B0_manual,O0002357,M000946,S0005108,C003,P05,A,A,2025-03-26,,13.0,1
2025-03-26,B0_manual,O0002363,M000946,S0005117,C003,P06,B,B,2025-03-26,,3.0,1
2025-03-26,B0_manual,O0002368,M000946,S0005136,C003,P08,B,B,2025-03-26,,4.0,1
2025-03-26,B0_manual,O0002368,M000946,S0005137,C003,P08,B,B,2025-03-26,,4.0,1
2025-03-26,B0_manual,O0002368,M000946,S0005138,C003,P08,B,B,2025-03-26,,1.0,1
2025-03-26,B0_manual,O0002368,M000946,S0005139,C003,P08,B,B,2025-03-26,,3.0,1
2025-03-26,B0_manual,O0002368,M000946,S0005140,C003,P08,B,B,2025-03-26,,2.0,1
2025-03-26,B0_manual,O0002358,M000947,S0005109,C004,P05,B,B,2025-03-26,,5.0,1
2025-03-26,B0_manual,O0002358,M000947,S0005110,C004,P05,B,B,2025-03-26,,4.0,1
2025-03-26,B0_manual,O0002354,M000948,S0005099,C005,P04,A,A,2025-03-26,,12.0,1
2025-03-26,B0_manual,O0002354,M000948,S0005100,C005,P04,A,A,2025-03-26,,12.0,1
2025-03-26,B0_manual,O0002354,M000948,S0005101,C005,P04,A,A,2025-03-26,,4.0,1
2025-03-26,B0_manual,O0002359,M000948,S0005114,C005,P06,A,A,2025-03-26,,8.0,1
2025-03-26,B0_manual,O0002361,M000949,S0005117,C006,P06,B,B,2025-03-26,,1.0,1
2025-03-26,B0_manual,O0002361,M000949,S0005118,C006,P06,B,B,2025-03-26,,7.0,1
2025-03-26,B0_manual,O0002361,M000949,S0005114,C006,P06,A,B,2025-03-26,,5.0,0
2025-03-26,B0_manual,O0002361,M000949,S0005115,C006,P06,A,B,2025-03-26,,2.0,0
2025-03-26,B0_manual,O0002350,M000950,S0005101,C007,P04,A,A,2025-03-26,,3.0,1
2025-03-26,B0_manual,O0002362,M000950,S0005115,C007,P06,A,A,2025-03-26,,3.0,1
2025-03-26,B0_manual,O0002346,M000951,S0005087,C008,P02,A,A,2025-03-26,,23.0,1
2025-03-26,B0_manual,O0002346,M000951,S0005088,C008,P02,A,A,2025-03-26,,8.0,1
2025-03-26,B0_manual,O0002353,M000952,S0005102,C009,P04,B,B,2025-03-26,,12.0,1
2025-03-26,B0_manual,O0002364,M000952,S0005119,C009,P07,A,B,2025-03-26,,14.0,0
2025-03-26,B0_manual,O0002364,M000952,S0005120,C009,P07,A,B,2025-03-26,,12.0,0
2025-03-26,B0_manual,O0002364,M000952,S0005121,C009,P07,A,B,2025-03-26,,9.0,0
2025-03-26,B0_manual,O0002343,M000953,S0005081,C010,P01,A,A,2025-03-26,,13.0,1
2025-03-26,B0_manual,O0002343,M000953,S0005082,C010,P01,A,A,2025-03-26,,13.0,1
2025-03-26,B0_manual,O0002343,M000953,S0005083,C010,P01,A,A,2025-03-26,,5.0,1
2025-03-26,B0_manual,O0002367,M000953,S0005131,C010,P08,A,B,2025-03-26,,11.0,0
2025-03-26,B0_manual,O0002367,M000953,S0005132,C010,P08,A,B,2025-03-26,,7.0,0
2025-03-26,B0_manual,O0002367,M000953,S0005133,C010,P08,A,B,2025-03-26,,2.0,0
2025-03-26,B0_manual,O0002360,M000954,S0005115,C011,P06,A,A,2025-03-26,,4.0,1
2025-03-26,B0_manual,O0002360,M000954,S0005116,C011,P06,A,A,2025-03-26,,1.0,1
2025-03-26,B1_optimization_only,O0002343,M000953,S0005081,C010,P01,A,A,2025-03-26,9.466666666666667,13.0,1
2025-03-26,B1_optimization_only,O0002343,M000953,S0005082,C010,P01,A,A,2025-03-26,11.466676666666666,13.0,1
2025-03-26,B1_optimization_only,O0002343,M000953,S0005083,C010,P01,A,A,2025-03-26,26.80002,5.0,1
2025-03-26,B1_optimization_only,O0002344,M000946,S0005084,C003,P01,B,B,2025-03-26,10.466666666666667,6.0,1
2025-03-26,B1_optimization_only,O0002344,M000946,S0005085,C003,P01,B,B,2025-03-26,12.466676666666666,9.0,1
2025-03-26,B1_optimization_only,O0002344,M000946,S0005086,C003,P01,B,B,2025-03-26,27.80002,5.0,1
2025-03-26,B1_optimization_only,O0002345,M000945,S0005087,C002,P02,A,B,2025-03-26,9.766666666666666,3.0,0
2025-03-26,B1_optimization_only,O0002346,M000951,S0005087,C008,P02,A,A,2025-03-26,7.666666666666667,20.0,1
2025-03-26,B1_optimization_only,O0002345,M000945,S0005088,C002,P02,A,B,2025-03-26,11.766676666666665,14.0,0
2025-03-26,B1_optimization_only,O0002345,M000945,S0005089,C002,P02,A,B,2025-03-26,27.10002,3.0,0
2025-03-26,B1_optimization_only,O0002345,M000945,S0005090,C002,P02,B,B,2025-03-26,10.866666666666665,9.0,1
2025-03-26,B1_optimization_only,O0002345,M000945,S0005091,C002,P02,B,B,2025-03-26,12.866676666666665,3.0,1
2025-03-26,B1_optimization_only,O0002348,M000946,S0005092,C003,P03,A,A,2025-03-26,9.075,13.0,1
2025-03-26,B1_optimization_only,O0002348,M000946,S0005093,C003,P03,A,A,2025-03-26,10.200009999999999,33.0,1
2025-03-26,B1_optimization_only,O0002348,M000946,S0005094,C003,P03,A,A,2025-03-26,12.075019999999999,8.0,1
2025-03-26,B1_optimization_only,O0002348,M000946,S0005095,C003,P03,A,A,2025-03-26,26.700029999999998,2.0,1
2025-03-26,B1_optimization_only,O0002352,M000953,S0005099,C010,P04,A,A,2025-03-26,13.066666666666665,12.0,1
2025-03-26,B1_optimization_only,O0002352,M000953,S0005100,C010,P04,A,A,2025-03-26,15.066676666666664,12.0,1
2025-03-26,B1_optimization_only,O0002352,M000953,S0005101,C010,P04,A,A,2025-03-26,30.400019999999998,7.0,1
2025-03-26,B1_optimization_only,O0002353,M000952,S0005103,C009,P04,B,B,2025-03-26,15.266676666666665,7.0,1
2025-03-26,B1_optimization_only,O0002353,M000952,S0005104,C009,P04,B,B,2025-03-26,30.60002,5.0,1
2025-03-26,B1_optimization_only,O0002357,M000946,S0005105,C003,P05,A,A,2025-03-26,10.94,5.0,1
2025-03-26,B1_optimization_only,O0002357,M000946,S0005106,C003,P05,A,A,2025-03-26,11.66001,6.0,1
2025-03-26,B1_optimization_only,O0002355,M000945,S0005107,C002,P05,A,A,2025-03-26,13.860019999999999,1.0,1
2025-03-26,B1_optimization_only,O0002357,M000946,S0005107,C003,P05,A,A,2025-03-26,12.860019999999999,8.0,1
2025-03-26,B1_optimization_only,O0002355,M000945,S0005108,C002,P05,A,A,2025-03-26,15.54003,13.0,1
2025-03-26,B1_optimization_only,O0002358,M000947,S0005111,C004,P05,B,B,2025-03-26,12.46002,1.0,1
2025-03-26,B1_optimization_only,O0002358,M000947,S0005112,C004,P05,B,B,2025-03-26,14.140030000000001,6.0,1
2025-03-26,B1_optimization_only,O0002358,M000947,S0005113,C004,P05,B,B,2025-03-26,28.30004,2.0,1
2025-03-26,B1_optimization_only,O0002360,M000954,S0005114,C011,P06,A,A,2025-03-26,7.666666666666667,5.0,1
2025-03-26,B1_optimization_only,O0002361,M000949,S0005114,C006,P06,A,B,2025-03-26,7.766666666666667,7.0,0
2025-03-26,B1_optimization_only,O0002362,M000950,S0005114,C007,P06,A,A,2025-03-26,8.266666666666666,1.0,1
2025-03-26,B1_optimization_only,O0002359,M000948,S0005115,C005,P06,A,A,2025-03-26,11.066676666666666,7.0,1
2025-03-26,B1_optimization_only,O0002362,M000950,S0005115,C007,P06,A,A,2025-03-26,10.266676666666665,2.0,1
2025-03-26,B1_optimization_only,O0002359,M000948,S0005116,C005,P06,A,A,2025-03-26,26.400019999999998,1.0,1
2025-03-26,B1_optimization_only,O0002361,M000949,S0005117,C006,P06,B,B,2025-03-26,8.866666666666665,4.0,1
2025-03-26,B1_optimization_only,O0002361,M000949,S0005118,C006,P06,B,B,2025-03-26,10.866676666666665,4.0,1
2025-03-26,B1_optimization_only,O0002363,M000946,S0005118,C003,P06,B,B,2025-03-26,12.266676666666665,3.0,1
2025-03-26,B1_optimization_only,O0002364,M000952,S0005119,C009,P07,A,B,2025-03-26,6.622448979591836,14.0,0
2025-03-26,B1_optimization_only,O0002364,M000952,S0005120,C009,P07,A,B,2025-03-26,6.989805918367346,11.0,0
2025-03-26,B1_optimization_only,O0002366,M000945,S0005120,C002,P07,A,B,2025-03-26,8.789805918367348,1.0,0
2025-03-26,B1_optimization_only,O0002366,M000945,S0005121,C002,P07,A,B,2025-03-26,9.40206081632653,15.0,0
2025-03-26,B1_optimization_only,O0002366,M000945,S0005122,C002,P07,A,B,2025-03-26,10.25921367346939,5.0,0
2025-03-26,B1_optimization_only,O0002366,M000945,S0005123,C002,P07,A,B,2025-03-26,11.36126448979592,5.0,0
2025-03-26,B1_optimization_only,O0002366,M000945,S0005124,C002,P07,A,B,2025-03-26,26.300060000000002,7.0,0
2025-03-26,B1_optimization_only,O0002365,M000947,S0005125,C004,P07,B,B,2025-03-26,8.122448979591837,22.0,1
2025-03-26,B1_optimization_only,O0002365,M000947,S0005126,C004,P07,B,B,2025-03-26,8.489805918367347,8.0,1
2025-03-26,B1_optimization_only,O0002366,M000945,S0005126,C002,P07,B,B,2025-03-26,9.889805918367347,5.0,1
2025-03-26,B1_optimization_only,O0002366,M000945,S0005127,C002,P07,B,B,2025-03-26,10.50206081632653,12.0,1
2025-03-26,B1_optimization_only,O0002366,M000945,S0005128,C002,P07,B,B,2025-03-26,11.35921367346939,2.0,1
2025-03-26,B1_optimization_only,O0002366,M000945,S0005129,C002,P07,B,B,2025-03-26,12.46126448979592,2.0,1
2025-03-26,B1_optimization_only,O0002366,M000945,S0005130,C002,P07,B,B,2025-03-26,13.808213265306122,2.0,1
2025-03-26,B1_optimization_only,O0002367,M000953,S0005131,C010,P08,A,B,2025-03-26,8.440000000000001,4.0,0
2025-03-26,B1_optimization_only,O0002367,M000953,S0005132,C010,P08,A,B,2025-03-26,9.160010000000002,7.0,0
2025-03-26,B1_optimization_only,O0002367,M000953,S0005133,C010,P08,A,B,2025-03-26,10.36002,6.0,0
2025-03-26,B1_optimization_only,O0002367,M000953,S0005134,C010,P08,A,B,2025-03-26,12.040030000000003,2.0,0
2025-03-26,B1_optimization_only,O0002367,M000953,S0005135,C010,P08,A,B,2025-03-26,26.20004,1.0,0
2025-03-26,B1_optimization_only,O0002368,M000946,S0005136,C003,P08,B,B,2025-03-26,10.540000000000001,4.0,1
2025-03-26,B1_optimization_only,O0002368,M000946,S0005137,C003,P08,B,B,2025-03-26,11.260010000000001,4.0,1
2025-03-26,B1_optimization_only,O0002368,M000946,S0005138,C003,P08,B,B,2025-03-26,12.46002,1.0,1
2025-03-26,B1_optimization_only,O0002368,M000946,S0005139,C003,P08,B,B,2025-03-26,14.140030000000001,3.0,1
2025-03-26,B1_optimization_only,O0002368,M000946,S0005140,C003,P08,B,B,2025-03-26,28.30004,2.0,1
2025-03-26,P1_proposed_dss,O0002343,M000953,S0005081,C010,P01,A,A,2025-03-26,9.466666666666667,11.0,1
2025-03-26,P1_proposed_dss,O0002344,M000946,S0005081,C003,P01,A,A,2025-03-26,10.466666666666667,2.0,1
2025-03-26,P1_proposed_dss,O0002344,M000946,S0005082,C003,P01,A,A,2025-03-26,12.466676666666666,13.0,1
2025-03-26,P1_proposed_dss,O0002344,M000946,S0005083,C003,P01,A,A,2025-03-26,27.80002,5.0,1
2025-03-26,P1_proposed_dss,O0002346,M000951,S0005087,C008,P02,A,A,2025-03-26,7.666666666666667,14.0,1
2025-03-26,P1_proposed_dss,O0002346,M000951,S0005088,C008,P02,A,A,2025-03-26,9.666676666666666,14.0,1
2025-03-26,P1_proposed_dss,O0002346,M000951,S0005089,C008,P02,A,A,2025-03-26,25.00002,3.0,1
2025-03-26,P1_proposed_dss,O0002345,M000945,S0005090,C002,P02,B,B,2025-03-26,10.866666666666665,9.0,1
2025-03-26,P1_proposed_dss,O0002345,M000945,S0005091,C002,P02,B,B,2025-03-26,12.866676666666665,3.0,1
2025-03-26,P1_proposed_dss,O0002348,M000946,S0005092,C003,P03,A,A,2025-03-26,9.075,13.0,1
2025-03-26,P1_proposed_dss,O0002348,M000946,S0005093,C003,P03,A,A,2025-03-26,10.200009999999999,33.0,1
2025-03-26,P1_proposed_dss,O0002348,M000946,S0005094,C003,P03,A,A,2025-03-26,12.075019999999999,8.0,1
2025-03-26,P1_proposed_dss,O0002348,M000946,S0005095,C003,P03,A,A,2025-03-26,26.700029999999998,2.0,1
2025-03-26,P1_proposed_dss,O0002352,M000953,S0005099,C010,P04,A,A,2025-03-26,13.066666666666665,12.0,1
2025-03-26,P1_proposed_dss,O0002352,M000953,S0005100,C010,P04,A,A,2025-03-26,15.066676666666664,12.0,1
2025-03-26,P1_proposed_dss,O0002352,M000953,S0005101,C010,P04,A,A,2025-03-26,30.400019999999998,7.0,1
2025-03-26,P1_proposed_dss,O0002353,M000952,S0005103,C009,P04,B,B,2025-03-26,15.266676666666665,7.0,1
2025-03-26,P1_proposed_dss,O0002353,M000952,S0005104,C009,P04,B,B,2025-03-26,30.60002,5.0,1
2025-03-26,P1_proposed_dss,O0002357,M000946,S0005105,C003,P05,A,A,2025-03-26,10.94,5.0,1
2025-03-26,P1_proposed_dss,O0002357,M000946,S0005106,C003,P05,A,A,2025-03-26,11.66001,6.0,1
2025-03-26,P1_proposed_dss,O0002355,M000945,S0005107,C002,P05,A,A,2025-03-26,13.860019999999999,1.0,1
2025-03-26,P1_proposed_dss,O0002357,M000946,S0005107,C003,P05,A,A,2025-03-26,12.860019999999999,8.0,1
2025-03-26,P1_proposed_dss,O0002355,M000945,S0005108,C002,P05,A,A,2025-03-26,15.54003,13.0,1
2025-03-26,P1_proposed_dss,O0002358,M000947,S0005111,C004,P05,B,B,2025-03-26,12.46002,1.0,1
2025-03-26,P1_proposed_dss,O0002358,M000947,S0005112,C004,P05,B,B,2025-03-26,14.140030000000001,6.0,1
2025-03-26,P1_proposed_dss,O0002358,M000947,S0005113,C004,P05,B,B,2025-03-26,28.30004,2.0,1
2025-03-26,P1_proposed_dss,O0002360,M000954,S0005114,C011,P06,A,A,2025-03-26,7.666666666666667,5.0,1
2025-03-26,P1_proposed_dss,O0002361,M000949,S0005114,C006,P06,A,B,2025-03-26,7.766666666666667,7.0,0
2025-03-26,P1_proposed_dss,O0002362,M000950,S0005114,C007,P06,A,A,2025-03-26,8.266666666666666,1.0,1
2025-03-26,P1_proposed_dss,O0002359,M000948,S0005115,C005,P06,A,A,2025-03-26,11.066676666666666,7.0,1
2025-03-26,P1_proposed_dss,O0002362,M000950,S0005115,C007,P06,A,A,2025-03-26,10.266676666666665,2.0,1
2025-03-26,P1_proposed_dss,O0002359,M000948,S0005116,C005,P06,A,A,2025-03-26,26.400019999999998,1.0,1
2025-03-26,P1_proposed_dss,O0002361,M000949,S0005117,C006,P06,B,B,2025-03-26,8.866666666666665,4.0,1
2025-03-26,P1_proposed_dss,O0002361,M000949,S0005118,C006,P06,B,B,2025-03-26,10.866676666666665,4.0,1
2025-03-26,P1_proposed_dss,O0002363,M000946,S0005118,C003,P06,B,B,2025-03-26,12.266676666666665,3.0,1
2025-03-26,P1_proposed_dss,O0002364,M000952,S0005119,C009,P07,A,B,2025-03-26,6.622448979591836,14.0,0
2025-03-26,P1_proposed_dss,O0002364,M000952,S0005120,C009,P07,A,B,2025-03-26,6.989805918367346,11.0,0
2025-03-26,P1_proposed_dss,O0002366,M000945,S0005120,C002,P07,A,B,2025-03-26,8.789805918367348,1.0,0
2025-03-26,P1_proposed_dss,O0002366,M000945,S0005121,C002,P07,A,B,2025-03-26,9.40206081632653,15.0,0
2025-03-26,P1_proposed_dss,O0002366,M000945,S0005122,C002,P07,A,B,2025-03-26,10.25921367346939,5.0,0
2025-03-26,P1_proposed_dss,O0002366,M000945,S0005123,C002,P07,A,B,2025-03-26,11.36126448979592,5.0,0
2025-03-26,P1_proposed_dss,O0002366,M000945,S0005124,C002,P07,A,B,2025-03-26,26.300060000000002,7.0,0
2025-03-26,P1_proposed_dss,O0002365,M000947,S0005125,C004,P07,B,B,2025-03-26,8.122448979591837,22.0,1
2025-03-26,P1_proposed_dss,O0002365,M000947,S0005126,C004,P07,B,B,2025-03-26,8.489805918367347,8.0,1
2025-03-26,P1_proposed_dss,O0002366,M000945,S0005126,C002,P07,B,B,2025-03-26,9.889805918367347,5.0,1
2025-03-26,P1_proposed_dss,O0002366,M000945,S0005127,C002,P07,B,B,2025-03-26,10.50206081632653,12.0,1
2025-03-26,P1_proposed_dss,O0002366,M000945,S0005128,C002,P07,B,B,2025-03-26,11.35921367346939,2.0,1
2025-03-26,P1_proposed_dss,O0002366,M000945,S0005129,C002,P07,B,B,2025-03-26,12.46126448979592,2.0,1
2025-03-26,P1_proposed_dss,O0002366,M000945,S0005130,C002,P07,B,B,2025-03-26,13.808213265306122,2.0,1
2025-03-26,P1_proposed_dss,O0002367,M000953,S0005131,C010,P08,A,B,2025-03-26,8.440000000000001,4.0,0
2025-03-26,P1_proposed_dss,O0002367,M000953,S0005132,C010,P08,A,B,2025-03-26,9.160010000000002,7.0,0
2025-03-26,P1_proposed_dss,O0002367,M000953,S0005133,C010,P08,A,B,2025-03-26,10.36002,6.0,0
2025-03-26,P1_proposed_dss,O0002367,M000953,S0005134,C010,P08,A,B,2025-03-26,12.040030000000003,2.0,0
2025-03-26,P1_proposed_dss,O0002367,M000953,S0005135,C010,P08,A,B,2025-03-26,26.20004,1.0,0
2025-03-26,P1_proposed_dss,O0002368,M000946,S0005136,C003,P08,B,B,2025-03-26,10.540000000000001,4.0,1
2025-03-26,P1_proposed_dss,O0002368,M000946,S0005137,C003,P08,B,B,2025-03-26,11.260010000000001,4.0,1
2025-03-26,P1_proposed_dss,O0002368,M000946,S0005138,C003,P08,B,B,2025-03-26,12.46002,1.0,1
2025-03-26,P1_proposed_dss,O0002368,M000946,S0005139,C003,P08,B,B,2025-03-26,14.140030000000001,3.0,1
2025-03-26,P1_proposed_dss,O0002368,M000946,S0005140,C003,P08,B,B,2025-03-26,28.30004,2.0,1
2025-03-27,B0_manual,O0002386,M000956,S0005176,C001,P06,A,A,2025-03-27,,24.0,1
2025-03-27,B0_manual,O0002386,M000956,S0005177,C001,P06,A,A,2025-03-27,,15.0,1
2025-03-27,B0_manual,O0002386,M000956,S0005178,C001,P06,A,A,2025-03-27,,4.0,1
2025-03-27,B0_manual,O0002376,M000957,S0005153,C002,P03,A,A,2025-03-27,,9.0,1
2025-03-27,B0_manual,O0002384,M000957,S0005167,C002,P05,A,A,2025-03-27,,11.0,1
2025-03-27,B0_manual,O0002384,M000957,S0005168,C002,P05,A,A,2025-03-27,,10.0,1
2025-03-27,B0_manual,O0002384,M000957,S0005169,C002,P05,A,A,2025-03-27,,15.0,1
2025-03-27,B0_manual,O0002384,M000957,S0005170,C002,P05,A,A,2025-03-27,,10.0,1
2025-03-27,B0_manual,O0002388,M000957,S0005188,C002,P07,B,B,2025-03-27,,4.0,1
2025-03-27,B0_manual,O0002388,M000957,S0005189,C002,P07,B,B,2025-03-27,,1.0,1
2025-03-27,B0_manual,O0002388,M000957,S0005190,C002,P07,B,B,2025-03-27,,2.0,1
2025-03-27,B0_manual,O0002388,M000957,S0005191,C002,P07,B,B,2025-03-27,,5.0,1
2025-03-27,B0_manual,O0002388,M000957,S0005192,C002,P07,B,B,2025-03-27,,3.0,1
2025-03-27,B0_manual,O0002388,M000957,S0005181,C002,P07,A,B,2025-03-27,,21.0,0
2025-03-27,B0_manual,O0002388,M000957,S0005182,C002,P07,A,B,2025-03-27,,11.0,0
2025-03-27,B0_manual,O0002371,M000958,S0005147,C003,P02,A,A,2025-03-27,,6.0,1
2025-03-27,B0_manual,O0002375,M000958,S0005153,C003,P03,A,A,2025-03-27,,12.0,1
2025-03-27,B0_manual,O0002374,M000959,S0005153,C005,P03,A,A,2025-03-27,,14.0,1
2025-03-27,B0_manual,O0002374,M000959,S0005154,C005,P03,A,A,2025-03-27,,15.0,1
2025-03-27,B0_manual,O0002374,M000959,S0005155,C005,P03,A,A,2025-03-27,,7.0,1
2025-03-27,B0_manual,O0002374,M000959,S0005156,C005,P03,A,A,2025-03-27,,2.0,1
2025-03-27,B0_manual,O0002370,M000960,S0005141,C006,P01,A,A,2025-03-27,,24.0,1
2025-03-27,B0_manual,O0002370,M000960,S0005142,C006,P01,A,A,2025-03-27,,15.0,1
2025-03-27,B0_manual,O0002370,M000960,S0005143,C006,P01,A,A,2025-03-27,,1.0,1
2025-03-27,B0_manual,O0002383,M000960,S0005170,C006,P05,A,A,2025-03-27,,7.0,1
2025-03-27,B0_manual,O0002391,M000960,S0005197,C006,P08,B,B,2025-03-27,,7.0,1
2025-03-27,B0_manual,O0002391,M000960,S0005198,C006,P08,B,B,2025-03-27,,8.0,1
2025-03-27,B0_manual,O0002391,M000960,S0005199,C006,P08,B,B,2025-03-27,,5.0,1
2025-03-27,B0_manual,O0002391,M000960,S0005200,C006,P08,B,B,2025-03-27,,2.0,1
2025-03-27,B0_manual,O0002391,M000960,S0005201,C006,P08,B,B,2025-03-27,,1.0,1
2025-03-27,B0_manual,O0002391,M000960,S0005193,C006,P08,A,B,2025-03-27,,2.0,0
2025-03-27,B0_manual,O0002382,M000961,S0005170,C008,P05,A,A,2025-03-27,,11.0,1
2025-03-27,B0_manual,O0002377,M000962,S0005161,C009,P04,A,A,2025-03-27,,26.0,1
2025-03-27,B0_manual,O0002377,M000962,S0005162,C009,P04,A,A,2025-03-27,,3.0,1
2025-03-27,B0_manual,O0002377,M000962,S0005163,C009,P04,A,A,2025-03-27,,1.0,1
2025-03-27,B0_manual,O0002389,M000962,S0005182,C009,P07,A,A,2025-03-27,,4.0,1
2025-03-27,B0_manual,O0002389,M000962,S0005183,C009,P07,A,A,2025-03-27,,13.0,1
2025-03-27,B0_manual,O0002389,M000962,S0005184,C009,P07,A,A,2025-03-27,,8.0,1
2025-03-27,B0_manual,O0002389,M000962,S0005185,C009,P07,A,A,2025-03-27,,12.0,1
2025-03-27,B0_manual,O0002389,M000962,S0005186,C009,P07,A,A,2025-03-27,,16.0,1
2025-03-27,B0_manual,O0002389,M000962,S0005187,C009,P07,A,A,2025-03-27,,3.0,1
2025-03-27,B0_manual,O0002373,M000963,S0005157,C010,P03,B,B,2025-03-27,,28.0,1
2025-03-27,B0_manual,O0002373,M000963,S0005158,C010,P03,B,B,2025-03-27,,13.0,1
2025-03-27,B0_manual,O0002378,M000963,S0005163,C010,P04,A,A,2025-03-27,,4.0,1
2025-03-27,B0_manual,O0002372,M000964,S0005147,C011,P02,A,A,2025-03-27,,16.0,1
2025-03-27,B0_manual,O0002372,M000964,S0005148,C011,P02,A,A,2025-03-27,,15.0,1
2025-03-27,B0_manual,O0002372,M000964,S0005149,C011,P02,A,A,2025-03-27,,2.0,1
2025-03-27,B0_manual,O0002379,M000964,S0005163,C011,P04,A,A,2025-03-27,,2.0,1
2025-03-27,B0_manual,O0002369,M000965,S0005143,C012,P01,A,A,2025-03-27,,2.0,1
2025-03-27,B0_manual,O0002380,M000965,S0005164,C012,P04,B,B,2025-03-27,,6.0,1
2025-03-27,B0_manual,O0002380,M000965,S0005165,C012,P04,B,B,2025-03-27,,7.0,1
2025-03-27,B0_manual,O0002392,M000965,S0005193,C012,P08,A,A,2025-03-27,,4.0,1
2025-03-27,B1_optimization_only,O0002369,M000965,S0005141,C012,P01,A,A,2025-03-27,7.666666666666667,2.0,1
2025-03-27,B1_optimization_only,O0002370,M000960,S0005141,C006,P01,A,A,2025-03-27,9.066666666666666,22.0,1
2025-03-27,B1_optimization_only,O0002370,M000960,S0005142,C006,P01,A,A,2025-03-27,11.066676666666666,15.0,1
2025-03-27,B1_optimization_only,O0002370,M000960,S0005143,C006,P01,A,A,2025-03-27,26.400019999999998,3.0,1
2025-03-27,B1_optimization_only,O0002372,M000964,S0005147,C011,P02,A,A,2025-03-27,7.266666666666667,22.0,1
2025-03-27,B1_optimization_only,O0002371,M000958,S0005148,C003,P02,A,A,2025-03-27,11.866676666666665,4.0,1
2025-03-27,B1_optimization_only,O0002372,M000964,S0005148,C011,P02,A,A,2025-03-27,9.266676666666665,11.0,1
2025-03-27,B1_optimization_only,O0002371,M000958,S0005149,C003,P02,A,A,2025-03-27,27.20002,2.0,1
2025-03-27,B1_optimization_only,O0002374,M000959,S0005153,C005,P03,A,A,2025-03-27,7.875,35.0,1
2025-03-27,B1_optimization_only,O0002374,M000959,S0005154,C005,P03,A,A,2025-03-27,9.00001,3.0,1
2025-03-27,B1_optimization_only,O0002375,M000958,S0005154,C003,P03,A,A,2025-03-27,10.200009999999999,12.0,1
2025-03-27,B1_optimization_only,O0002376,M000957,S0005155,C002,P03,A,A,2025-03-27,13.075019999999999,7.0,1
2025-03-27,B1_optimization_only,O0002376,M000957,S0005156,C002,P03,A,A,2025-03-27,27.700029999999998,2.0,1
2025-03-27,B1_optimization_only,O0002373,M000963,S0005158,C010,P03,B,B,2025-03-27,9.200009999999999,21.0,1
2025-03-27,B1_optimization_only,O0002373,M000963,S0005159,C010,P03,B,B,2025-03-27,11.075019999999999,14.0,1
2025-03-27,B1_optimization_only,O0002373,M000963,S0005160,C010,P03,B,B,2025-03-27,25.700029999999998,6.0,1
2025-03-27,B1_optimization_only,O0002377,M000962,S0005161,C009,P04,A,A,2025-03-27,13.266666666666666,20.0,1
2025-03-27,B1_optimization_only,O0002378,M000963,S0005161,C010,P04,A,A,2025-03-27,13.066666666666665,4.0,1
2025-03-27,B1_optimization_only,O0002379,M000964,S0005161,C011,P04,A,A,2025-03-27,11.466666666666667,2.0,1
2025-03-27,B1_optimization_only,O0002377,M000962,S0005162,C009,P04,A,A,2025-03-27,15.266676666666665,3.0,1
2025-03-27,B1_optimization_only,O0002377,M000962,S0005163,C009,P04,A,A,2025-03-27,30.60002,7.0,1
2025-03-27,B1_optimization_only,O0002380,M000965,S0005164,C012,P04,B,B,2025-03-27,11.266666666666666,1.0,1
2025-03-27,B1_optimization_only,O0002380,M000965,S0005165,C012,P04,B,B,2025-03-27,13.266676666666665,10.0,1
2025-03-27,B1_optimization_only,O0002380,M000965,S0005166,C012,P04,B,B,2025-03-27,28.60002,2.0,1
2025-03-27,B1_optimization_only,O0002381,M000962,S0005167,C009,P05,A,A,2025-03-27,10.139999999999999,11.0,1
2025-03-27,B1_optimization_only,O0002381,M000962,S0005168,C009,P05,A,A,2025-03-27,10.860009999999999,7.0,1
2025-03-27,B1_optimization_only,O0002384,M000957,S0005168,C002,P05,A,A,2025-03-27,12.66001,3.0,1
2025-03-27,B1_optimization_only,O0002384,M000957,S0005169,C002,P05,A,A,2025-03-27,13.860019999999999,15.0,1
2025-03-27,B1_optimization_only,O0002384,M000957,S0005170,C002,P05,A,A,2025-03-27,15.54003,28.0,1
2025-03-27,B1_optimization_only,O0002386,M000956,S0005176,C001,P06,A,A,2025-03-27,11.666666666666666,24.0,1
2025-03-27,B1_optimization_only,O0002386,M000956,S0005177,C001,P06,A,A,2025-03-27,13.666676666666666,15.0,1
2025-03-27,B1_optimization_only,O0002386,M000956,S0005178,C001,P06,A,A,2025-03-27,29.00002,4.0,1
2025-03-27,B1_optimization_only,O0002389,M000962,S0005181,C009,P07,A,A,2025-03-27,7.722448979591836,21.0,1
2025-03-27,B1_optimization_only,O0002389,M000962,S0005182,C009,P07,A,A,2025-03-27,8.089805918367347,15.0,1
2025-03-27,B1_optimization_only,O0002389,M000962,S0005183,C009,P07,A,A,2025-03-27,8.70206081632653,13.0,1
2025-03-27,B1_optimization_only,O0002388,M000957,S0005184,C002,P07,A,B,2025-03-27,10.25921367346939,1.0,0
2025-03-27,B1_optimization_only,O0002389,M000962,S0005184,C009,P07,A,A,2025-03-27,9.559213673469388,7.0,1
2025-03-27,B1_optimization_only,O0002388,M000957,S0005185,C002,P07,A,B,2025-03-27,11.36126448979592,12.0,0
2025-03-27,B1_optimization_only,O0002388,M000957,S0005186,C002,P07,A,B,2025-03-27,12.708213265306123,16.0,0
2025-03-27,B1_optimization_only,O0002388,M000957,S0005187,C002,P07,A,B,2025-03-27,26.300060000000002,3.0,0
2025-03-27,B1_optimization_only,O0002388,M000957,S0005188,C002,P07,B,B,2025-03-27,9.522448979591838,4.0,1
2025-03-27,B1_optimization_only,O0002388,M000957,S0005189,C002,P07,B,B,2025-03-27,9.889805918367347,1.0,1
2025-03-27,B1_optimization_only,O0002388,M000957,S0005190,C002,P07,B,B,2025-03-27,10.50206081632653,2.0,1
2025-03-27,B1_optimization_only,O0002388,M000957,S0005191,C002,P07,B,B,2025-03-27,11.35921367346939,5.0,1
2025-03-27,B1_optimization_only,O0002388,M000957,S0005192,C002,P07,B,B,2025-03-27,12.46126448979592,3.0,1
2025-03-27,B1_optimization_only,O0002391,M000960,S0005193,C006,P08,A,B,2025-03-27,8.040000000000001,1.0,0
2025-03-27,B1_optimization_only,O0002392,M000965,S0005193,C012,P08,A,A,2025-03-27,7.74,4.0,1
2025-03-27,B1_optimization_only,O0002391,M000960,S0005194,C006,P08,A,B,2025-03-27,8.760010000000001,6.0,0
2025-03-27,B1_optimization_only,O0002391,M000960,S0005195,C006,P08,A,B,2025-03-27,9.96002,3.0,0
2025-03-27,B1_optimization_only,O0002390,M000963,S0005196,C010,P08,A,B,2025-03-27,12.040030000000003,1.0,0
2025-03-27,B1_optimization_only,O0002391,M000960,S0005197,C006,P08,B,B,2025-03-27,9.14,7.0,1
2025-03-27,B1_optimization_only,O0002391,M000960,S0005198,C006,P08,B,B,2025-03-27,9.86001,8.0,1
2025-03-27,B1_optimization_only,O0002390,M000963,S0005199,C010,P08,B,B,2025-03-27,11.46002,5.0,1
2025-03-27,B1_optimization_only,O0002390,M000963,S0005200,C010,P08,B,B,2025-03-27,13.140030000000001,2.0,1
2025-03-27,B1_optimization_only,O0002390,M000963,S0005201,C010,P08,B,B,2025-03-27,27.30004,1.0,1
2025-03-27,P1_proposed_dss,O0002369,M000965,S0005141,C012,P01,A,A,2025-03-27,7.666666666666667,2.0,1
2025-03-27,P1_proposed_dss,O0002370,M000960,S0005141,C006,P01,A,A,2025-03-27,9.066666666666666,22.0,1
2025-03-27,P1_proposed_dss,O0002370,M000960,S0005142,C006,P01,A,A,2025-03-27,11.066676666666666,15.0,1
2025-03-27,P1_proposed_dss,O0002370,M000960,S0005143,C006,P01,A,A,2025-03-27,26.400019999999998,3.0,1
2025-03-27,P1_proposed_dss,O0002372,M000964,S0005147,C011,P02,A,A,2025-03-27,7.266666666666667,22.0,1
2025-03-27,P1_proposed_dss,O0002371,M000958,S0005148,C003,P02,A,A,2025-03-27,11.866676666666665,4.0,1
2025-03-27,P1_proposed_dss,O0002372,M000964,S0005148,C011,P02,A,A,2025-03-27,9.266676666666665,11.0,1
2025-03-27,P1_proposed_dss,O0002371,M000958,S0005149,C003,P02,A,A,2025-03-27,27.20002,2.0,1
2025-03-27,P1_proposed_dss,O0002374,M000959,S0005153,C005,P03,A,A,2025-03-27,7.875,35.0,1
2025-03-27,P1_proposed_dss,O0002374,M000959,S0005154,C005,P03,A,A,2025-03-27,9.00001,3.0,1
2025-03-27,P1_proposed_dss,O0002375,M000958,S0005154,C003,P03,A,A,2025-03-27,10.200009999999999,12.0,1
2025-03-27,P1_proposed_dss,O0002376,M000957,S0005155,C002,P03,A,A,2025-03-27,13.075019999999999,7.0,1
2025-03-27,P1_proposed_dss,O0002376,M000957,S0005156,C002,P03,A,A,2025-03-27,27.700029999999998,2.0,1
2025-03-27,P1_proposed_dss,O0002373,M000963,S0005158,C010,P03,B,B,2025-03-27,9.200009999999999,21.0,1
2025-03-27,P1_proposed_dss,O0002373,M000963,S0005159,C010,P03,B,B,2025-03-27,11.075019999999999,14.0,1
2025-03-27,P1_proposed_dss,O0002373,M000963,S0005160,C010,P03,B,B,2025-03-27,25.700029999999998,6.0,1
2025-03-27,P1_proposed_dss,O0002377,M000962,S0005161,C009,P04,A,A,2025-03-27,13.266666666666666,20.0,1
2025-03-27,P1_proposed_dss,O0002378,M000963,S0005161,C010,P04,A,A,2025-03-27,13.066666666666665,4.0,1
2025-03-27,P1_proposed_dss,O0002379,M000964,S0005161,C011,P04,A,A,2025-03-27,11.466666666666667,2.0,1
2025-03-27,P1_proposed_dss,O0002377,M000962,S0005162,C009,P04,A,A,2025-03-27,15.266676666666665,3.0,1
2025-03-27,P1_proposed_dss,O0002377,M000962,S0005163,C009,P04,A,A,2025-03-27,30.60002,7.0,1
2025-03-27,P1_proposed_dss,O0002380,M000965,S0005164,C012,P04,B,B,2025-03-27,11.266666666666666,1.0,1
2025-03-27,P1_proposed_dss,O0002380,M000965,S0005165,C012,P04,B,B,2025-03-27,13.266676666666665,10.0,1
2025-03-27,P1_proposed_dss,O0002380,M000965,S0005166,C012,P04,B,B,2025-03-27,28.60002,2.0,1
2025-03-27,P1_proposed_dss,O0002381,M000962,S0005167,C009,P05,A,A,2025-03-27,10.139999999999999,11.0,1
2025-03-27,P1_proposed_dss,O0002381,M000962,S0005168,C009,P05,A,A,2025-03-27,10.860009999999999,7.0,1
2025-03-27,P1_proposed_dss,O0002384,M000957,S0005168,C002,P05,A,A,2025-03-27,12.66001,3.0,1
2025-03-27,P1_proposed_dss,O0002384,M000957,S0005169,C002,P05,A,A,2025-03-27,13.860019999999999,15.0,1
2025-03-27,P1_proposed_dss,O0002384,M000957,S0005170,C002,P05,A,A,2025-03-27,15.54003,28.0,1
2025-03-27,P1_proposed_dss,O0002386,M000956,S0005176,C001,P06,A,A,2025-03-27,11.666666666666666,24.0,1
2025-03-27,P1_proposed_dss,O0002386,M000956,S0005177,C001,P06,A,A,2025-03-27,13.666676666666666,15.0,1
2025-03-27,P1_proposed_dss,O0002386,M000956,S0005178,C001,P06,A,A,2025-03-27,29.00002,4.0,1
2025-03-27,P1_proposed_dss,O0002389,M000962,S0005181,C009,P07,A,A,2025-03-27,7.722448979591836,21.0,1
2025-03-27,P1_proposed_dss,O0002389,M000962,S0005182,C009,P07,A,A,2025-03-27,8.089805918367347,15.0,1
2025-03-27,P1_proposed_dss,O0002389,M000962,S0005183,C009,P07,A,A,2025-03-27,8.70206081632653,13.0,1
2025-03-27,P1_proposed_dss,O0002388,M000957,S0005184,C002,P07,A,B,2025-03-27,10.25921367346939,1.0,0
2025-03-27,P1_proposed_dss,O0002389,M000962,S0005184,C009,P07,A,A,2025-03-27,9.559213673469388,7.0,1
2025-03-27,P1_proposed_dss,O0002388,M000957,S0005185,C002,P07,A,B,2025-03-27,11.36126448979592,12.0,0
2025-03-27,P1_proposed_dss,O0002388,M000957,S0005186,C002,P07,A,B,2025-03-27,12.708213265306123,16.0,0
2025-03-27,P1_proposed_dss,O0002388,M000957,S0005187,C002,P07,A,B,2025-03-27,26.300060000000002,3.0,0
2025-03-27,P1_proposed_dss,O0002388,M000957,S0005188,C002,P07,B,B,2025-03-27,9.522448979591838,4.0,1
2025-03-27,P1_proposed_dss,O0002388,M000957,S0005189,C002,P07,B,B,2025-03-27,9.889805918367347,1.0,1
2025-03-27,P1_proposed_dss,O0002388,M000957,S0005190,C002,P07,B,B,2025-03-27,10.50206081632653,2.0,1
2025-03-27,P1_proposed_dss,O0002388,M000957,S0005191,C002,P07,B,B,2025-03-27,11.35921367346939,5.0,1
2025-03-27,P1_proposed_dss,O0002388,M000957,S0005192,C002,P07,B,B,2025-03-27,12.46126448979592,3.0,1
2025-03-27,P1_proposed_dss,O0002391,M000960,S0005193,C006,P08,A,B,2025-03-27,8.040000000000001,1.0,0
2025-03-27,P1_proposed_dss,O0002392,M000965,S0005193,C012,P08,A,A,2025-03-27,7.74,4.0,1
2025-03-27,P1_proposed_dss,O0002391,M000960,S0005194,C006,P08,A,B,2025-03-27,8.760010000000001,6.0,0
2025-03-27,P1_proposed_dss,O0002391,M000960,S0005195,C006,P08,A,B,2025-03-27,9.96002,3.0,0
2025-03-27,P1_proposed_dss,O0002390,M000963,S0005196,C010,P08,A,B,2025-03-27,12.040030000000003,1.0,0
2025-03-27,P1_proposed_dss,O0002391,M000960,S0005197,C006,P08,B,B,2025-03-27,9.14,7.0,1
2025-03-27,P1_proposed_dss,O0002391,M000960,S0005198,C006,P08,B,B,2025-03-27,9.86001,8.0,1
2025-03-27,P1_proposed_dss,O0002390,M000963,S0005199,C010,P08,B,B,2025-03-27,11.46002,5.0,1
2025-03-27,P1_proposed_dss,O0002390,M000963,S0005200,C010,P08,B,B,2025-03-27,13.140030000000001,2.0,1
2025-03-27,P1_proposed_dss,O0002390,M000963,S0005201,C010,P08,B,B,2025-03-27,27.30004,1.0,1
2025-03-28,B0_manual,O0002398,M000966,S0005208,C001,P02,A,A,2025-03-28,,12.0,1
2025-03-28,B0_manual,O0002398,M000966,S0005209,C001,P02,A,A,2025-03-28,,8.0,1
2025-03-28,B0_manual,O0002393,M000967,S0005205,C002,P01,B,B,2025-03-28,,16.0,1
2025-03-28,B0_manual,O0002393,M000967,S0005206,C002,P01,B,B,2025-03-28,,5.0,1
2025-03-28,B0_manual,O0002393,M000967,S0005207,C002,P01,B,B,2025-03-28,,1.0,1
2025-03-28,B0_manual,O0002402,M000967,S0005225,C002,P04,B,B,2025-03-28,,5.0,1
2025-03-28,B0_manual,O0002402,M000967,S0005226,C002,P04,B,B,2025-03-28,,1.0,1
2025-03-28,B0_manual,O0002402,M000967,S0005227,C002,P04,B,B,2025-03-28,,1.0,1
2025-03-28,B0_manual,O0002415,M000967,S0005254,C002,P08,A,A,2025-03-28,,7.0,1
2025-03-28,B0_manual,O0002399,M000968,S0005214,C003,P03,A,A,2025-03-28,,20.0,1
2025-03-28,B0_manual,O0002399,M000968,S0005215,C003,P03,A,A,2025-03-28,,7.0,1
2025-03-28,B0_manual,O0002399,M000968,S0005216,C003,P03,A,A,2025-03-28,,10.0,1
2025-03-28,B0_manual,O0002399,M000968,S0005217,C003,P03,A,A,2025-03-28,,1.0,1
2025-03-28,B0_manual,O0002410,M000968,S0005247,C003,P07,B,B,2025-03-28,,8.0,1
2025-03-28,B0_manual,O0002410,M000968,S0005248,C003,P07,B,B,2025-03-28,,5.0,1
2025-03-28,B0_manual,O0002416,M000968,S0005258,C003,P08,B,B,2025-03-28,,5.0,1
2025-03-28,B0_manual,O0002394,M000969,S0005202,C004,P01,A,A,2025-03-28,,67.0,1
2025-03-28,B0_manual,O0002394,M000969,S0005203,C004,P01,A,A,2025-03-28,,8.0,1
2025-03-28,B0_manual,O0002412,M000969,S0005241,C004,P07,A,A,2025-03-28,,20.0,1
2025-03-28,B0_manual,O0002412,M000969,S0005242,C004,P07,A,A,2025-03-28,,11.0,1
2025-03-28,B0_manual,O0002412,M000969,S0005243,C004,P07,A,A,2025-03-28,,5.0,1
2025-03-28,B0_manual,O0002412,M000969,S0005244,C004,P07,A,A,2025-03-28,,28.0,1
2025-03-28,B0_manual,O0002413,M000970,S0005244,C005,P07,A,A,2025-03-28,,1.0,1
2025-03-28,B0_manual,O0002413,M000970,S0005245,C005,P07,A,A,2025-03-28,,1.0,1
2025-03-28,B0_manual,O0002413,M000970,S0005246,C005,P07,A,A,2025-03-28,,4.0,1
2025-03-28,B0_manual,O0002418,M000970,S0005254,C005,P08,A,A,2025-03-28,,1.0,1
2025-03-28,B0_manual,O0002418,M000970,S0005255,C005,P08,A,A,2025-03-28,,10.0,1
2025-03-28,B0_manual,O0002418,M000970,S0005256,C005,P08,A,A,2025-03-28,,2.0,1
2025-03-28,B0_manual,O0002418,M000970,S0005257,C005,P08,A,A,2025-03-28,,1.0,1
2025-03-28,B0_manual,O0002400,M000971,S0005218,C006,P03,B,B,2025-03-28,,7.0,1
2025-03-28,B0_manual,O0002400,M000971,S0005219,C006,P03,B,B,2025-03-28,,2.0,1
2025-03-28,B0_manual,O0002409,M000971,S0005239,C006,P06,B,B,2025-03-28,,3.0,1
2025-03-28,B0_manual,O0002409,M000971,S0005240,C006,P06,B,B,2025-03-28,,8.0,1
2025-03-28,B0_manual,O0002404,M000972,S0005228,C007,P05,A,A,2025-03-28,,26.0,1
2025-03-28,B0_manual,O0002404,M000972,S0005229,C007,P05,A,A,2025-03-28,,13.0,1
2025-03-28,B0_manual,O0002404,M000972,S0005230,C007,P05,A,A,2025-03-28,,2.0,1
2025-03-28,B0_manual,O0002403,M000973,S0005230,C008,P05,A,A,2025-03-28,,3.0,1
2025-03-28,B0_manual,O0002417,M000973,S0005258,C008,P08,B,B,2025-03-28,,5.0,1
2025-03-28,B0_manual,O0002417,M000973,S0005259,C008,P08,B,B,2025-03-28,,4.0,1
2025-03-28,B0_manual,O0002417,M000973,S0005260,C008,P08,B,B,2025-03-28,,5.0,1
2025-03-28,B0_manual,O0002417,M000973,S0005261,C008,P08,B,B,2025-03-28,,4.0,1
2025-03-28,B0_manual,O0002417,M000973,S0005262,C008,P08,B,B,2025-03-28,,2.0,1
2025-03-28,B0_manual,O0002395,M000974,S0005211,C009,P02,B,B,2025-03-28,,16.0,1
2025-03-28,B0_manual,O0002396,M000975,S0005209,C010,P02,A,A,2025-03-28,,1.0,1
2025-03-28,B0_manual,O0002396,M000975,S0005210,C010,P02,A,A,2025-03-28,,3.0,1
2025-03-28,B0_manual,O0002406,M000975,S0005233,C010,P05,B,B,2025-03-28,,3.0,1
2025-03-28,B0_manual,O0002406,M000975,S0005234,C010,P05,B,B,2025-03-28,,4.0,1
2025-03-28,B0_manual,O0002406,M000975,S0005235,C010,P05,B,B,2025-03-28,,2.0,1
2025-03-28,B0_manual,O0002406,M000975,S0005231,C010,P05,A,B,2025-03-28,,4.0,0
2025-03-28,B0_manual,O0002406,M000975,S0005232,C010,P05,A,B,2025-03-28,,1.0,0
2025-03-28,B0_manual,O0002397,M000977,S0005212,C012,P02,B,B,2025-03-28,,7.0,1
2025-03-28,B0_manual,O0002397,M000977,S0005213,C012,P02,B,B,2025-03-28,,6.0,1
2025-03-28,B1_optimization_only,O0002393,M000967,S0005202,C002,P01,A,B,2025-03-28,10.366666666666667,2.0,0
2025-03-28,B1_optimization_only,O0002394,M000969,S0005202,C004,P01,A,A,2025-03-28,10.066666666666666,65.0,1
2025-03-28,B1_optimization_only,O0002393,M000967,S0005203,C002,P01,A,B,2025-03-28,12.366676666666667,45.0,0
2025-03-28,B1_optimization_only,O0002393,M000967,S0005204,C002,P01,A,B,2025-03-28,27.700020000000002,11.0,0
2025-03-28,B1_optimization_only,O0002393,M000967,S0005205,C002,P01,B,B,2025-03-28,11.466666666666667,16.0,1
2025-03-28,B1_optimization_only,O0002393,M000967,S0005206,C002,P01,B,B,2025-03-28,13.466676666666666,5.0,1
2025-03-28,B1_optimization_only,O0002393,M000967,S0005207,C002,P01,B,B,2025-03-28,28.80002,1.0,1
2025-03-28,B1_optimization_only,O0002396,M000975,S0005208,C010,P02,A,A,2025-03-28,8.866666666666665,4.0,1
2025-03-28,B1_optimization_only,O0002398,M000966,S0005208,C001,P02,A,A,2025-03-28,11.266666666666666,8.0,1
2025-03-28,B1_optimization_only,O0002398,M000966,S0005209,C001,P02,A,A,2025-03-28,13.266676666666665,9.0,1
2025-03-28,B1_optimization_only,O0002398,M000966,S0005210,C001,P02,A,A,2025-03-28,28.60002,3.0,1
2025-03-28,B1_optimization_only,O0002395,M000974,S0005211,C009,P02,B,B,2025-03-28,9.066666666666666,3.0,1
2025-03-28,B1_optimization_only,O0002397,M000977,S0005211,C012,P02,B,B,2025-03-28,7.066666666666667,13.0,1
2025-03-28,B1_optimization_only,O0002395,M000974,S0005212,C009,P02,B,B,2025-03-28,11.066676666666666,7.0,1
2025-03-28,B1_optimization_only,O0002395,M000974,S0005213,C009,P02,B,B,2025-03-28,26.400019999999998,6.0,1
2025-03-28,B1_optimization_only,O0002399,M000968,S0005214,C003,P03,A,A,2025-03-28,9.075,20.0,1
2025-03-28,B1_optimization_only,O0002399,M000968,S0005215,C003,P03,A,A,2025-03-28,10.200009999999999,7.0,1
2025-03-28,B1_optimization_only,O0002399,M000968,S0005216,C003,P03,A,A,2025-03-28,12.075019999999999,10.0,1
2025-03-28,B1_optimization_only,O0002399,M000968,S0005217,C003,P03,A,A,2025-03-28,26.700029999999998,1.0,1
2025-03-28,B1_optimization_only,O0002400,M000971,S0005220,C006,P03,B,B,2025-03-28,10.67502,7.0,1
2025-03-28,B1_optimization_only,O0002400,M000971,S0005221,C006,P03,B,B,2025-03-28,25.30003,2.0,1
2025-03-28,B1_optimization_only,O0002402,M000967,S0005224,C002,P04,A,B,2025-03-28,31.300019999999996,9.0,0
2025-03-28,B1_optimization_only,O0002401,M000977,S0005225,C012,P04,B,B,2025-03-28,11.266666666666666,5.0,1
2025-03-28,B1_optimization_only,O0002401,M000977,S0005226,C012,P04,B,B,2025-03-28,13.266676666666665,1.0,1
2025-03-28,B1_optimization_only,O0002401,M000977,S0005227,C012,P04,B,B,2025-03-28,28.60002,1.0,1
2025-03-28,B1_optimization_only,O0002404,M000972,S0005228,C007,P05,A,A,2025-03-28,8.94,18.0,1
2025-03-28,B1_optimization_only,O0002406,M000975,S0005228,C010,P05,A,B,2025-03-28,8.84,8.0,0
2025-03-28,B1_optimization_only,O0002404,M000972,S0005229,C007,P05,A,A,2025-03-28,9.66001,13.0,1
2025-03-28,B1_optimization_only,O0002404,M000972,S0005230,C007,P05,A,A,2025-03-28,10.860019999999999,5.0,1
2025-03-28,B1_optimization_only,O0002404,M000972,S0005231,C007,P05,A,A,2025-03-28,12.54003,4.0,1
2025-03-28,B1_optimization_only,O0002404,M000972,S0005232,C007,P05,A,A,2025-03-28,26.700039999999998,1.0,1
2025-03-28,B1_optimization_only,O0002406,M000975,S0005233,C010,P05,B,B,2025-03-28,9.94,3.0,1
2025-03-28,B1_optimization_only,O0002406,M000975,S0005234,C010,P05,B,B,2025-03-28,10.66001,4.0,1
2025-03-28,B1_optimization_only,O0002406,M000975,S0005235,C010,P05,B,B,2025-03-28,11.860019999999999,2.0,1
2025-03-28,B1_optimization_only,O0002407,M000974,S0005237,C009,P06,A,B,2025-03-28,10.366676666666667,4.0,0
2025-03-28,B1_optimization_only,O0002407,M000974,S0005238,C009,P06,A,B,2025-03-28,25.700020000000002,7.0,0
2025-03-28,B1_optimization_only,O0002409,M000971,S0005239,C006,P06,B,B,2025-03-28,8.866666666666665,3.0,1
2025-03-28,B1_optimization_only,O0002409,M000971,S0005240,C006,P06,B,B,2025-03-28,10.866676666666665,8.0,1
2025-03-28,B1_optimization_only,O0002412,M000969,S0005241,C004,P07,A,A,2025-03-28,8.122448979591837,14.0,1
2025-03-28,B1_optimization_only,O0002413,M000970,S0005241,C005,P07,A,A,2025-03-28,7.322448979591837,6.0,1
2025-03-28,B1_optimization_only,O0002412,M000969,S0005242,C004,P07,A,A,2025-03-28,8.489805918367347,11.0,1
2025-03-28,B1_optimization_only,O0002412,M000969,S0005243,C004,P07,A,A,2025-03-28,9.10206081632653,5.0,1
2025-03-28,B1_optimization_only,O0002412,M000969,S0005244,C004,P07,A,A,2025-03-28,9.959213673469389,29.0,1
2025-03-28,B1_optimization_only,O0002412,M000969,S0005245,C004,P07,A,A,2025-03-28,11.061264489795919,1.0,1
2025-03-28,B1_optimization_only,O0002412,M000969,S0005246,C004,P07,A,A,2025-03-28,12.408213265306122,4.0,1
2025-03-28,B1_optimization_only,O0002410,M000968,S0005251,C003,P07,B,B,2025-03-28,11.46126448979592,1.0,1
2025-03-28,B1_optimization_only,O0002410,M000968,S0005252,C003,P07,B,B,2025-03-28,12.808213265306122,7.0,1
2025-03-28,B1_optimization_only,O0002410,M000968,S0005253,C003,P07,B,B,2025-03-28,26.40006,5.0,1
2025-03-28,B1_optimization_only,O0002418,M000970,S0005254,C005,P08,A,A,2025-03-28,9.340000000000002,8.0,1
2025-03-28,B1_optimization_only,O0002415,M000967,S0005255,C002,P08,A,A,2025-03-28,12.260010000000001,4.0,1
2025-03-28,B1_optimization_only,O0002418,M000970,S0005255,C005,P08,A,A,2025-03-28,10.060010000000002,6.0,1
2025-03-28,B1_optimization_only,O0002415,M000967,S0005256,C002,P08,A,A,2025-03-28,13.46002,2.0,1
2025-03-28,B1_optimization_only,O0002415,M000967,S0005257,C002,P08,A,A,2025-03-28,29.30004,1.0,1
2025-03-28,B1_optimization_only,O0002417,M000973,S0005258,C008,P08,B,B,2025-03-28,8.340000000000002,10.0,1
2025-03-28,B1_optimization_only,O0002417,M000973,S0005259,C008,P08,B,B,2025-03-28,9.060010000000002,4.0,1
2025-03-28,B1_optimization_only,O0002417,M000973,S0005260,C008,P08,B,B,2025-03-28,10.26002,5.0,1
2025-03-28,B1_optimization_only,O0002416,M000968,S0005261,C003,P08,B,B,2025-03-28,14.140030000000001,3.0,1
2025-03-28,B1_optimization_only,O0002417,M000973,S0005261,C008,P08,B,B,2025-03-28,11.940030000000002,1.0,1
2025-03-28,B1_optimization_only,O0002416,M000968,S0005262,C003,P08,B,B,2025-03-28,28.30004,2.0,1
2025-03-28,P1_proposed_dss,O0002393,M000967,S0005202,C002,P01,A,B,2025-03-28,10.366666666666667,2.0,0
2025-03-28,P1_proposed_dss,O0002394,M000969,S0005202,C004,P01,A,A,2025-03-28,10.066666666666666,65.0,1
2025-03-28,P1_proposed_dss,O0002393,M000967,S0005203,C002,P01,A,B,2025-03-28,12.366676666666667,45.0,0
2025-03-28,P1_proposed_dss,O0002393,M000967,S0005204,C002,P01,A,B,2025-03-28,27.700020000000002,11.0,0
2025-03-28,P1_proposed_dss,O0002393,M000967,S0005205,C002,P01,B,B,2025-03-28,11.466666666666667,16.0,1
2025-03-28,P1_proposed_dss,O0002393,M000967,S0005206,C002,P01,B,B,2025-03-28,13.466676666666666,5.0,1
2025-03-28,P1_proposed_dss,O0002393,M000967,S0005207,C002,P01,B,B,2025-03-28,28.80002,1.0,1
2025-03-28,P1_proposed_dss,O0002396,M000975,S0005208,C010,P02,A,A,2025-03-28,8.866666666666665,4.0,1
2025-03-28,P1_proposed_dss,O0002398,M000966,S0005208,C001,P02,A,A,2025-03-28,11.266666666666666,8.0,1
2025-03-28,P1_proposed_dss,O0002398,M000966,S0005209,C001,P02,A,A,2025-03-28,13.266676666666665,9.0,1
2025-03-28,P1_proposed_dss,O0002398,M000966,S0005210,C001,P02,A,A,2025-03-28,28.60002,3.0,1
2025-03-28,P1_proposed_dss,O0002395,M000974,S0005211,C009,P02,B,B,2025-03-28,9.066666666666666,3.0,1
2025-03-28,P1_proposed_dss,O0002397,M000977,S0005211,C012,P02,B,B,2025-03-28,7.066666666666667,6.0,1
2025-03-28,P1_proposed_dss,O0002408,M000976,S0005211,C011,P02,B,B,2025-03-28,7.266666666666667,7.0,1
2025-03-28,P1_proposed_dss,O0002395,M000974,S0005212,C009,P02,B,B,2025-03-28,11.066676666666666,7.0,1
2025-03-28,P1_proposed_dss,O0002395,M000974,S0005213,C009,P02,B,B,2025-03-28,26.400019999999998,6.0,1
2025-03-28,P1_proposed_dss,O0002399,M000968,S0005214,C003,P03,A,A,2025-03-28,9.075,20.0,1
2025-03-28,P1_proposed_dss,O0002399,M000968,S0005215,C003,P03,A,A,2025-03-28,10.200009999999999,7.0,1
2025-03-28,P1_proposed_dss,O0002399,M000968,S0005216,C003,P03,A,A,2025-03-28,12.075019999999999,10.0,1
2025-03-28,P1_proposed_dss,O0002399,M000968,S0005217,C003,P03,A,A,2025-03-28,26.700029999999998,1.0,1
2025-03-28,P1_proposed_dss,O0002400,M000971,S0005220,C006,P03,B,B,2025-03-28,10.67502,7.0,1
2025-03-28,P1_proposed_dss,O0002400,M000971,S0005221,C006,P03,B,B,2025-03-28,25.30003,2.0,1
2025-03-28,P1_proposed_dss,O0002402,M000967,S0005224,C002,P04,A,B,2025-03-28,31.300019999999996,9.0,0
2025-03-28,P1_proposed_dss,O0002401,M000977,S0005225,C012,P04,B,B,2025-03-28,11.266666666666666,5.0,1
2025-03-28,P1_proposed_dss,O0002401,M000977,S0005226,C012,P04,B,B,2025-03-28,13.266676666666665,1.0,1
2025-03-28,P1_proposed_dss,O0002401,M000977,S0005227,C012,P04,B,B,2025-03-28,28.60002,1.0,1
2025-03-28,P1_proposed_dss,O0002404,M000972,S0005228,C007,P05,A,A,2025-03-28,8.94,18.0,1
2025-03-28,P1_proposed_dss,O0002406,M000975,S0005228,C010,P05,A,B,2025-03-28,8.84,8.0,0
2025-03-28,P1_proposed_dss,O0002404,M000972,S0005229,C007,P05,A,A,2025-03-28,9.66001,13.0,1
2025-03-28,P1_proposed_dss,O0002404,M000972,S0005230,C007,P05,A,A,2025-03-28,10.860019999999999,5.0,1
2025-03-28,P1_proposed_dss,O0002404,M000972,S0005231,C007,P05,A,A,2025-03-28,12.54003,4.0,1
2025-03-28,P1_proposed_dss,O0002404,M000972,S0005232,C007,P05,A,A,2025-03-28,26.700039999999998,1.0,1
2025-03-28,P1_proposed_dss,O0002406,M000975,S0005233,C010,P05,B,B,2025-03-28,9.94,3.0,1
2025-03-28,P1_proposed_dss,O0002406,M000975,S0005234,C010,P05,B,B,2025-03-28,10.66001,4.0,1
2025-03-28,P1_proposed_dss,O0002406,M000975,S0005235,C010,P05,B,B,2025-03-28,11.860019999999999,2.0,1
2025-03-28,P1_proposed_dss,O0002407,M000974,S0005237,C009,P06,A,B,2025-03-28,10.366676666666667,4.0,0
2025-03-28,P1_proposed_dss,O0002407,M000974,S0005238,C009,P06,A,B,2025-03-28,25.700020000000002,7.0,0
2025-03-28,P1_proposed_dss,O0002409,M000971,S0005239,C006,P06,B,B,2025-03-28,8.866666666666665,3.0,1
2025-03-28,P1_proposed_dss,O0002409,M000971,S0005240,C006,P06,B,B,2025-03-28,10.866676666666665,8.0,1
2025-03-28,P1_proposed_dss,O0002412,M000969,S0005241,C004,P07,A,A,2025-03-28,8.122448979591837,14.0,1
2025-03-28,P1_proposed_dss,O0002413,M000970,S0005241,C005,P07,A,A,2025-03-28,7.322448979591837,6.0,1
2025-03-28,P1_proposed_dss,O0002412,M000969,S0005242,C004,P07,A,A,2025-03-28,8.489805918367347,11.0,1
2025-03-28,P1_proposed_dss,O0002412,M000969,S0005243,C004,P07,A,A,2025-03-28,9.10206081632653,5.0,1
2025-03-28,P1_proposed_dss,O0002412,M000969,S0005244,C004,P07,A,A,2025-03-28,9.959213673469389,29.0,1
2025-03-28,P1_proposed_dss,O0002412,M000969,S0005245,C004,P07,A,A,2025-03-28,11.061264489795919,1.0,1
2025-03-28,P1_proposed_dss,O0002412,M000969,S0005246,C004,P07,A,A,2025-03-28,12.408213265306122,4.0,1
2025-03-28,P1_proposed_dss,O0002410,M000968,S0005251,C003,P07,B,B,2025-03-28,11.46126448979592,1.0,1
2025-03-28,P1_proposed_dss,O0002410,M000968,S0005252,C003,P07,B,B,2025-03-28,12.808213265306122,7.0,1
2025-03-28,P1_proposed_dss,O0002410,M000968,S0005253,C003,P07,B,B,2025-03-28,26.40006,5.0,1
2025-03-28,P1_proposed_dss,O0002418,M000970,S0005254,C005,P08,A,A,2025-03-28,9.340000000000002,8.0,1
2025-03-28,P1_proposed_dss,O0002415,M000967,S0005255,C002,P08,A,A,2025-03-28,12.260010000000001,4.0,1
2025-03-28,P1_proposed_dss,O0002418,M000970,S0005255,C005,P08,A,A,2025-03-28,10.060010000000002,6.0,1
2025-03-28,P1_proposed_dss,O0002415,M000967,S0005256,C002,P08,A,A,2025-03-28,13.46002,2.0,1
2025-03-28,P1_proposed_dss,O0002415,M000967,S0005257,C002,P08,A,A,2025-03-28,29.30004,1.0,1
2025-03-28,P1_proposed_dss,O0002417,M000973,S0005258,C008,P08,B,B,2025-03-28,8.340000000000002,10.0,1
2025-03-28,P1_proposed_dss,O0002417,M000973,S0005259,C008,P08,B,B,2025-03-28,9.060010000000002,4.0,1
2025-03-28,P1_proposed_dss,O0002417,M000973,S0005260,C008,P08,B,B,2025-03-28,10.26002,5.0,1
2025-03-28,P1_proposed_dss,O0002416,M000968,S0005261,C003,P08,B,B,2025-03-28,14.140030000000001,3.0,1
2025-03-28,P1_proposed_dss,O0002417,M000973,S0005261,C008,P08,B,B,2025-03-28,11.940030000000002,1.0,1
2025-03-28,P1_proposed_dss,O0002416,M000968,S0005262,C003,P08,B,B,2025-03-28,28.30004,2.0,1
2025-03-29,B0_manual,O0002423,M000978,S0005263,C001,P01,A,A,2025-03-29,,20.0,1
2025-03-29,B0_manual,O0002424,M000978,S0005271,C001,P02,B,B,2025-03-29,,5.0,1
2025-03-29,B0_manual,O0002424,M000978,S0005272,C001,P02,B,B,2025-03-29,,4.0,1
2025-03-29,B0_manual,O0002428,M000978,S0005273,C001,P03,A,A,2025-03-29,,28.0,1
2025-03-29,B0_manual,O0002428,M000978,S0005274,C001,P03,A,A,2025-03-29,,16.0,1
2025-03-29,B0_manual,O0002428,M000978,S0005275,C001,P03,A,A,2025-03-29,,1.0,1
2025-03-29,B0_manual,O0002428,M000978,S0005276,C001,P03,A,A,2025-03-29,,7.0,1
2025-03-29,B0_manual,O0002438,M000978,S0005287,C001,P05,A,A,2025-03-29,,16.0,1
2025-03-29,B0_manual,O0002438,M000978,S0005288,C001,P05,A,A,2025-03-29,,13.0,1
2025-03-29,B0_manual,O0002438,M000978,S0005289,C001,P05,A,A,2025-03-29,,9.0,1
2025-03-29,B0_manual,O0002441,M000978,S0005297,C001,P06,A,A,2025-03-29,,14.0,1
2025-03-29,B0_manual,O0002441,M000978,S0005298,C001,P06,A,A,2025-03-29,,10.0,1
2025-03-29,B0_manual,O0002421,M000979,S0005266,C002,P01,B,B,2025-03-29,,6.0,1
2025-03-29,B0_manual,O0002426,M000979,S0005268,C002,P02,A,A,2025-03-29,,40.0,1
2025-03-29,B0_manual,O0002431,M000979,S0005284,C002,P04,B,B,2025-03-29,,6.0,1
2025-03-29,B0_manual,O0002445,M000979,S0005302,C002,P07,A,A,2025-03-29,,12.0,1
2025-03-29,B0_manual,O0002445,M000979,S0005303,C002,P07,A,A,2025-03-29,,13.0,1
2025-03-29,B0_manual,O0002445,M000979,S0005304,C002,P07,A,A,2025-03-29,,8.0,1
2025-03-29,B0_manual,O0002445,M000979,S0005305,C002,P07,A,A,2025-03-29,,6.0,1
2025-03-29,B0_manual,O0002445,M000979,S0005306,C002,P07,A,A,2025-03-29,,1.0,1
2025-03-29,B0_manual,O0002445,M000979,S0005307,C002,P07,A,A,2025-03-29,,2.0,1
2025-03-29,B0_manual,O0002445,M000979,S0005308,C002,P07,A,A,2025-03-29,,6.0,1
2025-03-29,B0_manual,O0002450,M000979,S0005316,C002,P08,A,A,2025-03-29,,7.0,1
2025-03-29,B0_manual,O0002450,M000979,S0005317,C002,P08,A,A,2025-03-29,,13.0,1
2025-03-29,B0_manual,O0002450,M000979,S0005318,C002,P08,A,A,2025-03-29,,6.0,1
2025-03-29,B0_manual,O0002450,M000979,S0005319,C002,P08,A,A,2025-03-29,,8.0,1
2025-03-29,B0_manual,O0002450,M000979,S0005320,C002,P08,A,A,2025-03-29,,3.0,1
2025-03-29,B0_manual,O0002427,M000980,S0005272,C003,P02,B,B,2025-03-29,,5.0,1
2025-03-29,B0_manual,O0002427,M000980,S0005268,C003,P02,A,B,2025-03-29,,3.0,0
2025-03-29,B0_manual,O0002420,M000981,S0005263,C004,P01,A,A,2025-03-29,,54.0,1
2025-03-29,B0_manual,O0002420,M000981,S0005264,C004,P01,A,A,2025-03-29,,6.0,1
2025-03-29,B0_manual,O0002433,M000981,S0005284,C004,P04,B,B,2025-03-29,,3.0,1
2025-03-29,B0_manual,O0002433,M000981,S0005285,C004,P04,B,B,2025-03-29,,3.0,1
2025-03-29,B0_manual,O0002436,M000981,S0005292,C004,P05,B,B,2025-03-29,,8.0,1
2025-03-29,B0_manual,O0002436,M000981,S0005293,C004,P05,B,B,2025-03-29,,5.0,1
2025-03-29,B0_manual,O0002436,M000981,S0005294,C004,P05,B,B,2025-03-29,,8.0,1
2025-03-29,B0_manual,O0002436,M000981,S0005295,C004,P05,B,B,2025-03-29,,2.0,1
2025-03-29,B0_manual,O0002436,M000981,S0005296,C004,P05,B,B,2025-03-29,,3.0,1
2025-03-29,B0_manual,O0002436,M000981,S0005289,C004,P05,A,B,2025-03-29,,1.0,0
2025-03-29,B0_manual,O0002436,M000981,S0005290,C004,P05,A,B,2025-03-29,,8.0,0
2025-03-29,B0_manual,O0002436,M000981,S0005291,C004,P05,A,B,2025-03-29,,1.0,0
2025-03-29,B0_manual,O0002442,M000981,S0005298,C004,P06,A,A,2025-03-29,,5.0,1
2025-03-29,B0_manual,O0002435,M000982,S0005281,C005,P04,A,A,2025-03-29,,20.0,1
2025-03-29,B0_manual,O0002435,M000982,S0005282,C005,P04,A,A,2025-03-29,,2.0,1
2025-03-29,B0_manual,O0002429,M000983,S0005277,C006,P03,B,B,2025-03-29,,17.0,1
2025-03-29,B0_manual,O0002429,M000983,S0005278,C006,P03,B,B,2025-03-29,,7.0,1
2025-03-29,B0_manual,O0002422,M000984,S0005266,C007,P01,B,B,2025-03-29,,13.0,1
2025-03-29,B0_manual,O0002434,M000984,S0005285,C007,P04,B,B,2025-03-29,,2.0,1
2025-03-29,B0_manual,O0002434,M000984,S0005286,C007,P04,B,B,2025-03-29,,2.0,1
2025-03-29,B0_manual,O0002443,M000986,S0005299,C009,P06,B,B,2025-03-29,,5.0,1
2025-03-29,B0_manual,O0002443,M000986,S0005300,C009,P06,B,B,2025-03-29,,6.0,1
2025-03-29,B0_manual,O0002419,M000988,S0005266,C011,P01,B,B,2025-03-29,,2.0,1
2025-03-29,B0_manual,O0002419,M000988,S0005267,C011,P01,B,B,2025-03-29,,11.0,1
2025-03-29,B1_optimization_only,O0002420,M000981,S0005263,C004,P01,A,A,2025-03-29,10.066666666666666,60.0,1
2025-03-29,B1_optimization_only,O0002422,M000984,S0005263,C007,P01,A,B,2025-03-29,7.366666666666666,9.0,0
2025-03-29,B1_optimization_only,O0002423,M000978,S0005263,C001,P01,A,A,2025-03-29,11.866666666666665,5.0,1
2025-03-29,B1_optimization_only,O0002423,M000978,S0005264,C001,P01,A,A,2025-03-29,13.866676666666665,13.0,1
2025-03-29,B1_optimization_only,O0002423,M000978,S0005265,C001,P01,A,A,2025-03-29,29.20002,2.0,1
2025-03-29,B1_optimization_only,O0002419,M000988,S0005266,C011,P01,B,B,2025-03-29,7.866666666666667,21.0,1
2025-03-29,B1_optimization_only,O0002419,M000988,S0005267,C011,P01,B,B,2025-03-29,9.866676666666667,1.0,1
2025-03-29,B1_optimization_only,O0002421,M000979,S0005267,C002,P01,B,B,2025-03-29,13.466676666666666,6.0,1
2025-03-29,B1_optimization_only,O0002422,M000984,S0005267,C007,P01,B,B,2025-03-29,10.466676666666666,4.0,1
2025-03-29,B1_optimization_only,O0002424,M000978,S0005268,C001,P02,A,B,2025-03-29,10.166666666666666,9.0,0
2025-03-29,B1_optimization_only,O0002426,M000979,S0005268,C002,P02,A,A,2025-03-29,10.866666666666665,9.0,1
2025-03-29,B1_optimization_only,O0002427,M000980,S0005268,C003,P02,A,B,2025-03-29,8.766666666666666,8.0,0
2025-03-29,B1_optimization_only,O0002426,M000979,S0005269,C002,P02,A,A,2025-03-29,12.866676666666665,29.0,1
2025-03-29,B1_optimization_only,O0002426,M000979,S0005270,C002,P02,A,A,2025-03-29,28.20002,2.0,1
2025-03-29,B1_optimization_only,O0002425,M000988,S0005271,C011,P02,B,B,2025-03-29,7.266666666666667,5.0,1
2025-03-29,B1_optimization_only,O0002425,M000988,S0005272,C011,P02,B,B,2025-03-29,9.266676666666665,9.0,1
2025-03-29,B1_optimization_only,O0002428,M000978,S0005273,C001,P03,A,A,2025-03-29,10.475,28.0,1
2025-03-29,B1_optimization_only,O0002428,M000978,S0005274,C001,P03,A,A,2025-03-29,11.60001,16.0,1
2025-03-29,B1_optimization_only,O0002428,M000978,S0005275,C001,P03,A,A,2025-03-29,13.475019999999999,1.0,1
2025-03-29,B1_optimization_only,O0002428,M000978,S0005276,C001,P03,A,A,2025-03-29,28.10003,7.0,1
2025-03-29,B1_optimization_only,O0002429,M000983,S0005278,C006,P03,B,B,2025-03-29,8.80001,13.0,1
2025-03-29,B1_optimization_only,O0002429,M000983,S0005279,C006,P03,B,B,2025-03-29,10.67502,1.0,1
2025-03-29,B1_optimization_only,O0002429,M000983,S0005280,C006,P03,B,B,2025-03-29,25.30003,10.0,1
2025-03-29,B1_optimization_only,O0002432,M000989,S0005281,C012,P04,A,B,2025-03-29,10.166666666666666,7.0,0
2025-03-29,B1_optimization_only,O0002435,M000982,S0005281,C005,P04,A,A,2025-03-29,12.866666666666665,13.0,1
2025-03-29,B1_optimization_only,O0002435,M000982,S0005282,C005,P04,A,A,2025-03-29,14.866676666666665,7.0,1
2025-03-29,B1_optimization_only,O0002435,M000982,S0005283,C005,P04,A,A,2025-03-29,30.20002,2.0,1
2025-03-29,B1_optimization_only,O0002433,M000981,S0005284,C004,P04,B,B,2025-03-29,13.666666666666666,5.0,1
2025-03-29,B1_optimization_only,O0002434,M000984,S0005284,C007,P04,B,B,2025-03-29,12.066666666666665,4.0,1
2025-03-29,B1_optimization_only,O0002431,M000979,S0005285,C002,P04,B,B,2025-03-29,17.066676666666666,4.0,1
2025-03-29,B1_optimization_only,O0002433,M000981,S0005285,C004,P04,B,B,2025-03-29,15.666676666666666,1.0,1
2025-03-29,B1_optimization_only,O0002431,M000979,S0005286,C002,P04,B,B,2025-03-29,32.40002,2.0,1
2025-03-29,B1_optimization_only,O0002436,M000981,S0005287,C004,P05,A,B,2025-03-29,9.440000000000001,5.0,0
2025-03-29,B1_optimization_only,O0002437,M000986,S0005287,C009,P05,A,A,2025-03-29,10.139999999999999,5.0,1
2025-03-29,B1_optimization_only,O0002438,M000978,S0005287,C001,P05,A,A,2025-03-29,12.34,6.0,1
2025-03-29,B1_optimization_only,O0002438,M000978,S0005288,C001,P05,A,A,2025-03-29,13.06001,13.0,1
2025-03-29,B1_optimization_only,O0002438,M000978,S0005289,C001,P05,A,A,2025-03-29,14.260019999999999,10.0,1
2025-03-29,B1_optimization_only,O0002438,M000978,S0005290,C001,P05,A,A,2025-03-29,15.940030000000002,8.0,1
2025-03-29,B1_optimization_only,O0002438,M000978,S0005291,C001,P05,A,A,2025-03-29,30.10004,1.0,1
2025-03-29,B1_optimization_only,O0002436,M000981,S0005292,C004,P05,B,B,2025-03-29,10.540000000000001,8.0,1
2025-03-29,B1_optimization_only,O0002436,M000981,S0005293,C004,P05,B,B,2025-03-29,11.260010000000001,5.0,1
2025-03-29,B1_optimization_only,O0002436,M000981,S0005294,C004,P05,B,B,2025-03-29,12.46002,8.0,1
2025-03-29,B1_optimization_only,O0002436,M000981,S0005295,C004,P05,B,B,2025-03-29,14.140030000000001,2.0,1
2025-03-29,B1_optimization_only,O0002436,M000981,S0005296,C004,P05,B,B,2025-03-29,28.30004,3.0,1
2025-03-29,B1_optimization_only,O0002441,M000978,S0005297,C001,P06,A,A,2025-03-29,11.666666666666666,9.0,1
2025-03-29,B1_optimization_only,O0002442,M000981,S0005297,C004,P06,A,A,2025-03-29,9.866666666666665,5.0,1
2025-03-29,B1_optimization_only,O0002441,M000978,S0005298,C001,P06,A,A,2025-03-29,13.666676666666666,15.0,1
2025-03-29,B1_optimization_only,O0002443,M000986,S0005299,C009,P06,B,B,2025-03-29,9.466666666666667,3.0,1
2025-03-29,B1_optimization_only,O0002443,M000986,S0005300,C009,P06,B,B,2025-03-29,11.466676666666666,6.0,1
2025-03-29,B1_optimization_only,O0002443,M000986,S0005301,C009,P06,B,B,2025-03-29,26.80002,2.0,1
2025-03-29,B1_optimization_only,O0002445,M000979,S0005302,C002,P07,A,A,2025-03-29,9.522448979591838,12.0,1
2025-03-29,B1_optimization_only,O0002445,M000979,S0005303,C002,P07,A,A,2025-03-29,9.889805918367347,13.0,1
2025-03-29,B1_optimization_only,O0002445,M000979,S0005304,C002,P07,A,A,2025-03-29,10.50206081632653,8.0,1
2025-03-29,B1_optimization_only,O0002445,M000979,S0005305,C002,P07,A,A,2025-03-29,11.35921367346939,6.0,1
2025-03-29,B1_optimization_only,O0002445,M000979,S0005306,C002,P07,A,A,2025-03-29,12.46126448979592,1.0,1
2025-03-29,B1_optimization_only,O0002445,M000979,S0005307,C002,P07,A,A,2025-03-29,13.808213265306122,2.0,1
2025-03-29,B1_optimization_only,O0002445,M000979,S0005308,C002,P07,A,A,2025-03-29,27.40006,6.0,1
2025-03-29,B1_optimization_only,O0002450,M000979,S0005316,C002,P08,A,A,2025-03-29,11.540000000000001,7.0,1
2025-03-29,B1_optimization_only,O0002450,M000979,S0005317,C002,P08,A,A,2025-03-29,12.260010000000001,13.0,1
2025-03-29,B1_optimization_only,O0002450,M000979,S0005318,C002,P08,A,A,2025-03-29,13.46002,6.0,1
2025-03-29,B1_optimization_only,O0002450,M000979,S0005319,C002,P08,A,A,2025-03-29,15.140030000000001,8.0,1
2025-03-29,B1_optimization_only,O0002450,M000979,S0005320,C002,P08,A,A,2025-03-29,29.30004,3.0,1
2025-03-29,P1_proposed_dss,O0002420,M000981,S0005263,C004,P01,A,A,2025-03-29,10.066666666666666,60.0,1
2025-03-29,P1_proposed_dss,O0002422,M000984,S0005263,C007,P01,A,B,2025-03-29,7.366666666666666,9.0,0
2025-03-29,P1_proposed_dss,O0002423,M000978,S0005263,C001,P01,A,A,2025-03-29,11.866666666666665,5.0,1
2025-03-29,P1_proposed_dss,O0002423,M000978,S0005264,C001,P01,A,A,2025-03-29,13.866676666666665,13.0,1
2025-03-29,P1_proposed_dss,O0002423,M000978,S0005265,C001,P01,A,A,2025-03-29,29.20002,2.0,1
2025-03-29,P1_proposed_dss,O0002419,M000988,S0005266,C011,P01,B,B,2025-03-29,7.866666666666667,21.0,1
2025-03-29,P1_proposed_dss,O0002419,M000988,S0005267,C011,P01,B,B,2025-03-29,9.866676666666667,1.0,1
2025-03-29,P1_proposed_dss,O0002421,M000979,S0005267,C002,P01,B,B,2025-03-29,13.466676666666666,6.0,1
2025-03-29,P1_proposed_dss,O0002422,M000984,S0005267,C007,P01,B,B,2025-03-29,10.466676666666666,4.0,1
2025-03-29,P1_proposed_dss,O0002424,M000978,S0005268,C001,P02,A,B,2025-03-29,10.166666666666666,9.0,0
2025-03-29,P1_proposed_dss,O0002426,M000979,S0005268,C002,P02,A,A,2025-03-29,10.866666666666665,9.0,1
2025-03-29,P1_proposed_dss,O0002427,M000980,S0005268,C003,P02,A,B,2025-03-29,8.766666666666666,8.0,0
2025-03-29,P1_proposed_dss,O0002426,M000979,S0005269,C002,P02,A,A,2025-03-29,12.866676666666665,29.0,1
2025-03-29,P1_proposed_dss,O0002426,M000979,S0005270,C002,P02,A,A,2025-03-29,28.20002,2.0,1
2025-03-29,P1_proposed_dss,O0002425,M000988,S0005271,C011,P02,B,B,2025-03-29,7.266666666666667,5.0,1
2025-03-29,P1_proposed_dss,O0002425,M000988,S0005272,C011,P02,B,B,2025-03-29,9.266676666666665,9.0,1
2025-03-29,P1_proposed_dss,O0002428,M000978,S0005273,C001,P03,A,A,2025-03-29,10.475,28.0,1
2025-03-29,P1_proposed_dss,O0002428,M000978,S0005274,C001,P03,A,A,2025-03-29,11.60001,16.0,1
2025-03-29,P1_proposed_dss,O0002428,M000978,S0005275,C001,P03,A,A,2025-03-29,13.475019999999999,1.0,1
2025-03-29,P1_proposed_dss,O0002428,M000978,S0005276,C001,P03,A,A,2025-03-29,28.10003,7.0,1
2025-03-29,P1_proposed_dss,O0002432,M000989,S0005281,C012,P04,A,B,2025-03-29,10.166666666666666,7.0,0
2025-03-29,P1_proposed_dss,O0002435,M000982,S0005281,C005,P04,A,A,2025-03-29,12.866666666666665,13.0,1
2025-03-29,P1_proposed_dss,O0002435,M000982,S0005282,C005,P04,A,A,2025-03-29,14.866676666666665,7.0,1
2025-03-29,P1_proposed_dss,O0002435,M000982,S0005283,C005,P04,A,A,2025-03-29,30.20002,2.0,1
2025-03-29,P1_proposed_dss,O0002433,M000981,S0005284,C004,P04,B,B,2025-03-29,13.666666666666666,5.0,1
2025-03-29,P1_proposed_dss,O0002434,M000984,S0005284,C007,P04,B,B,2025-03-29,12.066666666666665,4.0,1
2025-03-29,P1_proposed_dss,O0002431,M000979,S0005285,C002,P04,B,B,2025-03-29,17.066676666666666,4.0,1
2025-03-29,P1_proposed_dss,O0002433,M000981,S0005285,C004,P04,B,B,2025-03-29,15.666676666666666,1.0,1
2025-03-29,P1_proposed_dss,O0002431,M000979,S0005286,C002,P04,B,B,2025-03-29,32.40002,2.0,1
2025-03-29,P1_proposed_dss,O0002436,M000981,S0005287,C004,P05,A,B,2025-03-29,9.440000000000001,5.0,0
2025-03-29,P1_proposed_dss,O0002437,M000986,S0005287,C009,P05,A,A,2025-03-29,10.139999999999999,5.0,1
2025-03-29,P1_proposed_dss,O0002438,M000978,S0005287,C001,P05,A,A,2025-03-29,12.34,6.0,1
2025-03-29,P1_proposed_dss,O0002438,M000978,S0005288,C001,P05,A,A,2025-03-29,13.06001,13.0,1
2025-03-29,P1_proposed_dss,O0002438,M000978,S0005289,C001,P05,A,A,2025-03-29,14.260019999999999,10.0,1
2025-03-29,P1_proposed_dss,O0002438,M000978,S0005290,C001,P05,A,A,2025-03-29,15.940030000000002,8.0,1
2025-03-29,P1_proposed_dss,O0002438,M000978,S0005291,C001,P05,A,A,2025-03-29,30.10004,1.0,1
2025-03-29,P1_proposed_dss,O0002436,M000981,S0005292,C004,P05,B,B,2025-03-29,10.540000000000001,8.0,1
2025-03-29,P1_proposed_dss,O0002436,M000981,S0005293,C004,P05,B,B,2025-03-29,11.260010000000001,5.0,1
2025-03-29,P1_proposed_dss,O0002436,M000981,S0005294,C004,P05,B,B,2025-03-29,12.46002,8.0,1
2025-03-29,P1_proposed_dss,O0002436,M000981,S0005295,C004,P05,B,B,2025-03-29,14.140030000000001,2.0,1
2025-03-29,P1_proposed_dss,O0002436,M000981,S0005296,C004,P05,B,B,2025-03-29,28.30004,3.0,1
2025-03-29,P1_proposed_dss,O0002441,M000978,S0005297,C001,P06,A,A,2025-03-29,11.666666666666666,9.0,1
2025-03-29,P1_proposed_dss,O0002442,M000981,S0005297,C004,P06,A,A,2025-03-29,9.866666666666665,5.0,1
2025-03-29,P1_proposed_dss,O0002441,M000978,S0005298,C001,P06,A,A,2025-03-29,13.666676666666666,15.0,1
2025-03-29,P1_proposed_dss,O0002443,M000986,S0005299,C009,P06,B,B,2025-03-29,9.466666666666667,3.0,1
2025-03-29,P1_proposed_dss,O0002443,M000986,S0005300,C009,P06,B,B,2025-03-29,11.466676666666666,6.0,1
2025-03-29,P1_proposed_dss,O0002443,M000986,S0005301,C009,P06,B,B,2025-03-29,26.80002,2.0,1
2025-03-29,P1_proposed_dss,O0002445,M000979,S0005302,C002,P07,A,A,2025-03-29,9.522448979591838,12.0,1
2025-03-29,P1_proposed_dss,O0002445,M000979,S0005303,C002,P07,A,A,2025-03-29,9.889805918367347,13.0,1
2025-03-29,P1_proposed_dss,O0002445,M000979,S0005304,C002,P07,A,A,2025-03-29,10.50206081632653,8.0,1
2025-03-29,P1_proposed_dss,O0002445,M000979,S0005305,C002,P07,A,A,2025-03-29,11.35921367346939,6.0,1
2025-03-29,P1_proposed_dss,O0002445,M000979,S0005306,C002,P07,A,A,2025-03-29,12.46126448979592,1.0,1
2025-03-29,P1_proposed_dss,O0002445,M000979,S0005307,C002,P07,A,A,2025-03-29,13.808213265306122,2.0,1
2025-03-29,P1_proposed_dss,O0002445,M000979,S0005308,C002,P07,A,A,2025-03-29,27.40006,6.0,1
2025-03-29,P1_proposed_dss,O0002450,M000979,S0005316,C002,P08,A,A,2025-03-29,11.540000000000001,7.0,1
2025-03-29,P1_proposed_dss,O0002450,M000979,S0005317,C002,P08,A,A,2025-03-29,12.260010000000001,13.0,1
2025-03-29,P1_proposed_dss,O0002450,M000979,S0005318,C002,P08,A,A,2025-03-29,13.46002,6.0,1
2025-03-29,P1_proposed_dss,O0002450,M000979,S0005319,C002,P08,A,A,2025-03-29,15.140030000000001,8.0,1
2025-03-29,P1_proposed_dss,O0002450,M000979,S0005320,C002,P08,A,A,2025-03-29,29.30004,3.0,1
2025-03-30,B0_manual,O0002451,M000990,S0005326,C002,P01,A,A,2025-03-30,,13.0,1
2025-03-30,B0_manual,O0002461,M000990,S0005337,C002,P03,A,A,2025-03-30,,12.0,1
2025-03-30,B0_manual,O0002480,M000990,S0005382,C002,P08,B,B,2025-03-30,,4.0,1
2025-03-30,B0_manual,O0002480,M000990,S0005383,C002,P08,B,B,2025-03-30,,5.0,1
2025-03-30,B0_manual,O0002480,M000990,S0005384,C002,P08,B,B,2025-03-30,,5.0,1
2025-03-30,B0_manual,O0002480,M000990,S0005385,C002,P08,B,B,2025-03-30,,1.0,1
2025-03-30,B0_manual,O0002467,M000991,S0005350,C003,P05,A,A,2025-03-30,,5.0,1
2025-03-30,B0_manual,O0002454,M000992,S0005326,C004,P01,A,A,2025-03-30,,25.0,1
2025-03-30,B0_manual,O0002460,M000992,S0005341,C004,P03,B,B,2025-03-30,,4.0,1
2025-03-30,B0_manual,O0002460,M000992,S0005342,C004,P03,B,B,2025-03-30,,4.0,1
2025-03-30,B0_manual,O0002460,M000992,S0005343,C004,P03,B,B,2025-03-30,,2.0,1
2025-03-30,B0_manual,O0002464,M000992,S0005355,C004,P05,B,B,2025-03-30,,6.0,1
2025-03-30,B0_manual,O0002453,M000993,S0005329,C005,P01,B,B,2025-03-30,,4.0,1
2025-03-30,B0_manual,O0002453,M000993,S0005330,C005,P01,B,B,2025-03-30,,10.0,1
2025-03-30,B0_manual,O0002453,M000993,S0005331,C005,P01,B,B,2025-03-30,,4.0,1
2025-03-30,B0_manual,O0002457,M000993,S0005332,C005,P02,A,A,2025-03-30,,4.0,1
2025-03-30,B0_manual,O0002463,M000993,S0005347,C005,P04,B,B,2025-03-30,,13.0,1
2025-03-30,B0_manual,O0002470,M000993,S0005360,C005,P06,A,A,2025-03-30,,6.0,1
2025-03-30,B0_manual,O0002474,M000993,S0005365,C005,P07,A,A,2025-03-30,,10.0,1
2025-03-30,B0_manual,O0002474,M000993,S0005366,C005,P07,A,A,2025-03-30,,6.0,1
2025-03-30,B0_manual,O0002466,M000994,S0005350,C006,P05,A,A,2025-03-30,,16.0,1
2025-03-30,B0_manual,O0002466,M000994,S0005351,C006,P05,A,A,2025-03-30,,4.0,1
2025-03-30,B0_manual,O0002469,M000994,S0005360,C006,P06,A,A,2025-03-30,,18.0,1
2025-03-30,B0_manual,O0002469,M000994,S0005361,C006,P06,A,A,2025-03-30,,12.0,1
2025-03-30,B0_manual,O0002465,M000995,S0005351,C007,P05,A,A,2025-03-30,,10.0,1
2025-03-30,B0_manual,O0002468,M000996,S0005352,C008,P05,A,A,2025-03-30,,16.0,1
2025-03-30,B0_manual,O0002472,M000996,S0005362,C008,P06,B,B,2025-03-30,,1.0,1
2025-03-30,B0_manual,O0002472,M000996,S0005363,C008,P06,B,B,2025-03-30,,5.0,1
2025-03-30,B0_manual,O0002472,M000996,S0005364,C008,P06,B,B,2025-03-30,,4.0,1
2025-03-30,B0_manual,O0002472,M000996,S0005361,C008,P06,A,B,2025-03-30,,1.0,0
2025-03-30,B0_manual,O0002455,M000997,S0005335,C009,P02,B,B,2025-03-30,,21.0,1
2025-03-30,B0_manual,O0002455,M000997,S0005336,C009,P02,B,B,2025-03-30,,8.0,1
2025-03-30,B0_manual,O0002473,M000997,S0005366,C009,P07,A,A,2025-03-30,,19.0,1
2025-03-30,B0_manual,O0002473,M000997,S0005367,C009,P07,A,A,2025-03-30,,9.0,1
2025-03-30,B0_manual,O0002473,M000997,S0005368,C009,P07,A,A,2025-03-30,,10.0,1
2025-03-30,B0_manual,O0002473,M000997,S0005369,C009,P07,A,A,2025-03-30,,3.0,1
2025-03-30,B0_manual,O0002452,M000998,S0005326,C010,P01,A,A,2025-03-30,,5.0,1
2025-03-30,B0_manual,O0002452,M000998,S0005327,C010,P01,A,A,2025-03-30,,1.0,1
2025-03-30,B0_manual,O0002456,M000998,S0005332,C010,P02,A,A,2025-03-30,,11.0,1
2025-03-30,B0_manual,O0002456,M000998,S0005333,C010,P02,A,A,2025-03-30,,1.0,1
2025-03-30,B0_manual,O0002462,M000998,S0005344,C010,P04,A,A,2025-03-30,,13.0,1
2025-03-30,B0_manual,O0002462,M000998,S0005345,C010,P04,A,A,2025-03-30,,9.0,1
2025-03-30,B0_manual,O0002462,M000998,S0005346,C010,P04,A,A,2025-03-30,,4.0,1
2025-03-30,B0_manual,O0002476,M000999,S0005377,C011,P08,A,A,2025-03-30,,5.0,1
2025-03-30,B0_manual,O0002479,M001000,S0005377,C012,P08,A,A,2025-03-30,,4.0,1
2025-03-30,B0_manual,O0002479,M001000,S0005378,C012,P08,A,A,2025-03-30,,6.0,1
2025-03-30,B1_optimization_only,O0002452,M000998,S0005326,C010,P01,A,A,2025-03-30,9.466666666666667,6.0,1
2025-03-30,B1_optimization_only,O0002453,M000993,S0005326,C005,P01,A,B,2025-03-30,8.166666666666668,15.0,0
2025-03-30,B1_optimization_only,O0002454,M000992,S0005326,C004,P01,A,A,2025-03-30,10.066666666666666,18.0,1
2025-03-30,B1_optimization_only,O0002451,M000990,S0005327,C002,P01,A,A,2025-03-30,13.466676666666666,8.0,1
2025-03-30,B1_optimization_only,O0002454,M000992,S0005327,C004,P01,A,A,2025-03-30,12.066676666666666,7.0,1
2025-03-30,B1_optimization_only,O0002451,M000990,S0005328,C002,P01,A,A,2025-03-30,28.80002,5.0,1
2025-03-30,B1_optimization_only,O0002453,M000993,S0005329,C005,P01,B,B,2025-03-30,9.266666666666667,4.0,1
2025-03-30,B1_optimization_only,O0002453,M000993,S0005330,C005,P01,B,B,2025-03-30,11.266676666666667,10.0,1
2025-03-30,B1_optimization_only,O0002453,M000993,S0005331,C005,P01,B,B,2025-03-30,26.60002,4.0,1
2025-03-30,B1_optimization_only,O0002456,M000998,S0005332,C010,P02,A,A,2025-03-30,8.866666666666665,4.0,1
2025-03-30,B1_optimization_only,O0002457,M000993,S0005332,C005,P02,A,A,2025-03-30,8.666666666666666,4.0,1
2025-03-30,B1_optimization_only,O0002458,M001000,S0005332,C012,P02,A,B,2025-03-30,5.966666666666668,4.0,0
2025-03-30,B1_optimization_only,O0002456,M000998,S0005333,C010,P02,A,A,2025-03-30,10.866676666666665,7.0,1
2025-03-30,B1_optimization_only,O0002456,M000998,S0005334,C010,P02,A,A,2025-03-30,26.20002,1.0,1
2025-03-30,B1_optimization_only,O0002455,M000997,S0005335,C009,P02,B,B,2025-03-30,9.066666666666666,21.0,1
2025-03-30,B1_optimization_only,O0002455,M000997,S0005336,C009,P02,B,B,2025-03-30,11.066676666666666,8.0,1
2025-03-30,B1_optimization_only,O0002461,M000990,S0005339,C002,P03,A,A,2025-03-30,13.075019999999999,8.0,1
2025-03-30,B1_optimization_only,O0002461,M000990,S0005340,C002,P03,A,A,2025-03-30,27.700029999999998,4.0,1
2025-03-30,B1_optimization_only,O0002460,M000992,S0005341,C004,P03,B,B,2025-03-30,8.675,4.0,1
2025-03-30,B1_optimization_only,O0002460,M000992,S0005342,C004,P03,B,B,2025-03-30,9.80001,4.0,1
2025-03-30,B1_optimization_only,O0002460,M000992,S0005343,C004,P03,B,B,2025-03-30,11.67502,2.0,1
2025-03-30,B1_optimization_only,O0002462,M000998,S0005344,C010,P04,A,A,2025-03-30,13.066666666666665,13.0,1
2025-03-30,B1_optimization_only,O0002462,M000998,S0005345,C010,P04,A,A,2025-03-30,15.066676666666664,9.0,1
2025-03-30,B1_optimization_only,O0002462,M000998,S0005346,C010,P04,A,A,2025-03-30,30.400019999999998,4.0,1
2025-03-30,B1_optimization_only,O0002463,M000993,S0005347,C005,P04,B,B,2025-03-30,12.866666666666665,3.0,1
2025-03-30,B1_optimization_only,O0002463,M000993,S0005348,C005,P04,B,B,2025-03-30,14.866676666666665,9.0,1
2025-03-30,B1_optimization_only,O0002463,M000993,S0005349,C005,P04,B,B,2025-03-30,30.20002,1.0,1
2025-03-30,B1_optimization_only,O0002468,M000996,S0005350,C008,P05,A,A,2025-03-30,8.74,10.0,1
2025-03-30,B1_optimization_only,O0002465,M000995,S0005351,C007,P05,A,A,2025-03-30,9.66001,8.0,1
2025-03-30,B1_optimization_only,O0002468,M000996,S0005351,C008,P05,A,A,2025-03-30,9.46001,6.0,1
2025-03-30,B1_optimization_only,O0002465,M000995,S0005352,C007,P05,A,A,2025-03-30,10.860019999999999,2.0,1
2025-03-30,B1_optimization_only,O0002466,M000994,S0005352,C006,P05,A,A,2025-03-30,11.46002,14.0,1
2025-03-30,B1_optimization_only,O0002466,M000994,S0005353,C006,P05,A,A,2025-03-30,13.140030000000001,6.0,1
2025-03-30,B1_optimization_only,O0002467,M000991,S0005354,C003,P05,A,A,2025-03-30,28.700039999999998,5.0,1
2025-03-30,B1_optimization_only,O0002464,M000992,S0005357,C004,P05,B,B,2025-03-30,12.46002,1.0,1
2025-03-30,B1_optimization_only,O0002464,M000992,S0005358,C004,P05,B,B,2025-03-30,14.140030000000001,4.0,1
2025-03-30,B1_optimization_only,O0002464,M000992,S0005359,C004,P05,B,B,2025-03-30,28.30004,1.0,1
2025-03-30,B1_optimization_only,O0002469,M000994,S0005360,C006,P06,A,A,2025-03-30,8.866666666666665,23.0,1
2025-03-30,B1_optimization_only,O0002471,M001000,S0005360,C012,P06,A,A,2025-03-30,7.466666666666667,1.0,1
2025-03-30,B1_optimization_only,O0002469,M000994,S0005361,C006,P06,A,A,2025-03-30,10.866676666666665,7.0,1
2025-03-30,B1_optimization_only,O0002470,M000993,S0005361,C005,P06,A,A,2025-03-30,11.066676666666666,6.0,1
2025-03-30,B1_optimization_only,O0002472,M000996,S0005362,C008,P06,B,B,2025-03-30,8.066666666666666,1.0,1
2025-03-30,B1_optimization_only,O0002472,M000996,S0005363,C008,P06,B,B,2025-03-30,10.066676666666666,5.0,1
2025-03-30,B1_optimization_only,O0002472,M000996,S0005364,C008,P06,B,B,2025-03-30,25.400019999999998,4.0,1
2025-03-30,B1_optimization_only,O0002473,M000997,S0005365,C009,P07,A,A,2025-03-30,7.722448979591836,10.0,1
2025-03-30,B1_optimization_only,O0002473,M000997,S0005366,C009,P07,A,A,2025-03-30,8.089805918367347,25.0,1
2025-03-30,B1_optimization_only,O0002473,M000997,S0005367,C009,P07,A,A,2025-03-30,8.70206081632653,9.0,1
2025-03-30,B1_optimization_only,O0002473,M000997,S0005368,C009,P07,A,A,2025-03-30,9.559213673469388,10.0,1
2025-03-30,B1_optimization_only,O0002473,M000997,S0005369,C009,P07,A,A,2025-03-30,10.661264489795919,3.0,1
2025-03-30,B1_optimization_only,O0002479,M001000,S0005377,C012,P08,A,A,2025-03-30,7.74,8.0,1
2025-03-30,B1_optimization_only,O0002480,M000990,S0005377,C002,P08,A,B,2025-03-30,10.440000000000001,1.0,0
2025-03-30,B1_optimization_only,O0002476,M000999,S0005378,C011,P08,A,A,2025-03-30,8.66001,5.0,1
2025-03-30,B1_optimization_only,O0002479,M001000,S0005378,C012,P08,A,A,2025-03-30,8.46001,2.0,1
2025-03-30,B1_optimization_only,O0002480,M000990,S0005378,C002,P08,A,B,2025-03-30,11.160010000000002,1.0,0
2025-03-30,B1_optimization_only,O0002480,M000990,S0005379,C002,P08,A,B,2025-03-30,12.36002,4.0,0
2025-03-30,B1_optimization_only,O0002480,M000990,S0005380,C002,P08,A,B,2025-03-30,14.040030000000003,2.0,0
2025-03-30,B1_optimization_only,O0002480,M000990,S0005381,C002,P08,A,B,2025-03-30,28.20004,1.0,0
2025-03-30,B1_optimization_only,O0002477,M000992,S0005382,C004,P08,B,B,2025-03-30,10.14,4.0,1
2025-03-30,B1_optimization_only,O0002477,M000992,S0005383,C004,P08,B,B,2025-03-30,10.86001,1.0,1
2025-03-30,B1_optimization_only,O0002478,M000996,S0005383,C008,P08,B,B,2025-03-30,9.060010000000002,1.0,1
2025-03-30,B1_optimization_only,O0002480,M000990,S0005383,C002,P08,B,B,2025-03-30,12.260010000000001,3.0,1
2025-03-30,B1_optimization_only,O0002480,M000990,S0005384,C002,P08,B,B,2025-03-30,13.46002,5.0,1
2025-03-30,B1_optimization_only,O0002480,M000990,S0005385,C002,P08,B,B,2025-03-30,15.140030000000001,1.0,1
2025-03-30,P1_proposed_dss,O0002452,M000998,S0005326,C010,P01,A,A,2025-03-30,9.466666666666667,6.0,1
2025-03-30,P1_proposed_dss,O0002453,M000993,S0005326,C005,P01,A,B,2025-03-30,8.166666666666668,15.0,0
2025-03-30,P1_proposed_dss,O0002454,M000992,S0005326,C004,P01,A,A,2025-03-30,10.066666666666666,18.0,1
2025-03-30,P1_proposed_dss,O0002451,M000990,S0005327,C002,P01,A,A,2025-03-30,13.466676666666666,8.0,1
2025-03-30,P1_proposed_dss,O0002454,M000992,S0005327,C004,P01,A,A,2025-03-30,12.066676666666666,7.0,1
2025-03-30,P1_proposed_dss,O0002451,M000990,S0005328,C002,P01,A,A,2025-03-30,28.80002,5.0,1
2025-03-30,P1_proposed_dss,O0002453,M000993,S0005329,C005,P01,B,B,2025-03-30,9.266666666666667,4.0,1
2025-03-30,P1_proposed_dss,O0002453,M000993,S0005330,C005,P01,B,B,2025-03-30,11.266676666666667,10.0,1
2025-03-30,P1_proposed_dss,O0002453,M000993,S0005331,C005,P01,B,B,2025-03-30,26.60002,4.0,1
2025-03-30,P1_proposed_dss,O0002456,M000998,S0005332,C010,P02,A,A,2025-03-30,8.866666666666665,4.0,1
2025-03-30,P1_proposed_dss,O0002457,M000993,S0005332,C005,P02,A,A,2025-03-30,8.666666666666666,4.0,1
2025-03-30,P1_proposed_dss,O0002458,M001000,S0005332,C012,P02,A,B,2025-03-30,5.966666666666668,4.0,0
2025-03-30,P1_proposed_dss,O0002456,M000998,S0005333,C010,P02,A,A,2025-03-30,10.866676666666665,7.0,1
2025-03-30,P1_proposed_dss,O0002456,M000998,S0005334,C010,P02,A,A,2025-03-30,26.20002,1.0,1
2025-03-30,P1_proposed_dss,O0002455,M000997,S0005335,C009,P02,B,B,2025-03-30,9.066666666666666,21.0,1
2025-03-30,P1_proposed_dss,O0002455,M000997,S0005336,C009,P02,B,B,2025-03-30,11.066676666666666,8.0,1
2025-03-30,P1_proposed_dss,O0002461,M000990,S0005339,C002,P03,A,A,2025-03-30,13.075019999999999,8.0,1
2025-03-30,P1_proposed_dss,O0002461,M000990,S0005340,C002,P03,A,A,2025-03-30,27.700029999999998,4.0,1
2025-03-30,P1_proposed_dss,O0002460,M000992,S0005341,C004,P03,B,B,2025-03-30,8.675,4.0,1
2025-03-30,P1_proposed_dss,O0002460,M000992,S0005342,C004,P03,B,B,2025-03-30,9.80001,4.0,1
2025-03-30,P1_proposed_dss,O0002460,M000992,S0005343,C004,P03,B,B,2025-03-30,11.67502,2.0,1
2025-03-30,P1_proposed_dss,O0002462,M000998,S0005344,C010,P04,A,A,2025-03-30,13.066666666666665,13.0,1
2025-03-30,P1_proposed_dss,O0002462,M000998,S0005345,C010,P04,A,A,2025-03-30,15.066676666666664,9.0,1
2025-03-30,P1_proposed_dss,O0002462,M000998,S0005346,C010,P04,A,A,2025-03-30,30.400019999999998,4.0,1
2025-03-30,P1_proposed_dss,O0002463,M000993,S0005347,C005,P04,B,B,2025-03-30,12.866666666666665,3.0,1
2025-03-30,P1_proposed_dss,O0002463,M000993,S0005348,C005,P04,B,B,2025-03-30,14.866676666666665,9.0,1
2025-03-30,P1_proposed_dss,O0002463,M000993,S0005349,C005,P04,B,B,2025-03-30,30.20002,1.0,1
2025-03-30,P1_proposed_dss,O0002468,M000996,S0005350,C008,P05,A,A,2025-03-30,8.74,10.0,1
2025-03-30,P1_proposed_dss,O0002465,M000995,S0005351,C007,P05,A,A,2025-03-30,9.66001,8.0,1
2025-03-30,P1_proposed_dss,O0002468,M000996,S0005351,C008,P05,A,A,2025-03-30,9.46001,6.0,1
2025-03-30,P1_proposed_dss,O0002465,M000995,S0005352,C007,P05,A,A,2025-03-30,10.860019999999999,2.0,1
2025-03-30,P1_proposed_dss,O0002466,M000994,S0005352,C006,P05,A,A,2025-03-30,11.46002,14.0,1
2025-03-30,P1_proposed_dss,O0002466,M000994,S0005353,C006,P05,A,A,2025-03-30,13.140030000000001,6.0,1
2025-03-30,P1_proposed_dss,O0002467,M000991,S0005354,C003,P05,A,A,2025-03-30,28.700039999999998,5.0,1
2025-03-30,P1_proposed_dss,O0002464,M000992,S0005357,C004,P05,B,B,2025-03-30,12.46002,1.0,1
2025-03-30,P1_proposed_dss,O0002464,M000992,S0005358,C004,P05,B,B,2025-03-30,14.140030000000001,4.0,1
2025-03-30,P1_proposed_dss,O0002464,M000992,S0005359,C004,P05,B,B,2025-03-30,28.30004,1.0,1
2025-03-30,P1_proposed_dss,O0002469,M000994,S0005360,C006,P06,A,A,2025-03-30,8.866666666666665,23.0,1
2025-03-30,P1_proposed_dss,O0002471,M001000,S0005360,C012,P06,A,A,2025-03-30,7.466666666666667,1.0,1
2025-03-30,P1_proposed_dss,O0002469,M000994,S0005361,C006,P06,A,A,2025-03-30,10.866676666666665,7.0,1
2025-03-30,P1_proposed_dss,O0002470,M000993,S0005361,C005,P06,A,A,2025-03-30,11.066676666666666,6.0,1
2025-03-30,P1_proposed_dss,O0002472,M000996,S0005362,C008,P06,B,B,2025-03-30,8.066666666666666,1.0,1
2025-03-30,P1_proposed_dss,O0002472,M000996,S0005363,C008,P06,B,B,2025-03-30,10.066676666666666,5.0,1
2025-03-30,P1_proposed_dss,O0002472,M000996,S0005364,C008,P06,B,B,2025-03-30,25.400019999999998,4.0,1
2025-03-30,P1_proposed_dss,O0002473,M000997,S0005365,C009,P07,A,A,2025-03-30,7.722448979591836,10.0,1
2025-03-30,P1_proposed_dss,O0002473,M000997,S0005366,C009,P07,A,A,2025-03-30,8.089805918367347,25.0,1
2025-03-30,P1_proposed_dss,O0002473,M000997,S0005367,C009,P07,A,A,2025-03-30,8.70206081632653,9.0,1
2025-03-30,P1_proposed_dss,O0002473,M000997,S0005368,C009,P07,A,A,2025-03-30,9.559213673469388,10.0,1
2025-03-30,P1_proposed_dss,O0002473,M000997,S0005369,C009,P07,A,A,2025-03-30,10.661264489795919,3.0,1
2025-03-30,P1_proposed_dss,O0002479,M001000,S0005377,C012,P08,A,A,2025-03-30,7.74,8.0,1
2025-03-30,P1_proposed_dss,O0002480,M000990,S0005377,C002,P08,A,B,2025-03-30,10.440000000000001,1.0,0
2025-03-30,P1_proposed_dss,O0002476,M000999,S0005378,C011,P08,A,A,2025-03-30,8.66001,5.0,1
2025-03-30,P1_proposed_dss,O0002479,M001000,S0005378,C012,P08,A,A,2025-03-30,8.46001,2.0,1
2025-03-30,P1_proposed_dss,O0002480,M000990,S0005378,C002,P08,A,B,2025-03-30,11.160010000000002,1.0,0
2025-03-30,P1_proposed_dss,O0002480,M000990,S0005379,C002,P08,A,B,2025-03-30,12.36002,4.0,0
2025-03-30,P1_proposed_dss,O0002480,M000990,S0005380,C002,P08,A,B,2025-03-30,14.040030000000003,2.0,0
2025-03-30,P1_proposed_dss,O0002480,M000990,S0005381,C002,P08,A,B,2025-03-30,28.20004,1.0,0
2025-03-30,P1_proposed_dss,O0002477,M000992,S0005382,C004,P08,B,B,2025-03-30,10.14,4.0,1
2025-03-30,P1_proposed_dss,O0002477,M000992,S0005383,C004,P08,B,B,2025-03-30,10.86001,1.0,1
2025-03-30,P1_proposed_dss,O0002478,M000996,S0005383,C008,P08,B,B,2025-03-30,9.060010000000002,1.0,1
2025-03-30,P1_proposed_dss,O0002480,M000990,S0005383,C002,P08,B,B,2025-03-30,12.260010000000001,3.0,1
2025-03-30,P1_proposed_dss,O0002480,M000990,S0005384,C002,P08,B,B,2025-03-30,13.46002,5.0,1
2025-03-30,P1_proposed_dss,O0002480,M000990,S0005385,C002,P08,B,B,2025-03-30,15.140030000000001,1.0,1
2025-03-31,B0_manual,O0002483,M001001,S0005386,C001,P01,A,A,2025-03-31,,27.0,1
2025-03-31,B0_manual,O0002483,M001001,S0005387,C001,P01,A,A,2025-03-31,,11.0,1
2025-03-31,B0_manual,O0002483,M001001,S0005388,C001,P01,A,A,2025-03-31,,1.0,1
2025-03-31,B0_manual,O0002489,M001001,S0005392,C001,P02,A,A,2025-03-31,,7.0,1
2025-03-31,B0_manual,O0002498,M001001,S0005415,C001,P05,B,B,2025-03-31,,5.0,1
2025-03-31,B0_manual,O0002498,M001001,S0005416,C001,P05,B,B,2025-03-31,,5.0,1
2025-03-31,B0_manual,O0002498,M001001,S0005417,C001,P05,B,B,2025-03-31,,2.0,1
2025-03-31,B0_manual,O0002506,M001001,S0005423,C001,P07,A,A,2025-03-31,,6.0,1
2025-03-31,B0_manual,O0002506,M001001,S0005424,C001,P07,A,A,2025-03-31,,1.0,1
2025-03-31,B0_manual,O0002491,M001002,S0005398,C002,P03,A,A,2025-03-31,,32.0,1
2025-03-31,B0_manual,O0002491,M001002,S0005399,C002,P03,A,A,2025-03-31,,23.0,1
2025-03-31,B0_manual,O0002491,M001002,S0005400,C002,P03,A,A,2025-03-31,,1.0,1
2025-03-31,B0_manual,O0002487,M001003,S0005392,C003,P02,A,A,2025-03-31,,7.0,1
2025-03-31,B0_manual,O0002496,M001003,S0005408,C003,P04,B,B,2025-03-31,,7.0,1
2025-03-31,B0_manual,O0002496,M001003,S0005409,C003,P04,B,B,2025-03-31,,3.0,1
2025-03-31,B0_manual,O0002496,M001003,S0005405,C003,P04,A,B,2025-03-31,,8.0,0
2025-03-31,B0_manual,O0002504,M001003,S0005418,C003,P06,A,A,2025-03-31,,12.0,1
2025-03-31,B0_manual,O0002513,M001003,S0005442,C003,P08,B,B,2025-03-31,,8.0,1
2025-03-31,B0_manual,O0002513,M001003,S0005443,C003,P08,B,B,2025-03-31,,1.0,1
2025-03-31,B0_manual,O0002497,M001004,S0005405,C004,P04,A,A,2025-03-31,,23.0,1
2025-03-31,B0_manual,O0002497,M001004,S0005406,C004,P04,A,A,2025-03-31,,22.0,1
2025-03-31,B0_manual,O0002497,M001004,S0005407,C004,P04,A,A,2025-03-31,,1.0,1
2025-03-31,B0_manual,O0002508,M001004,S0005430,C004,P07,B,B,2025-03-31,,2.0,1
2025-03-31,B0_manual,O0002508,M001004,S0005431,C004,P07,B,B,2025-03-31,,9.0,1
2025-03-31,B0_manual,O0002508,M001004,S0005432,C004,P07,B,B,2025-03-31,,5.0,1
2025-03-31,B0_manual,O0002484,M001005,S0005388,C005,P01,A,A,2025-03-31,,4.0,1
2025-03-31,B0_manual,O0002500,M001005,S0005410,C005,P05,A,A,2025-03-31,,7.0,1
2025-03-31,B0_manual,O0002505,M001005,S0005421,C005,P06,B,B,2025-03-31,,8.0,1
2025-03-31,B0_manual,O0002509,M001005,S0005424,C005,P07,A,A,2025-03-31,,4.0,1
2025-03-31,B0_manual,O0002509,M001005,S0005425,C005,P07,A,A,2025-03-31,,4.0,1
2025-03-31,B0_manual,O0002509,M001005,S0005426,C005,P07,A,A,2025-03-31,,10.0,1
2025-03-31,B0_manual,O0002511,M001005,S0005443,C005,P08,B,B,2025-03-31,,5.0,1
2025-03-31,B0_manual,O0002492,M001006,S0005402,C006,P03,B,B,2025-03-31,,14.0,1
2025-03-31,B0_manual,O0002492,M001006,S0005403,C006,P03,B,B,2025-03-31,,14.0,1
2025-03-31,B0_manual,O0002492,M001006,S0005404,C006,P03,B,B,2025-03-31,,4.0,1
2025-03-31,B0_manual,O0002510,M001007,S0005426,C007,P07,A,A,2025-03-31,,2.0,1
2025-03-31,B0_manual,O0002510,M001007,S0005427,C007,P07,A,A,2025-03-31,,2.0,1
2025-03-31,B0_manual,O0002510,M001007,S0005428,C007,P07,A,A,2025-03-31,,5.0,1
2025-03-31,B0_manual,O0002510,M001007,S0005429,C007,P07,A,A,2025-03-31,,1.0,1
2025-03-31,B0_manual,O0002486,M001008,S0005392,C008,P02,A,A,2025-03-31,,5.0,1
2025-03-31,B0_manual,O0002486,M001008,S0005393,C008,P02,A,A,2025-03-31,,8.0,1
2025-03-31,B0_manual,O0002486,M001008,S0005394,C008,P02,A,A,2025-03-31,,6.0,1
2025-03-31,B0_manual,O0002502,M001008,S0005421,C008,P06,B,B,2025-03-31,,1.0,1
2025-03-31,B0_manual,O0002502,M001008,S0005422,C008,P06,B,B,2025-03-31,,10.0,1
2025-03-31,B0_manual,O0002502,M001008,S0005418,C008,P06,A,B,2025-03-31,,13.0,0
2025-03-31,B0_manual,O0002515,M001008,S0005437,C008,P08,A,A,2025-03-31,,24.0,1
2025-03-31,B0_manual,O0002493,M001009,S0005400,C009,P03,A,A,2025-03-31,,6.0,1
2025-03-31,B0_manual,O0002493,M001009,S0005401,C009,P03,A,A,2025-03-31,,8.0,1
2025-03-31,B0_manual,O0002507,M001009,S0005432,C009,P07,B,B,2025-03-31,,3.0,1
2025-03-31,B0_manual,O0002507,M001009,S0005433,C009,P07,B,B,2025-03-31,,4.0,1
2025-03-31,B0_manual,O0002507,M001009,S0005434,C009,P07,B,B,2025-03-31,,1.0,1
2025-03-31,B0_manual,O0002507,M001009,S0005435,C009,P07,B,B,2025-03-31,,1.0,1
2025-03-31,B0_manual,O0002507,M001009,S0005436,C009,P07,B,B,2025-03-31,,1.0,1
2025-03-31,B0_manual,O0002514,M001009,S0005437,C009,P08,A,A,2025-03-31,,1.0,1
2025-03-31,B0_manual,O0002514,M001009,S0005438,C009,P08,A,A,2025-03-31,,11.0,1
2025-03-31,B0_manual,O0002514,M001009,S0005439,C009,P08,A,A,2025-03-31,,5.0,1
2025-03-31,B0_manual,O0002488,M001010,S0005395,C010,P02,B,B,2025-03-31,,16.0,1
2025-03-31,B0_manual,O0002490,M001010,S0005401,C010,P03,A,A,2025-03-31,,3.0,1
2025-03-31,B0_manual,O0002503,M001010,S0005418,C010,P06,A,A,2025-03-31,,1.0,1
2025-03-31,B0_manual,O0002503,M001010,S0005419,C010,P06,A,A,2025-03-31,,10.0,1
2025-03-31,B0_manual,O0002503,M001010,S0005420,C010,P06,A,A,2025-03-31,,1.0,1
2025-03-31,B0_manual,O0002512,M001010,S0005439,C010,P08,A,A,2025-03-31,,11.0,1
2025-03-31,B0_manual,O0002482,M001011,S0005389,C011,P01,B,B,2025-03-31,,9.0,1
2025-03-31,B0_manual,O0002499,M001012,S0005410,C012,P05,A,B,2025-03-31,,10.0,0
2025-03-31,B0_manual,O0002499,M001012,S0005411,C012,P05,A,B,2025-03-31,,19.0,0
2025-03-31,B0_manual,O0002499,M001012,S0005412,C012,P05,A,B,2025-03-31,,6.0,0
2025-03-31,B1_optimization_only,O0002481,M001009,S0005386,C009,P01,A,A,2025-03-31,9.666666666666666,4.0,1
2025-03-31,B1_optimization_only,O0002483,M001001,S0005386,C001,P01,A,A,2025-03-31,11.866666666666665,23.0,1
2025-03-31,B1_optimization_only,O0002483,M001001,S0005387,C001,P01,A,A,2025-03-31,13.866676666666665,11.0,1
2025-03-31,B1_optimization_only,O0002483,M001001,S0005388,C001,P01,A,A,2025-03-31,29.20002,5.0,1
2025-03-31,B1_optimization_only,O0002482,M001011,S0005389,C011,P01,B,B,2025-03-31,7.866666666666667,1.0,1
2025-03-31,B1_optimization_only,O0002482,M001011,S0005390,C011,P01,B,B,2025-03-31,9.866676666666667,6.0,1
2025-03-31,B1_optimization_only,O0002482,M001011,S0005391,C011,P01,B,B,2025-03-31,25.20002,2.0,1
2025-03-31,B1_optimization_only,O0002486,M001008,S0005392,C008,P02,A,A,2025-03-31,7.666666666666667,19.0,1
2025-03-31,B1_optimization_only,O0002487,M001003,S0005393,C003,P02,A,A,2025-03-31,11.866676666666665,7.0,1
2025-03-31,B1_optimization_only,O0002489,M001001,S0005393,C001,P02,A,A,2025-03-31,13.266676666666665,1.0,1
2025-03-31,B1_optimization_only,O0002489,M001001,S0005394,C001,P02,A,A,2025-03-31,28.60002,6.0,1
2025-03-31,B1_optimization_only,O0002488,M001010,S0005395,C010,P02,B,B,2025-03-31,8.866666666666665,9.0,1
2025-03-31,B1_optimization_only,O0002488,M001010,S0005396,C010,P02,B,B,2025-03-31,10.866676666666665,3.0,1
2025-03-31,B1_optimization_only,O0002488,M001010,S0005397,C010,P02,B,B,2025-03-31,26.20002,4.0,1
2025-03-31,B1_optimization_only,O0002490,M001010,S0005398,C010,P03,A,A,2025-03-31,8.075,3.0,1
2025-03-31,B1_optimization_only,O0002491,M001002,S0005398,C002,P03,A,A,2025-03-31,10.075,15.0,1
2025-03-31,B1_optimization_only,O0002493,M001009,S0005398,C009,P03,A,A,2025-03-31,8.275,14.0,1
2025-03-31,B1_optimization_only,O0002491,M001002,S0005399,C002,P03,A,A,2025-03-31,11.200009999999999,23.0,1
2025-03-31,B1_optimization_only,O0002491,M001002,S0005400,C002,P03,A,A,2025-03-31,13.075019999999999,7.0,1
2025-03-31,B1_optimization_only,O0002491,M001002,S0005401,C002,P03,A,A,2025-03-31,27.700029999999998,11.0,1
2025-03-31,B1_optimization_only,O0002492,M001006,S0005402,C006,P03,B,B,2025-03-31,7.675000000000001,14.0,1
2025-03-31,B1_optimization_only,O0002492,M001006,S0005403,C006,P03,B,B,2025-03-31,8.80001,14.0,1
2025-03-31,B1_optimization_only,O0002492,M001006,S0005404,C006,P03,B,B,2025-03-31,25.30003,4.0,1
2025-03-31,B1_optimization_only,O0002496,M001003,S0005405,C003,P04,A,B,2025-03-31,12.966666666666665,6.0,0
2025-03-31,B1_optimization_only,O0002497,M001004,S0005405,C004,P04,A,A,2025-03-31,13.666666666666666,25.0,1
2025-03-31,B1_optimization_only,O0002497,M001004,S0005406,C004,P04,A,A,2025-03-31,15.666676666666666,22.0,1
2025-03-31,B1_optimization_only,O0002497,M001004,S0005407,C004,P04,A,A,2025-03-31,31.00002,1.0,1
2025-03-31,B1_optimization_only,O0002496,M001003,S0005408,C003,P04,B,B,2025-03-31,14.066666666666665,7.0,1
2025-03-31,B1_optimization_only,O0002496,M001003,S0005409,C003,P04,B,B,2025-03-31,16.066676666666666,3.0,1
2025-03-31,B1_optimization_only,O0002499,M001012,S0005410,C012,P05,A,B,2025-03-31,7.039999999999999,16.0,0
2025-03-31,B1_optimization_only,O0002499,M001012,S0005411,C012,P05,A,B,2025-03-31,7.7600099999999985,19.0,0
2025-03-31,B1_optimization_only,O0002498,M001001,S0005412,C001,P05,A,B,2025-03-31,13.16002,3.0,0
2025-03-31,B1_optimization_only,O0002500,M001005,S0005412,C005,P05,A,A,2025-03-31,11.66002,7.0,1
2025-03-31,B1_optimization_only,O0002498,M001001,S0005413,C001,P05,A,B,2025-03-31,14.84003,9.0,0
2025-03-31,B1_optimization_only,O0002498,M001001,S0005414,C001,P05,A,B,2025-03-31,29.00004,1.0,0
2025-03-31,B1_optimization_only,O0002501,M001007,S0005415,C007,P05,B,B,2025-03-31,8.94,5.0,1
2025-03-31,B1_optimization_only,O0002501,M001007,S0005416,C007,P05,B,B,2025-03-31,9.66001,5.0,1
2025-03-31,B1_optimization_only,O0002498,M001001,S0005417,C001,P05,B,B,2025-03-31,15.940030000000002,2.0,1
2025-03-31,B1_optimization_only,O0002502,M001008,S0005418,C008,P06,A,B,2025-03-31,6.966666666666668,13.0,0
2025-03-31,B1_optimization_only,O0002503,M001010,S0005418,C010,P06,A,A,2025-03-31,9.266666666666666,11.0,1
2025-03-31,B1_optimization_only,O0002503,M001010,S0005419,C010,P06,A,A,2025-03-31,11.266676666666665,1.0,1
2025-03-31,B1_optimization_only,O0002504,M001003,S0005419,C003,P06,A,A,2025-03-31,12.266676666666665,9.0,1
2025-03-31,B1_optimization_only,O0002504,M001003,S0005420,C003,P06,A,A,2025-03-31,27.60002,3.0,1
2025-03-31,B1_optimization_only,O0002502,M001008,S0005421,C008,P06,B,B,2025-03-31,8.066666666666666,9.0,1
2025-03-31,B1_optimization_only,O0002502,M001008,S0005422,C008,P06,B,B,2025-03-31,10.066676666666666,2.0,1
2025-03-31,B1_optimization_only,O0002505,M001005,S0005422,C005,P06,B,B,2025-03-31,11.066676666666666,8.0,1
2025-03-31,B1_optimization_only,O0002510,M001007,S0005423,C007,P07,A,A,2025-03-31,6.522448979591836,6.0,1
2025-03-31,B1_optimization_only,O0002508,M001004,S0005424,C004,P07,A,B,2025-03-31,7.389805918367347,4.0,0
2025-03-31,B1_optimization_only,O0002509,M001005,S0005424,C005,P07,A,A,2025-03-31,7.689805918367346,1.0,1
2025-03-31,B1_optimization_only,O0002509,M001005,S0005425,C005,P07,A,A,2025-03-31,8.30206081632653,4.0,1
2025-03-31,B1_optimization_only,O0002509,M001005,S0005426,C005,P07,A,A,2025-03-31,9.159213673469388,12.0,1
2025-03-31,B1_optimization_only,O0002506,M001001,S0005427,C001,P07,A,A,2025-03-31,12.86126448979592,1.0,1
2025-03-31,B1_optimization_only,O0002509,M001005,S0005427,C005,P07,A,A,2025-03-31,10.261264489795918,1.0,1
2025-03-31,B1_optimization_only,O0002506,M001001,S0005428,C001,P07,A,A,2025-03-31,14.208213265306123,5.0,1
2025-03-31,B1_optimization_only,O0002506,M001001,S0005429,C001,P07,A,A,2025-03-31,27.800060000000002,1.0,1
2025-03-31,B1_optimization_only,O0002507,M001009,S0005430,C009,P07,B,B,2025-03-31,7.722448979591836,2.0,1
2025-03-31,B1_optimization_only,O0002507,M001009,S0005431,C009,P07,B,B,2025-03-31,8.089805918367347,9.0,1
2025-03-31,B1_optimization_only,O0002507,M001009,S0005432,C009,P07,B,B,2025-03-31,8.70206081632653,3.0,1
2025-03-31,B1_optimization_only,O0002508,M001004,S0005432,C004,P07,B,B,2025-03-31,9.10206081632653,5.0,1
2025-03-31,B1_optimization_only,O0002508,M001004,S0005433,C004,P07,B,B,2025-03-31,9.959213673469389,4.0,1
2025-03-31,B1_optimization_only,O0002508,M001004,S0005434,C004,P07,B,B,2025-03-31,11.061264489795919,1.0,1
2025-03-31,B1_optimization_only,O0002508,M001004,S0005435,C004,P07,B,B,2025-03-31,12.408213265306122,1.0,1
2025-03-31,B1_optimization_only,O0002508,M001004,S0005436,C004,P07,B,B,2025-03-31,26.00006,1.0,1
2025-03-31,B1_optimization_only,O0002515,M001008,S0005437,C008,P08,A,A,2025-03-31,8.340000000000002,7.0,1
2025-03-31,B1_optimization_only,O0002515,M001008,S0005438,C008,P08,A,A,2025-03-31,9.060010000000002,11.0,1
2025-03-31,B1_optimization_only,O0002512,M001010,S0005439,C010,P08,A,A,2025-03-31,11.46002,11.0,1
2025-03-31,B1_optimization_only,O0002514,M001009,S0005439,C009,P08,A,A,2025-03-31,11.66002,2.0,1
2025-03-31,B1_optimization_only,O0002515,M001008,S0005439,C008,P08,A,A,2025-03-31,10.26002,6.0,1
2025-03-31,B1_optimization_only,O0002514,M001009,S0005440,C009,P08,A,A,2025-03-31,13.34003,12.0,1
2025-03-31,B1_optimization_only,O0002514,M001009,S0005441,C009,P08,A,A,2025-03-31,27.50004,3.0,1
2025-03-31,B1_optimization_only,O0002511,M001005,S0005442,C005,P08,B,B,2025-03-31,9.340000000000002,1.0,1
2025-03-31,B1_optimization_only,O0002511,M001005,S0005443,C005,P08,B,B,2025-03-31,10.060010000000002,4.0,1
2025-03-31,B1_optimization_only,O0002513,M001003,S0005443,C003,P08,B,B,2025-03-31,11.260010000000001,3.0,1
2025-03-31,B1_optimization_only,O0002513,M001003,S0005444,C003,P08,B,B,2025-03-31,12.46002,1.0,1
2025-03-31,B1_optimization_only,O0002513,M001003,S0005445,C003,P08,B,B,2025-03-31,14.140030000000001,5.0,1
2025-03-31,P1_proposed_dss,O0002481,M001009,S0005386,C009,P01,A,A,2025-03-31,9.666666666666666,4.0,1
2025-03-31,P1_proposed_dss,O0002483,M001001,S0005386,C001,P01,A,A,2025-03-31,11.866666666666665,23.0,1
2025-03-31,P1_proposed_dss,O0002483,M001001,S0005387,C001,P01,A,A,2025-03-31,13.866676666666665,11.0,1
2025-03-31,P1_proposed_dss,O0002483,M001001,S0005388,C001,P01,A,A,2025-03-31,29.20002,5.0,1
2025-03-31,P1_proposed_dss,O0002482,M001011,S0005389,C011,P01,B,B,2025-03-31,7.866666666666667,1.0,1
2025-03-31,P1_proposed_dss,O0002482,M001011,S0005390,C011,P01,B,B,2025-03-31,9.866676666666667,6.0,1
2025-03-31,P1_proposed_dss,O0002482,M001011,S0005391,C011,P01,B,B,2025-03-31,25.20002,2.0,1
2025-03-31,P1_proposed_dss,O0002486,M001008,S0005392,C008,P02,A,A,2025-03-31,7.666666666666667,19.0,1
2025-03-31,P1_proposed_dss,O0002487,M001003,S0005393,C003,P02,A,A,2025-03-31,11.866676666666665,7.0,1
2025-03-31,P1_proposed_dss,O0002489,M001001,S0005393,C001,P02,A,A,2025-03-31,13.266676666666665,1.0,1
2025-03-31,P1_proposed_dss,O0002489,M001001,S0005394,C001,P02,A,A,2025-03-31,28.60002,6.0,1
2025-03-31,P1_proposed_dss,O0002488,M001010,S0005395,C010,P02,B,B,2025-03-31,8.866666666666665,9.0,1
2025-03-31,P1_proposed_dss,O0002488,M001010,S0005396,C010,P02,B,B,2025-03-31,10.866676666666665,3.0,1
2025-03-31,P1_proposed_dss,O0002488,M001010,S0005397,C010,P02,B,B,2025-03-31,26.20002,4.0,1
2025-03-31,P1_proposed_dss,O0002490,M001010,S0005398,C010,P03,A,A,2025-03-31,8.075,3.0,1
2025-03-31,P1_proposed_dss,O0002491,M001002,S0005398,C002,P03,A,A,2025-03-31,10.075,15.0,1
2025-03-31,P1_proposed_dss,O0002493,M001009,S0005398,C009,P03,A,A,2025-03-31,8.275,14.0,1
2025-03-31,P1_proposed_dss,O0002491,M001002,S0005399,C002,P03,A,A,2025-03-31,11.200009999999999,23.0,1
2025-03-31,P1_proposed_dss,O0002491,M001002,S0005400,C002,P03,A,A,2025-03-31,13.075019999999999,7.0,1
2025-03-31,P1_proposed_dss,O0002491,M001002,S0005401,C002,P03,A,A,2025-03-31,27.700029999999998,11.0,1
2025-03-31,P1_proposed_dss,O0002492,M001006,S0005402,C006,P03,B,B,2025-03-31,7.675000000000001,14.0,1
2025-03-31,P1_proposed_dss,O0002492,M001006,S0005403,C006,P03,B,B,2025-03-31,8.80001,14.0,1
2025-03-31,P1_proposed_dss,O0002492,M001006,S0005404,C006,P03,B,B,2025-03-31,25.30003,4.0,1
2025-03-31,P1_proposed_dss,O0002496,M001003,S0005405,C003,P04,A,B,2025-03-31,12.966666666666665,6.0,0
2025-03-31,P1_proposed_dss,O0002497,M001004,S0005405,C003,P04,A,A,2025-03-31,14.066666666666665,25.0,1
2025-03-31,P1_proposed_dss,O0002497,M001004,S0005406,C003,P04,A,A,2025-03-31,16.066676666666666,22.0,1
2025-03-31,P1_proposed_dss,O0002497,M001004,S0005407,C003,P04,A,A,2025-03-31,31.400019999999998,1.0,1
2025-03-31,P1_proposed_dss,O0002496,M001003,S0005408,C003,P04,B,B,2025-03-31,14.066666666666665,7.0,1
2025-03-31,P1_proposed_dss,O0002496,M001003,S0005409,C003,P04,B,B,2025-03-31,16.066676666666666,3.0,1
2025-03-31,P1_proposed_dss,O0002499,M001012,S0005410,C012,P05,A,B,2025-03-31,7.039999999999999,16.0,0
2025-03-31,P1_proposed_dss,O0002499,M001012,S0005411,C012,P05,A,B,2025-03-31,7.7600099999999985,19.0,0
2025-03-31,P1_proposed_dss,O0002498,M001001,S0005412,C001,P05,A,B,2025-03-31,13.16002,3.0,0
2025-03-31,P1_proposed_dss,O0002500,M001005,S0005412,C005,P05,A,A,2025-03-31,11.66002,7.0,1
2025-03-31,P1_proposed_dss,O0002498,M001001,S0005413,C001,P05,A,B,2025-03-31,14.84003,9.0,0
2025-03-31,P1_proposed_dss,O0002498,M001001,S0005414,C001,P05,A,B,2025-03-31,29.00004,1.0,0
2025-03-31,P1_proposed_dss,O0002501,M001007,S0005415,C011,P05,B,B,2025-03-31,8.34,5.0,1
2025-03-31,P1_proposed_dss,O0002501,M001007,S0005416,C011,P05,B,B,2025-03-31,9.06001,5.0,1
2025-03-31,P1_proposed_dss,O0002498,M001001,S0005417,C001,P05,B,B,2025-03-31,15.940030000000002,2.0,1
2025-03-31,P1_proposed_dss,O0002502,M001008,S0005418,C008,P06,A,B,2025-03-31,6.966666666666668,13.0,0
2025-03-31,P1_proposed_dss,O0002503,M001010,S0005418,C010,P06,A,A,2025-03-31,9.266666666666666,11.0,1
2025-03-31,P1_proposed_dss,O0002503,M001010,S0005419,C010,P06,A,A,2025-03-31,11.266676666666665,1.0,1
2025-03-31,P1_proposed_dss,O0002504,M001003,S0005419,C003,P06,A,A,2025-03-31,12.266676666666665,9.0,1
2025-03-31,P1_proposed_dss,O0002504,M001003,S0005420,C003,P06,A,A,2025-03-31,27.60002,3.0,1
2025-03-31,P1_proposed_dss,O0002502,M001008,S0005421,C008,P06,B,B,2025-03-31,8.066666666666666,9.0,1
2025-03-31,P1_proposed_dss,O0002502,M001008,S0005422,C008,P06,B,B,2025-03-31,10.066676666666666,2.0,1
2025-03-31,P1_proposed_dss,O0002505,M001005,S0005422,C005,P06,B,B,2025-03-31,11.066676666666666,8.0,1
2025-03-31,P1_proposed_dss,O0002510,M001007,S0005423,C007,P07,A,A,2025-03-31,6.522448979591836,6.0,1
2025-03-31,P1_proposed_dss,O0002508,M001004,S0005424,C004,P07,A,B,2025-03-31,7.389805918367347,4.0,0
2025-03-31,P1_proposed_dss,O0002509,M001005,S0005424,C005,P07,A,A,2025-03-31,7.689805918367346,1.0,1
2025-03-31,P1_proposed_dss,O0002509,M001005,S0005425,C005,P07,A,A,2025-03-31,8.30206081632653,4.0,1
2025-03-31,P1_proposed_dss,O0002509,M001005,S0005426,C005,P07,A,A,2025-03-31,9.159213673469388,12.0,1
2025-03-31,P1_proposed_dss,O0002506,M001001,S0005427,C001,P07,A,A,2025-03-31,12.86126448979592,1.0,1
2025-03-31,P1_proposed_dss,O0002509,M001005,S0005427,C005,P07,A,A,2025-03-31,10.261264489795918,1.0,1
2025-03-31,P1_proposed_dss,O0002506,M001001,S0005428,C001,P07,A,A,2025-03-31,14.208213265306123,5.0,1
2025-03-31,P1_proposed_dss,O0002506,M001001,S0005429,C001,P07,A,A,2025-03-31,27.800060000000002,1.0,1
2025-03-31,P1_proposed_dss,O0002507,M001009,S0005430,C009,P07,B,B,2025-03-31,7.722448979591836,2.0,1
2025-03-31,P1_proposed_dss,O0002507,M001009,S0005431,C009,P07,B,B,2025-03-31,8.089805918367347,9.0,1
2025-03-31,P1_proposed_dss,O0002507,M001009,S0005432,C009,P07,B,B,2025-03-31,8.70206081632653,3.0,1
2025-03-31,P1_proposed_dss,O0002508,M001004,S0005432,C004,P07,B,B,2025-03-31,9.10206081632653,5.0,1
2025-03-31,P1_proposed_dss,O0002508,M001004,S0005433,C004,P07,B,B,2025-03-31,9.959213673469389,4.0,1
2025-03-31,P1_proposed_dss,O0002508,M001004,S0005434,C004,P07,B,B,2025-03-31,11.061264489795919,1.0,1
2025-03-31,P1_proposed_dss,O0002508,M001004,S0005435,C004,P07,B,B,2025-03-31,12.408213265306122,1.0,1
2025-03-31,P1_proposed_dss,O0002508,M001004,S0005436,C004,P07,B,B,2025-03-31,26.00006,1.0,1
2025-03-31,P1_proposed_dss,O0002515,M001008,S0005437,C008,P08,A,A,2025-03-31,8.340000000000002,7.0,1
2025-03-31,P1_proposed_dss,O0002515,M001008,S0005438,C008,P08,A,A,2025-03-31,9.060010000000002,11.0,1
2025-03-31,P1_proposed_dss,O0002512,M001010,S0005439,C010,P08,A,A,2025-03-31,11.46002,11.0,1
2025-03-31,P1_proposed_dss,O0002514,M001009,S0005439,C009,P08,A,A,2025-03-31,11.66002,2.0,1
2025-03-31,P1_proposed_dss,O0002515,M001008,S0005439,C008,P08,A,A,2025-03-31,10.26002,6.0,1
2025-03-31,P1_proposed_dss,O0002514,M001009,S0005440,C009,P08,A,A,2025-03-31,13.34003,12.0,1
2025-03-31,P1_proposed_dss,O0002514,M001009,S0005441,C009,P08,A,A,2025-03-31,27.50004,3.0,1
2025-03-31,P1_proposed_dss,O0002511,M001005,S0005442,C005,P08,B,B,2025-03-31,9.340000000000002,1.0,1
2025-03-31,P1_proposed_dss,O0002511,M001005,S0005443,C005,P08,B,B,2025-03-31,10.060010000000002,4.0,1
2025-03-31,P1_proposed_dss,O0002513,M001003,S0005443,C003,P08,B,B,2025-03-31,11.260010000000001,3.0,1
2025-03-31,P1_proposed_dss,O0002513,M001003,S0005444,C003,P08,B,B,2025-03-31,12.46002,1.0,1
2025-03-31,P1_proposed_dss,O0002513,M001003,S0005445,C003,P08,B,B,2025-03-31,14.140030000000001,5.0,1
