order_line_id,message_id,allocation_date,customer_id,product_id,raw_product_text,requested_quantity,unit,requested_quantity_kg,requested_grade,delivery_date,substitution_allowed,notes
O0000001,M000007,2025-01-01,C007,P01,tomato,10.0,kg,10.0,B,2025-01-01,True,synthetic order line
O0000002,M000005,2025-01-01,C005,P01,tomatoes,6.0,box,30.0,B,2025-01-01,True,synthetic order line
O0000003,M000009,2025-01-01,C009,P01,tomatoes,12.0,box,60.0,A,2025-01-01,False,synthetic order line
O0000004,M000001,2025-01-01,C001,P01,tomatoes,12.0,box,60.0,A,2025-01-01,False,synthetic order line
O0000005,M000001,2025-01-01,C001,P02,lett,8.0,kg,8.0,A,2025-01-01,False,synthetic order line
O0000006,M000003,2025-01-01,C003,P02,lettuce,54.0,kg,54.0,B,2025-01-01,True,synthetic order line
O0000007,M000008,2025-01-01,C008,P03,cucumbers,22.0,kg,22.0,A,2025-01-01,False,synthetic order line
O0000008,M000002,2025-01-01,C002,P03,cucumbers,4.0,box,24.0,B,2025-01-01,True,synthetic order line
O0000009,M000011,2025-01-01,C011,P03,cucumber,58.0,kg,58.0,A,2025-01-01,False,synthetic order line
O0000010,M000010,2025-01-01,C010,P04,berries,16.0,kg,16.0,A,2025-01-01,False,synthetic order line
O0000011,M000002,2025-01-01,C002,P04,strawberries,4.0,box,12.0,A,2025-01-01,False,synthetic order line
O0000012,M000001,2025-01-01,C001,P04,strawberries,9.0,box,27.0,A,2025-01-01,False,synthetic order line
O0000013,M000012,2025-01-01,C012,P05,bell pepper,20.0,kg,20.0,B,2025-01-01,True,synthetic order line
O0000014,M000006,2025-01-01,C006,P05,capsicum,4.0,kg,4.0,A,2025-01-01,False,synthetic order line
O0000015,M000002,2025-01-01,C002,P05,bell pepper,15.0,kg,15.0,A,2025-01-01,False,synthetic order line
O0000016,M000004,2025-01-01,C004,P05,bell pepper,23.0,kg,23.0,A,2025-01-01,False,synthetic order line
O0000017,M000001,2025-01-01,C001,P05,capsicum,15.0,kg,15.0,B,2025-01-01,False,synthetic order line
O0000018,M000003,2025-01-01,C003,P06,spin,8.0,kg,8.0,B,2025-01-01,True,synthetic order line
O0000019,M000005,2025-01-01,C005,P06,spin,25.0,kg,25.0,A,2025-01-01,False,synthetic order line
O0000020,M000010,2025-01-01,C010,P06,spinach,11.0,kg,11.0,A,2025-01-01,False,synthetic order line
O0000021,M000012,2025-01-01,C012,P07,car,19.0,kg,19.0,A,2025-01-01,False,synthetic order line
O0000022,M000005,2025-01-01,C005,P07,carrots,69.0,kg,69.0,A,2025-01-01,False,synthetic order line
O0000023,M000002,2025-01-01,C002,P07,car,27.0,kg,27.0,B,2025-01-01,True,synthetic order line
O0000024,M000003,2025-01-01,C003,P08,broc,45.0,kg,45.0,A,2025-01-01,False,synthetic order line
O0000025,M000008,2025-01-01,C008,P08,brocc,4.0,kg,4.0,A,2025-01-01,True,synthetic order line
O0000026,M000010,2025-01-01,C010,P08,brocc,18.0,kg,18.0,A,2025-01-01,False,synthetic order line
O0000027,M000012,2025-01-01,C012,P08,broccoli,1.0,box,5.0,A,2025-01-01,True,synthetic order line
O0000028,M000022,2025-01-02,C011,P01,tomato,17.0,kg,17.0,B,2025-01-02,False,synthetic order line
O0000029,M000014,2025-01-02,C003,P01,toms,3.0,box,15.0,A,2025-01-02,False,synthetic order line
O0000030,M000015,2025-01-02,C004,P01,tomatoes,19.0,kg,19.0,A,2025-01-02,False,synthetic order line
O0000031,M000021,2025-01-02,C010,P01,tomatoes,106.0,kg,106.0,A,2025-01-02,False,synthetic order line
O0000032,M000018,2025-01-02,C007,P02,lett,66.0,kg,66.0,A,2025-01-02,False,synthetic order line
O0000033,M000013,2025-01-02,C002,P02,lett,39.0,kg,39.0,B,2025-01-02,True,synthetic order line
O0000034,M000016,2025-01-02,C005,P03,cucumber,91.0,kg,91.0,A,2025-01-02,False,synthetic order line
O0000035,M000021,2025-01-02,C010,P03,cuke,3.0,crate,36.0,A,2025-01-02,False,synthetic order line
O0000036,M000023,2025-01-02,C012,P04,strawberries,12.0,kg,12.0,A,2025-01-02,False,synthetic order line
O0000037,M000013,2025-01-02,C002,P04,strawberry,3.0,kg,3.0,A,2025-01-02,False,synthetic order line
O0000038,M000016,2025-01-02,C005,P04,berries,14.0,kg,14.0,B,2025-01-02,True,synthetic order line
O0000039,M000014,2025-01-02,C003,P04,berries,10.0,kg,10.0,A,2025-01-02,False,synthetic order line
O0000040,M000019,2025-01-02,C008,P04,strawberry,1.0,crate,6.0,B,2025-01-02,False,synthetic order line
O0000041,M000020,2025-01-02,C009,P05,peppers,16.0,kg,16.0,A,2025-01-02,False,synthetic order line
O0000042,M000014,2025-01-02,C003,P05,capsicum,10.0,kg,10.0,A,2025-01-02,False,synthetic order line
O0000043,M000018,2025-01-02,C007,P05,bell pepper,3.0,box,15.0,B,2025-01-02,False,synthetic order line
O0000044,M000013,2025-01-02,C002,P05,peppers,12.0,kg,12.0,B,2025-01-02,True,synthetic order line
O0000045,M000013,2025-01-02,C002,P06,spinach,2.0,box,6.0,A,2025-01-02,False,synthetic order line
O0000046,M000019,2025-01-02,C008,P06,spin,2.0,crate,12.0,B,2025-01-02,True,synthetic order line
O0000047,M000017,2025-01-02,C006,P06,spinach,24.0,kg,24.0,A,2025-01-02,False,synthetic order line
O0000048,M000013,2025-01-02,C002,P07,car,12.0,kg,12.0,B,2025-01-02,False,synthetic order line
O0000049,M000022,2025-01-02,C011,P07,carrot,34.0,kg,34.0,B,2025-01-02,False,synthetic order line
O0000050,M000014,2025-01-02,C003,P07,carrots,1.0,box,8.0,A,2025-01-02,False,synthetic order line
O0000051,M000016,2025-01-02,C005,P07,carrots,20.0,kg,20.0,A,2025-01-02,True,synthetic order line
O0000052,M000017,2025-01-02,C006,P07,carrots,2.0,box,16.0,B,2025-01-02,True,synthetic order line
O0000053,M000018,2025-01-02,C007,P08,broc,20.0,kg,20.0,B,2025-01-02,False,synthetic order line
O0000054,M000015,2025-01-02,C004,P08,broc,15.0,kg,15.0,B,2025-01-02,True,synthetic order line
O0000055,M000033,2025-01-03,C010,P01,tomato,13.0,kg,13.0,A,2025-01-03,False,synthetic order line
O0000056,M000028,2025-01-03,C005,P01,tomato,17.0,box,85.0,A,2025-01-03,False,synthetic order line
O0000057,M000028,2025-01-03,C005,P02,lettuce,15.0,box,60.0,A,2025-01-03,False,synthetic order line
O0000058,M000029,2025-01-03,C006,P02,lettuce,3.0,crate,24.0,B,2025-01-03,True,synthetic order line
O0000059,M000024,2025-01-03,C001,P02,lettuce,27.0,kg,27.0,B,2025-01-03,False,synthetic order line
O0000060,M000035,2025-01-03,C012,P03,cuke,49.0,kg,49.0,A,2025-01-03,False,synthetic order line
O0000061,M000033,2025-01-03,C010,P03,cuke,1.0,crate,12.0,B,2025-01-03,True,synthetic order line
O0000062,M000032,2025-01-03,C009,P03,cucumbers,21.0,kg,21.0,A,2025-01-03,False,synthetic order line
O0000063,M000034,2025-01-03,C011,P03,cucumbers,1.0,crate,12.0,B,2025-01-03,False,synthetic order line
O0000064,M000025,2025-01-03,C002,P03,cuke,4.0,box,24.0,B,2025-01-03,True,synthetic order line
O0000065,M000033,2025-01-03,C010,P04,strawberry,20.0,kg,20.0,A,2025-01-03,False,synthetic order line
O0000066,M000032,2025-01-03,C009,P04,strawberries,39.0,kg,39.0,B,2025-01-03,True,synthetic order line
O0000067,M000025,2025-01-03,C002,P05,peppers,16.0,kg,16.0,A,2025-01-03,False,synthetic order line
O0000068,M000026,2025-01-03,C003,P05,capsicum,4.0,crate,40.0,A,2025-01-03,False,synthetic order line
O0000069,M000035,2025-01-03,C012,P05,capsicum,12.0,kg,12.0,A,2025-01-03,True,synthetic order line
O0000070,M000032,2025-01-03,C009,P06,spinach,1.0,box,3.0,B,2025-01-03,True,synthetic order line
O0000071,M000029,2025-01-03,C006,P06,spinach,3.0,kg,3.0,B,2025-01-03,True,synthetic order line
O0000072,M000035,2025-01-03,C012,P06,spinach,6.0,kg,6.0,A,2025-01-03,False,synthetic order line
O0000073,M000027,2025-01-03,C004,P06,spin,6.0,crate,36.0,A,2025-01-03,False,synthetic order line
O0000074,M000030,2025-01-03,C007,P06,spin,2.0,crate,12.0,B,2025-01-03,True,synthetic order line
O0000075,M000032,2025-01-03,C009,P07,carrots,16.0,kg,16.0,A,2025-01-03,False,synthetic order line
O0000076,M000029,2025-01-03,C006,P07,carrot,2.0,box,16.0,B,2025-01-03,True,synthetic order line
O0000077,M000027,2025-01-03,C004,P07,car,15.0,kg,15.0,B,2025-01-03,True,synthetic order line
O0000078,M000035,2025-01-03,C012,P07,carrot,3.0,box,24.0,B,2025-01-03,False,synthetic order line
O0000079,M000033,2025-01-03,C010,P07,car,40.0,kg,40.0,B,2025-01-03,False,synthetic order line
O0000080,M000033,2025-01-03,C010,P08,broccoli,74.0,kg,74.0,A,2025-01-03,True,synthetic order line
O0000081,M000031,2025-01-03,C008,P08,broccoli,1.0,box,5.0,A,2025-01-03,False,synthetic order line
O0000082,M000027,2025-01-03,C004,P08,brocc,14.0,kg,14.0,B,2025-01-03,False,synthetic order line
O0000083,M000039,2025-01-04,C004,P01,tomato,15.0,kg,15.0,A,2025-01-04,False,synthetic order line
O0000084,M000046,2025-01-04,C011,P01,tomato,1.0,box,5.0,B,2025-01-04,True,synthetic order line
O0000085,M000038,2025-01-04,C003,P01,tomato,38.0,kg,38.0,A,2025-01-04,True,synthetic order line
O0000086,M000037,2025-01-04,C002,P01,tomato,14.0,kg,14.0,A,2025-01-04,False,synthetic order line
O0000087,M000042,2025-01-04,C007,P01,tomatoes,10.0,box,50.0,A,2025-01-04,False,synthetic order line
O0000088,M000042,2025-01-04,C007,P02,lett,7.0,kg,7.0,A,2025-01-04,False,synthetic order line
O0000089,M000036,2025-01-04,C001,P02,lettuce,36.0,kg,36.0,B,2025-01-04,True,synthetic order line
O0000090,M000036,2025-01-04,C001,P03,cuke,6.0,crate,72.0,A,2025-01-04,True,synthetic order line
O0000091,M000044,2025-01-04,C009,P03,cucumbers,46.0,kg,46.0,A,2025-01-04,False,synthetic order line
O0000092,M000042,2025-01-04,C007,P04,strawberry,26.0,kg,26.0,A,2025-01-04,False,synthetic order line
O0000093,M000043,2025-01-04,C008,P04,berries,67.0,kg,67.0,A,2025-01-04,False,synthetic order line
O0000094,M000042,2025-01-04,C007,P05,bell pepper,3.0,crate,30.0,B,2025-01-04,True,synthetic order line
O0000095,M000041,2025-01-04,C006,P05,peppers,12.0,box,60.0,A,2025-01-04,False,synthetic order line
O0000096,M000043,2025-01-04,C008,P06,leaf spinach,41.0,kg,41.0,A,2025-01-04,False,synthetic order line
O0000097,M000044,2025-01-04,C009,P06,spin,15.0,box,45.0,B,2025-01-04,True,synthetic order line
O0000098,M000047,2025-01-04,C012,P06,leaf spinach,26.0,kg,26.0,B,2025-01-04,True,synthetic order line
O0000099,M000038,2025-01-04,C003,P07,car,55.0,kg,55.0,A,2025-01-04,True,synthetic order line
O0000100,M000045,2025-01-04,C010,P07,carrot,4.0,box,32.0,A,2025-01-04,False,synthetic order line
O0000101,M000036,2025-01-04,C001,P08,brocc,19.0,kg,19.0,A,2025-01-04,False,synthetic order line
O0000102,M000040,2025-01-04,C005,P08,brocc,4.0,kg,4.0,A,2025-01-04,True,synthetic order line
O0000103,M000039,2025-01-04,C004,P08,broccoli,29.0,kg,29.0,A,2025-01-04,False,synthetic order line
O0000104,M000051,2025-01-05,C004,P01,tomato,4.0,box,20.0,B,2025-01-05,True,synthetic order line
O0000105,M000055,2025-01-05,C008,P01,tomato,33.0,kg,33.0,B,2025-01-05,False,synthetic order line
O0000106,M000050,2025-01-05,C003,P01,tomato,3.0,kg,3.0,B,2025-01-05,True,synthetic order line
O0000107,M000057,2025-01-05,C011,P01,tomato,19.0,kg,19.0,B,2025-01-05,True,synthetic order line
O0000108,M000056,2025-01-05,C009,P01,tomatoes,1.0,crate,10.0,B,2025-01-05,False,synthetic order line
O0000109,M000050,2025-01-05,C003,P02,lettuce,6.0,box,24.0,A,2025-01-05,False,synthetic order line
O0000110,M000058,2025-01-05,C012,P02,lettuce,13.0,kg,13.0,A,2025-01-05,False,synthetic order line
O0000111,M000056,2025-01-05,C009,P02,lettuce,16.0,kg,16.0,B,2025-01-05,True,synthetic order line
O0000112,M000048,2025-01-05,C001,P02,lett,25.0,kg,25.0,B,2025-01-05,True,synthetic order line
O0000113,M000051,2025-01-05,C004,P02,lettuces,22.0,kg,22.0,A,2025-01-05,False,synthetic order line
O0000114,M000055,2025-01-05,C008,P03,cucumber,63.0,kg,63.0,B,2025-01-05,True,synthetic order line
O0000115,M000058,2025-01-05,C012,P03,cuke,3.0,kg,3.0,B,2025-01-05,True,synthetic order line
O0000116,M000057,2025-01-05,C011,P03,cucumber,14.0,box,84.0,B,2025-01-05,False,synthetic order line
O0000117,M000056,2025-01-05,C009,P03,cucumbers,20.0,kg,20.0,A,2025-01-05,False,synthetic order line
O0000118,M000050,2025-01-05,C003,P03,cucumbers,25.0,kg,25.0,B,2025-01-05,False,synthetic order line
O0000119,M000048,2025-01-05,C001,P04,strawberry,15.0,kg,15.0,A,2025-01-05,False,synthetic order line
O0000120,M000050,2025-01-05,C003,P04,strawberry,13.0,crate,78.0,B,2025-01-05,True,synthetic order line
O0000121,M000053,2025-01-05,C006,P04,strawberry,3.0,kg,3.0,A,2025-01-05,True,synthetic order line
O0000122,M000054,2025-01-05,C007,P05,capsicum,3.0,kg,3.0,A,2025-01-05,False,synthetic order line
O0000123,M000053,2025-01-05,C006,P05,peppers,32.0,kg,32.0,A,2025-01-05,True,synthetic order line
O0000124,M000055,2025-01-05,C008,P05,bell pepper,12.0,kg,12.0,B,2025-01-05,True,synthetic order line
O0000125,M000048,2025-01-05,C001,P05,bell pepper,1.0,box,5.0,B,2025-01-05,True,synthetic order line
O0000126,M000058,2025-01-05,C012,P05,bell pepper,13.0,kg,13.0,A,2025-01-05,False,synthetic order line
O0000127,M000054,2025-01-05,C007,P06,leaf spinach,8.0,box,24.0,B,2025-01-05,True,synthetic order line
O0000128,M000058,2025-01-05,C012,P06,spinach,7.0,kg,7.0,A,2025-01-05,False,synthetic order line
O0000129,M000048,2025-01-05,C001,P06,spinach,8.0,kg,8.0,A,2025-01-05,False,synthetic order line
O0000130,M000049,2025-01-05,C002,P07,car,3.0,box,24.0,A,2025-01-05,True,synthetic order line
O0000131,M000058,2025-01-05,C012,P07,carrots,5.0,box,40.0,B,2025-01-05,True,synthetic order line
O0000132,M000048,2025-01-05,C001,P07,car,5.0,kg,5.0,A,2025-01-05,False,synthetic order line
O0000133,M000052,2025-01-05,C005,P07,car,5.0,kg,5.0,B,2025-01-05,True,synthetic order line
O0000134,M000057,2025-01-05,C011,P07,car,21.0,kg,21.0,A,2025-01-05,True,synthetic order line
O0000135,M000054,2025-01-05,C007,P08,broc,18.0,kg,18.0,B,2025-01-05,True,synthetic order line
O0000136,M000055,2025-01-05,C008,P08,broccoli,66.0,kg,66.0,B,2025-01-05,True,synthetic order line
O0000137,M000049,2025-01-05,C002,P08,broccoli,51.0,kg,51.0,B,2025-01-05,False,synthetic order line
O0000138,M000062,2025-01-06,C004,P01,toms,1.0,box,5.0,A,2025-01-06,False,synthetic order line
O0000139,M000061,2025-01-06,C003,P01,tomato,32.0,kg,32.0,A,2025-01-06,False,synthetic order line
O0000140,M000065,2025-01-06,C007,P01,tomato,20.0,kg,20.0,A,2025-01-06,False,synthetic order line
O0000141,M000070,2025-01-06,C012,P01,tomato,25.0,kg,25.0,A,2025-01-06,False,synthetic order line
O0000142,M000067,2025-01-06,C009,P01,toms,6.0,kg,6.0,A,2025-01-06,False,synthetic order line
O0000143,M000066,2025-01-06,C008,P02,lettuce,20.0,kg,20.0,B,2025-01-06,True,synthetic order line
O0000144,M000070,2025-01-06,C012,P02,lettuce,3.0,box,12.0,A,2025-01-06,False,synthetic order line
O0000145,M000069,2025-01-06,C011,P02,lett,66.0,kg,66.0,A,2025-01-06,False,synthetic order line
O0000146,M000068,2025-01-06,C010,P03,cucumber,37.0,kg,37.0,B,2025-01-06,True,synthetic order line
O0000147,M000066,2025-01-06,C008,P03,cucumbers,42.0,kg,42.0,B,2025-01-06,False,synthetic order line
O0000148,M000062,2025-01-06,C004,P03,cuke,3.0,box,18.0,B,2025-01-06,False,synthetic order line
O0000149,M000061,2025-01-06,C003,P03,cucumbers,28.0,kg,28.0,A,2025-01-06,False,synthetic order line
O0000150,M000063,2025-01-06,C005,P03,cuke,19.0,kg,19.0,B,2025-01-06,True,synthetic order line
O0000151,M000069,2025-01-06,C011,P04,strawberry,15.0,kg,15.0,A,2025-01-06,False,synthetic order line
O0000152,M000061,2025-01-06,C003,P04,strawberry,15.0,kg,15.0,B,2025-01-06,True,synthetic order line
O0000153,M000064,2025-01-06,C006,P04,berries,3.0,kg,3.0,A,2025-01-06,False,synthetic order line
O0000154,M000059,2025-01-06,C001,P05,bell pepper,13.0,kg,13.0,B,2025-01-06,True,synthetic order line
O0000155,M000061,2025-01-06,C003,P05,peppers,2.0,crate,20.0,A,2025-01-06,False,synthetic order line
O0000156,M000062,2025-01-06,C004,P05,capsicum,9.0,kg,9.0,B,2025-01-06,False,synthetic order line
O0000157,M000067,2025-01-06,C009,P06,spin,4.0,crate,24.0,B,2025-01-06,True,synthetic order line
O0000158,M000065,2025-01-06,C007,P06,spinach,13.0,kg,13.0,A,2025-01-06,False,synthetic order line
O0000159,M000067,2025-01-06,C009,P07,car,7.0,kg,7.0,A,2025-01-06,False,synthetic order line
O0000160,M000061,2025-01-06,C003,P07,car,23.0,kg,23.0,A,2025-01-06,False,synthetic order line
O0000161,M000063,2025-01-06,C005,P07,carrots,5.0,crate,80.0,B,2025-01-06,True,synthetic order line
O0000162,M000062,2025-01-06,C004,P08,broccoli,17.0,kg,17.0,B,2025-01-06,True,synthetic order line
O0000163,M000068,2025-01-06,C010,P08,broccoli,22.0,kg,22.0,B,2025-01-06,True,synthetic order line
O0000164,M000060,2025-01-06,C002,P08,broc,29.0,kg,29.0,B,2025-01-06,False,synthetic order line
O0000165,M000061,2025-01-06,C003,P08,broc,34.0,kg,34.0,A,2025-01-06,False,synthetic order line
O0000166,M000065,2025-01-06,C007,P08,broc,6.0,kg,6.0,B,2025-01-06,True,synthetic order line
O0000167,M000080,2025-01-07,C010,P01,toms,10.0,kg,10.0,B,2025-01-07,False,synthetic order line
O0000168,M000079,2025-01-07,C009,P01,tomato,4.0,kg,4.0,B,2025-01-07,False,synthetic order line
O0000169,M000078,2025-01-07,C008,P01,tomatoes,14.0,kg,14.0,A,2025-01-07,False,synthetic order line
O0000170,M000071,2025-01-07,C001,P01,tomato,54.0,kg,54.0,B,2025-01-07,False,synthetic order line
O0000171,M000081,2025-01-07,C011,P02,lettuces,13.0,kg,13.0,B,2025-01-07,True,synthetic order line
O0000172,M000079,2025-01-07,C009,P02,lettuces,6.0,kg,6.0,A,2025-01-07,False,synthetic order line
O0000173,M000076,2025-01-07,C006,P02,lett,20.0,kg,20.0,A,2025-01-07,False,synthetic order line
O0000174,M000080,2025-01-07,C010,P02,lettuce,21.0,kg,21.0,B,2025-01-07,True,synthetic order line
O0000175,M000073,2025-01-07,C003,P02,lett,3.0,kg,3.0,A,2025-01-07,False,synthetic order line
O0000176,M000071,2025-01-07,C001,P03,cucumbers,58.0,kg,58.0,B,2025-01-07,False,synthetic order line
O0000177,M000072,2025-01-07,C002,P03,cucumbers,17.0,kg,17.0,B,2025-01-07,True,synthetic order line
O0000178,M000078,2025-01-07,C008,P03,cucumbers,23.0,kg,23.0,B,2025-01-07,False,synthetic order line
O0000179,M000080,2025-01-07,C010,P03,cucumbers,2.0,box,12.0,A,2025-01-07,False,synthetic order line
O0000180,M000078,2025-01-07,C008,P04,strawberries,7.0,kg,7.0,A,2025-01-07,False,synthetic order line
O0000181,M000076,2025-01-07,C006,P04,strawberries,1.0,crate,6.0,B,2025-01-07,True,synthetic order line
O0000182,M000080,2025-01-07,C010,P04,strawberries,3.0,box,9.0,A,2025-01-07,False,synthetic order line
O0000183,M000071,2025-01-07,C001,P04,strawberry,13.0,kg,13.0,B,2025-01-07,True,synthetic order line
O0000184,M000072,2025-01-07,C002,P04,strawberry,6.0,kg,6.0,B,2025-01-07,True,synthetic order line
O0000185,M000077,2025-01-07,C007,P05,peppers,4.0,crate,40.0,A,2025-01-07,False,synthetic order line
O0000186,M000073,2025-01-07,C003,P05,bell pepper,1.0,crate,10.0,B,2025-01-07,True,synthetic order line
O0000187,M000076,2025-01-07,C006,P05,capsicum,2.0,box,10.0,A,2025-01-07,False,synthetic order line
O0000188,M000074,2025-01-07,C004,P06,spin,9.0,kg,9.0,A,2025-01-07,False,synthetic order line
O0000189,M000075,2025-01-07,C005,P06,spinach,15.0,kg,15.0,B,2025-01-07,False,synthetic order line
O0000190,M000071,2025-01-07,C001,P06,leaf spinach,28.0,kg,28.0,B,2025-01-07,False,synthetic order line
O0000191,M000080,2025-01-07,C010,P06,spinach,7.0,kg,7.0,B,2025-01-07,True,synthetic order line
O0000192,M000079,2025-01-07,C009,P06,spin,3.0,crate,18.0,B,2025-01-07,False,synthetic order line
O0000193,M000081,2025-01-07,C011,P07,carrot,7.0,box,56.0,A,2025-01-07,False,synthetic order line
O0000194,M000076,2025-01-07,C006,P07,carrot,4.0,crate,64.0,B,2025-01-07,True,synthetic order line
O0000195,M000078,2025-01-07,C008,P08,broc,1.0,crate,10.0,A,2025-01-07,False,synthetic order line
O0000196,M000074,2025-01-07,C004,P08,brocc,13.0,kg,13.0,A,2025-01-07,True,synthetic order line
O0000197,M000077,2025-01-07,C007,P08,broccoli,19.0,kg,19.0,B,2025-01-07,True,synthetic order line
O0000198,M000073,2025-01-07,C003,P08,brocc,8.0,kg,8.0,B,2025-01-07,True,synthetic order line
O0000199,M000076,2025-01-07,C006,P08,broccoli,14.0,kg,14.0,A,2025-01-07,False,synthetic order line
O0000200,M000088,2025-01-08,C008,P01,toms,17.0,kg,17.0,B,2025-01-08,False,synthetic order line
O0000201,M000086,2025-01-08,C005,P01,tomato,19.0,kg,19.0,B,2025-01-08,True,synthetic order line
O0000202,M000087,2025-01-08,C006,P01,tomato,12.0,box,60.0,A,2025-01-08,False,synthetic order line
O0000203,M000089,2025-01-08,C009,P01,tomatoes,45.0,kg,45.0,A,2025-01-08,False,synthetic order line
O0000204,M000090,2025-01-08,C010,P01,tomatoes,11.0,kg,11.0,A,2025-01-08,False,synthetic order line
O0000205,M000082,2025-01-08,C001,P02,lettuce,4.0,box,16.0,B,2025-01-08,True,synthetic order line
O0000206,M000087,2025-01-08,C006,P02,lett,27.0,kg,27.0,A,2025-01-08,False,synthetic order line
O0000207,M000092,2025-01-08,C012,P02,lettuce,11.0,kg,11.0,B,2025-01-08,False,synthetic order line
O0000208,M000082,2025-01-08,C001,P03,cuke,7.0,kg,7.0,B,2025-01-08,True,synthetic order line
O0000209,M000090,2025-01-08,C010,P03,cucumbers,27.0,kg,27.0,B,2025-01-08,True,synthetic order line
O0000210,M000091,2025-01-08,C011,P03,cucumbers,4.0,crate,48.0,B,2025-01-08,True,synthetic order line
O0000211,M000088,2025-01-08,C008,P03,cucumbers,2.0,box,12.0,A,2025-01-08,False,synthetic order line
O0000212,M000086,2025-01-08,C005,P03,cuke,12.0,kg,12.0,A,2025-01-08,False,synthetic order line
O0000213,M000086,2025-01-08,C005,P04,berries,10.0,box,30.0,B,2025-01-08,True,synthetic order line
O0000214,M000083,2025-01-08,C002,P04,strawberries,1.0,crate,6.0,B,2025-01-08,False,synthetic order line
O0000215,M000091,2025-01-08,C011,P04,strawberries,6.0,kg,6.0,B,2025-01-08,True,synthetic order line
O0000216,M000092,2025-01-08,C012,P05,peppers,15.0,kg,15.0,A,2025-01-08,False,synthetic order line
O0000217,M000085,2025-01-08,C004,P05,capsicum,19.0,kg,19.0,B,2025-01-08,False,synthetic order line
O0000218,M000084,2025-01-08,C003,P05,peppers,71.0,kg,71.0,B,2025-01-08,True,synthetic order line
O0000219,M000086,2025-01-08,C005,P06,spin,6.0,box,18.0,B,2025-01-08,True,synthetic order line
O0000220,M000084,2025-01-08,C003,P06,leaf spinach,12.0,kg,12.0,A,2025-01-08,False,synthetic order line
O0000221,M000092,2025-01-08,C012,P06,spin,8.0,box,24.0,A,2025-01-08,False,synthetic order line
O0000222,M000089,2025-01-08,C009,P06,spin,7.0,kg,7.0,B,2025-01-08,True,synthetic order line
O0000223,M000087,2025-01-08,C006,P06,spinach,6.0,kg,6.0,B,2025-01-08,True,synthetic order line
O0000224,M000085,2025-01-08,C004,P07,car,8.0,kg,8.0,B,2025-01-08,True,synthetic order line
O0000225,M000087,2025-01-08,C006,P07,carrots,38.0,kg,38.0,B,2025-01-08,False,synthetic order line
O0000226,M000083,2025-01-08,C002,P07,carrots,3.0,box,24.0,A,2025-01-08,False,synthetic order line
O0000227,M000091,2025-01-08,C011,P07,carrot,88.0,kg,88.0,A,2025-01-08,False,synthetic order line
O0000228,M000088,2025-01-08,C008,P08,broc,4.0,box,20.0,B,2025-01-08,True,synthetic order line
O0000229,M000090,2025-01-08,C010,P08,broc,15.0,kg,15.0,A,2025-01-08,False,synthetic order line
O0000230,M000085,2025-01-08,C004,P08,broccoli,3.0,box,15.0,A,2025-01-08,False,synthetic order line
O0000231,M000083,2025-01-08,C002,P08,brocc,21.0,kg,21.0,A,2025-01-08,False,synthetic order line
O0000232,M000094,2025-01-09,C002,P01,tomato,8.0,crate,80.0,A,2025-01-09,False,synthetic order line
O0000233,M000097,2025-01-09,C005,P01,tomato,59.0,kg,59.0,A,2025-01-09,False,synthetic order line
O0000234,M000097,2025-01-09,C005,P02,lettuces,31.0,kg,31.0,A,2025-01-09,False,synthetic order line
O0000235,M000098,2025-01-09,C006,P02,lettuce,26.0,kg,26.0,A,2025-01-09,False,synthetic order line
O0000236,M000094,2025-01-09,C002,P02,lettuce,6.0,box,24.0,A,2025-01-09,False,synthetic order line
O0000237,M000102,2025-01-09,C010,P02,lett,8.0,kg,8.0,B,2025-01-09,True,synthetic order line
O0000238,M000100,2025-01-09,C008,P02,lett,20.0,kg,20.0,B,2025-01-09,False,synthetic order line
O0000239,M000104,2025-01-09,C012,P03,cucumbers,39.0,kg,39.0,A,2025-01-09,False,synthetic order line
O0000240,M000100,2025-01-09,C008,P03,cucumber,55.0,kg,55.0,B,2025-01-09,True,synthetic order line
O0000241,M000102,2025-01-09,C010,P04,strawberries,3.0,crate,18.0,A,2025-01-09,False,synthetic order line
O0000242,M000093,2025-01-09,C001,P04,strawberry,2.0,box,6.0,B,2025-01-09,True,synthetic order line
O0000243,M000099,2025-01-09,C007,P04,berries,24.0,kg,24.0,A,2025-01-09,False,synthetic order line
O0000244,M000096,2025-01-09,C004,P04,berries,3.0,kg,3.0,A,2025-01-09,True,synthetic order line
O0000245,M000100,2025-01-09,C008,P04,berries,2.0,box,6.0,B,2025-01-09,True,synthetic order line
O0000246,M000095,2025-01-09,C003,P05,peppers,26.0,kg,26.0,B,2025-01-09,True,synthetic order line
O0000247,M000103,2025-01-09,C011,P05,capsicum,14.0,kg,14.0,B,2025-01-09,True,synthetic order line
O0000248,M000099,2025-01-09,C007,P05,peppers,19.0,kg,19.0,A,2025-01-09,False,synthetic order line
O0000249,M000096,2025-01-09,C004,P05,peppers,19.0,kg,19.0,B,2025-01-09,True,synthetic order line
O0000250,M000099,2025-01-09,C007,P06,spin,21.0,kg,21.0,A,2025-01-09,False,synthetic order line
O0000251,M000095,2025-01-09,C003,P06,leaf spinach,6.0,box,18.0,B,2025-01-09,True,synthetic order line
O0000252,M000093,2025-01-09,C001,P06,leaf spinach,24.0,kg,24.0,B,2025-01-09,True,synthetic order line
O0000253,M000099,2025-01-09,C007,P07,car,3.0,crate,48.0,A,2025-01-09,False,synthetic order line
O0000254,M000095,2025-01-09,C003,P07,carrots,48.0,kg,48.0,B,2025-01-09,True,synthetic order line
O0000255,M000094,2025-01-09,C002,P07,car,23.0,kg,23.0,A,2025-01-09,False,synthetic order line
O0000256,M000094,2025-01-09,C002,P08,broc,35.0,kg,35.0,A,2025-01-09,False,synthetic order line
O0000257,M000097,2025-01-09,C005,P08,broccoli,5.0,box,25.0,B,2025-01-09,True,synthetic order line
O0000258,M000101,2025-01-09,C009,P08,broc,10.0,kg,10.0,B,2025-01-09,False,synthetic order line
O0000259,M000106,2025-01-10,C002,P01,tomato,63.0,kg,63.0,B,2025-01-10,True,synthetic order line
O0000260,M000109,2025-01-10,C006,P01,tomatoes,44.0,kg,44.0,A,2025-01-10,False,synthetic order line
O0000261,M000111,2025-01-10,C009,P02,lett,9.0,box,36.0,A,2025-01-10,False,synthetic order line
O0000262,M000108,2025-01-10,C004,P02,lettuce,3.0,box,12.0,B,2025-01-10,True,synthetic order line
O0000263,M000106,2025-01-10,C002,P02,lett,27.0,kg,27.0,B,2025-01-10,True,synthetic order line
O0000264,M000110,2025-01-10,C008,P03,cuke,14.0,kg,14.0,B,2025-01-10,True,synthetic order line
O0000265,M000112,2025-01-10,C010,P03,cuke,48.0,kg,48.0,B,2025-01-10,True,synthetic order line
O0000266,M000106,2025-01-10,C002,P03,cucumber,18.0,kg,18.0,A,2025-01-10,False,synthetic order line
O0000267,M000108,2025-01-10,C004,P04,strawberry,11.0,kg,11.0,B,2025-01-10,True,synthetic order line
O0000268,M000105,2025-01-10,C001,P04,berries,8.0,box,24.0,A,2025-01-10,False,synthetic order line
O0000269,M000112,2025-01-10,C010,P04,berries,36.0,kg,36.0,A,2025-01-10,False,synthetic order line
O0000270,M000110,2025-01-10,C008,P05,capsicum,50.0,kg,50.0,A,2025-01-10,False,synthetic order line
O0000271,M000109,2025-01-10,C006,P05,peppers,36.0,kg,36.0,A,2025-01-10,False,synthetic order line
O0000272,M000113,2025-01-10,C011,P06,spin,4.0,box,12.0,A,2025-01-10,True,synthetic order line
O0000273,M000110,2025-01-10,C008,P06,spinach,30.0,kg,30.0,A,2025-01-10,False,synthetic order line
O0000274,M000107,2025-01-10,C003,P06,spin,19.0,kg,19.0,A,2025-01-10,False,synthetic order line
O0000275,M000108,2025-01-10,C004,P06,spinach,13.0,kg,13.0,B,2025-01-10,True,synthetic order line
O0000276,M000111,2025-01-10,C009,P07,carrots,22.0,kg,22.0,A,2025-01-10,False,synthetic order line
O0000277,M000113,2025-01-10,C011,P07,carrots,82.0,kg,82.0,A,2025-01-10,False,synthetic order line
O0000278,M000107,2025-01-10,C003,P07,car,19.0,kg,19.0,B,2025-01-10,True,synthetic order line
O0000279,M000108,2025-01-10,C004,P07,carrot,26.0,kg,26.0,B,2025-01-10,False,synthetic order line
O0000280,M000113,2025-01-10,C011,P08,brocc,32.0,kg,32.0,B,2025-01-10,True,synthetic order line
O0000281,M000110,2025-01-10,C008,P08,broccoli,10.0,box,50.0,A,2025-01-10,False,synthetic order line
O0000282,M000123,2025-01-11,C010,P01,tomato,13.0,kg,13.0,A,2025-01-11,False,synthetic order line
O0000283,M000119,2025-01-11,C006,P01,toms,24.0,kg,24.0,A,2025-01-11,False,synthetic order line
O0000284,M000115,2025-01-11,C002,P01,tomatoes,12.0,kg,12.0,A,2025-01-11,False,synthetic order line
O0000285,M000114,2025-01-11,C001,P01,tomatoes,25.0,kg,25.0,A,2025-01-11,False,synthetic order line
O0000286,M000122,2025-01-11,C009,P01,toms,61.0,kg,61.0,B,2025-01-11,True,synthetic order line
O0000287,M000125,2025-01-11,C012,P02,lettuces,55.0,kg,55.0,A,2025-01-11,False,synthetic order line
O0000288,M000115,2025-01-11,C002,P02,lett,5.0,kg,5.0,B,2025-01-11,True,synthetic order line
O0000289,M000124,2025-01-11,C011,P02,lett,72.0,kg,72.0,B,2025-01-11,True,synthetic order line
O0000290,M000116,2025-01-11,C003,P03,cucumbers,55.0,kg,55.0,B,2025-01-11,True,synthetic order line
O0000291,M000114,2025-01-11,C001,P03,cucumber,44.0,kg,44.0,A,2025-01-11,False,synthetic order line
O0000292,M000117,2025-01-11,C004,P04,strawberry,2.0,crate,12.0,A,2025-01-11,False,synthetic order line
O0000293,M000123,2025-01-11,C010,P04,strawberries,8.0,box,24.0,A,2025-01-11,False,synthetic order line
O0000294,M000117,2025-01-11,C004,P05,bell pepper,5.0,box,25.0,A,2025-01-11,False,synthetic order line
O0000295,M000118,2025-01-11,C005,P05,capsicum,10.0,kg,10.0,B,2025-01-11,True,synthetic order line
O0000296,M000115,2025-01-11,C002,P05,bell pepper,3.0,kg,3.0,B,2025-01-11,False,synthetic order line
O0000297,M000120,2025-01-11,C007,P05,peppers,18.0,kg,18.0,B,2025-01-11,True,synthetic order line
O0000298,M000120,2025-01-11,C007,P06,spinach,14.0,kg,14.0,A,2025-01-11,True,synthetic order line
O0000299,M000119,2025-01-11,C006,P06,spin,1.0,crate,6.0,A,2025-01-11,False,synthetic order line
O0000300,M000114,2025-01-11,C001,P06,leaf spinach,5.0,kg,5.0,B,2025-01-11,True,synthetic order line
O0000301,M000117,2025-01-11,C004,P06,spin,4.0,kg,4.0,B,2025-01-11,True,synthetic order line
O0000302,M000121,2025-01-11,C008,P06,spinach,13.0,kg,13.0,A,2025-01-11,True,synthetic order line
O0000303,M000118,2025-01-11,C005,P07,carrot,29.0,kg,29.0,A,2025-01-11,False,synthetic order line
O0000304,M000124,2025-01-11,C011,P07,carrot,9.0,box,72.0,B,2025-01-11,False,synthetic order line
O0000305,M000121,2025-01-11,C008,P07,carrot,10.0,kg,10.0,B,2025-01-11,True,synthetic order line
O0000306,M000122,2025-01-11,C009,P07,carrot,30.0,kg,30.0,B,2025-01-11,True,synthetic order line
O0000307,M000125,2025-01-11,C012,P08,brocc,3.0,kg,3.0,B,2025-01-11,False,synthetic order line
O0000308,M000117,2025-01-11,C004,P08,brocc,3.0,kg,3.0,A,2025-01-11,False,synthetic order line
O0000309,M000115,2025-01-11,C002,P08,broccoli,4.0,box,20.0,B,2025-01-11,True,synthetic order line
O0000310,M000120,2025-01-11,C007,P08,broccoli,3.0,box,15.0,B,2025-01-11,True,synthetic order line
O0000311,M000129,2025-01-12,C004,P01,tomatoes,45.0,kg,45.0,A,2025-01-12,False,synthetic order line
O0000312,M000131,2025-01-12,C006,P01,tomatoes,20.0,kg,20.0,A,2025-01-12,False,synthetic order line
O0000313,M000128,2025-01-12,C003,P01,tomato,46.0,kg,46.0,B,2025-01-12,False,synthetic order line
O0000314,M000133,2025-01-12,C008,P01,toms,11.0,kg,11.0,B,2025-01-12,False,synthetic order line
O0000315,M000127,2025-01-12,C002,P01,toms,27.0,kg,27.0,A,2025-01-12,False,synthetic order line
O0000316,M000132,2025-01-12,C007,P02,lettuces,60.0,kg,60.0,B,2025-01-12,True,synthetic order line
O0000317,M000135,2025-01-12,C010,P02,lettuce,37.0,kg,37.0,A,2025-01-12,True,synthetic order line
O0000318,M000128,2025-01-12,C003,P02,lett,34.0,kg,34.0,B,2025-01-12,False,synthetic order line
O0000319,M000130,2025-01-12,C005,P03,cucumber,19.0,kg,19.0,A,2025-01-12,False,synthetic order line
O0000320,M000131,2025-01-12,C006,P03,cucumber,4.0,crate,48.0,A,2025-01-12,False,synthetic order line
O0000321,M000128,2025-01-12,C003,P03,cuke,14.0,kg,14.0,B,2025-01-12,False,synthetic order line
O0000322,M000137,2025-01-12,C012,P03,cucumbers,6.0,kg,6.0,B,2025-01-12,True,synthetic order line
O0000323,M000134,2025-01-12,C009,P03,cucumbers,45.0,kg,45.0,A,2025-01-12,True,synthetic order line
O0000324,M000126,2025-01-12,C001,P04,strawberry,5.0,kg,5.0,A,2025-01-12,False,synthetic order line
O0000325,M000128,2025-01-12,C003,P04,strawberry,25.0,kg,25.0,B,2025-01-12,True,synthetic order line
O0000326,M000134,2025-01-12,C009,P04,berries,13.0,kg,13.0,A,2025-01-12,False,synthetic order line
O0000327,M000135,2025-01-12,C010,P04,berries,3.0,kg,3.0,B,2025-01-12,False,synthetic order line
O0000328,M000131,2025-01-12,C006,P04,strawberries,7.0,box,21.0,A,2025-01-12,True,synthetic order line
O0000329,M000135,2025-01-12,C010,P05,capsicum,1.0,crate,10.0,A,2025-01-12,False,synthetic order line
O0000330,M000132,2025-01-12,C007,P05,capsicum,15.0,kg,15.0,B,2025-01-12,True,synthetic order line
O0000331,M000126,2025-01-12,C001,P05,capsicum,11.0,kg,11.0,B,2025-01-12,False,synthetic order line
O0000332,M000131,2025-01-12,C006,P05,peppers,6.0,kg,6.0,A,2025-01-12,False,synthetic order line
O0000333,M000134,2025-01-12,C009,P05,peppers,17.0,kg,17.0,A,2025-01-12,False,synthetic order line
O0000334,M000126,2025-01-12,C001,P06,spinach,18.0,kg,18.0,A,2025-01-12,False,synthetic order line
O0000335,M000129,2025-01-12,C004,P06,spinach,4.0,crate,24.0,A,2025-01-12,True,synthetic order line
O0000336,M000131,2025-01-12,C006,P06,leaf spinach,3.0,kg,3.0,A,2025-01-12,False,synthetic order line
O0000337,M000133,2025-01-12,C008,P06,leaf spinach,20.0,kg,20.0,A,2025-01-12,False,synthetic order line
O0000338,M000129,2025-01-12,C004,P07,carrots,37.0,kg,37.0,B,2025-01-12,True,synthetic order line
O0000339,M000137,2025-01-12,C012,P07,carrots,7.0,box,56.0,B,2025-01-12,False,synthetic order line
O0000340,M000127,2025-01-12,C002,P07,carrots,5.0,crate,80.0,B,2025-01-12,True,synthetic order line
O0000341,M000133,2025-01-12,C008,P08,broccoli,3.0,kg,3.0,A,2025-01-12,True,synthetic order line
O0000342,M000135,2025-01-12,C010,P08,brocc,32.0,kg,32.0,B,2025-01-12,False,synthetic order line
O0000343,M000128,2025-01-12,C003,P08,broccoli,6.0,kg,6.0,A,2025-01-12,False,synthetic order line
O0000344,M000136,2025-01-12,C011,P08,broccoli,3.0,kg,3.0,B,2025-01-12,True,synthetic order line
O0000345,M000140,2025-01-13,C003,P01,toms,5.0,kg,5.0,A,2025-01-13,False,synthetic order line
O0000346,M000144,2025-01-13,C007,P01,tomato,16.0,kg,16.0,A,2025-01-13,False,synthetic order line
O0000347,M000143,2025-01-13,C006,P01,tomatoes,15.0,kg,15.0,B,2025-01-13,True,synthetic order line
O0000348,M000147,2025-01-13,C011,P01,tomato,9.0,kg,9.0,B,2025-01-13,True,synthetic order line
O0000349,M000141,2025-01-13,C004,P01,tomato,19.0,kg,19.0,B,2025-01-13,False,synthetic order line
O0000350,M000142,2025-01-13,C005,P02,lettuce,4.0,crate,32.0,A,2025-01-13,False,synthetic order line
O0000351,M000147,2025-01-13,C011,P02,lettuce,3.0,crate,24.0,B,2025-01-13,True,synthetic order line
O0000352,M000140,2025-01-13,C003,P03,cucumber,12.0,kg,12.0,A,2025-01-13,False,synthetic order line
O0000353,M000146,2025-01-13,C010,P03,cucumbers,21.0,kg,21.0,A,2025-01-13,False,synthetic order line
O0000354,M000148,2025-01-13,C012,P03,cuke,9.0,box,54.0,A,2025-01-13,False,synthetic order line
O0000355,M000147,2025-01-13,C011,P04,strawberry,5.0,kg,5.0,A,2025-01-13,False,synthetic order line
O0000356,M000141,2025-01-13,C004,P04,strawberries,53.0,kg,53.0,B,2025-01-13,True,synthetic order line
O0000357,M000138,2025-01-13,C001,P05,bell pepper,20.0,kg,20.0,B,2025-01-13,True,synthetic order line
O0000358,M000144,2025-01-13,C007,P05,bell pepper,9.0,kg,9.0,A,2025-01-13,False,synthetic order line
O0000359,M000142,2025-01-13,C005,P05,capsicum,5.0,box,25.0,A,2025-01-13,False,synthetic order line
O0000360,M000145,2025-01-13,C008,P05,bell pepper,27.0,kg,27.0,B,2025-01-13,True,synthetic order line
O0000361,M000145,2025-01-13,C008,P06,leaf spinach,3.0,crate,18.0,A,2025-01-13,False,synthetic order line
O0000362,M000139,2025-01-13,C002,P06,spinach,6.0,kg,6.0,B,2025-01-13,True,synthetic order line
O0000363,M000142,2025-01-13,C005,P06,leaf spinach,10.0,kg,10.0,A,2025-01-13,False,synthetic order line
O0000364,M000138,2025-01-13,C001,P06,spin,2.0,crate,12.0,A,2025-01-13,False,synthetic order line
O0000365,M000138,2025-01-13,C001,P07,carrots,2.0,crate,32.0,A,2025-01-13,True,synthetic order line
O0000366,M000147,2025-01-13,C011,P07,carrot,21.0,kg,21.0,B,2025-01-13,False,synthetic order line
O0000367,M000139,2025-01-13,C002,P07,car,22.0,kg,22.0,B,2025-01-13,True,synthetic order line
O0000368,M000147,2025-01-13,C011,P08,broc,1.0,box,5.0,A,2025-01-13,False,synthetic order line
O0000369,M000141,2025-01-13,C004,P08,broccoli,9.0,box,45.0,B,2025-01-13,True,synthetic order line
O0000370,M000139,2025-01-13,C002,P08,broccoli,7.0,kg,7.0,B,2025-01-13,True,synthetic order line
O0000371,M000153,2025-01-14,C005,P01,tomato,44.0,kg,44.0,A,2025-01-14,False,synthetic order line
O0000372,M000159,2025-01-14,C011,P01,tomatoes,7.0,kg,7.0,A,2025-01-14,False,synthetic order line
O0000373,M000151,2025-01-14,C003,P01,toms,29.0,kg,29.0,A,2025-01-14,True,synthetic order line
O0000374,M000157,2025-01-14,C009,P02,lettuce,3.0,crate,24.0,A,2025-01-14,False,synthetic order line
O0000375,M000156,2025-01-14,C008,P02,lettuce,43.0,kg,43.0,B,2025-01-14,False,synthetic order line
O0000376,M000157,2025-01-14,C009,P03,cucumber,8.0,kg,8.0,A,2025-01-14,False,synthetic order line
O0000377,M000158,2025-01-14,C010,P03,cucumbers,3.0,crate,36.0,A,2025-01-14,False,synthetic order line
O0000378,M000159,2025-01-14,C011,P03,cucumber,49.0,kg,49.0,A,2025-01-14,False,synthetic order line
O0000379,M000151,2025-01-14,C003,P03,cucumber,28.0,kg,28.0,A,2025-01-14,False,synthetic order line
O0000380,M000149,2025-01-14,C001,P04,strawberry,11.0,kg,11.0,B,2025-01-14,True,synthetic order line
O0000381,M000151,2025-01-14,C003,P04,strawberries,8.0,kg,8.0,B,2025-01-14,False,synthetic order line
O0000382,M000152,2025-01-14,C004,P04,strawberry,8.0,kg,8.0,A,2025-01-14,False,synthetic order line
O0000383,M000155,2025-01-14,C007,P04,strawberry,1.0,box,3.0,A,2025-01-14,False,synthetic order line
O0000384,M000158,2025-01-14,C010,P05,peppers,33.0,kg,33.0,A,2025-01-14,False,synthetic order line
O0000385,M000151,2025-01-14,C003,P05,capsicum,1.0,crate,10.0,A,2025-01-14,False,synthetic order line
O0000386,M000150,2025-01-14,C002,P05,peppers,1.0,box,5.0,B,2025-01-14,True,synthetic order line
O0000387,M000149,2025-01-14,C001,P05,capsicum,14.0,kg,14.0,B,2025-01-14,False,synthetic order line
O0000388,M000156,2025-01-14,C008,P06,spin,39.0,kg,39.0,A,2025-01-14,False,synthetic order line
O0000389,M000154,2025-01-14,C006,P06,spin,54.0,kg,54.0,A,2025-01-14,True,synthetic order line
O0000390,M000153,2025-01-14,C005,P07,carrot,7.0,kg,7.0,A,2025-01-14,True,synthetic order line
O0000391,M000149,2025-01-14,C001,P07,carrots,3.0,box,24.0,A,2025-01-14,False,synthetic order line
O0000392,M000160,2025-01-14,C012,P07,car,64.0,kg,64.0,A,2025-01-14,False,synthetic order line
O0000393,M000154,2025-01-14,C006,P07,carrots,10.0,kg,10.0,B,2025-01-14,True,synthetic order line
O0000394,M000150,2025-01-14,C002,P07,carrots,17.0,kg,17.0,A,2025-01-14,False,synthetic order line
O0000395,M000151,2025-01-14,C003,P08,brocc,20.0,kg,20.0,B,2025-01-14,True,synthetic order line
O0000396,M000158,2025-01-14,C010,P08,broc,14.0,kg,14.0,B,2025-01-14,True,synthetic order line
O0000397,M000159,2025-01-14,C011,P08,broccoli,15.0,kg,15.0,A,2025-01-14,False,synthetic order line
O0000398,M000149,2025-01-14,C001,P08,broc,7.0,kg,7.0,B,2025-01-14,True,synthetic order line
O0000399,M000162,2025-01-15,C002,P01,tomato,8.0,box,40.0,A,2025-01-15,False,synthetic order line
O0000400,M000172,2025-01-15,C012,P01,tomatoes,20.0,kg,20.0,A,2025-01-15,False,synthetic order line
O0000401,M000166,2025-01-15,C006,P01,toms,81.0,kg,81.0,A,2025-01-15,False,synthetic order line
O0000402,M000165,2025-01-15,C005,P02,lettuces,3.0,kg,3.0,B,2025-01-15,True,synthetic order line
O0000403,M000172,2025-01-15,C012,P02,lett,60.0,kg,60.0,B,2025-01-15,False,synthetic order line
O0000404,M000164,2025-01-15,C004,P02,lettuce,19.0,kg,19.0,B,2025-01-15,False,synthetic order line
O0000405,M000166,2025-01-15,C006,P03,cucumber,10.0,box,60.0,A,2025-01-15,False,synthetic order line
O0000406,M000163,2025-01-15,C003,P03,cuke,1.0,box,6.0,B,2025-01-15,False,synthetic order line
O0000407,M000169,2025-01-15,C009,P03,cuke,3.0,crate,36.0,A,2025-01-15,False,synthetic order line
O0000408,M000171,2025-01-15,C011,P03,cucumbers,20.0,kg,20.0,A,2025-01-15,False,synthetic order line
O0000409,M000164,2025-01-15,C004,P04,strawberry,3.0,crate,18.0,B,2025-01-15,True,synthetic order line
O0000410,M000172,2025-01-15,C012,P04,strawberries,7.0,crate,42.0,A,2025-01-15,False,synthetic order line
O0000411,M000165,2025-01-15,C005,P05,bell pepper,3.0,crate,30.0,A,2025-01-15,False,synthetic order line
O0000412,M000172,2025-01-15,C012,P05,capsicum,38.0,kg,38.0,A,2025-01-15,False,synthetic order line
O0000413,M000170,2025-01-15,C010,P06,spin,4.0,kg,4.0,A,2025-01-15,False,synthetic order line
O0000414,M000168,2025-01-15,C008,P06,leaf spinach,28.0,kg,28.0,A,2025-01-15,False,synthetic order line
O0000415,M000161,2025-01-15,C001,P06,spinach,17.0,kg,17.0,B,2025-01-15,False,synthetic order line
O0000416,M000169,2025-01-15,C009,P07,car,48.0,kg,48.0,A,2025-01-15,False,synthetic order line
O0000417,M000167,2025-01-15,C007,P07,car,3.0,kg,3.0,A,2025-01-15,False,synthetic order line
O0000418,M000172,2025-01-15,C012,P07,car,36.0,kg,36.0,A,2025-01-15,True,synthetic order line
O0000419,M000172,2025-01-15,C012,P08,broccoli,14.0,kg,14.0,A,2025-01-15,False,synthetic order line
O0000420,M000163,2025-01-15,C003,P08,broc,36.0,kg,36.0,A,2025-01-15,False,synthetic order line
O0000421,M000182,2025-01-16,C010,P01,tomato,26.0,kg,26.0,B,2025-01-16,True,synthetic order line
O0000422,M000184,2025-01-16,C012,P01,toms,56.0,kg,56.0,A,2025-01-16,False,synthetic order line
O0000423,M000177,2025-01-16,C005,P01,toms,39.0,kg,39.0,B,2025-01-16,True,synthetic order line
O0000424,M000175,2025-01-16,C003,P01,toms,31.0,kg,31.0,B,2025-01-16,False,synthetic order line
O0000425,M000183,2025-01-16,C011,P01,toms,2.0,box,10.0,A,2025-01-16,False,synthetic order line
O0000426,M000178,2025-01-16,C006,P02,lettuce,54.0,kg,54.0,A,2025-01-16,False,synthetic order line
O0000427,M000177,2025-01-16,C005,P02,lettuce,10.0,kg,10.0,B,2025-01-16,True,synthetic order line
O0000428,M000174,2025-01-16,C002,P03,cuke,3.0,kg,3.0,A,2025-01-16,True,synthetic order line
O0000429,M000175,2025-01-16,C003,P03,cucumbers,1.0,crate,12.0,A,2025-01-16,False,synthetic order line
O0000430,M000177,2025-01-16,C005,P03,cucumbers,20.0,kg,20.0,B,2025-01-16,True,synthetic order line
O0000431,M000183,2025-01-16,C011,P03,cuke,23.0,kg,23.0,A,2025-01-16,False,synthetic order line
O0000432,M000182,2025-01-16,C010,P03,cuke,22.0,kg,22.0,B,2025-01-16,True,synthetic order line
O0000433,M000179,2025-01-16,C007,P04,berries,24.0,kg,24.0,B,2025-01-16,True,synthetic order line
O0000434,M000173,2025-01-16,C001,P04,berries,2.0,crate,12.0,B,2025-01-16,True,synthetic order line
O0000435,M000176,2025-01-16,C004,P04,strawberries,2.0,crate,12.0,A,2025-01-16,False,synthetic order line
O0000436,M000177,2025-01-16,C005,P04,strawberry,27.0,kg,27.0,B,2025-01-16,True,synthetic order line
O0000437,M000182,2025-01-16,C010,P04,berries,3.0,box,9.0,B,2025-01-16,True,synthetic order line
O0000438,M000180,2025-01-16,C008,P05,peppers,23.0,kg,23.0,B,2025-01-16,True,synthetic order line
O0000439,M000179,2025-01-16,C007,P05,capsicum,5.0,kg,5.0,A,2025-01-16,True,synthetic order line
O0000440,M000174,2025-01-16,C002,P05,bell pepper,1.0,box,5.0,B,2025-01-16,True,synthetic order line
O0000441,M000178,2025-01-16,C006,P05,peppers,1.0,box,5.0,A,2025-01-16,False,synthetic order line
O0000442,M000181,2025-01-16,C009,P05,bell pepper,11.0,kg,11.0,A,2025-01-16,False,synthetic order line
O0000443,M000176,2025-01-16,C004,P06,spinach,4.0,kg,4.0,A,2025-01-16,False,synthetic order line
O0000444,M000181,2025-01-16,C009,P06,leaf spinach,5.0,box,15.0,B,2025-01-16,True,synthetic order line
O0000445,M000178,2025-01-16,C006,P06,leaf spinach,28.0,kg,28.0,B,2025-01-16,False,synthetic order line
O0000446,M000175,2025-01-16,C003,P06,spinach,17.0,kg,17.0,B,2025-01-16,True,synthetic order line
O0000447,M000180,2025-01-16,C008,P07,carrot,43.0,kg,43.0,B,2025-01-16,True,synthetic order line
O0000448,M000175,2025-01-16,C003,P07,car,7.0,box,56.0,A,2025-01-16,False,synthetic order line
O0000449,M000181,2025-01-16,C009,P08,brocc,4.0,kg,4.0,A,2025-01-16,False,synthetic order line
O0000450,M000179,2025-01-16,C007,P08,broc,18.0,kg,18.0,A,2025-01-16,False,synthetic order line
O0000451,M000180,2025-01-16,C008,P08,broc,9.0,kg,9.0,A,2025-01-16,False,synthetic order line
O0000452,M000173,2025-01-16,C001,P08,broc,12.0,kg,12.0,A,2025-01-16,False,synthetic order line
O0000453,M000196,2025-01-17,C012,P01,toms,101.0,kg,101.0,B,2025-01-17,True,synthetic order line
O0000454,M000191,2025-01-17,C007,P01,tomatoes,8.0,box,40.0,A,2025-01-17,False,synthetic order line
O0000455,M000185,2025-01-17,C001,P01,tomato,8.0,kg,8.0,A,2025-01-17,True,synthetic order line
O0000456,M000195,2025-01-17,C011,P02,lettuces,4.0,crate,32.0,A,2025-01-17,False,synthetic order line
O0000457,M000193,2025-01-17,C009,P02,lett,2.0,box,8.0,A,2025-01-17,False,synthetic order line
O0000458,M000192,2025-01-17,C008,P02,lettuces,3.0,box,12.0,B,2025-01-17,True,synthetic order line
O0000459,M000186,2025-01-17,C002,P03,cuke,1.0,box,6.0,B,2025-01-17,True,synthetic order line
O0000460,M000190,2025-01-17,C006,P03,cucumber,12.0,kg,12.0,B,2025-01-17,True,synthetic order line
O0000461,M000189,2025-01-17,C005,P03,cuke,4.0,box,24.0,B,2025-01-17,False,synthetic order line
O0000462,M000195,2025-01-17,C011,P03,cucumbers,3.0,crate,36.0,A,2025-01-17,False,synthetic order line
O0000463,M000189,2025-01-17,C005,P04,berries,5.0,box,15.0,B,2025-01-17,True,synthetic order line
O0000464,M000191,2025-01-17,C007,P04,strawberry,8.0,kg,8.0,A,2025-01-17,False,synthetic order line
O0000465,M000192,2025-01-17,C008,P04,berries,8.0,kg,8.0,A,2025-01-17,False,synthetic order line
O0000466,M000196,2025-01-17,C012,P04,strawberries,4.0,box,12.0,B,2025-01-17,True,synthetic order line
O0000467,M000188,2025-01-17,C004,P04,strawberry,6.0,box,18.0,A,2025-01-17,False,synthetic order line
O0000468,M000188,2025-01-17,C004,P05,capsicum,30.0,kg,30.0,B,2025-01-17,False,synthetic order line
O0000469,M000194,2025-01-17,C010,P05,peppers,16.0,kg,16.0,A,2025-01-17,False,synthetic order line
O0000470,M000189,2025-01-17,C005,P05,peppers,1.0,box,5.0,B,2025-01-17,True,synthetic order line
O0000471,M000185,2025-01-17,C001,P05,peppers,1.0,crate,10.0,A,2025-01-17,True,synthetic order line
O0000472,M000195,2025-01-17,C011,P06,leaf spinach,9.0,kg,9.0,B,2025-01-17,False,synthetic order line
O0000473,M000196,2025-01-17,C012,P06,spin,1.0,box,3.0,B,2025-01-17,True,synthetic order line
O0000474,M000187,2025-01-17,C003,P06,spin,3.0,kg,3.0,A,2025-01-17,False,synthetic order line
O0000475,M000185,2025-01-17,C001,P06,leaf spinach,2.0,crate,12.0,A,2025-01-17,False,synthetic order line
O0000476,M000190,2025-01-17,C006,P06,spinach,29.0,kg,29.0,A,2025-01-17,False,synthetic order line
O0000477,M000189,2025-01-17,C005,P07,car,44.0,kg,44.0,A,2025-01-17,False,synthetic order line
O0000478,M000186,2025-01-17,C002,P07,carrots,1.0,crate,16.0,A,2025-01-17,False,synthetic order line
O0000479,M000195,2025-01-17,C011,P07,carrots,31.0,kg,31.0,A,2025-01-17,False,synthetic order line
O0000480,M000192,2025-01-17,C008,P08,brocc,40.0,kg,40.0,A,2025-01-17,False,synthetic order line
O0000481,M000188,2025-01-17,C004,P08,broccoli,15.0,kg,15.0,B,2025-01-17,False,synthetic order line
O0000482,M000198,2025-01-18,C002,P01,tomatoes,63.0,kg,63.0,A,2025-01-18,False,synthetic order line
O0000483,M000200,2025-01-18,C005,P01,tomatoes,32.0,kg,32.0,A,2025-01-18,False,synthetic order line
O0000484,M000206,2025-01-18,C012,P02,lettuce,33.0,kg,33.0,A,2025-01-18,False,synthetic order line
O0000485,M000204,2025-01-18,C010,P02,lettuces,11.0,kg,11.0,B,2025-01-18,True,synthetic order line
O0000486,M000200,2025-01-18,C005,P02,lettuce,1.0,box,4.0,A,2025-01-18,False,synthetic order line
O0000487,M000200,2025-01-18,C005,P03,cucumbers,21.0,kg,21.0,A,2025-01-18,False,synthetic order line
O0000488,M000199,2025-01-18,C004,P03,cuke,2.0,box,12.0,A,2025-01-18,True,synthetic order line
O0000489,M000198,2025-01-18,C002,P03,cucumber,6.0,box,36.0,B,2025-01-18,True,synthetic order line
O0000490,M000197,2025-01-18,C001,P04,berries,33.0,kg,33.0,A,2025-01-18,False,synthetic order line
O0000491,M000200,2025-01-18,C005,P04,strawberries,14.0,kg,14.0,B,2025-01-18,True,synthetic order line
O0000492,M000204,2025-01-18,C010,P04,berries,17.0,kg,17.0,B,2025-01-18,False,synthetic order line
O0000493,M000206,2025-01-18,C012,P05,peppers,2.0,box,10.0,B,2025-01-18,True,synthetic order line
O0000494,M000203,2025-01-18,C009,P05,bell pepper,14.0,kg,14.0,A,2025-01-18,False,synthetic order line
O0000495,M000202,2025-01-18,C008,P05,peppers,1.0,crate,10.0,B,2025-01-18,False,synthetic order line
O0000496,M000200,2025-01-18,C005,P05,bell pepper,1.0,box,5.0,B,2025-01-18,True,synthetic order line
O0000497,M000205,2025-01-18,C011,P05,bell pepper,36.0,kg,36.0,B,2025-01-18,False,synthetic order line
O0000498,M000203,2025-01-18,C009,P06,spinach,3.0,kg,3.0,B,2025-01-18,True,synthetic order line
O0000499,M000201,2025-01-18,C007,P06,spinach,6.0,box,18.0,A,2025-01-18,False,synthetic order line
O0000500,M000197,2025-01-18,C001,P06,leaf spinach,16.0,kg,16.0,A,2025-01-18,False,synthetic order line
O0000501,M000198,2025-01-18,C002,P06,spin,6.0,kg,6.0,A,2025-01-18,False,synthetic order line
O0000502,M000199,2025-01-18,C004,P06,spin,3.0,crate,18.0,B,2025-01-18,False,synthetic order line
O0000503,M000202,2025-01-18,C008,P07,carrot,15.0,kg,15.0,B,2025-01-18,True,synthetic order line
O0000504,M000197,2025-01-18,C001,P07,carrots,4.0,box,32.0,A,2025-01-18,False,synthetic order line
O0000505,M000201,2025-01-18,C007,P07,carrot,28.0,kg,28.0,B,2025-01-18,True,synthetic order line
O0000506,M000205,2025-01-18,C011,P07,car,3.0,box,24.0,A,2025-01-18,False,synthetic order line
O0000507,M000202,2025-01-18,C008,P08,brocc,3.0,box,15.0,A,2025-01-18,False,synthetic order line
O0000508,M000198,2025-01-18,C002,P08,broc,47.0,kg,47.0,A,2025-01-18,False,synthetic order line
O0000509,M000211,2025-01-19,C005,P01,toms,10.0,kg,10.0,B,2025-01-19,True,synthetic order line
O0000510,M000218,2025-01-19,C012,P01,tomatoes,5.0,box,25.0,B,2025-01-19,True,synthetic order line
O0000511,M000213,2025-01-19,C007,P01,tomato,7.0,kg,7.0,B,2025-01-19,True,synthetic order line
O0000512,M000214,2025-01-19,C008,P01,toms,14.0,kg,14.0,A,2025-01-19,True,synthetic order line
O0000513,M000212,2025-01-19,C006,P02,lett,7.0,kg,7.0,B,2025-01-19,True,synthetic order line
O0000514,M000215,2025-01-19,C009,P02,lettuces,22.0,kg,22.0,A,2025-01-19,False,synthetic order line
O0000515,M000210,2025-01-19,C004,P02,lettuces,5.0,box,20.0,A,2025-01-19,False,synthetic order line
O0000516,M000217,2025-01-19,C011,P03,cucumbers,7.0,box,42.0,A,2025-01-19,False,synthetic order line
O0000517,M000215,2025-01-19,C009,P03,cucumbers,3.0,box,18.0,A,2025-01-19,False,synthetic order line
O0000518,M000213,2025-01-19,C007,P03,cucumber,14.0,kg,14.0,A,2025-01-19,False,synthetic order line
O0000519,M000208,2025-01-19,C002,P03,cucumbers,18.0,kg,18.0,A,2025-01-19,False,synthetic order line
O0000520,M000212,2025-01-19,C006,P03,cuke,7.0,kg,7.0,A,2025-01-19,False,synthetic order line
O0000521,M000213,2025-01-19,C007,P04,strawberries,28.0,kg,28.0,B,2025-01-19,True,synthetic order line
O0000522,M000218,2025-01-19,C012,P04,strawberry,22.0,kg,22.0,B,2025-01-19,True,synthetic order line
O0000523,M000209,2025-01-19,C003,P04,strawberries,9.0,kg,9.0,A,2025-01-19,False,synthetic order line
O0000524,M000217,2025-01-19,C011,P05,peppers,1.0,crate,10.0,B,2025-01-19,True,synthetic order line
O0000525,M000216,2025-01-19,C010,P05,capsicum,7.0,kg,7.0,B,2025-01-19,False,synthetic order line
O0000526,M000207,2025-01-19,C001,P05,bell pepper,1.0,box,5.0,B,2025-01-19,True,synthetic order line
O0000527,M000211,2025-01-19,C005,P05,peppers,4.0,kg,4.0,B,2025-01-19,True,synthetic order line
O0000528,M000209,2025-01-19,C003,P05,capsicum,9.0,kg,9.0,B,2025-01-19,True,synthetic order line
O0000529,M000213,2025-01-19,C007,P06,leaf spinach,8.0,kg,8.0,B,2025-01-19,True,synthetic order line
O0000530,M000211,2025-01-19,C005,P06,leaf spinach,3.0,box,9.0,B,2025-01-19,True,synthetic order line
O0000531,M000217,2025-01-19,C011,P06,spinach,12.0,kg,12.0,A,2025-01-19,False,synthetic order line
O0000532,M000214,2025-01-19,C008,P06,leaf spinach,4.0,kg,4.0,B,2025-01-19,True,synthetic order line
O0000533,M000209,2025-01-19,C003,P06,spinach,3.0,kg,3.0,A,2025-01-19,False,synthetic order line
O0000534,M000215,2025-01-19,C009,P07,carrot,25.0,kg,25.0,A,2025-01-19,True,synthetic order line
O0000535,M000207,2025-01-19,C001,P07,car,20.0,kg,20.0,B,2025-01-19,True,synthetic order line
O0000536,M000213,2025-01-19,C007,P07,carrots,19.0,kg,19.0,A,2025-01-19,False,synthetic order line
O0000537,M000214,2025-01-19,C008,P07,carrot,4.0,box,32.0,B,2025-01-19,True,synthetic order line
O0000538,M000217,2025-01-19,C011,P08,broccoli,10.0,box,50.0,A,2025-01-19,False,synthetic order line
O0000539,M000210,2025-01-19,C004,P08,broc,30.0,kg,30.0,A,2025-01-19,False,synthetic order line
O0000540,M000221,2025-01-20,C003,P01,tomatoes,21.0,kg,21.0,B,2025-01-20,True,synthetic order line
O0000541,M000219,2025-01-20,C001,P01,tomatoes,40.0,kg,40.0,A,2025-01-20,False,synthetic order line
O0000542,M000227,2025-01-20,C009,P01,tomatoes,1.0,crate,10.0,A,2025-01-20,False,synthetic order line
O0000543,M000223,2025-01-20,C005,P02,lett,9.0,kg,9.0,A,2025-01-20,False,synthetic order line
O0000544,M000225,2025-01-20,C007,P02,lettuces,11.0,kg,11.0,A,2025-01-20,False,synthetic order line
O0000545,M000230,2025-01-20,C012,P02,lett,39.0,kg,39.0,B,2025-01-20,True,synthetic order line
O0000546,M000222,2025-01-20,C004,P03,cuke,2.0,box,12.0,A,2025-01-20,False,synthetic order line
O0000547,M000220,2025-01-20,C002,P03,cuke,8.0,box,48.0,A,2025-01-20,True,synthetic order line
O0000548,M000228,2025-01-20,C010,P03,cucumbers,9.0,kg,9.0,A,2025-01-20,False,synthetic order line
O0000549,M000223,2025-01-20,C005,P03,cucumbers,24.0,kg,24.0,A,2025-01-20,False,synthetic order line
O0000550,M000225,2025-01-20,C007,P04,berries,7.0,kg,7.0,A,2025-01-20,False,synthetic order line
O0000551,M000229,2025-01-20,C011,P04,strawberries,11.0,kg,11.0,A,2025-01-20,False,synthetic order line
O0000552,M000228,2025-01-20,C010,P04,strawberries,3.0,kg,3.0,B,2025-01-20,True,synthetic order line
O0000553,M000226,2025-01-20,C008,P04,strawberries,16.0,kg,16.0,B,2025-01-20,False,synthetic order line
O0000554,M000224,2025-01-20,C006,P04,strawberries,5.0,box,15.0,A,2025-01-20,False,synthetic order line
O0000555,M000221,2025-01-20,C003,P05,bell pepper,1.0,box,5.0,B,2025-01-20,True,synthetic order line
O0000556,M000227,2025-01-20,C009,P05,capsicum,13.0,kg,13.0,B,2025-01-20,False,synthetic order line
O0000557,M000229,2025-01-20,C011,P05,peppers,7.0,kg,7.0,A,2025-01-20,False,synthetic order line
O0000558,M000228,2025-01-20,C010,P05,capsicum,37.0,kg,37.0,A,2025-01-20,False,synthetic order line
O0000559,M000229,2025-01-20,C011,P06,spin,5.0,box,15.0,A,2025-01-20,True,synthetic order line
O0000560,M000225,2025-01-20,C007,P06,spin,14.0,kg,14.0,A,2025-01-20,True,synthetic order line
O0000561,M000226,2025-01-20,C008,P06,spinach,1.0,box,3.0,A,2025-01-20,False,synthetic order line
O0000562,M000229,2025-01-20,C011,P07,car,21.0,kg,21.0,A,2025-01-20,False,synthetic order line
O0000563,M000225,2025-01-20,C007,P07,car,21.0,kg,21.0,B,2025-01-20,True,synthetic order line
O0000564,M000219,2025-01-20,C001,P07,car,34.0,kg,34.0,A,2025-01-20,False,synthetic order line
O0000565,M000224,2025-01-20,C006,P07,carrot,1.0,box,8.0,B,2025-01-20,True,synthetic order line
O0000566,M000223,2025-01-20,C005,P08,broccoli,8.0,kg,8.0,A,2025-01-20,False,synthetic order line
O0000567,M000226,2025-01-20,C008,P08,broccoli,12.0,kg,12.0,A,2025-01-20,False,synthetic order line
O0000568,M000220,2025-01-20,C002,P08,broccoli,4.0,box,20.0,A,2025-01-20,True,synthetic order line
O0000569,M000225,2025-01-20,C007,P08,broc,3.0,box,15.0,B,2025-01-20,True,synthetic order line
O0000570,M000234,2025-01-21,C004,P01,toms,51.0,kg,51.0,B,2025-01-21,True,synthetic order line
O0000571,M000232,2025-01-21,C002,P01,tomatoes,15.0,kg,15.0,B,2025-01-21,True,synthetic order line
O0000572,M000242,2025-01-21,C012,P01,tomato,4.0,box,20.0,A,2025-01-21,True,synthetic order line
O0000573,M000236,2025-01-21,C006,P01,tomatoes,4.0,box,20.0,A,2025-01-21,False,synthetic order line
O0000574,M000231,2025-01-21,C001,P01,tomato,5.0,box,25.0,A,2025-01-21,False,synthetic order line
O0000575,M000237,2025-01-21,C007,P02,lett,11.0,kg,11.0,A,2025-01-21,False,synthetic order line
O0000576,M000232,2025-01-21,C002,P02,lettuce,2.0,box,8.0,A,2025-01-21,False,synthetic order line
O0000577,M000233,2025-01-21,C003,P02,lett,20.0,kg,20.0,A,2025-01-21,False,synthetic order line
O0000578,M000235,2025-01-21,C005,P02,lettuce,8.0,kg,8.0,B,2025-01-21,True,synthetic order line
O0000579,M000238,2025-01-21,C008,P03,cucumber,3.0,box,18.0,A,2025-01-21,False,synthetic order line
O0000580,M000236,2025-01-21,C006,P03,cuke,1.0,crate,12.0,A,2025-01-21,False,synthetic order line
O0000581,M000239,2025-01-21,C009,P03,cuke,4.0,box,24.0,B,2025-01-21,True,synthetic order line
O0000582,M000242,2025-01-21,C012,P03,cucumber,8.0,box,48.0,A,2025-01-21,False,synthetic order line
O0000583,M000240,2025-01-21,C010,P03,cuke,12.0,kg,12.0,B,2025-01-21,False,synthetic order line
O0000584,M000238,2025-01-21,C008,P04,strawberry,9.0,kg,9.0,A,2025-01-21,False,synthetic order line
O0000585,M000236,2025-01-21,C006,P04,strawberries,11.0,kg,11.0,A,2025-01-21,False,synthetic order line
O0000586,M000235,2025-01-21,C005,P04,strawberry,6.0,kg,6.0,A,2025-01-21,False,synthetic order line
O0000587,M000240,2025-01-21,C010,P04,strawberry,1.0,crate,6.0,A,2025-01-21,True,synthetic order line
O0000588,M000237,2025-01-21,C007,P04,berries,3.0,kg,3.0,B,2025-01-21,True,synthetic order line
O0000589,M000238,2025-01-21,C008,P05,bell pepper,45.0,kg,45.0,A,2025-01-21,False,synthetic order line
O0000590,M000234,2025-01-21,C004,P05,bell pepper,22.0,kg,22.0,B,2025-01-21,False,synthetic order line
O0000591,M000235,2025-01-21,C005,P06,leaf spinach,30.0,kg,30.0,A,2025-01-21,False,synthetic order line
O0000592,M000242,2025-01-21,C012,P06,spinach,4.0,kg,4.0,B,2025-01-21,True,synthetic order line
O0000593,M000237,2025-01-21,C007,P06,spinach,3.0,box,9.0,A,2025-01-21,False,synthetic order line
O0000594,M000236,2025-01-21,C006,P06,spin,1.0,box,3.0,A,2025-01-21,True,synthetic order line
O0000595,M000232,2025-01-21,C002,P06,spin,15.0,kg,15.0,A,2025-01-21,False,synthetic order line
O0000596,M000241,2025-01-21,C011,P07,carrots,23.0,kg,23.0,A,2025-01-21,True,synthetic order line
O0000597,M000242,2025-01-21,C012,P07,car,28.0,kg,28.0,A,2025-01-21,False,synthetic order line
O0000598,M000239,2025-01-21,C009,P07,carrots,17.0,kg,17.0,A,2025-01-21,False,synthetic order line
O0000599,M000237,2025-01-21,C007,P07,car,30.0,kg,30.0,A,2025-01-21,False,synthetic order line
O0000600,M000235,2025-01-21,C005,P07,car,19.0,kg,19.0,B,2025-01-21,True,synthetic order line
O0000601,M000233,2025-01-21,C003,P08,broc,5.0,kg,5.0,A,2025-01-21,False,synthetic order line
O0000602,M000234,2025-01-21,C004,P08,broccoli,5.0,box,25.0,A,2025-01-21,False,synthetic order line
O0000603,M000236,2025-01-21,C006,P08,broc,15.0,kg,15.0,A,2025-01-21,False,synthetic order line
O0000604,M000248,2025-01-22,C006,P01,tomatoes,35.0,kg,35.0,A,2025-01-22,False,synthetic order line
O0000605,M000245,2025-01-22,C003,P01,tomato,12.0,box,60.0,A,2025-01-22,False,synthetic order line
O0000606,M000251,2025-01-22,C009,P02,lettuce,19.0,kg,19.0,B,2025-01-22,False,synthetic order line
O0000607,M000253,2025-01-22,C011,P02,lettuces,3.0,crate,24.0,A,2025-01-22,False,synthetic order line
O0000608,M000249,2025-01-22,C007,P02,lettuce,33.0,kg,33.0,A,2025-01-22,False,synthetic order line
O0000609,M000244,2025-01-22,C002,P02,lett,11.0,kg,11.0,B,2025-01-22,True,synthetic order line
O0000610,M000243,2025-01-22,C001,P03,cucumbers,12.0,kg,12.0,A,2025-01-22,False,synthetic order line
O0000611,M000251,2025-01-22,C009,P03,cucumbers,6.0,box,36.0,B,2025-01-22,True,synthetic order line
O0000612,M000249,2025-01-22,C007,P03,cucumbers,28.0,kg,28.0,A,2025-01-22,False,synthetic order line
O0000613,M000244,2025-01-22,C002,P03,cuke,9.0,kg,9.0,A,2025-01-22,False,synthetic order line
O0000614,M000252,2025-01-22,C010,P03,cuke,25.0,kg,25.0,A,2025-01-22,False,synthetic order line
O0000615,M000251,2025-01-22,C009,P04,strawberry,15.0,kg,15.0,A,2025-01-22,True,synthetic order line
O0000616,M000253,2025-01-22,C011,P04,strawberry,13.0,kg,13.0,A,2025-01-22,True,synthetic order line
O0000617,M000245,2025-01-22,C003,P04,strawberries,3.0,kg,3.0,B,2025-01-22,True,synthetic order line
O0000618,M000243,2025-01-22,C001,P04,strawberry,2.0,box,6.0,A,2025-01-22,False,synthetic order line
O0000619,M000248,2025-01-22,C006,P04,strawberry,1.0,crate,6.0,A,2025-01-22,True,synthetic order line
O0000620,M000246,2025-01-22,C004,P05,capsicum,2.0,box,10.0,A,2025-01-22,False,synthetic order line
O0000621,M000250,2025-01-22,C008,P05,peppers,16.0,kg,16.0,A,2025-01-22,False,synthetic order line
O0000622,M000251,2025-01-22,C009,P05,peppers,35.0,kg,35.0,A,2025-01-22,False,synthetic order line
O0000623,M000246,2025-01-22,C004,P06,spin,45.0,kg,45.0,B,2025-01-22,True,synthetic order line
O0000624,M000252,2025-01-22,C010,P06,leaf spinach,1.0,crate,6.0,A,2025-01-22,False,synthetic order line
O0000625,M000244,2025-01-22,C002,P06,leaf spinach,1.0,crate,6.0,A,2025-01-22,False,synthetic order line
O0000626,M000243,2025-01-22,C001,P07,carrots,32.0,kg,32.0,B,2025-01-22,False,synthetic order line
O0000627,M000245,2025-01-22,C003,P07,car,37.0,kg,37.0,B,2025-01-22,True,synthetic order line
O0000628,M000250,2025-01-22,C008,P07,carrots,12.0,kg,12.0,A,2025-01-22,False,synthetic order line
O0000629,M000252,2025-01-22,C010,P07,carrot,19.0,kg,19.0,B,2025-01-22,False,synthetic order line
O0000630,M000249,2025-01-22,C007,P08,broc,25.0,kg,25.0,B,2025-01-22,True,synthetic order line
O0000631,M000244,2025-01-22,C002,P08,brocc,12.0,kg,12.0,A,2025-01-22,False,synthetic order line
O0000632,M000247,2025-01-22,C005,P08,brocc,1.0,box,5.0,A,2025-01-22,False,synthetic order line
O0000633,M000254,2025-01-22,C012,P08,broc,20.0,kg,20.0,B,2025-01-22,False,synthetic order line
O0000634,M000245,2025-01-22,C003,P08,broc,1.0,box,5.0,A,2025-01-22,False,synthetic order line
O0000635,M000265,2025-01-23,C011,P01,tomato,40.0,kg,40.0,B,2025-01-23,True,synthetic order line
O0000636,M000261,2025-01-23,C007,P01,tomato,41.0,kg,41.0,A,2025-01-23,False,synthetic order line
O0000637,M000258,2025-01-23,C004,P01,tomato,86.0,kg,86.0,A,2025-01-23,False,synthetic order line
O0000638,M000255,2025-01-23,C001,P02,lett,29.0,kg,29.0,A,2025-01-23,False,synthetic order line
O0000639,M000260,2025-01-23,C006,P02,lettuces,47.0,kg,47.0,B,2025-01-23,True,synthetic order line
O0000640,M000266,2025-01-23,C012,P03,cucumber,83.0,kg,83.0,A,2025-01-23,False,synthetic order line
O0000641,M000259,2025-01-23,C005,P03,cucumber,3.0,kg,3.0,B,2025-01-23,False,synthetic order line
O0000642,M000260,2025-01-23,C006,P04,strawberry,13.0,kg,13.0,A,2025-01-23,False,synthetic order line
O0000643,M000261,2025-01-23,C007,P04,strawberries,25.0,kg,25.0,B,2025-01-23,True,synthetic order line
O0000644,M000256,2025-01-23,C002,P04,strawberries,24.0,kg,24.0,B,2025-01-23,True,synthetic order line
O0000645,M000265,2025-01-23,C011,P05,capsicum,6.0,box,30.0,A,2025-01-23,False,synthetic order line
O0000646,M000257,2025-01-23,C003,P05,capsicum,1.0,box,5.0,A,2025-01-23,False,synthetic order line
O0000647,M000257,2025-01-23,C003,P06,spinach,3.0,kg,3.0,A,2025-01-23,False,synthetic order line
O0000648,M000266,2025-01-23,C012,P06,leaf spinach,18.0,kg,18.0,A,2025-01-23,False,synthetic order line
O0000649,M000255,2025-01-23,C001,P06,leaf spinach,9.0,kg,9.0,A,2025-01-23,False,synthetic order line
O0000650,M000264,2025-01-23,C010,P06,spin,9.0,kg,9.0,A,2025-01-23,False,synthetic order line
O0000651,M000263,2025-01-23,C009,P06,spin,9.0,kg,9.0,A,2025-01-23,False,synthetic order line
O0000652,M000262,2025-01-23,C008,P07,car,1.0,box,8.0,B,2025-01-23,True,synthetic order line
O0000653,M000266,2025-01-23,C012,P07,car,6.0,kg,6.0,A,2025-01-23,False,synthetic order line
O0000654,M000259,2025-01-23,C005,P07,car,1.0,box,8.0,A,2025-01-23,False,synthetic order line
O0000655,M000261,2025-01-23,C007,P07,carrot,2.0,box,16.0,A,2025-01-23,False,synthetic order line
O0000656,M000262,2025-01-23,C008,P08,broccoli,3.0,kg,3.0,A,2025-01-23,False,synthetic order line
O0000657,M000257,2025-01-23,C003,P08,broccoli,14.0,kg,14.0,A,2025-01-23,False,synthetic order line
O0000658,M000258,2025-01-23,C004,P08,brocc,3.0,crate,30.0,A,2025-01-23,True,synthetic order line
O0000659,M000270,2025-01-24,C004,P01,toms,1.0,crate,10.0,B,2025-01-24,False,synthetic order line
O0000660,M000269,2025-01-24,C003,P01,toms,48.0,kg,48.0,A,2025-01-24,False,synthetic order line
O0000661,M000275,2025-01-24,C009,P01,tomato,29.0,kg,29.0,A,2025-01-24,False,synthetic order line
O0000662,M000276,2025-01-24,C010,P02,lettuce,42.0,kg,42.0,B,2025-01-24,True,synthetic order line
O0000663,M000275,2025-01-24,C009,P02,lettuce,11.0,box,44.0,A,2025-01-24,True,synthetic order line
O0000664,M000275,2025-01-24,C009,P03,cuke,31.0,kg,31.0,B,2025-01-24,False,synthetic order line
O0000665,M000267,2025-01-24,C001,P03,cucumbers,33.0,kg,33.0,A,2025-01-24,False,synthetic order line
O0000666,M000276,2025-01-24,C010,P04,berries,31.0,kg,31.0,A,2025-01-24,False,synthetic order line
O0000667,M000270,2025-01-24,C004,P04,strawberries,3.0,kg,3.0,B,2025-01-24,True,synthetic order line
O0000668,M000275,2025-01-24,C009,P04,strawberries,3.0,kg,3.0,B,2025-01-24,True,synthetic order line
O0000669,M000273,2025-01-24,C007,P04,strawberry,3.0,kg,3.0,A,2025-01-24,False,synthetic order line
O0000670,M000272,2025-01-24,C006,P04,strawberry,1.0,crate,6.0,B,2025-01-24,True,synthetic order line
O0000671,M000271,2025-01-24,C005,P05,bell pepper,1.0,crate,10.0,B,2025-01-24,False,synthetic order line
O0000672,M000274,2025-01-24,C008,P05,bell pepper,1.0,crate,10.0,B,2025-01-24,True,synthetic order line
O0000673,M000277,2025-01-24,C011,P05,capsicum,2.0,crate,20.0,A,2025-01-24,False,synthetic order line
O0000674,M000269,2025-01-24,C003,P05,peppers,1.0,crate,10.0,A,2025-01-24,False,synthetic order line
O0000675,M000271,2025-01-24,C005,P06,spinach,6.0,kg,6.0,B,2025-01-24,True,synthetic order line
O0000676,M000277,2025-01-24,C011,P06,spin,13.0,kg,13.0,B,2025-01-24,False,synthetic order line
O0000677,M000269,2025-01-24,C003,P06,spin,5.0,box,15.0,B,2025-01-24,True,synthetic order line
O0000678,M000276,2025-01-24,C010,P06,spin,10.0,kg,10.0,A,2025-01-24,False,synthetic order line
O0000679,M000269,2025-01-24,C003,P07,car,39.0,kg,39.0,B,2025-01-24,True,synthetic order line
O0000680,M000268,2025-01-24,C002,P07,carrots,27.0,kg,27.0,A,2025-01-24,False,synthetic order line
O0000681,M000275,2025-01-24,C009,P07,carrot,36.0,kg,36.0,A,2025-01-24,False,synthetic order line
O0000682,M000267,2025-01-24,C001,P08,broc,10.0,kg,10.0,B,2025-01-24,True,synthetic order line
O0000683,M000271,2025-01-24,C005,P08,broccoli,4.0,box,20.0,B,2025-01-24,True,synthetic order line
O0000684,M000277,2025-01-24,C011,P08,broc,4.0,kg,4.0,A,2025-01-24,False,synthetic order line
O0000685,M000278,2025-01-24,C012,P08,broccoli,15.0,kg,15.0,A,2025-01-24,True,synthetic order line
O0000686,M000273,2025-01-24,C007,P08,broccoli,3.0,kg,3.0,A,2025-01-24,False,synthetic order line
O0000687,M000282,2025-01-25,C004,P01,tomatoes,58.0,kg,58.0,A,2025-01-25,True,synthetic order line
O0000688,M000283,2025-01-25,C005,P01,toms,5.0,box,25.0,A,2025-01-25,False,synthetic order line
O0000689,M000287,2025-01-25,C009,P01,tomatoes,3.0,box,15.0,B,2025-01-25,True,synthetic order line
O0000690,M000290,2025-01-25,C012,P01,toms,17.0,kg,17.0,B,2025-01-25,True,synthetic order line
O0000691,M000279,2025-01-25,C001,P02,lettuce,23.0,kg,23.0,A,2025-01-25,False,synthetic order line
O0000692,M000287,2025-01-25,C009,P02,lettuces,14.0,kg,14.0,A,2025-01-25,False,synthetic order line
O0000693,M000289,2025-01-25,C011,P02,lettuces,76.0,kg,76.0,B,2025-01-25,False,synthetic order line
O0000694,M000280,2025-01-25,C002,P02,lett,8.0,kg,8.0,A,2025-01-25,False,synthetic order line
O0000695,M000288,2025-01-25,C010,P02,lett,3.0,kg,3.0,A,2025-01-25,False,synthetic order line
O0000696,M000281,2025-01-25,C003,P03,cuke,11.0,kg,11.0,A,2025-01-25,False,synthetic order line
O0000697,M000285,2025-01-25,C007,P03,cuke,29.0,kg,29.0,B,2025-01-25,False,synthetic order line
O0000698,M000279,2025-01-25,C001,P03,cuke,14.0,kg,14.0,A,2025-01-25,False,synthetic order line
O0000699,M000286,2025-01-25,C008,P03,cucumber,3.0,kg,3.0,B,2025-01-25,True,synthetic order line
O0000700,M000282,2025-01-25,C004,P04,strawberries,1.0,box,3.0,B,2025-01-25,False,synthetic order line
O0000701,M000279,2025-01-25,C001,P04,strawberry,3.0,box,9.0,B,2025-01-25,False,synthetic order line
O0000702,M000287,2025-01-25,C009,P04,berries,3.0,crate,18.0,B,2025-01-25,True,synthetic order line
O0000703,M000283,2025-01-25,C005,P04,berries,1.0,box,3.0,B,2025-01-25,False,synthetic order line
O0000704,M000282,2025-01-25,C004,P05,capsicum,1.0,crate,10.0,B,2025-01-25,True,synthetic order line
O0000705,M000286,2025-01-25,C008,P05,capsicum,49.0,kg,49.0,A,2025-01-25,False,synthetic order line
O0000706,M000289,2025-01-25,C011,P05,peppers,24.0,kg,24.0,B,2025-01-25,False,synthetic order line
O0000707,M000286,2025-01-25,C008,P06,spin,10.0,kg,10.0,B,2025-01-25,True,synthetic order line
O0000708,M000289,2025-01-25,C011,P06,spinach,18.0,kg,18.0,A,2025-01-25,True,synthetic order line
O0000709,M000279,2025-01-25,C001,P06,spin,15.0,kg,15.0,A,2025-01-25,False,synthetic order line
O0000710,M000284,2025-01-25,C006,P06,spin,5.0,kg,5.0,B,2025-01-25,True,synthetic order line
O0000711,M000288,2025-01-25,C010,P07,carrot,3.0,box,24.0,B,2025-01-25,True,synthetic order line
O0000712,M000279,2025-01-25,C001,P07,car,20.0,kg,20.0,B,2025-01-25,True,synthetic order line
O0000713,M000280,2025-01-25,C002,P07,car,18.0,kg,18.0,B,2025-01-25,True,synthetic order line
O0000714,M000289,2025-01-25,C011,P07,carrot,35.0,kg,35.0,A,2025-01-25,False,synthetic order line
O0000715,M000286,2025-01-25,C008,P08,brocc,12.0,kg,12.0,A,2025-01-25,False,synthetic order line
O0000716,M000289,2025-01-25,C011,P08,broc,9.0,kg,9.0,B,2025-01-25,False,synthetic order line
O0000717,M000285,2025-01-25,C007,P08,broc,4.0,crate,40.0,B,2025-01-25,False,synthetic order line
O0000718,M000292,2025-01-26,C002,P01,tomato,1.0,box,5.0,B,2025-01-26,True,synthetic order line
O0000719,M000299,2025-01-26,C010,P01,tomatoes,76.0,kg,76.0,B,2025-01-26,False,synthetic order line
O0000720,M000300,2025-01-26,C011,P01,tomato,91.0,kg,91.0,A,2025-01-26,False,synthetic order line
O0000721,M000300,2025-01-26,C011,P02,lettuces,44.0,kg,44.0,A,2025-01-26,True,synthetic order line
O0000722,M000299,2025-01-26,C010,P02,lettuces,8.0,box,32.0,B,2025-01-26,True,synthetic order line
O0000723,M000301,2025-01-26,C012,P03,cuke,5.0,kg,5.0,B,2025-01-26,True,synthetic order line
O0000724,M000292,2025-01-26,C002,P03,cuke,5.0,kg,5.0,A,2025-01-26,False,synthetic order line
O0000725,M000299,2025-01-26,C010,P03,cucumbers,34.0,kg,34.0,A,2025-01-26,False,synthetic order line
O0000726,M000296,2025-01-26,C007,P04,strawberry,11.0,kg,11.0,B,2025-01-26,True,synthetic order line
O0000727,M000300,2025-01-26,C011,P04,strawberry,35.0,kg,35.0,A,2025-01-26,True,synthetic order line
O0000728,M000299,2025-01-26,C010,P05,bell pepper,25.0,kg,25.0,A,2025-01-26,False,synthetic order line
O0000729,M000298,2025-01-26,C009,P05,capsicum,8.0,kg,8.0,B,2025-01-26,True,synthetic order line
O0000730,M000301,2025-01-26,C012,P05,peppers,17.0,kg,17.0,A,2025-01-26,False,synthetic order line
O0000731,M000292,2025-01-26,C002,P05,capsicum,31.0,kg,31.0,B,2025-01-26,True,synthetic order line
O0000732,M000294,2025-01-26,C004,P06,spin,8.0,kg,8.0,A,2025-01-26,False,synthetic order line
O0000733,M000293,2025-01-26,C003,P06,leaf spinach,11.0,kg,11.0,A,2025-01-26,True,synthetic order line
O0000734,M000301,2025-01-26,C012,P06,spinach,3.0,crate,18.0,B,2025-01-26,True,synthetic order line
O0000735,M000300,2025-01-26,C011,P06,leaf spinach,5.0,kg,5.0,B,2025-01-26,True,synthetic order line
O0000736,M000299,2025-01-26,C010,P06,spin,3.0,kg,3.0,A,2025-01-26,False,synthetic order line
O0000737,M000294,2025-01-26,C004,P07,car,38.0,kg,38.0,A,2025-01-26,False,synthetic order line
O0000738,M000297,2025-01-26,C008,P07,carrots,2.0,box,16.0,A,2025-01-26,True,synthetic order line
O0000739,M000301,2025-01-26,C012,P08,broc,10.0,kg,10.0,A,2025-01-26,False,synthetic order line
O0000740,M000295,2025-01-26,C006,P08,broccoli,26.0,kg,26.0,A,2025-01-26,False,synthetic order line
O0000741,M000291,2025-01-26,C001,P08,broccoli,3.0,kg,3.0,B,2025-01-26,True,synthetic order line
O0000742,M000297,2025-01-26,C008,P08,brocc,7.0,kg,7.0,A,2025-01-26,False,synthetic order line
O0000743,M000310,2025-01-27,C010,P01,toms,6.0,box,30.0,B,2025-01-27,True,synthetic order line
O0000744,M000304,2025-01-27,C004,P01,toms,20.0,kg,20.0,B,2025-01-27,True,synthetic order line
O0000745,M000306,2025-01-27,C006,P01,tomatoes,24.0,kg,24.0,B,2025-01-27,True,synthetic order line
O0000746,M000311,2025-01-27,C011,P02,lettuce,23.0,kg,23.0,A,2025-01-27,False,synthetic order line
O0000747,M000305,2025-01-27,C005,P02,lettuce,49.0,kg,49.0,A,2025-01-27,False,synthetic order line
O0000748,M000303,2025-01-27,C003,P02,lettuce,7.0,kg,7.0,A,2025-01-27,False,synthetic order line
O0000749,M000305,2025-01-27,C005,P03,cucumbers,16.0,kg,16.0,A,2025-01-27,False,synthetic order line
O0000750,M000303,2025-01-27,C003,P03,cucumbers,13.0,kg,13.0,A,2025-01-27,False,synthetic order line
O0000751,M000309,2025-01-27,C009,P03,cucumber,9.0,kg,9.0,B,2025-01-27,True,synthetic order line
O0000752,M000308,2025-01-27,C008,P03,cucumbers,12.0,kg,12.0,B,2025-01-27,False,synthetic order line
O0000753,M000307,2025-01-27,C007,P03,cucumber,6.0,box,36.0,B,2025-01-27,True,synthetic order line
O0000754,M000303,2025-01-27,C003,P04,berries,7.0,kg,7.0,A,2025-01-27,False,synthetic order line
O0000755,M000311,2025-01-27,C011,P04,strawberry,6.0,kg,6.0,A,2025-01-27,False,synthetic order line
O0000756,M000306,2025-01-27,C006,P04,berries,36.0,kg,36.0,B,2025-01-27,True,synthetic order line
O0000757,M000312,2025-01-27,C012,P04,strawberry,1.0,crate,6.0,B,2025-01-27,True,synthetic order line
O0000758,M000311,2025-01-27,C011,P05,capsicum,9.0,kg,9.0,A,2025-01-27,False,synthetic order line
O0000759,M000304,2025-01-27,C004,P05,bell pepper,4.0,crate,40.0,B,2025-01-27,False,synthetic order line
O0000760,M000302,2025-01-27,C002,P06,spinach,16.0,kg,16.0,A,2025-01-27,False,synthetic order line
O0000761,M000312,2025-01-27,C012,P06,spinach,3.0,kg,3.0,B,2025-01-27,True,synthetic order line
O0000762,M000303,2025-01-27,C003,P06,spinach,13.0,kg,13.0,A,2025-01-27,False,synthetic order line
O0000763,M000311,2025-01-27,C011,P07,car,29.0,kg,29.0,A,2025-01-27,False,synthetic order line
O0000764,M000304,2025-01-27,C004,P07,carrot,3.0,box,24.0,B,2025-01-27,False,synthetic order line
O0000765,M000303,2025-01-27,C003,P07,car,21.0,kg,21.0,B,2025-01-27,True,synthetic order line
O0000766,M000306,2025-01-27,C006,P07,carrot,2.0,crate,32.0,B,2025-01-27,True,synthetic order line
O0000767,M000302,2025-01-27,C002,P08,brocc,14.0,kg,14.0,A,2025-01-27,True,synthetic order line
O0000768,M000305,2025-01-27,C005,P08,broccoli,3.0,kg,3.0,B,2025-01-27,True,synthetic order line
O0000769,M000308,2025-01-27,C008,P08,broc,4.0,kg,4.0,B,2025-01-27,True,synthetic order line
O0000770,M000303,2025-01-27,C003,P08,broc,5.0,kg,5.0,A,2025-01-27,False,synthetic order line
O0000771,M000314,2025-01-28,C003,P01,tomatoes,39.0,kg,39.0,A,2025-01-28,False,synthetic order line
O0000772,M000322,2025-01-28,C011,P01,tomato,56.0,kg,56.0,A,2025-01-28,False,synthetic order line
O0000773,M000320,2025-01-28,C009,P02,lettuce,10.0,kg,10.0,B,2025-01-28,True,synthetic order line
O0000774,M000316,2025-01-28,C005,P02,lettuce,17.0,kg,17.0,A,2025-01-28,False,synthetic order line
O0000775,M000321,2025-01-28,C010,P02,lett,21.0,kg,21.0,A,2025-01-28,False,synthetic order line
O0000776,M000322,2025-01-28,C011,P02,lett,18.0,kg,18.0,A,2025-01-28,False,synthetic order line
O0000777,M000317,2025-01-28,C006,P02,lett,1.0,box,4.0,A,2025-01-28,False,synthetic order line
O0000778,M000322,2025-01-28,C011,P03,cucumber,8.0,box,48.0,B,2025-01-28,True,synthetic order line
O0000779,M000313,2025-01-28,C001,P03,cucumbers,11.0,kg,11.0,B,2025-01-28,True,synthetic order line
O0000780,M000314,2025-01-28,C003,P03,cucumber,21.0,kg,21.0,B,2025-01-28,False,synthetic order line
O0000781,M000323,2025-01-28,C012,P04,berries,29.0,kg,29.0,A,2025-01-28,False,synthetic order line
O0000782,M000322,2025-01-28,C011,P04,strawberry,21.0,kg,21.0,B,2025-01-28,True,synthetic order line
O0000783,M000321,2025-01-28,C010,P05,bell pepper,1.0,crate,10.0,A,2025-01-28,False,synthetic order line
O0000784,M000316,2025-01-28,C005,P05,bell pepper,3.0,kg,3.0,B,2025-01-28,True,synthetic order line
O0000785,M000315,2025-01-28,C004,P05,capsicum,27.0,kg,27.0,A,2025-01-28,False,synthetic order line
O0000786,M000319,2025-01-28,C008,P05,peppers,17.0,kg,17.0,A,2025-01-28,False,synthetic order line
O0000787,M000315,2025-01-28,C004,P06,spin,7.0,kg,7.0,B,2025-01-28,False,synthetic order line
O0000788,M000321,2025-01-28,C010,P06,spin,19.0,kg,19.0,A,2025-01-28,False,synthetic order line
O0000789,M000323,2025-01-28,C012,P07,carrots,28.0,kg,28.0,A,2025-01-28,False,synthetic order line
O0000790,M000316,2025-01-28,C005,P07,car,24.0,kg,24.0,B,2025-01-28,True,synthetic order line
O0000791,M000314,2025-01-28,C003,P07,car,18.0,kg,18.0,A,2025-01-28,False,synthetic order line
O0000792,M000316,2025-01-28,C005,P08,brocc,27.0,kg,27.0,A,2025-01-28,False,synthetic order line
O0000793,M000321,2025-01-28,C010,P08,broccoli,10.0,kg,10.0,A,2025-01-28,False,synthetic order line
O0000794,M000318,2025-01-28,C007,P08,broccoli,1.0,box,5.0,A,2025-01-28,False,synthetic order line
O0000795,M000330,2025-01-29,C007,P01,tomatoes,31.0,kg,31.0,B,2025-01-29,False,synthetic order line
O0000796,M000328,2025-01-29,C005,P01,tomato,79.0,kg,79.0,B,2025-01-29,True,synthetic order line
O0000797,M000331,2025-01-29,C008,P01,tomato,10.0,kg,10.0,B,2025-01-29,True,synthetic order line
O0000798,M000331,2025-01-29,C008,P02,lett,5.0,crate,40.0,B,2025-01-29,True,synthetic order line
O0000799,M000329,2025-01-29,C006,P02,lettuces,48.0,kg,48.0,A,2025-01-29,False,synthetic order line
O0000800,M000325,2025-01-29,C002,P03,cucumbers,5.0,crate,60.0,A,2025-01-29,False,synthetic order line
O0000801,M000326,2025-01-29,C003,P03,cucumber,35.0,kg,35.0,A,2025-01-29,False,synthetic order line
O0000802,M000327,2025-01-29,C004,P04,berries,9.0,kg,9.0,A,2025-01-29,False,synthetic order line
O0000803,M000324,2025-01-29,C001,P04,strawberry,2.0,crate,12.0,B,2025-01-29,True,synthetic order line
O0000804,M000326,2025-01-29,C003,P04,berries,5.0,box,15.0,B,2025-01-29,False,synthetic order line
O0000805,M000330,2025-01-29,C007,P04,strawberry,7.0,kg,7.0,A,2025-01-29,True,synthetic order line
O0000806,M000332,2025-01-29,C009,P05,capsicum,3.0,kg,3.0,A,2025-01-29,False,synthetic order line
O0000807,M000328,2025-01-29,C005,P05,peppers,10.0,kg,10.0,B,2025-01-29,False,synthetic order line
O0000808,M000331,2025-01-29,C008,P05,capsicum,1.0,box,5.0,A,2025-01-29,False,synthetic order line
O0000809,M000327,2025-01-29,C004,P05,peppers,15.0,kg,15.0,B,2025-01-29,False,synthetic order line
O0000810,M000330,2025-01-29,C007,P05,capsicum,3.0,kg,3.0,A,2025-01-29,False,synthetic order line
O0000811,M000328,2025-01-29,C005,P06,spinach,2.0,crate,12.0,A,2025-01-29,False,synthetic order line
O0000812,M000326,2025-01-29,C003,P06,leaf spinach,15.0,box,45.0,B,2025-01-29,True,synthetic order line
O0000813,M000325,2025-01-29,C002,P06,spinach,12.0,kg,12.0,A,2025-01-29,False,synthetic order line
O0000814,M000335,2025-01-29,C012,P06,spinach,2.0,crate,12.0,B,2025-01-29,False,synthetic order line
O0000815,M000326,2025-01-29,C003,P07,carrot,1.0,crate,16.0,A,2025-01-29,False,synthetic order line
O0000816,M000325,2025-01-29,C002,P07,car,38.0,kg,38.0,B,2025-01-29,True,synthetic order line
O0000817,M000332,2025-01-29,C009,P07,carrot,14.0,kg,14.0,B,2025-01-29,True,synthetic order line
O0000818,M000334,2025-01-29,C011,P07,car,58.0,kg,58.0,A,2025-01-29,False,synthetic order line
O0000819,M000330,2025-01-29,C007,P07,car,2.0,box,16.0,A,2025-01-29,False,synthetic order line
O0000820,M000331,2025-01-29,C008,P08,brocc,3.0,kg,3.0,A,2025-01-29,False,synthetic order line
O0000821,M000333,2025-01-29,C010,P08,brocc,3.0,kg,3.0,A,2025-01-29,False,synthetic order line
O0000822,M000324,2025-01-29,C001,P08,broc,3.0,kg,3.0,A,2025-01-29,False,synthetic order line
O0000823,M000334,2025-01-29,C011,P08,broccoli,17.0,kg,17.0,B,2025-01-29,False,synthetic order line
O0000824,M000332,2025-01-29,C009,P08,broccoli,4.0,kg,4.0,A,2025-01-29,False,synthetic order line
O0000825,M000344,2025-01-30,C010,P01,tomatoes,11.0,box,55.0,B,2025-01-30,True,synthetic order line
O0000826,M000339,2025-01-30,C005,P01,tomatoes,12.0,box,60.0,A,2025-01-30,False,synthetic order line
O0000827,M000337,2025-01-30,C003,P02,lett,15.0,kg,15.0,B,2025-01-30,True,synthetic order line
O0000828,M000344,2025-01-30,C010,P02,lett,8.0,box,32.0,A,2025-01-30,False,synthetic order line
O0000829,M000340,2025-01-30,C006,P02,lett,5.0,kg,5.0,B,2025-01-30,True,synthetic order line
O0000830,M000338,2025-01-30,C004,P02,lettuces,3.0,kg,3.0,B,2025-01-30,False,synthetic order line
O0000831,M000342,2025-01-30,C008,P03,cucumber,30.0,kg,30.0,B,2025-01-30,True,synthetic order line
O0000832,M000345,2025-01-30,C011,P03,cuke,4.0,crate,48.0,B,2025-01-30,True,synthetic order line
O0000833,M000340,2025-01-30,C006,P04,strawberries,3.0,box,9.0,A,2025-01-30,False,synthetic order line
O0000834,M000342,2025-01-30,C008,P04,strawberry,2.0,crate,12.0,B,2025-01-30,False,synthetic order line
O0000835,M000339,2025-01-30,C005,P04,strawberry,24.0,kg,24.0,B,2025-01-30,True,synthetic order line
O0000836,M000346,2025-01-30,C012,P04,strawberry,8.0,kg,8.0,B,2025-01-30,True,synthetic order line
O0000837,M000346,2025-01-30,C012,P05,capsicum,24.0,kg,24.0,B,2025-01-30,True,synthetic order line
O0000838,M000342,2025-01-30,C008,P05,capsicum,1.0,crate,10.0,B,2025-01-30,True,synthetic order line
O0000839,M000344,2025-01-30,C010,P05,bell pepper,27.0,kg,27.0,A,2025-01-30,False,synthetic order line
O0000840,M000336,2025-01-30,C001,P05,peppers,11.0,kg,11.0,B,2025-01-30,True,synthetic order line
O0000841,M000340,2025-01-30,C006,P05,peppers,19.0,kg,19.0,B,2025-01-30,True,synthetic order line
O0000842,M000345,2025-01-30,C011,P06,spin,58.0,kg,58.0,A,2025-01-30,False,synthetic order line
O0000843,M000337,2025-01-30,C003,P06,spinach,5.0,box,15.0,B,2025-01-30,True,synthetic order line
O0000844,M000343,2025-01-30,C009,P07,carrot,64.0,kg,64.0,B,2025-01-30,False,synthetic order line
O0000845,M000340,2025-01-30,C006,P07,car,15.0,kg,15.0,A,2025-01-30,False,synthetic order line
O0000846,M000342,2025-01-30,C008,P08,brocc,12.0,kg,12.0,B,2025-01-30,False,synthetic order line
O0000847,M000341,2025-01-30,C007,P08,broccoli,1.0,box,5.0,B,2025-01-30,True,synthetic order line
O0000848,M000344,2025-01-30,C010,P08,broccoli,8.0,kg,8.0,A,2025-01-30,False,synthetic order line
O0000849,M000337,2025-01-30,C003,P08,brocc,3.0,kg,3.0,A,2025-01-30,False,synthetic order line
O0000850,M000336,2025-01-30,C001,P08,broc,5.0,box,25.0,B,2025-01-30,True,synthetic order line
O0000851,M000347,2025-01-31,C001,P01,tomato,6.0,box,30.0,B,2025-01-31,True,synthetic order line
O0000852,M000353,2025-01-31,C007,P01,toms,2.0,box,10.0,A,2025-01-31,False,synthetic order line
O0000853,M000351,2025-01-31,C005,P01,tomato,13.0,kg,13.0,A,2025-01-31,False,synthetic order line
O0000854,M000352,2025-01-31,C006,P01,tomato,14.0,kg,14.0,A,2025-01-31,True,synthetic order line
O0000855,M000351,2025-01-31,C005,P02,lettuce,12.0,kg,12.0,A,2025-01-31,False,synthetic order line
O0000856,M000354,2025-01-31,C008,P02,lett,13.0,kg,13.0,A,2025-01-31,False,synthetic order line
O0000857,M000356,2025-01-31,C010,P02,lettuce,3.0,kg,3.0,A,2025-01-31,False,synthetic order line
O0000858,M000347,2025-01-31,C001,P02,lettuce,47.0,kg,47.0,B,2025-01-31,False,synthetic order line
O0000859,M000350,2025-01-31,C004,P03,cuke,35.0,kg,35.0,B,2025-01-31,True,synthetic order line
O0000860,M000358,2025-01-31,C012,P03,cuke,17.0,kg,17.0,A,2025-01-31,False,synthetic order line
O0000861,M000355,2025-01-31,C009,P04,strawberry,21.0,kg,21.0,B,2025-01-31,True,synthetic order line
O0000862,M000348,2025-01-31,C002,P04,strawberry,20.0,kg,20.0,A,2025-01-31,False,synthetic order line
O0000863,M000352,2025-01-31,C006,P04,berries,8.0,kg,8.0,B,2025-01-31,False,synthetic order line
O0000864,M000351,2025-01-31,C005,P05,capsicum,1.0,box,5.0,A,2025-01-31,False,synthetic order line
O0000865,M000353,2025-01-31,C007,P05,capsicum,48.0,kg,48.0,B,2025-01-31,True,synthetic order line
O0000866,M000354,2025-01-31,C008,P05,bell pepper,5.0,kg,5.0,B,2025-01-31,False,synthetic order line
O0000867,M000352,2025-01-31,C006,P05,peppers,12.0,kg,12.0,B,2025-01-31,True,synthetic order line
O0000868,M000358,2025-01-31,C012,P05,peppers,12.0,kg,12.0,B,2025-01-31,True,synthetic order line
O0000869,M000353,2025-01-31,C007,P06,spin,6.0,box,18.0,A,2025-01-31,False,synthetic order line
O0000870,M000357,2025-01-31,C011,P06,spin,5.0,box,15.0,A,2025-01-31,False,synthetic order line
O0000871,M000356,2025-01-31,C010,P06,leaf spinach,9.0,kg,9.0,B,2025-01-31,True,synthetic order line
O0000872,M000350,2025-01-31,C004,P07,carrots,31.0,kg,31.0,B,2025-01-31,True,synthetic order line
O0000873,M000355,2025-01-31,C009,P07,carrots,12.0,kg,12.0,B,2025-01-31,True,synthetic order line
O0000874,M000353,2025-01-31,C007,P07,carrots,1.0,box,8.0,A,2025-01-31,True,synthetic order line
O0000875,M000357,2025-01-31,C011,P07,car,3.0,kg,3.0,A,2025-01-31,False,synthetic order line
O0000876,M000349,2025-01-31,C003,P07,carrots,2.0,box,16.0,B,2025-01-31,True,synthetic order line
O0000877,M000356,2025-01-31,C010,P08,brocc,2.0,crate,20.0,B,2025-01-31,True,synthetic order line
O0000878,M000358,2025-01-31,C012,P08,broc,73.0,kg,73.0,B,2025-01-31,False,synthetic order line
O0000879,M000359,2025-02-01,C001,P01,toms,45.0,kg,45.0,B,2025-02-01,True,synthetic order line
O0000880,M000370,2025-02-01,C012,P01,tomatoes,48.0,kg,48.0,A,2025-02-01,False,synthetic order line
O0000881,M000359,2025-02-01,C001,P02,lett,28.0,kg,28.0,A,2025-02-01,False,synthetic order line
O0000882,M000364,2025-02-01,C006,P02,lettuces,5.0,box,20.0,B,2025-02-01,True,synthetic order line
O0000883,M000361,2025-02-01,C003,P02,lett,7.0,kg,7.0,B,2025-02-01,True,synthetic order line
O0000884,M000359,2025-02-01,C001,P03,cucumber,2.0,crate,24.0,B,2025-02-01,True,synthetic order line
O0000885,M000369,2025-02-01,C011,P03,cuke,49.0,kg,49.0,B,2025-02-01,True,synthetic order line
O0000886,M000360,2025-02-01,C002,P03,cuke,28.0,kg,28.0,B,2025-02-01,True,synthetic order line
O0000887,M000370,2025-02-01,C012,P03,cuke,4.0,box,24.0,B,2025-02-01,True,synthetic order line
O0000888,M000365,2025-02-01,C007,P03,cuke,1.0,crate,12.0,A,2025-02-01,False,synthetic order line
O0000889,M000365,2025-02-01,C007,P04,strawberry,8.0,box,24.0,B,2025-02-01,True,synthetic order line
O0000890,M000363,2025-02-01,C005,P04,berries,33.0,kg,33.0,B,2025-02-01,False,synthetic order line
O0000891,M000368,2025-02-01,C010,P05,peppers,9.0,kg,9.0,A,2025-02-01,False,synthetic order line
O0000892,M000367,2025-02-01,C009,P05,bell pepper,13.0,box,65.0,B,2025-02-01,True,synthetic order line
O0000893,M000365,2025-02-01,C007,P06,spin,11.0,kg,11.0,A,2025-02-01,False,synthetic order line
O0000894,M000359,2025-02-01,C001,P06,spin,2.0,crate,12.0,B,2025-02-01,False,synthetic order line
O0000895,M000362,2025-02-01,C004,P06,spin,8.0,kg,8.0,A,2025-02-01,False,synthetic order line
O0000896,M000361,2025-02-01,C003,P07,car,3.0,crate,48.0,A,2025-02-01,False,synthetic order line
O0000897,M000370,2025-02-01,C012,P07,carrot,1.0,box,8.0,A,2025-02-01,False,synthetic order line
O0000898,M000368,2025-02-01,C010,P07,car,36.0,kg,36.0,A,2025-02-01,False,synthetic order line
O0000899,M000364,2025-02-01,C006,P08,broccoli,49.0,kg,49.0,B,2025-02-01,True,synthetic order line
O0000900,M000359,2025-02-01,C001,P08,broccoli,3.0,kg,3.0,A,2025-02-01,False,synthetic order line
O0000901,M000366,2025-02-01,C008,P08,brocc,16.0,kg,16.0,B,2025-02-01,True,synthetic order line
O0000902,M000378,2025-02-02,C010,P01,tomatoes,40.0,kg,40.0,B,2025-02-02,True,synthetic order line
O0000903,M000375,2025-02-02,C006,P01,tomato,153.0,kg,153.0,B,2025-02-02,True,synthetic order line
O0000904,M000374,2025-02-02,C004,P02,lettuces,15.0,kg,15.0,B,2025-02-02,False,synthetic order line
O0000905,M000377,2025-02-02,C008,P02,lettuces,6.0,kg,6.0,B,2025-02-02,True,synthetic order line
O0000906,M000373,2025-02-02,C003,P02,lettuces,17.0,kg,17.0,A,2025-02-02,False,synthetic order line
O0000907,M000372,2025-02-02,C002,P02,lettuces,5.0,box,20.0,B,2025-02-02,True,synthetic order line
O0000908,M000376,2025-02-02,C007,P02,lett,7.0,kg,7.0,A,2025-02-02,False,synthetic order line
O0000909,M000378,2025-02-02,C010,P03,cucumbers,4.0,kg,4.0,A,2025-02-02,False,synthetic order line
O0000910,M000371,2025-02-02,C001,P03,cuke,9.0,kg,9.0,A,2025-02-02,False,synthetic order line
O0000911,M000372,2025-02-02,C002,P03,cuke,9.0,kg,9.0,A,2025-02-02,False,synthetic order line
O0000912,M000376,2025-02-02,C007,P03,cucumbers,3.0,kg,3.0,B,2025-02-02,True,synthetic order line
O0000913,M000379,2025-02-02,C011,P03,cuke,14.0,kg,14.0,B,2025-02-02,True,synthetic order line
O0000914,M000379,2025-02-02,C011,P04,strawberry,17.0,kg,17.0,A,2025-02-02,True,synthetic order line
O0000915,M000372,2025-02-02,C002,P04,berries,11.0,kg,11.0,B,2025-02-02,False,synthetic order line
O0000916,M000373,2025-02-02,C003,P05,peppers,43.0,kg,43.0,A,2025-02-02,False,synthetic order line
O0000917,M000375,2025-02-02,C006,P05,peppers,29.0,kg,29.0,A,2025-02-02,False,synthetic order line
O0000918,M000372,2025-02-02,C002,P06,leaf spinach,14.0,kg,14.0,B,2025-02-02,True,synthetic order line
O0000919,M000377,2025-02-02,C008,P06,spin,7.0,crate,42.0,A,2025-02-02,True,synthetic order line
O0000920,M000378,2025-02-02,C010,P06,leaf spinach,7.0,box,21.0,A,2025-02-02,False,synthetic order line
O0000921,M000375,2025-02-02,C006,P07,carrots,39.0,kg,39.0,B,2025-02-02,True,synthetic order line
O0000922,M000379,2025-02-02,C011,P07,carrot,53.0,kg,53.0,B,2025-02-02,False,synthetic order line
O0000923,M000371,2025-02-02,C001,P08,broccoli,4.0,crate,40.0,B,2025-02-02,True,synthetic order line
O0000924,M000378,2025-02-02,C010,P08,broc,4.0,crate,40.0,A,2025-02-02,False,synthetic order line
O0000925,M000390,2025-02-03,C011,P01,tomato,35.0,kg,35.0,A,2025-02-03,False,synthetic order line
O0000926,M000380,2025-02-03,C001,P01,tomato,38.0,kg,38.0,A,2025-02-03,False,synthetic order line
O0000927,M000387,2025-02-03,C008,P01,toms,32.0,kg,32.0,B,2025-02-03,True,synthetic order line
O0000928,M000383,2025-02-03,C004,P01,tomato,29.0,kg,29.0,B,2025-02-03,True,synthetic order line
O0000929,M000386,2025-02-03,C007,P02,lettuce,41.0,kg,41.0,A,2025-02-03,False,synthetic order line
O0000930,M000385,2025-02-03,C006,P02,lettuces,2.0,crate,16.0,A,2025-02-03,False,synthetic order line
O0000931,M000380,2025-02-03,C001,P02,lettuces,13.0,kg,13.0,B,2025-02-03,True,synthetic order line
O0000932,M000384,2025-02-03,C005,P02,lettuce,39.0,kg,39.0,A,2025-02-03,False,synthetic order line
O0000933,M000386,2025-02-03,C007,P03,cucumber,2.0,crate,24.0,A,2025-02-03,False,synthetic order line
O0000934,M000388,2025-02-03,C009,P03,cucumbers,78.0,kg,78.0,B,2025-02-03,False,synthetic order line
O0000935,M000390,2025-02-03,C011,P03,cucumber,10.0,kg,10.0,A,2025-02-03,False,synthetic order line
O0000936,M000388,2025-02-03,C009,P04,strawberry,14.0,kg,14.0,A,2025-02-03,False,synthetic order line
O0000937,M000389,2025-02-03,C010,P04,strawberry,6.0,kg,6.0,A,2025-02-03,False,synthetic order line
O0000938,M000381,2025-02-03,C002,P04,strawberry,3.0,crate,18.0,A,2025-02-03,False,synthetic order line
O0000939,M000380,2025-02-03,C001,P04,berries,3.0,kg,3.0,A,2025-02-03,False,synthetic order line
O0000940,M000391,2025-02-03,C012,P04,strawberry,3.0,crate,18.0,A,2025-02-03,False,synthetic order line
O0000941,M000389,2025-02-03,C010,P05,bell pepper,26.0,kg,26.0,A,2025-02-03,False,synthetic order line
O0000942,M000383,2025-02-03,C004,P05,bell pepper,5.0,box,25.0,A,2025-02-03,True,synthetic order line
O0000943,M000383,2025-02-03,C004,P06,spinach,3.0,box,9.0,A,2025-02-03,False,synthetic order line
O0000944,M000388,2025-02-03,C009,P06,spinach,4.0,box,12.0,A,2025-02-03,False,synthetic order line
O0000945,M000386,2025-02-03,C007,P06,leaf spinach,43.0,kg,43.0,A,2025-02-03,False,synthetic order line
O0000946,M000383,2025-02-03,C004,P07,carrot,2.0,box,16.0,B,2025-02-03,True,synthetic order line
O0000947,M000388,2025-02-03,C009,P07,carrot,2.0,box,16.0,B,2025-02-03,True,synthetic order line
O0000948,M000391,2025-02-03,C012,P07,carrot,18.0,kg,18.0,A,2025-02-03,True,synthetic order line
O0000949,M000390,2025-02-03,C011,P07,carrots,1.0,box,8.0,B,2025-02-03,False,synthetic order line
O0000950,M000389,2025-02-03,C010,P07,carrot,49.0,kg,49.0,B,2025-02-03,True,synthetic order line
O0000951,M000382,2025-02-03,C003,P08,broccoli,32.0,kg,32.0,A,2025-02-03,False,synthetic order line
O0000952,M000388,2025-02-03,C009,P08,broc,25.0,kg,25.0,A,2025-02-03,False,synthetic order line
O0000953,M000389,2025-02-03,C010,P08,brocc,29.0,kg,29.0,A,2025-02-03,False,synthetic order line
O0000954,M000387,2025-02-03,C008,P08,broc,1.0,box,5.0,B,2025-02-03,True,synthetic order line
O0000955,M000393,2025-02-04,C002,P01,tomato,7.0,crate,70.0,B,2025-02-04,True,synthetic order line
O0000956,M000401,2025-02-04,C011,P01,tomatoes,32.0,kg,32.0,A,2025-02-04,False,synthetic order line
O0000957,M000399,2025-02-04,C009,P01,toms,9.0,box,45.0,B,2025-02-04,True,synthetic order line
O0000958,M000395,2025-02-04,C005,P01,toms,68.0,kg,68.0,B,2025-02-04,False,synthetic order line
O0000959,M000396,2025-02-04,C006,P02,lettuce,10.0,kg,10.0,B,2025-02-04,False,synthetic order line
O0000960,M000392,2025-02-04,C001,P02,lett,21.0,kg,21.0,A,2025-02-04,False,synthetic order line
O0000961,M000397,2025-02-04,C007,P02,lettuces,7.0,box,28.0,A,2025-02-04,False,synthetic order line
O0000962,M000394,2025-02-04,C003,P02,lettuces,6.0,box,24.0,B,2025-02-04,True,synthetic order line
O0000963,M000393,2025-02-04,C002,P03,cuke,38.0,kg,38.0,B,2025-02-04,True,synthetic order line
O0000964,M000401,2025-02-04,C011,P03,cucumbers,1.0,crate,12.0,A,2025-02-04,False,synthetic order line
O0000965,M000397,2025-02-04,C007,P03,cucumber,2.0,box,12.0,A,2025-02-04,False,synthetic order line
O0000966,M000392,2025-02-04,C001,P03,cucumber,23.0,kg,23.0,B,2025-02-04,False,synthetic order line
O0000967,M000399,2025-02-04,C009,P04,berries,12.0,kg,12.0,A,2025-02-04,False,synthetic order line
O0000968,M000398,2025-02-04,C008,P04,strawberries,6.0,box,18.0,B,2025-02-04,True,synthetic order line
O0000969,M000394,2025-02-04,C003,P04,strawberry,14.0,kg,14.0,A,2025-02-04,True,synthetic order line
O0000970,M000400,2025-02-04,C010,P04,berries,7.0,kg,7.0,B,2025-02-04,True,synthetic order line
O0000971,M000401,2025-02-04,C011,P04,berries,2.0,crate,12.0,A,2025-02-04,False,synthetic order line
O0000972,M000395,2025-02-04,C005,P05,peppers,2.0,crate,20.0,B,2025-02-04,True,synthetic order line
O0000973,M000400,2025-02-04,C010,P05,peppers,27.0,kg,27.0,A,2025-02-04,False,synthetic order line
O0000974,M000402,2025-02-04,C012,P05,bell pepper,3.0,box,15.0,A,2025-02-04,False,synthetic order line
O0000975,M000401,2025-02-04,C011,P06,spin,2.0,crate,12.0,B,2025-02-04,True,synthetic order line
O0000976,M000398,2025-02-04,C008,P06,spin,3.0,kg,3.0,B,2025-02-04,True,synthetic order line
O0000977,M000393,2025-02-04,C002,P06,spinach,19.0,kg,19.0,A,2025-02-04,False,synthetic order line
O0000978,M000399,2025-02-04,C009,P06,leaf spinach,12.0,kg,12.0,B,2025-02-04,True,synthetic order line
O0000979,M000393,2025-02-04,C002,P07,car,5.0,box,40.0,B,2025-02-04,True,synthetic order line
O0000980,M000398,2025-02-04,C008,P07,car,27.0,kg,27.0,A,2025-02-04,True,synthetic order line
O0000981,M000399,2025-02-04,C009,P07,carrot,2.0,box,16.0,A,2025-02-04,True,synthetic order line
O0000982,M000397,2025-02-04,C007,P08,brocc,3.0,crate,30.0,B,2025-02-04,True,synthetic order line
O0000983,M000399,2025-02-04,C009,P08,broc,19.0,kg,19.0,A,2025-02-04,False,synthetic order line
O0000984,M000393,2025-02-04,C002,P08,broccoli,2.0,crate,20.0,A,2025-02-04,False,synthetic order line
O0000985,M000407,2025-02-05,C005,P01,tomatoes,14.0,kg,14.0,A,2025-02-05,False,synthetic order line
O0000986,M000413,2025-02-05,C011,P01,tomato,32.0,kg,32.0,A,2025-02-05,False,synthetic order line
O0000987,M000412,2025-02-05,C010,P01,toms,115.0,kg,115.0,A,2025-02-05,False,synthetic order line
O0000988,M000404,2025-02-05,C002,P02,lettuces,33.0,kg,33.0,B,2025-02-05,True,synthetic order line
O0000989,M000407,2025-02-05,C005,P02,lettuce,5.0,crate,40.0,B,2025-02-05,False,synthetic order line
O0000990,M000406,2025-02-05,C004,P02,lettuce,83.0,kg,83.0,B,2025-02-05,True,synthetic order line
O0000991,M000408,2025-02-05,C006,P03,cuke,17.0,kg,17.0,A,2025-02-05,False,synthetic order line
O0000992,M000406,2025-02-05,C004,P03,cucumber,5.0,kg,5.0,B,2025-02-05,True,synthetic order line
O0000993,M000404,2025-02-05,C002,P03,cuke,26.0,kg,26.0,B,2025-02-05,True,synthetic order line
O0000994,M000411,2025-02-05,C009,P03,cuke,2.0,crate,24.0,B,2025-02-05,True,synthetic order line
O0000995,M000403,2025-02-05,C001,P03,cucumbers,4.0,box,24.0,B,2025-02-05,False,synthetic order line
O0000996,M000403,2025-02-05,C001,P04,strawberry,64.0,kg,64.0,A,2025-02-05,False,synthetic order line
O0000997,M000409,2025-02-05,C007,P04,berries,3.0,kg,3.0,B,2025-02-05,True,synthetic order line
O0000998,M000412,2025-02-05,C010,P04,strawberry,34.0,kg,34.0,B,2025-02-05,True,synthetic order line
O0000999,M000414,2025-02-05,C012,P05,capsicum,4.0,box,20.0,A,2025-02-05,False,synthetic order line
O0001000,M000413,2025-02-05,C011,P05,peppers,3.0,kg,3.0,A,2025-02-05,False,synthetic order line
O0001001,M000406,2025-02-05,C004,P05,bell pepper,7.0,kg,7.0,A,2025-02-05,False,synthetic order line
O0001002,M000411,2025-02-05,C009,P05,capsicum,22.0,kg,22.0,A,2025-02-05,False,synthetic order line
O0001003,M000410,2025-02-05,C008,P06,spin,6.0,kg,6.0,B,2025-02-05,False,synthetic order line
O0001004,M000413,2025-02-05,C011,P06,spinach,21.0,kg,21.0,B,2025-02-05,True,synthetic order line
O0001005,M000409,2025-02-05,C007,P06,leaf spinach,10.0,kg,10.0,A,2025-02-05,False,synthetic order line
O0001006,M000406,2025-02-05,C004,P06,leaf spinach,2.0,box,6.0,B,2025-02-05,True,synthetic order line
O0001007,M000405,2025-02-05,C003,P06,spinach,7.0,kg,7.0,A,2025-02-05,False,synthetic order line
O0001008,M000408,2025-02-05,C006,P07,car,11.0,kg,11.0,A,2025-02-05,False,synthetic order line
O0001009,M000403,2025-02-05,C001,P07,car,180.0,kg,180.0,A,2025-02-05,False,synthetic order line
O0001010,M000408,2025-02-05,C006,P08,broc,2.0,box,10.0,A,2025-02-05,False,synthetic order line
O0001011,M000410,2025-02-05,C008,P08,broc,4.0,kg,4.0,A,2025-02-05,False,synthetic order line
O0001012,M000409,2025-02-05,C007,P08,broc,16.0,kg,16.0,B,2025-02-05,True,synthetic order line
O0001013,M000403,2025-02-05,C001,P08,broccoli,5.0,kg,5.0,B,2025-02-05,True,synthetic order line
O0001014,M000418,2025-02-06,C005,P01,tomatoes,6.0,kg,6.0,A,2025-02-06,False,synthetic order line
O0001015,M000416,2025-02-06,C003,P01,tomatoes,53.0,kg,53.0,A,2025-02-06,False,synthetic order line
O0001016,M000415,2025-02-06,C002,P01,tomatoes,56.0,kg,56.0,B,2025-02-06,True,synthetic order line
O0001017,M000423,2025-02-06,C010,P01,toms,5.0,box,25.0,A,2025-02-06,False,synthetic order line
O0001018,M000416,2025-02-06,C003,P02,lettuce,13.0,box,52.0,B,2025-02-06,False,synthetic order line
O0001019,M000424,2025-02-06,C011,P02,lettuces,4.0,kg,4.0,B,2025-02-06,False,synthetic order line
O0001020,M000425,2025-02-06,C012,P02,lettuces,5.0,box,20.0,B,2025-02-06,True,synthetic order line
O0001021,M000415,2025-02-06,C002,P03,cuke,14.0,kg,14.0,B,2025-02-06,True,synthetic order line
O0001022,M000422,2025-02-06,C009,P03,cuke,53.0,kg,53.0,B,2025-02-06,True,synthetic order line
O0001023,M000417,2025-02-06,C004,P03,cucumber,2.0,crate,24.0,B,2025-02-06,True,synthetic order line
O0001024,M000425,2025-02-06,C012,P03,cucumber,9.0,kg,9.0,B,2025-02-06,True,synthetic order line
O0001025,M000422,2025-02-06,C009,P04,strawberry,21.0,kg,21.0,B,2025-02-06,True,synthetic order line
O0001026,M000423,2025-02-06,C010,P04,strawberries,7.0,kg,7.0,A,2025-02-06,False,synthetic order line
O0001027,M000424,2025-02-06,C011,P04,strawberry,3.0,box,9.0,A,2025-02-06,False,synthetic order line
O0001028,M000419,2025-02-06,C006,P04,strawberries,10.0,kg,10.0,B,2025-02-06,False,synthetic order line
O0001029,M000420,2025-02-06,C007,P04,berries,3.0,kg,3.0,B,2025-02-06,False,synthetic order line
O0001030,M000424,2025-02-06,C011,P05,capsicum,3.0,kg,3.0,B,2025-02-06,True,synthetic order line
O0001031,M000420,2025-02-06,C007,P05,capsicum,4.0,kg,4.0,A,2025-02-06,False,synthetic order line
O0001032,M000421,2025-02-06,C008,P05,peppers,2.0,box,10.0,A,2025-02-06,False,synthetic order line
O0001033,M000425,2025-02-06,C012,P05,capsicum,4.0,box,20.0,B,2025-02-06,True,synthetic order line
O0001034,M000422,2025-02-06,C009,P06,spinach,36.0,kg,36.0,A,2025-02-06,False,synthetic order line
O0001035,M000417,2025-02-06,C004,P06,spinach,6.0,crate,36.0,A,2025-02-06,False,synthetic order line
O0001036,M000422,2025-02-06,C009,P07,carrots,2.0,box,16.0,B,2025-02-06,True,synthetic order line
O0001037,M000421,2025-02-06,C008,P07,carrot,5.0,box,40.0,A,2025-02-06,False,synthetic order line
O0001038,M000415,2025-02-06,C002,P07,carrots,26.0,kg,26.0,A,2025-02-06,False,synthetic order line
O0001039,M000415,2025-02-06,C002,P08,broccoli,16.0,kg,16.0,B,2025-02-06,True,synthetic order line
O0001040,M000420,2025-02-06,C007,P08,broc,4.0,box,20.0,B,2025-02-06,True,synthetic order line
O0001041,M000419,2025-02-06,C006,P08,brocc,5.0,box,25.0,A,2025-02-06,True,synthetic order line
O0001042,M000424,2025-02-06,C011,P08,broccoli,5.0,kg,5.0,B,2025-02-06,True,synthetic order line
O0001043,M000432,2025-02-07,C007,P01,tomatoes,8.0,kg,8.0,A,2025-02-07,False,synthetic order line
O0001044,M000427,2025-02-07,C002,P01,tomatoes,9.0,kg,9.0,A,2025-02-07,False,synthetic order line
O0001045,M000437,2025-02-07,C012,P01,tomatoes,41.0,kg,41.0,A,2025-02-07,False,synthetic order line
O0001046,M000426,2025-02-07,C001,P01,tomato,16.0,kg,16.0,B,2025-02-07,True,synthetic order line
O0001047,M000430,2025-02-07,C005,P01,tomato,10.0,kg,10.0,A,2025-02-07,False,synthetic order line
O0001048,M000434,2025-02-07,C009,P02,lettuce,9.0,box,36.0,A,2025-02-07,False,synthetic order line
O0001049,M000429,2025-02-07,C004,P02,lettuce,34.0,kg,34.0,B,2025-02-07,True,synthetic order line
O0001050,M000431,2025-02-07,C006,P02,lett,6.0,box,24.0,B,2025-02-07,False,synthetic order line
O0001051,M000430,2025-02-07,C005,P03,cuke,58.0,kg,58.0,B,2025-02-07,True,synthetic order line
O0001052,M000432,2025-02-07,C007,P03,cucumber,16.0,kg,16.0,A,2025-02-07,False,synthetic order line
O0001053,M000433,2025-02-07,C008,P03,cucumber,45.0,kg,45.0,A,2025-02-07,False,synthetic order line
O0001054,M000433,2025-02-07,C008,P04,berries,3.0,box,9.0,A,2025-02-07,False,synthetic order line
O0001055,M000435,2025-02-07,C010,P04,strawberry,4.0,box,12.0,A,2025-02-07,False,synthetic order line
O0001056,M000437,2025-02-07,C012,P04,berries,15.0,box,45.0,A,2025-02-07,False,synthetic order line
O0001057,M000430,2025-02-07,C005,P04,strawberries,2.0,crate,12.0,B,2025-02-07,True,synthetic order line
O0001058,M000433,2025-02-07,C008,P05,capsicum,5.0,box,25.0,B,2025-02-07,True,synthetic order line
O0001059,M000429,2025-02-07,C004,P05,capsicum,20.0,kg,20.0,A,2025-02-07,False,synthetic order line
O0001060,M000437,2025-02-07,C012,P05,bell pepper,17.0,kg,17.0,A,2025-02-07,False,synthetic order line
O0001061,M000428,2025-02-07,C003,P06,leaf spinach,9.0,box,27.0,A,2025-02-07,False,synthetic order line
O0001062,M000434,2025-02-07,C009,P06,spinach,7.0,crate,42.0,A,2025-02-07,False,synthetic order line
O0001063,M000434,2025-02-07,C009,P07,car,28.0,kg,28.0,A,2025-02-07,True,synthetic order line
O0001064,M000433,2025-02-07,C008,P07,car,105.0,kg,105.0,B,2025-02-07,False,synthetic order line
O0001065,M000431,2025-02-07,C006,P08,brocc,2.0,crate,20.0,B,2025-02-07,True,synthetic order line
O0001066,M000436,2025-02-07,C011,P08,broc,5.0,box,25.0,A,2025-02-07,True,synthetic order line
O0001067,M000437,2025-02-07,C012,P08,broccoli,8.0,kg,8.0,B,2025-02-07,False,synthetic order line
O0001068,M000440,2025-02-08,C003,P01,tomatoes,49.0,kg,49.0,A,2025-02-08,False,synthetic order line
O0001069,M000448,2025-02-08,C012,P01,toms,21.0,kg,21.0,A,2025-02-08,False,synthetic order line
O0001070,M000439,2025-02-08,C002,P01,toms,11.0,kg,11.0,A,2025-02-08,False,synthetic order line
O0001071,M000442,2025-02-08,C005,P01,tomatoes,34.0,kg,34.0,B,2025-02-08,True,synthetic order line
O0001072,M000438,2025-02-08,C001,P02,lett,18.0,kg,18.0,A,2025-02-08,False,synthetic order line
O0001073,M000440,2025-02-08,C003,P02,lettuces,70.0,kg,70.0,A,2025-02-08,False,synthetic order line
O0001074,M000447,2025-02-08,C011,P03,cuke,16.0,kg,16.0,B,2025-02-08,True,synthetic order line
O0001075,M000448,2025-02-08,C012,P03,cucumber,18.0,kg,18.0,A,2025-02-08,False,synthetic order line
O0001076,M000443,2025-02-08,C006,P03,cucumber,3.0,box,18.0,A,2025-02-08,False,synthetic order line
O0001077,M000439,2025-02-08,C002,P03,cuke,67.0,kg,67.0,A,2025-02-08,False,synthetic order line
O0001078,M000441,2025-02-08,C004,P03,cucumbers,1.0,box,6.0,B,2025-02-08,True,synthetic order line
O0001079,M000448,2025-02-08,C012,P04,strawberry,47.0,kg,47.0,A,2025-02-08,True,synthetic order line
O0001080,M000446,2025-02-08,C009,P04,strawberries,5.0,kg,5.0,B,2025-02-08,True,synthetic order line
O0001081,M000438,2025-02-08,C001,P04,strawberry,20.0,kg,20.0,B,2025-02-08,True,synthetic order line
O0001082,M000444,2025-02-08,C007,P05,peppers,5.0,box,25.0,A,2025-02-08,False,synthetic order line
O0001083,M000448,2025-02-08,C012,P05,capsicum,17.0,kg,17.0,B,2025-02-08,True,synthetic order line
O0001084,M000445,2025-02-08,C008,P05,capsicum,29.0,kg,29.0,A,2025-02-08,False,synthetic order line
O0001085,M000443,2025-02-08,C006,P06,leaf spinach,20.0,kg,20.0,A,2025-02-08,False,synthetic order line
O0001086,M000444,2025-02-08,C007,P06,leaf spinach,14.0,kg,14.0,A,2025-02-08,False,synthetic order line
O0001087,M000442,2025-02-08,C005,P06,leaf spinach,8.0,kg,8.0,A,2025-02-08,False,synthetic order line
O0001088,M000448,2025-02-08,C012,P06,spin,16.0,kg,16.0,A,2025-02-08,False,synthetic order line
O0001089,M000440,2025-02-08,C003,P06,spin,3.0,kg,3.0,B,2025-02-08,False,synthetic order line
O0001090,M000447,2025-02-08,C011,P07,carrots,1.0,crate,16.0,B,2025-02-08,False,synthetic order line
O0001091,M000445,2025-02-08,C008,P07,car,55.0,kg,55.0,A,2025-02-08,False,synthetic order line
O0001092,M000444,2025-02-08,C007,P08,brocc,6.0,kg,6.0,B,2025-02-08,False,synthetic order line
O0001093,M000442,2025-02-08,C005,P08,brocc,24.0,kg,24.0,B,2025-02-08,True,synthetic order line
O0001094,M000445,2025-02-08,C008,P08,brocc,58.0,kg,58.0,B,2025-02-08,False,synthetic order line
O0001095,M000457,2025-02-09,C010,P01,tomato,19.0,box,95.0,A,2025-02-09,False,synthetic order line
O0001096,M000455,2025-02-09,C007,P01,tomatoes,20.0,kg,20.0,A,2025-02-09,False,synthetic order line
O0001097,M000453,2025-02-09,C005,P02,lettuces,53.0,kg,53.0,A,2025-02-09,False,synthetic order line
O0001098,M000459,2025-02-09,C012,P02,lettuce,6.0,box,24.0,A,2025-02-09,False,synthetic order line
O0001099,M000450,2025-02-09,C002,P03,cuke,19.0,kg,19.0,B,2025-02-09,False,synthetic order line
O0001100,M000455,2025-02-09,C007,P03,cuke,1.0,crate,12.0,A,2025-02-09,False,synthetic order line
O0001101,M000451,2025-02-09,C003,P03,cucumbers,28.0,kg,28.0,B,2025-02-09,True,synthetic order line
O0001102,M000456,2025-02-09,C008,P03,cucumber,2.0,box,12.0,B,2025-02-09,True,synthetic order line
O0001103,M000455,2025-02-09,C007,P04,strawberries,5.0,kg,5.0,B,2025-02-09,True,synthetic order line
O0001104,M000452,2025-02-09,C004,P04,strawberries,3.0,kg,3.0,B,2025-02-09,False,synthetic order line
O0001105,M000454,2025-02-09,C006,P04,berries,30.0,kg,30.0,B,2025-02-09,True,synthetic order line
O0001106,M000449,2025-02-09,C001,P04,berries,3.0,kg,3.0,A,2025-02-09,False,synthetic order line
O0001107,M000453,2025-02-09,C005,P04,strawberry,4.0,crate,24.0,A,2025-02-09,False,synthetic order line
O0001108,M000458,2025-02-09,C011,P05,capsicum,22.0,kg,22.0,A,2025-02-09,False,synthetic order line
O0001109,M000451,2025-02-09,C003,P05,peppers,36.0,kg,36.0,B,2025-02-09,False,synthetic order line
O0001110,M000456,2025-02-09,C008,P05,capsicum,4.0,kg,4.0,B,2025-02-09,False,synthetic order line
O0001111,M000450,2025-02-09,C002,P06,spin,7.0,kg,7.0,B,2025-02-09,True,synthetic order line
O0001112,M000451,2025-02-09,C003,P06,spin,12.0,kg,12.0,A,2025-02-09,True,synthetic order line
O0001113,M000449,2025-02-09,C001,P06,spin,14.0,kg,14.0,B,2025-02-09,False,synthetic order line
O0001114,M000459,2025-02-09,C012,P06,spin,8.0,kg,8.0,A,2025-02-09,False,synthetic order line
O0001115,M000454,2025-02-09,C006,P06,spinach,3.0,kg,3.0,B,2025-02-09,True,synthetic order line
O0001116,M000452,2025-02-09,C004,P07,carrots,7.0,kg,7.0,A,2025-02-09,False,synthetic order line
O0001117,M000456,2025-02-09,C008,P07,car,8.0,kg,8.0,B,2025-02-09,True,synthetic order line
O0001118,M000454,2025-02-09,C006,P07,carrot,3.0,crate,48.0,B,2025-02-09,True,synthetic order line
O0001119,M000459,2025-02-09,C012,P07,car,2.0,box,16.0,A,2025-02-09,False,synthetic order line
O0001120,M000453,2025-02-09,C005,P08,brocc,7.0,box,35.0,A,2025-02-09,False,synthetic order line
O0001121,M000457,2025-02-09,C010,P08,broccoli,28.0,kg,28.0,B,2025-02-09,False,synthetic order line
O0001122,M000462,2025-02-10,C003,P01,tomatoes,5.0,box,25.0,B,2025-02-10,False,synthetic order line
O0001123,M000468,2025-02-10,C009,P01,tomatoes,103.0,kg,103.0,B,2025-02-10,True,synthetic order line
O0001124,M000466,2025-02-10,C007,P02,lett,3.0,crate,24.0,B,2025-02-10,True,synthetic order line
O0001125,M000470,2025-02-10,C011,P02,lett,6.0,kg,6.0,A,2025-02-10,False,synthetic order line
O0001126,M000464,2025-02-10,C005,P02,lett,20.0,box,80.0,B,2025-02-10,False,synthetic order line
O0001127,M000465,2025-02-10,C006,P03,cucumber,1.0,crate,12.0,B,2025-02-10,False,synthetic order line
O0001128,M000463,2025-02-10,C004,P03,cuke,1.0,box,6.0,B,2025-02-10,True,synthetic order line
O0001129,M000469,2025-02-10,C010,P03,cuke,36.0,kg,36.0,A,2025-02-10,False,synthetic order line
O0001130,M000470,2025-02-10,C011,P03,cuke,12.0,kg,12.0,A,2025-02-10,False,synthetic order line
O0001131,M000460,2025-02-10,C001,P04,strawberry,16.0,kg,16.0,A,2025-02-10,True,synthetic order line
O0001132,M000462,2025-02-10,C003,P04,strawberries,12.0,kg,12.0,A,2025-02-10,False,synthetic order line
O0001133,M000469,2025-02-10,C010,P04,strawberry,13.0,kg,13.0,A,2025-02-10,False,synthetic order line
O0001134,M000471,2025-02-10,C012,P04,strawberry,3.0,crate,18.0,A,2025-02-10,False,synthetic order line
O0001135,M000470,2025-02-10,C011,P05,bell pepper,26.0,kg,26.0,A,2025-02-10,False,synthetic order line
O0001136,M000467,2025-02-10,C008,P05,peppers,1.0,box,5.0,B,2025-02-10,True,synthetic order line
O0001137,M000465,2025-02-10,C006,P05,capsicum,3.0,kg,3.0,B,2025-02-10,True,synthetic order line
O0001138,M000464,2025-02-10,C005,P05,capsicum,3.0,kg,3.0,A,2025-02-10,True,synthetic order line
O0001139,M000471,2025-02-10,C012,P05,capsicum,5.0,crate,50.0,B,2025-02-10,True,synthetic order line
O0001140,M000464,2025-02-10,C005,P06,leaf spinach,1.0,crate,6.0,B,2025-02-10,True,synthetic order line
O0001141,M000468,2025-02-10,C009,P06,spinach,8.0,kg,8.0,A,2025-02-10,True,synthetic order line
O0001142,M000460,2025-02-10,C001,P06,spinach,2.0,box,6.0,B,2025-02-10,False,synthetic order line
O0001143,M000470,2025-02-10,C011,P06,leaf spinach,14.0,box,42.0,B,2025-02-10,True,synthetic order line
O0001144,M000462,2025-02-10,C003,P06,spinach,5.0,kg,5.0,B,2025-02-10,True,synthetic order line
O0001145,M000468,2025-02-10,C009,P07,car,10.0,box,80.0,B,2025-02-10,False,synthetic order line
O0001146,M000460,2025-02-10,C001,P07,carrots,12.0,kg,12.0,A,2025-02-10,False,synthetic order line
O0001147,M000461,2025-02-10,C002,P07,carrot,56.0,kg,56.0,A,2025-02-10,False,synthetic order line
O0001148,M000465,2025-02-10,C006,P07,car,4.0,kg,4.0,A,2025-02-10,True,synthetic order line
O0001149,M000464,2025-02-10,C005,P07,carrots,2.0,crate,32.0,B,2025-02-10,True,synthetic order line
O0001150,M000468,2025-02-10,C009,P08,broc,9.0,kg,9.0,A,2025-02-10,True,synthetic order line
O0001151,M000469,2025-02-10,C010,P08,broccoli,7.0,box,35.0,B,2025-02-10,False,synthetic order line
O0001152,M000464,2025-02-10,C005,P08,broc,11.0,kg,11.0,A,2025-02-10,False,synthetic order line
O0001153,M000476,2025-02-11,C007,P01,tomato,11.0,box,55.0,B,2025-02-11,True,synthetic order line
O0001154,M000473,2025-02-11,C002,P01,tomatoes,33.0,kg,33.0,A,2025-02-11,False,synthetic order line
O0001155,M000481,2025-02-11,C012,P01,toms,9.0,kg,9.0,A,2025-02-11,False,synthetic order line
O0001156,M000478,2025-02-11,C009,P01,tomato,11.0,kg,11.0,B,2025-02-11,True,synthetic order line
O0001157,M000479,2025-02-11,C010,P02,lettuces,24.0,kg,24.0,B,2025-02-11,True,synthetic order line
O0001158,M000480,2025-02-11,C011,P02,lett,17.0,kg,17.0,A,2025-02-11,False,synthetic order line
O0001159,M000477,2025-02-11,C008,P02,lettuce,4.0,kg,4.0,A,2025-02-11,False,synthetic order line
O0001160,M000472,2025-02-11,C001,P02,lettuces,13.0,kg,13.0,A,2025-02-11,True,synthetic order line
O0001161,M000478,2025-02-11,C009,P02,lett,16.0,kg,16.0,B,2025-02-11,False,synthetic order line
O0001162,M000478,2025-02-11,C009,P03,cucumbers,2.0,box,12.0,A,2025-02-11,False,synthetic order line
O0001163,M000474,2025-02-11,C004,P03,cuke,12.0,box,72.0,B,2025-02-11,True,synthetic order line
O0001164,M000481,2025-02-11,C012,P03,cucumber,26.0,kg,26.0,B,2025-02-11,True,synthetic order line
O0001165,M000476,2025-02-11,C007,P04,strawberry,10.0,kg,10.0,A,2025-02-11,False,synthetic order line
O0001166,M000475,2025-02-11,C006,P04,strawberry,50.0,kg,50.0,A,2025-02-11,False,synthetic order line
O0001167,M000472,2025-02-11,C001,P05,peppers,50.0,kg,50.0,B,2025-02-11,False,synthetic order line
O0001168,M000473,2025-02-11,C002,P05,bell pepper,15.0,kg,15.0,A,2025-02-11,False,synthetic order line
O0001169,M000481,2025-02-11,C012,P05,peppers,4.0,kg,4.0,B,2025-02-11,True,synthetic order line
O0001170,M000476,2025-02-11,C007,P05,capsicum,7.0,kg,7.0,B,2025-02-11,False,synthetic order line
O0001171,M000480,2025-02-11,C011,P05,peppers,10.0,kg,10.0,A,2025-02-11,False,synthetic order line
O0001172,M000476,2025-02-11,C007,P06,spinach,12.0,crate,72.0,B,2025-02-11,True,synthetic order line
O0001173,M000473,2025-02-11,C002,P06,spin,9.0,kg,9.0,B,2025-02-11,True,synthetic order line
O0001174,M000472,2025-02-11,C001,P07,car,18.0,kg,18.0,B,2025-02-11,True,synthetic order line
O0001175,M000480,2025-02-11,C011,P07,carrots,14.0,kg,14.0,B,2025-02-11,True,synthetic order line
O0001176,M000481,2025-02-11,C012,P07,carrot,22.0,kg,22.0,A,2025-02-11,False,synthetic order line
O0001177,M000480,2025-02-11,C011,P08,broccoli,42.0,kg,42.0,B,2025-02-11,True,synthetic order line
O0001178,M000478,2025-02-11,C009,P08,broccoli,6.0,box,30.0,A,2025-02-11,False,synthetic order line
O0001179,M000488,2025-02-12,C008,P01,toms,43.0,kg,43.0,A,2025-02-12,False,synthetic order line
O0001180,M000485,2025-02-12,C004,P01,tomato,9.0,box,45.0,A,2025-02-12,False,synthetic order line
O0001181,M000484,2025-02-12,C003,P01,tomatoes,8.0,kg,8.0,A,2025-02-12,False,synthetic order line
O0001182,M000491,2025-02-12,C011,P02,lettuces,8.0,box,32.0,B,2025-02-12,True,synthetic order line
O0001183,M000484,2025-02-12,C003,P02,lettuce,14.0,kg,14.0,B,2025-02-12,True,synthetic order line
O0001184,M000488,2025-02-12,C008,P02,lettuce,30.0,kg,30.0,A,2025-02-12,False,synthetic order line
O0001185,M000486,2025-02-12,C005,P02,lettuce,21.0,kg,21.0,B,2025-02-12,True,synthetic order line
O0001186,M000483,2025-02-12,C002,P02,lettuce,3.0,kg,3.0,A,2025-02-12,False,synthetic order line
O0001187,M000491,2025-02-12,C011,P03,cucumbers,4.0,box,24.0,A,2025-02-12,False,synthetic order line
O0001188,M000484,2025-02-12,C003,P03,cuke,14.0,kg,14.0,A,2025-02-12,False,synthetic order line
O0001189,M000488,2025-02-12,C008,P03,cucumbers,6.0,crate,72.0,A,2025-02-12,False,synthetic order line
O0001190,M000492,2025-02-12,C012,P03,cucumber,30.0,kg,30.0,A,2025-02-12,False,synthetic order line
O0001191,M000483,2025-02-12,C002,P04,strawberries,2.0,crate,12.0,B,2025-02-12,True,synthetic order line
O0001192,M000484,2025-02-12,C003,P04,berries,13.0,kg,13.0,B,2025-02-12,True,synthetic order line
O0001193,M000491,2025-02-12,C011,P04,berries,8.0,kg,8.0,A,2025-02-12,False,synthetic order line
O0001194,M000487,2025-02-12,C007,P04,berries,7.0,kg,7.0,B,2025-02-12,True,synthetic order line
O0001195,M000483,2025-02-12,C002,P05,capsicum,23.0,kg,23.0,B,2025-02-12,True,synthetic order line
O0001196,M000488,2025-02-12,C008,P05,peppers,1.0,box,5.0,B,2025-02-12,True,synthetic order line
O0001197,M000489,2025-02-12,C009,P05,bell pepper,3.0,crate,30.0,A,2025-02-12,False,synthetic order line
O0001198,M000490,2025-02-12,C010,P06,leaf spinach,3.0,kg,3.0,A,2025-02-12,False,synthetic order line
O0001199,M000484,2025-02-12,C003,P06,spinach,7.0,box,21.0,A,2025-02-12,False,synthetic order line
O0001200,M000486,2025-02-12,C005,P06,spin,17.0,kg,17.0,B,2025-02-12,True,synthetic order line
O0001201,M000485,2025-02-12,C004,P07,car,19.0,kg,19.0,B,2025-02-12,False,synthetic order line
O0001202,M000482,2025-02-12,C001,P07,car,9.0,crate,144.0,A,2025-02-12,False,synthetic order line
O0001203,M000490,2025-02-12,C010,P08,brocc,22.0,kg,22.0,B,2025-02-12,True,synthetic order line
O0001204,M000491,2025-02-12,C011,P08,brocc,3.0,kg,3.0,B,2025-02-12,True,synthetic order line
O0001205,M000486,2025-02-12,C005,P08,broccoli,20.0,kg,20.0,A,2025-02-12,False,synthetic order line
O0001206,M000497,2025-02-13,C005,P01,toms,68.0,kg,68.0,A,2025-02-13,False,synthetic order line
O0001207,M000503,2025-02-13,C012,P01,tomato,2.0,crate,20.0,A,2025-02-13,False,synthetic order line
O0001208,M000493,2025-02-13,C001,P01,tomato,1.0,box,5.0,B,2025-02-13,True,synthetic order line
O0001209,M000494,2025-02-13,C002,P02,lettuce,15.0,kg,15.0,A,2025-02-13,False,synthetic order line
O0001210,M000495,2025-02-13,C003,P02,lett,8.0,kg,8.0,A,2025-02-13,False,synthetic order line
O0001211,M000498,2025-02-13,C006,P02,lettuce,12.0,kg,12.0,B,2025-02-13,False,synthetic order line
O0001212,M000497,2025-02-13,C005,P02,lettuce,1.0,box,4.0,A,2025-02-13,False,synthetic order line
O0001213,M000496,2025-02-13,C004,P02,lettuces,25.0,kg,25.0,A,2025-02-13,False,synthetic order line
O0001214,M000494,2025-02-13,C002,P03,cucumbers,4.0,box,24.0,B,2025-02-13,True,synthetic order line
O0001215,M000495,2025-02-13,C003,P03,cucumbers,3.0,box,18.0,B,2025-02-13,False,synthetic order line
O0001216,M000502,2025-02-13,C011,P03,cucumbers,3.0,box,18.0,A,2025-02-13,False,synthetic order line
O0001217,M000496,2025-02-13,C004,P03,cucumber,51.0,kg,51.0,A,2025-02-13,False,synthetic order line
O0001218,M000496,2025-02-13,C004,P04,berries,22.0,kg,22.0,B,2025-02-13,True,synthetic order line
O0001219,M000502,2025-02-13,C011,P04,strawberries,59.0,kg,59.0,B,2025-02-13,True,synthetic order line
O0001220,M000498,2025-02-13,C006,P05,capsicum,32.0,kg,32.0,A,2025-02-13,False,synthetic order line
O0001221,M000497,2025-02-13,C005,P05,capsicum,12.0,kg,12.0,B,2025-02-13,False,synthetic order line
O0001222,M000495,2025-02-13,C003,P05,capsicum,14.0,kg,14.0,B,2025-02-13,False,synthetic order line
O0001223,M000494,2025-02-13,C002,P05,bell pepper,1.0,box,5.0,A,2025-02-13,False,synthetic order line
O0001224,M000502,2025-02-13,C011,P06,spin,8.0,box,24.0,A,2025-02-13,False,synthetic order line
O0001225,M000499,2025-02-13,C007,P06,spin,12.0,kg,12.0,A,2025-02-13,False,synthetic order line
O0001226,M000500,2025-02-13,C009,P06,leaf spinach,3.0,kg,3.0,B,2025-02-13,False,synthetic order line
O0001227,M000497,2025-02-13,C005,P06,leaf spinach,7.0,kg,7.0,B,2025-02-13,True,synthetic order line
O0001228,M000499,2025-02-13,C007,P07,carrot,2.0,crate,32.0,B,2025-02-13,True,synthetic order line
O0001229,M000502,2025-02-13,C011,P07,carrots,77.0,kg,77.0,A,2025-02-13,False,synthetic order line
O0001230,M000493,2025-02-13,C001,P08,broc,16.0,kg,16.0,B,2025-02-13,True,synthetic order line
O0001231,M000501,2025-02-13,C010,P08,brocc,33.0,kg,33.0,B,2025-02-13,False,synthetic order line
O0001232,M000514,2025-02-14,C012,P01,toms,4.0,crate,40.0,B,2025-02-14,True,synthetic order line
O0001233,M000512,2025-02-14,C010,P01,tomatoes,13.0,box,65.0,B,2025-02-14,True,synthetic order line
O0001234,M000509,2025-02-14,C007,P02,lettuces,14.0,box,56.0,A,2025-02-14,False,synthetic order line
O0001235,M000504,2025-02-14,C001,P02,lettuces,10.0,kg,10.0,A,2025-02-14,False,synthetic order line
O0001236,M000505,2025-02-14,C002,P02,lett,18.0,kg,18.0,A,2025-02-14,False,synthetic order line
O0001237,M000507,2025-02-14,C005,P02,lettuces,30.0,kg,30.0,A,2025-02-14,False,synthetic order line
O0001238,M000511,2025-02-14,C009,P03,cuke,57.0,kg,57.0,B,2025-02-14,True,synthetic order line
O0001239,M000514,2025-02-14,C012,P03,cucumber,22.0,kg,22.0,A,2025-02-14,False,synthetic order line
O0001240,M000504,2025-02-14,C001,P03,cucumber,12.0,kg,12.0,A,2025-02-14,True,synthetic order line
O0001241,M000510,2025-02-14,C008,P04,strawberries,3.0,crate,18.0,A,2025-02-14,False,synthetic order line
O0001242,M000504,2025-02-14,C001,P04,berries,10.0,kg,10.0,B,2025-02-14,True,synthetic order line
O0001243,M000514,2025-02-14,C012,P04,berries,5.0,box,15.0,B,2025-02-14,True,synthetic order line
O0001244,M000507,2025-02-14,C005,P05,capsicum,2.0,box,10.0,A,2025-02-14,False,synthetic order line
O0001245,M000511,2025-02-14,C009,P05,capsicum,65.0,kg,65.0,B,2025-02-14,True,synthetic order line
O0001246,M000506,2025-02-14,C003,P05,peppers,18.0,kg,18.0,B,2025-02-14,True,synthetic order line
O0001247,M000507,2025-02-14,C005,P06,spin,19.0,kg,19.0,B,2025-02-14,True,synthetic order line
O0001248,M000508,2025-02-14,C006,P06,spinach,16.0,kg,16.0,A,2025-02-14,False,synthetic order line
O0001249,M000513,2025-02-14,C011,P06,spin,8.0,box,24.0,A,2025-02-14,False,synthetic order line
O0001250,M000509,2025-02-14,C007,P06,leaf spinach,29.0,kg,29.0,A,2025-02-14,False,synthetic order line
O0001251,M000504,2025-02-14,C001,P07,carrots,1.0,crate,16.0,A,2025-02-14,False,synthetic order line
O0001252,M000508,2025-02-14,C006,P07,car,23.0,kg,23.0,A,2025-02-14,False,synthetic order line
O0001253,M000505,2025-02-14,C002,P07,carrots,6.0,box,48.0,B,2025-02-14,False,synthetic order line
O0001254,M000509,2025-02-14,C007,P07,carrot,31.0,kg,31.0,A,2025-02-14,False,synthetic order line
O0001255,M000507,2025-02-14,C005,P07,carrots,62.0,kg,62.0,A,2025-02-14,False,synthetic order line
O0001256,M000507,2025-02-14,C005,P08,brocc,8.0,kg,8.0,A,2025-02-14,False,synthetic order line
O0001257,M000512,2025-02-14,C010,P08,broccoli,12.0,kg,12.0,A,2025-02-14,False,synthetic order line
O0001258,M000506,2025-02-14,C003,P08,brocc,7.0,kg,7.0,B,2025-02-14,True,synthetic order line
O0001259,M000520,2025-02-15,C007,P01,toms,34.0,kg,34.0,A,2025-02-15,False,synthetic order line
O0001260,M000525,2025-02-15,C012,P01,tomatoes,108.0,kg,108.0,A,2025-02-15,False,synthetic order line
O0001261,M000515,2025-02-15,C001,P01,tomato,6.0,crate,60.0,B,2025-02-15,False,synthetic order line
O0001262,M000516,2025-02-15,C003,P02,lett,6.0,kg,6.0,B,2025-02-15,True,synthetic order line
O0001263,M000522,2025-02-15,C009,P02,lett,51.0,kg,51.0,B,2025-02-15,True,synthetic order line
O0001264,M000515,2025-02-15,C001,P02,lett,11.0,kg,11.0,A,2025-02-15,False,synthetic order line
O0001265,M000520,2025-02-15,C007,P02,lett,1.0,box,4.0,A,2025-02-15,False,synthetic order line
O0001266,M000516,2025-02-15,C003,P03,cucumber,3.0,kg,3.0,A,2025-02-15,False,synthetic order line
O0001267,M000515,2025-02-15,C001,P03,cuke,16.0,kg,16.0,A,2025-02-15,False,synthetic order line
O0001268,M000518,2025-02-15,C005,P03,cuke,3.0,crate,36.0,A,2025-02-15,False,synthetic order line
O0001269,M000523,2025-02-15,C010,P03,cuke,51.0,kg,51.0,A,2025-02-15,False,synthetic order line
O0001270,M000519,2025-02-15,C006,P04,berries,4.0,kg,4.0,A,2025-02-15,False,synthetic order line
O0001271,M000522,2025-02-15,C009,P04,strawberry,27.0,kg,27.0,A,2025-02-15,False,synthetic order line
O0001272,M000516,2025-02-15,C003,P04,strawberry,6.0,kg,6.0,B,2025-02-15,True,synthetic order line
O0001273,M000520,2025-02-15,C007,P04,strawberry,28.0,kg,28.0,A,2025-02-15,False,synthetic order line
O0001274,M000525,2025-02-15,C012,P05,capsicum,44.0,kg,44.0,B,2025-02-15,True,synthetic order line
O0001275,M000520,2025-02-15,C007,P05,bell pepper,3.0,crate,30.0,B,2025-02-15,True,synthetic order line
O0001276,M000521,2025-02-15,C008,P06,spinach,22.0,kg,22.0,A,2025-02-15,False,synthetic order line
O0001277,M000522,2025-02-15,C009,P06,spin,43.0,kg,43.0,B,2025-02-15,False,synthetic order line
O0001278,M000524,2025-02-15,C011,P06,spinach,15.0,kg,15.0,A,2025-02-15,False,synthetic order line
O0001279,M000515,2025-02-15,C001,P07,carrots,1.0,crate,16.0,B,2025-02-15,False,synthetic order line
O0001280,M000520,2025-02-15,C007,P07,car,1.0,box,8.0,B,2025-02-15,False,synthetic order line
O0001281,M000523,2025-02-15,C010,P07,carrots,30.0,kg,30.0,A,2025-02-15,False,synthetic order line
O0001282,M000525,2025-02-15,C012,P07,carrot,46.0,kg,46.0,B,2025-02-15,True,synthetic order line
O0001283,M000518,2025-02-15,C005,P07,carrots,9.0,kg,9.0,A,2025-02-15,False,synthetic order line
O0001284,M000517,2025-02-15,C004,P08,brocc,7.0,kg,7.0,A,2025-02-15,False,synthetic order line
O0001285,M000516,2025-02-15,C003,P08,broc,35.0,kg,35.0,A,2025-02-15,False,synthetic order line
O0001286,M000532,2025-02-16,C008,P01,tomatoes,72.0,kg,72.0,A,2025-02-16,True,synthetic order line
O0001287,M000536,2025-02-16,C012,P01,toms,65.0,kg,65.0,B,2025-02-16,True,synthetic order line
O0001288,M000534,2025-02-16,C010,P02,lettuce,29.0,kg,29.0,B,2025-02-16,True,synthetic order line
O0001289,M000526,2025-02-16,C001,P02,lettuces,30.0,kg,30.0,B,2025-02-16,True,synthetic order line
O0001290,M000531,2025-02-16,C006,P03,cuke,19.0,kg,19.0,B,2025-02-16,True,synthetic order line
O0001291,M000529,2025-02-16,C004,P03,cucumbers,63.0,kg,63.0,B,2025-02-16,False,synthetic order line
O0001292,M000529,2025-02-16,C004,P04,berries,4.0,box,12.0,A,2025-02-16,False,synthetic order line
O0001293,M000534,2025-02-16,C010,P04,strawberry,3.0,crate,18.0,A,2025-02-16,False,synthetic order line
O0001294,M000528,2025-02-16,C003,P04,strawberries,19.0,kg,19.0,A,2025-02-16,False,synthetic order line
O0001295,M000530,2025-02-16,C005,P04,berries,13.0,kg,13.0,A,2025-02-16,True,synthetic order line
O0001296,M000535,2025-02-16,C011,P04,berries,1.0,crate,6.0,A,2025-02-16,False,synthetic order line
O0001297,M000527,2025-02-16,C002,P05,bell pepper,5.0,kg,5.0,B,2025-02-16,True,synthetic order line
O0001298,M000536,2025-02-16,C012,P05,peppers,5.0,box,25.0,B,2025-02-16,True,synthetic order line
O0001299,M000528,2025-02-16,C003,P05,capsicum,48.0,kg,48.0,A,2025-02-16,True,synthetic order line
O0001300,M000533,2025-02-16,C009,P05,capsicum,3.0,box,15.0,A,2025-02-16,False,synthetic order line
O0001301,M000535,2025-02-16,C011,P05,capsicum,21.0,kg,21.0,B,2025-02-16,True,synthetic order line
O0001302,M000528,2025-02-16,C003,P06,leaf spinach,2.0,box,6.0,B,2025-02-16,True,synthetic order line
O0001303,M000529,2025-02-16,C004,P06,leaf spinach,3.0,box,9.0,B,2025-02-16,False,synthetic order line
O0001304,M000526,2025-02-16,C001,P06,spinach,42.0,kg,42.0,A,2025-02-16,False,synthetic order line
O0001305,M000527,2025-02-16,C002,P06,spin,9.0,kg,9.0,B,2025-02-16,True,synthetic order line
O0001306,M000536,2025-02-16,C012,P07,car,71.0,kg,71.0,B,2025-02-16,False,synthetic order line
O0001307,M000534,2025-02-16,C010,P07,carrots,33.0,kg,33.0,B,2025-02-16,False,synthetic order line
O0001308,M000535,2025-02-16,C011,P07,carrot,21.0,kg,21.0,A,2025-02-16,False,synthetic order line
O0001309,M000529,2025-02-16,C004,P07,car,14.0,kg,14.0,B,2025-02-16,True,synthetic order line
O0001310,M000526,2025-02-16,C001,P08,brocc,5.0,crate,50.0,B,2025-02-16,True,synthetic order line
O0001311,M000534,2025-02-16,C010,P08,broc,35.0,kg,35.0,A,2025-02-16,True,synthetic order line
O0001312,M000536,2025-02-16,C012,P08,broccoli,1.0,box,5.0,B,2025-02-16,True,synthetic order line
O0001313,M000539,2025-02-17,C003,P01,tomatoes,33.0,kg,33.0,A,2025-02-17,False,synthetic order line
O0001314,M000542,2025-02-17,C006,P01,toms,1.0,box,5.0,B,2025-02-17,False,synthetic order line
O0001315,M000541,2025-02-17,C005,P01,tomato,17.0,kg,17.0,A,2025-02-17,False,synthetic order line
O0001316,M000545,2025-02-17,C010,P01,tomatoes,3.0,box,15.0,A,2025-02-17,False,synthetic order line
O0001317,M000543,2025-02-17,C008,P01,tomato,37.0,kg,37.0,B,2025-02-17,True,synthetic order line
O0001318,M000537,2025-02-17,C001,P02,lettuce,2.0,box,8.0,B,2025-02-17,False,synthetic order line
O0001319,M000544,2025-02-17,C009,P02,lettuces,22.0,kg,22.0,A,2025-02-17,False,synthetic order line
O0001320,M000538,2025-02-17,C002,P02,lett,85.0,kg,85.0,B,2025-02-17,True,synthetic order line
O0001321,M000541,2025-02-17,C005,P02,lett,27.0,kg,27.0,B,2025-02-17,True,synthetic order line
O0001322,M000538,2025-02-17,C002,P03,cucumbers,6.0,crate,72.0,A,2025-02-17,False,synthetic order line
O0001323,M000543,2025-02-17,C008,P03,cucumbers,6.0,crate,72.0,A,2025-02-17,False,synthetic order line
O0001324,M000540,2025-02-17,C004,P04,berries,32.0,kg,32.0,A,2025-02-17,True,synthetic order line
O0001325,M000545,2025-02-17,C010,P04,strawberries,2.0,box,6.0,A,2025-02-17,False,synthetic order line
O0001326,M000540,2025-02-17,C004,P05,peppers,4.0,kg,4.0,B,2025-02-17,True,synthetic order line
O0001327,M000537,2025-02-17,C001,P05,capsicum,32.0,kg,32.0,A,2025-02-17,True,synthetic order line
O0001328,M000542,2025-02-17,C006,P05,bell pepper,4.0,crate,40.0,B,2025-02-17,False,synthetic order line
O0001329,M000544,2025-02-17,C009,P05,bell pepper,6.0,kg,6.0,A,2025-02-17,False,synthetic order line
O0001330,M000546,2025-02-17,C011,P06,spin,6.0,kg,6.0,A,2025-02-17,True,synthetic order line
O0001331,M000539,2025-02-17,C003,P06,spin,2.0,crate,12.0,A,2025-02-17,False,synthetic order line
O0001332,M000547,2025-02-17,C012,P06,spinach,11.0,kg,11.0,A,2025-02-17,False,synthetic order line
O0001333,M000541,2025-02-17,C005,P06,spin,10.0,kg,10.0,B,2025-02-17,False,synthetic order line
O0001334,M000541,2025-02-17,C005,P07,carrots,61.0,kg,61.0,B,2025-02-17,False,synthetic order line
O0001335,M000542,2025-02-17,C006,P07,carrots,26.0,kg,26.0,A,2025-02-17,False,synthetic order line
O0001336,M000544,2025-02-17,C009,P07,carrot,37.0,kg,37.0,B,2025-02-17,False,synthetic order line
O0001337,M000547,2025-02-17,C012,P08,broccoli,7.0,kg,7.0,B,2025-02-17,False,synthetic order line
O0001338,M000546,2025-02-17,C011,P08,brocc,21.0,kg,21.0,B,2025-02-17,False,synthetic order line
O0001339,M000543,2025-02-17,C008,P08,broc,2.0,box,10.0,B,2025-02-17,False,synthetic order line
O0001340,M000540,2025-02-17,C004,P08,broc,2.0,box,10.0,A,2025-02-17,False,synthetic order line
O0001341,M000537,2025-02-17,C001,P08,broc,40.0,kg,40.0,A,2025-02-17,True,synthetic order line
O0001342,M000548,2025-02-18,C001,P01,tomato,29.0,kg,29.0,B,2025-02-18,False,synthetic order line
O0001343,M000551,2025-02-18,C004,P01,tomatoes,20.0,kg,20.0,A,2025-02-18,False,synthetic order line
O0001344,M000549,2025-02-18,C002,P01,tomato,14.0,kg,14.0,A,2025-02-18,False,synthetic order line
O0001345,M000557,2025-02-18,C011,P01,tomatoes,50.0,kg,50.0,A,2025-02-18,False,synthetic order line
O0001346,M000553,2025-02-18,C007,P01,tomato,1.0,crate,10.0,A,2025-02-18,False,synthetic order line
O0001347,M000550,2025-02-18,C003,P02,lettuce,37.0,kg,37.0,B,2025-02-18,True,synthetic order line
O0001348,M000555,2025-02-18,C009,P02,lettuce,15.0,kg,15.0,A,2025-02-18,True,synthetic order line
O0001349,M000551,2025-02-18,C004,P02,lettuces,21.0,kg,21.0,B,2025-02-18,False,synthetic order line
O0001350,M000554,2025-02-18,C008,P02,lettuces,1.0,box,4.0,A,2025-02-18,False,synthetic order line
O0001351,M000552,2025-02-18,C006,P02,lettuces,2.0,crate,16.0,B,2025-02-18,True,synthetic order line
O0001352,M000556,2025-02-18,C010,P03,cucumbers,26.0,kg,26.0,A,2025-02-18,False,synthetic order line
O0001353,M000549,2025-02-18,C002,P03,cucumber,46.0,kg,46.0,B,2025-02-18,True,synthetic order line
O0001354,M000552,2025-02-18,C006,P03,cucumber,1.0,crate,12.0,B,2025-02-18,True,synthetic order line
O0001355,M000550,2025-02-18,C003,P04,berries,11.0,kg,11.0,A,2025-02-18,False,synthetic order line
O0001356,M000548,2025-02-18,C001,P04,berries,28.0,kg,28.0,B,2025-02-18,False,synthetic order line
O0001357,M000551,2025-02-18,C004,P04,strawberries,11.0,kg,11.0,B,2025-02-18,False,synthetic order line
O0001358,M000558,2025-02-18,C012,P05,bell pepper,3.0,kg,3.0,A,2025-02-18,False,synthetic order line
O0001359,M000550,2025-02-18,C003,P05,bell pepper,4.0,kg,4.0,A,2025-02-18,False,synthetic order line
O0001360,M000553,2025-02-18,C007,P05,bell pepper,11.0,kg,11.0,A,2025-02-18,True,synthetic order line
O0001361,M000551,2025-02-18,C004,P05,peppers,3.0,box,15.0,A,2025-02-18,False,synthetic order line
O0001362,M000551,2025-02-18,C004,P06,spinach,14.0,kg,14.0,B,2025-02-18,True,synthetic order line
O0001363,M000554,2025-02-18,C008,P06,spinach,7.0,box,21.0,A,2025-02-18,False,synthetic order line
O0001364,M000552,2025-02-18,C006,P06,spinach,16.0,kg,16.0,A,2025-02-18,False,synthetic order line
O0001365,M000548,2025-02-18,C001,P07,carrot,1.0,box,8.0,A,2025-02-18,False,synthetic order line
O0001366,M000557,2025-02-18,C011,P07,car,16.0,kg,16.0,A,2025-02-18,False,synthetic order line
O0001367,M000552,2025-02-18,C006,P07,carrots,1.0,box,8.0,A,2025-02-18,True,synthetic order line
O0001368,M000556,2025-02-18,C010,P07,car,1.0,box,8.0,B,2025-02-18,True,synthetic order line
O0001369,M000549,2025-02-18,C002,P07,carrot,1.0,crate,16.0,B,2025-02-18,True,synthetic order line
O0001370,M000554,2025-02-18,C008,P08,brocc,22.0,kg,22.0,A,2025-02-18,False,synthetic order line
O0001371,M000553,2025-02-18,C007,P08,broc,1.0,box,5.0,A,2025-02-18,False,synthetic order line
O0001372,M000555,2025-02-18,C009,P08,broc,4.0,kg,4.0,A,2025-02-18,False,synthetic order line
O0001373,M000549,2025-02-18,C002,P08,broccoli,49.0,kg,49.0,A,2025-02-18,True,synthetic order line
O0001374,M000562,2025-02-19,C004,P01,tomatoes,4.0,box,20.0,B,2025-02-19,True,synthetic order line
O0001375,M000563,2025-02-19,C005,P01,tomatoes,7.0,box,35.0,A,2025-02-19,False,synthetic order line
O0001376,M000565,2025-02-19,C007,P01,tomato,26.0,kg,26.0,B,2025-02-19,False,synthetic order line
O0001377,M000559,2025-02-19,C001,P02,lett,26.0,kg,26.0,B,2025-02-19,False,synthetic order line
O0001378,M000565,2025-02-19,C007,P02,lettuces,9.0,box,36.0,B,2025-02-19,True,synthetic order line
O0001379,M000566,2025-02-19,C009,P03,cuke,21.0,kg,21.0,B,2025-02-19,True,synthetic order line
O0001380,M000560,2025-02-19,C002,P03,cucumbers,5.0,kg,5.0,A,2025-02-19,False,synthetic order line
O0001381,M000565,2025-02-19,C007,P03,cucumber,32.0,kg,32.0,A,2025-02-19,False,synthetic order line
O0001382,M000559,2025-02-19,C001,P03,cuke,40.0,kg,40.0,A,2025-02-19,False,synthetic order line
O0001383,M000561,2025-02-19,C003,P03,cucumbers,16.0,kg,16.0,A,2025-02-19,False,synthetic order line
O0001384,M000568,2025-02-19,C012,P04,strawberry,17.0,kg,17.0,B,2025-02-19,True,synthetic order line
O0001385,M000564,2025-02-19,C006,P04,strawberry,20.0,kg,20.0,A,2025-02-19,False,synthetic order line
O0001386,M000559,2025-02-19,C001,P04,strawberries,26.0,kg,26.0,B,2025-02-19,True,synthetic order line
O0001387,M000563,2025-02-19,C005,P04,strawberries,9.0,kg,9.0,B,2025-02-19,True,synthetic order line
O0001388,M000561,2025-02-19,C003,P05,capsicum,48.0,kg,48.0,B,2025-02-19,True,synthetic order line
O0001389,M000559,2025-02-19,C001,P05,capsicum,11.0,kg,11.0,A,2025-02-19,False,synthetic order line
O0001390,M000565,2025-02-19,C007,P05,capsicum,44.0,kg,44.0,A,2025-02-19,False,synthetic order line
O0001391,M000568,2025-02-19,C012,P06,spin,1.0,crate,6.0,B,2025-02-19,True,synthetic order line
O0001392,M000559,2025-02-19,C001,P06,spin,22.0,box,66.0,A,2025-02-19,False,synthetic order line
O0001393,M000567,2025-02-19,C011,P07,carrot,61.0,kg,61.0,A,2025-02-19,False,synthetic order line
O0001394,M000565,2025-02-19,C007,P07,car,20.0,kg,20.0,A,2025-02-19,False,synthetic order line
O0001395,M000564,2025-02-19,C006,P07,carrot,14.0,kg,14.0,A,2025-02-19,True,synthetic order line
O0001396,M000561,2025-02-19,C003,P07,carrots,3.0,kg,3.0,A,2025-02-19,False,synthetic order line
O0001397,M000562,2025-02-19,C004,P07,car,26.0,kg,26.0,A,2025-02-19,False,synthetic order line
O0001398,M000568,2025-02-19,C012,P08,broccoli,2.0,crate,20.0,B,2025-02-19,True,synthetic order line
O0001399,M000567,2025-02-19,C011,P08,broccoli,9.0,kg,9.0,B,2025-02-19,False,synthetic order line
O0001400,M000559,2025-02-19,C001,P08,broc,2.0,box,10.0,A,2025-02-19,False,synthetic order line
O0001401,M000565,2025-02-19,C007,P08,broccoli,4.0,box,20.0,B,2025-02-19,True,synthetic order line
O0001402,M000572,2025-02-20,C004,P01,tomato,34.0,kg,34.0,B,2025-02-20,False,synthetic order line
O0001403,M000578,2025-02-20,C010,P01,toms,45.0,kg,45.0,B,2025-02-20,True,synthetic order line
O0001404,M000570,2025-02-20,C002,P01,tomatoes,32.0,kg,32.0,A,2025-02-20,True,synthetic order line
O0001405,M000579,2025-02-20,C011,P01,toms,29.0,kg,29.0,B,2025-02-20,True,synthetic order line
O0001406,M000579,2025-02-20,C011,P02,lettuces,26.0,kg,26.0,B,2025-02-20,True,synthetic order line
O0001407,M000569,2025-02-20,C001,P02,lett,10.0,box,40.0,A,2025-02-20,False,synthetic order line
O0001408,M000578,2025-02-20,C010,P03,cuke,37.0,kg,37.0,A,2025-02-20,False,synthetic order line
O0001409,M000580,2025-02-20,C012,P03,cuke,6.0,kg,6.0,A,2025-02-20,False,synthetic order line
O0001410,M000576,2025-02-20,C008,P03,cucumber,16.0,kg,16.0,B,2025-02-20,True,synthetic order line
O0001411,M000569,2025-02-20,C001,P03,cucumber,16.0,kg,16.0,B,2025-02-20,False,synthetic order line
O0001412,M000572,2025-02-20,C004,P03,cucumbers,27.0,kg,27.0,A,2025-02-20,True,synthetic order line
O0001413,M000573,2025-02-20,C005,P04,strawberries,4.0,crate,24.0,A,2025-02-20,False,synthetic order line
O0001414,M000575,2025-02-20,C007,P04,strawberries,21.0,kg,21.0,B,2025-02-20,True,synthetic order line
O0001415,M000571,2025-02-20,C003,P05,peppers,2.0,crate,20.0,A,2025-02-20,False,synthetic order line
O0001416,M000577,2025-02-20,C009,P05,bell pepper,2.0,crate,20.0,B,2025-02-20,True,synthetic order line
O0001417,M000569,2025-02-20,C001,P05,capsicum,2.0,crate,20.0,A,2025-02-20,False,synthetic order line
O0001418,M000573,2025-02-20,C005,P05,peppers,7.0,kg,7.0,A,2025-02-20,False,synthetic order line
O0001419,M000569,2025-02-20,C001,P06,spin,18.0,kg,18.0,B,2025-02-20,True,synthetic order line
O0001420,M000571,2025-02-20,C003,P06,leaf spinach,7.0,kg,7.0,A,2025-02-20,False,synthetic order line
O0001421,M000574,2025-02-20,C006,P06,leaf spinach,7.0,box,21.0,B,2025-02-20,True,synthetic order line
O0001422,M000572,2025-02-20,C004,P07,carrots,23.0,kg,23.0,A,2025-02-20,True,synthetic order line
O0001423,M000577,2025-02-20,C009,P07,carrot,53.0,kg,53.0,B,2025-02-20,True,synthetic order line
O0001424,M000573,2025-02-20,C005,P07,carrots,7.0,box,56.0,B,2025-02-20,True,synthetic order line
O0001425,M000579,2025-02-20,C011,P07,carrots,19.0,kg,19.0,A,2025-02-20,False,synthetic order line
O0001426,M000580,2025-02-20,C012,P08,broccoli,11.0,kg,11.0,A,2025-02-20,False,synthetic order line
O0001427,M000571,2025-02-20,C003,P08,broc,25.0,kg,25.0,B,2025-02-20,True,synthetic order line
O0001428,M000582,2025-02-21,C002,P01,tomatoes,6.0,box,30.0,B,2025-02-21,True,synthetic order line
O0001429,M000581,2025-02-21,C001,P01,tomatoes,63.0,kg,63.0,B,2025-02-21,False,synthetic order line
O0001430,M000586,2025-02-21,C006,P02,lett,15.0,kg,15.0,B,2025-02-21,True,synthetic order line
O0001431,M000592,2025-02-21,C012,P02,lett,18.0,kg,18.0,B,2025-02-21,False,synthetic order line
O0001432,M000588,2025-02-21,C008,P02,lettuces,9.0,kg,9.0,A,2025-02-21,False,synthetic order line
O0001433,M000581,2025-02-21,C001,P02,lett,2.0,crate,16.0,B,2025-02-21,True,synthetic order line
O0001434,M000589,2025-02-21,C009,P03,cucumbers,33.0,kg,33.0,A,2025-02-21,False,synthetic order line
O0001435,M000592,2025-02-21,C012,P03,cuke,3.0,box,18.0,B,2025-02-21,True,synthetic order line
O0001436,M000588,2025-02-21,C008,P03,cucumbers,1.0,crate,12.0,B,2025-02-21,True,synthetic order line
O0001437,M000582,2025-02-21,C002,P03,cucumbers,76.0,kg,76.0,A,2025-02-21,False,synthetic order line
O0001438,M000583,2025-02-21,C003,P04,strawberry,4.0,kg,4.0,A,2025-02-21,False,synthetic order line
O0001439,M000587,2025-02-21,C007,P04,strawberries,3.0,kg,3.0,B,2025-02-21,True,synthetic order line
O0001440,M000591,2025-02-21,C011,P04,strawberry,12.0,kg,12.0,A,2025-02-21,False,synthetic order line
O0001441,M000590,2025-02-21,C010,P04,strawberries,2.0,box,6.0,B,2025-02-21,True,synthetic order line
O0001442,M000592,2025-02-21,C012,P04,strawberries,8.0,kg,8.0,A,2025-02-21,True,synthetic order line
O0001443,M000591,2025-02-21,C011,P05,capsicum,13.0,kg,13.0,A,2025-02-21,False,synthetic order line
O0001444,M000584,2025-02-21,C004,P05,peppers,9.0,kg,9.0,A,2025-02-21,False,synthetic order line
O0001445,M000582,2025-02-21,C002,P05,bell pepper,22.0,kg,22.0,B,2025-02-21,True,synthetic order line
O0001446,M000587,2025-02-21,C007,P05,bell pepper,16.0,kg,16.0,A,2025-02-21,False,synthetic order line
O0001447,M000582,2025-02-21,C002,P06,spinach,1.0,box,3.0,A,2025-02-21,False,synthetic order line
O0001448,M000581,2025-02-21,C001,P06,leaf spinach,1.0,crate,6.0,B,2025-02-21,False,synthetic order line
O0001449,M000591,2025-02-21,C011,P06,spin,12.0,kg,12.0,B,2025-02-21,False,synthetic order line
O0001450,M000584,2025-02-21,C004,P06,leaf spinach,1.0,crate,6.0,A,2025-02-21,False,synthetic order line
O0001451,M000590,2025-02-21,C010,P06,spin,2.0,crate,12.0,B,2025-02-21,True,synthetic order line
O0001452,M000585,2025-02-21,C005,P07,car,1.0,box,8.0,A,2025-02-21,False,synthetic order line
O0001453,M000586,2025-02-21,C006,P07,carrots,25.0,kg,25.0,A,2025-02-21,False,synthetic order line
O0001454,M000582,2025-02-21,C002,P07,carrot,13.0,kg,13.0,B,2025-02-21,True,synthetic order line
O0001455,M000588,2025-02-21,C008,P07,carrot,1.0,crate,16.0,B,2025-02-21,True,synthetic order line
O0001456,M000584,2025-02-21,C004,P07,car,1.0,crate,16.0,B,2025-02-21,True,synthetic order line
O0001457,M000582,2025-02-21,C002,P08,broccoli,6.0,kg,6.0,B,2025-02-21,False,synthetic order line
O0001458,M000586,2025-02-21,C006,P08,broccoli,2.0,crate,20.0,A,2025-02-21,False,synthetic order line
O0001459,M000591,2025-02-21,C011,P08,brocc,1.0,crate,10.0,B,2025-02-21,False,synthetic order line
O0001460,M000589,2025-02-21,C009,P08,broc,1.0,box,5.0,B,2025-02-21,True,synthetic order line
O0001461,M000584,2025-02-21,C004,P08,broc,2.0,crate,20.0,A,2025-02-21,False,synthetic order line
O0001462,M000595,2025-02-22,C003,P01,toms,9.0,box,45.0,A,2025-02-22,False,synthetic order line
O0001463,M000597,2025-02-22,C005,P01,tomatoes,21.0,kg,21.0,B,2025-02-22,True,synthetic order line
O0001464,M000602,2025-02-22,C010,P01,toms,7.0,kg,7.0,B,2025-02-22,False,synthetic order line
O0001465,M000603,2025-02-22,C011,P01,toms,35.0,kg,35.0,B,2025-02-22,True,synthetic order line
O0001466,M000603,2025-02-22,C011,P02,lettuce,11.0,kg,11.0,A,2025-02-22,False,synthetic order line
O0001467,M000602,2025-02-22,C010,P02,lettuces,11.0,kg,11.0,A,2025-02-22,False,synthetic order line
O0001468,M000594,2025-02-22,C002,P02,lett,4.0,crate,32.0,A,2025-02-22,False,synthetic order line
O0001469,M000603,2025-02-22,C011,P03,cucumbers,66.0,kg,66.0,A,2025-02-22,False,synthetic order line
O0001470,M000594,2025-02-22,C002,P03,cucumber,24.0,kg,24.0,B,2025-02-22,True,synthetic order line
O0001471,M000598,2025-02-22,C006,P04,strawberry,10.0,box,30.0,B,2025-02-22,True,synthetic order line
O0001472,M000597,2025-02-22,C005,P04,berries,21.0,kg,21.0,A,2025-02-22,False,synthetic order line
O0001473,M000601,2025-02-22,C009,P04,strawberry,3.0,kg,3.0,B,2025-02-22,True,synthetic order line
O0001474,M000596,2025-02-22,C004,P04,strawberry,9.0,kg,9.0,A,2025-02-22,False,synthetic order line
O0001475,M000593,2025-02-22,C001,P04,berries,3.0,kg,3.0,A,2025-02-22,True,synthetic order line
O0001476,M000604,2025-02-22,C012,P05,bell pepper,3.0,box,15.0,A,2025-02-22,False,synthetic order line
O0001477,M000594,2025-02-22,C002,P05,bell pepper,17.0,kg,17.0,A,2025-02-22,True,synthetic order line
O0001478,M000602,2025-02-22,C010,P05,bell pepper,7.0,kg,7.0,B,2025-02-22,True,synthetic order line
O0001479,M000593,2025-02-22,C001,P05,capsicum,14.0,kg,14.0,A,2025-02-22,False,synthetic order line
O0001480,M000603,2025-02-22,C011,P05,bell pepper,1.0,box,5.0,A,2025-02-22,False,synthetic order line
O0001481,M000600,2025-02-22,C008,P06,leaf spinach,4.0,kg,4.0,B,2025-02-22,True,synthetic order line
O0001482,M000596,2025-02-22,C004,P06,spinach,39.0,kg,39.0,A,2025-02-22,False,synthetic order line
O0001483,M000604,2025-02-22,C012,P07,carrots,83.0,kg,83.0,A,2025-02-22,False,synthetic order line
O0001484,M000603,2025-02-22,C011,P07,carrot,1.0,box,8.0,A,2025-02-22,False,synthetic order line
O0001485,M000597,2025-02-22,C005,P07,car,26.0,kg,26.0,A,2025-02-22,False,synthetic order line
O0001486,M000597,2025-02-22,C005,P08,brocc,11.0,kg,11.0,A,2025-02-22,False,synthetic order line
O0001487,M000599,2025-02-22,C007,P08,brocc,43.0,kg,43.0,B,2025-02-22,True,synthetic order line
O0001488,M000604,2025-02-22,C012,P08,broc,3.0,kg,3.0,B,2025-02-22,True,synthetic order line
O0001489,M000595,2025-02-22,C003,P08,broc,10.0,kg,10.0,B,2025-02-22,True,synthetic order line
O0001490,M000607,2025-02-23,C004,P01,tomato,4.0,box,20.0,A,2025-02-23,False,synthetic order line
O0001491,M000614,2025-02-23,C011,P01,tomato,8.0,box,40.0,B,2025-02-23,True,synthetic order line
O0001492,M000608,2025-02-23,C005,P01,tomatoes,6.0,kg,6.0,A,2025-02-23,False,synthetic order line
O0001493,M000606,2025-02-23,C003,P02,lett,21.0,kg,21.0,B,2025-02-23,False,synthetic order line
O0001494,M000612,2025-02-23,C009,P02,lettuces,13.0,kg,13.0,A,2025-02-23,False,synthetic order line
O0001495,M000609,2025-02-23,C006,P02,lettuce,22.0,kg,22.0,B,2025-02-23,False,synthetic order line
O0001496,M000609,2025-02-23,C006,P03,cucumbers,3.0,kg,3.0,A,2025-02-23,False,synthetic order line
O0001497,M000605,2025-02-23,C001,P03,cucumber,29.0,kg,29.0,B,2025-02-23,True,synthetic order line
O0001498,M000612,2025-02-23,C009,P03,cuke,11.0,kg,11.0,A,2025-02-23,False,synthetic order line
O0001499,M000611,2025-02-23,C008,P04,strawberry,25.0,kg,25.0,A,2025-02-23,False,synthetic order line
O0001500,M000606,2025-02-23,C003,P04,strawberries,2.0,crate,12.0,A,2025-02-23,True,synthetic order line
O0001501,M000612,2025-02-23,C009,P05,capsicum,4.0,kg,4.0,B,2025-02-23,True,synthetic order line
O0001502,M000614,2025-02-23,C011,P05,peppers,3.0,kg,3.0,A,2025-02-23,False,synthetic order line
O0001503,M000605,2025-02-23,C001,P05,bell pepper,8.0,kg,8.0,A,2025-02-23,False,synthetic order line
O0001504,M000606,2025-02-23,C003,P05,peppers,31.0,kg,31.0,A,2025-02-23,False,synthetic order line
O0001505,M000606,2025-02-23,C003,P06,spin,27.0,kg,27.0,A,2025-02-23,False,synthetic order line
O0001506,M000612,2025-02-23,C009,P06,leaf spinach,13.0,kg,13.0,A,2025-02-23,False,synthetic order line
O0001507,M000614,2025-02-23,C011,P07,carrot,32.0,kg,32.0,A,2025-02-23,False,synthetic order line
O0001508,M000610,2025-02-23,C007,P07,carrot,11.0,kg,11.0,A,2025-02-23,False,synthetic order line
O0001509,M000615,2025-02-23,C012,P07,car,37.0,kg,37.0,A,2025-02-23,False,synthetic order line
O0001510,M000613,2025-02-23,C010,P08,broc,35.0,kg,35.0,B,2025-02-23,False,synthetic order line
O0001511,M000612,2025-02-23,C009,P08,broc,8.0,kg,8.0,A,2025-02-23,False,synthetic order line
O0001512,M000608,2025-02-23,C005,P08,broc,4.0,crate,40.0,B,2025-02-23,True,synthetic order line
O0001513,M000621,2025-02-24,C009,P01,tomato,38.0,kg,38.0,B,2025-02-24,False,synthetic order line
O0001514,M000623,2025-02-24,C011,P01,toms,42.0,kg,42.0,A,2025-02-24,True,synthetic order line
O0001515,M000619,2025-02-24,C007,P02,lett,35.0,kg,35.0,A,2025-02-24,False,synthetic order line
O0001516,M000622,2025-02-24,C010,P02,lettuce,3.0,crate,24.0,B,2025-02-24,True,synthetic order line
O0001517,M000619,2025-02-24,C007,P03,cucumbers,12.0,kg,12.0,B,2025-02-24,False,synthetic order line
O0001518,M000622,2025-02-24,C010,P03,cucumbers,7.0,box,42.0,A,2025-02-24,False,synthetic order line
O0001519,M000622,2025-02-24,C010,P04,strawberries,9.0,box,27.0,B,2025-02-24,True,synthetic order line
O0001520,M000621,2025-02-24,C009,P04,berries,15.0,kg,15.0,B,2025-02-24,False,synthetic order line
O0001521,M000623,2025-02-24,C011,P04,berries,19.0,kg,19.0,B,2025-02-24,True,synthetic order line
O0001522,M000617,2025-02-24,C005,P04,strawberries,2.0,box,6.0,B,2025-02-24,True,synthetic order line
O0001523,M000619,2025-02-24,C007,P05,capsicum,4.0,box,20.0,A,2025-02-24,False,synthetic order line
O0001524,M000621,2025-02-24,C009,P05,capsicum,5.0,kg,5.0,B,2025-02-24,True,synthetic order line
O0001525,M000622,2025-02-24,C010,P05,bell pepper,4.0,box,20.0,A,2025-02-24,False,synthetic order line
O0001526,M000623,2025-02-24,C011,P05,bell pepper,6.0,kg,6.0,A,2025-02-24,False,synthetic order line
O0001527,M000619,2025-02-24,C007,P06,leaf spinach,8.0,box,24.0,B,2025-02-24,True,synthetic order line
O0001528,M000616,2025-02-24,C003,P06,spinach,18.0,kg,18.0,B,2025-02-24,True,synthetic order line
O0001529,M000620,2025-02-24,C008,P07,carrots,5.0,kg,5.0,B,2025-02-24,False,synthetic order line
O0001530,M000623,2025-02-24,C011,P07,carrots,23.0,kg,23.0,A,2025-02-24,False,synthetic order line
O0001531,M000618,2025-02-24,C006,P07,carrots,17.0,kg,17.0,A,2025-02-24,False,synthetic order line
O0001532,M000624,2025-02-24,C012,P07,car,5.0,kg,5.0,B,2025-02-24,True,synthetic order line
O0001533,M000621,2025-02-24,C009,P08,broc,43.0,kg,43.0,B,2025-02-24,False,synthetic order line
O0001534,M000620,2025-02-24,C008,P08,broc,14.0,kg,14.0,A,2025-02-24,False,synthetic order line
O0001535,M000629,2025-02-25,C005,P01,toms,54.0,kg,54.0,A,2025-02-25,False,synthetic order line
O0001536,M000631,2025-02-25,C007,P01,tomato,47.0,kg,47.0,B,2025-02-25,False,synthetic order line
O0001537,M000636,2025-02-25,C012,P02,lettuce,12.0,kg,12.0,B,2025-02-25,True,synthetic order line
O0001538,M000634,2025-02-25,C010,P02,lett,20.0,kg,20.0,B,2025-02-25,True,synthetic order line
O0001539,M000627,2025-02-25,C003,P02,lett,17.0,kg,17.0,B,2025-02-25,True,synthetic order line
O0001540,M000625,2025-02-25,C001,P02,lettuce,11.0,kg,11.0,B,2025-02-25,True,synthetic order line
O0001541,M000635,2025-02-25,C011,P02,lett,10.0,kg,10.0,B,2025-02-25,True,synthetic order line
O0001542,M000625,2025-02-25,C001,P03,cuke,70.0,kg,70.0,B,2025-02-25,True,synthetic order line
O0001543,M000630,2025-02-25,C006,P03,cuke,1.0,box,6.0,A,2025-02-25,False,synthetic order line
O0001544,M000628,2025-02-25,C004,P04,strawberries,6.0,kg,6.0,A,2025-02-25,False,synthetic order line
O0001545,M000627,2025-02-25,C003,P04,strawberries,3.0,kg,3.0,B,2025-02-25,False,synthetic order line
O0001546,M000636,2025-02-25,C012,P04,strawberries,20.0,kg,20.0,B,2025-02-25,True,synthetic order line
O0001547,M000635,2025-02-25,C011,P04,strawberries,12.0,kg,12.0,A,2025-02-25,False,synthetic order line
O0001548,M000632,2025-02-25,C008,P05,capsicum,3.0,box,15.0,B,2025-02-25,False,synthetic order line
O0001549,M000628,2025-02-25,C004,P05,peppers,9.0,kg,9.0,B,2025-02-25,False,synthetic order line
O0001550,M000627,2025-02-25,C003,P05,capsicum,3.0,box,15.0,A,2025-02-25,False,synthetic order line
O0001551,M000633,2025-02-25,C009,P05,bell pepper,10.0,kg,10.0,A,2025-02-25,True,synthetic order line
O0001552,M000630,2025-02-25,C006,P06,spinach,10.0,kg,10.0,A,2025-02-25,False,synthetic order line
O0001553,M000628,2025-02-25,C004,P06,spinach,15.0,kg,15.0,A,2025-02-25,False,synthetic order line
O0001554,M000632,2025-02-25,C008,P06,leaf spinach,9.0,box,27.0,A,2025-02-25,True,synthetic order line
O0001555,M000626,2025-02-25,C002,P07,car,35.0,kg,35.0,B,2025-02-25,True,synthetic order line
O0001556,M000630,2025-02-25,C006,P07,carrot,4.0,crate,64.0,A,2025-02-25,True,synthetic order line
O0001557,M000628,2025-02-25,C004,P08,brocc,11.0,kg,11.0,A,2025-02-25,True,synthetic order line
O0001558,M000630,2025-02-25,C006,P08,brocc,4.0,kg,4.0,A,2025-02-25,False,synthetic order line
O0001559,M000629,2025-02-25,C005,P08,brocc,14.0,kg,14.0,A,2025-02-25,False,synthetic order line
O0001560,M000646,2025-02-26,C010,P01,tomatoes,19.0,kg,19.0,B,2025-02-26,True,synthetic order line
O0001561,M000647,2025-02-26,C011,P01,toms,35.0,kg,35.0,A,2025-02-26,False,synthetic order line
O0001562,M000638,2025-02-26,C002,P01,toms,6.0,box,30.0,B,2025-02-26,False,synthetic order line
O0001563,M000648,2025-02-26,C012,P02,lett,33.0,kg,33.0,B,2025-02-26,True,synthetic order line
O0001564,M000640,2025-02-26,C004,P02,lettuce,9.0,kg,9.0,B,2025-02-26,False,synthetic order line
O0001565,M000642,2025-02-26,C006,P02,lettuce,6.0,box,24.0,A,2025-02-26,False,synthetic order line
O0001566,M000648,2025-02-26,C012,P03,cucumbers,14.0,kg,14.0,B,2025-02-26,False,synthetic order line
O0001567,M000637,2025-02-26,C001,P03,cucumbers,3.0,box,18.0,B,2025-02-26,True,synthetic order line
O0001568,M000643,2025-02-26,C007,P03,cucumber,40.0,kg,40.0,B,2025-02-26,True,synthetic order line
O0001569,M000640,2025-02-26,C004,P03,cucumbers,6.0,kg,6.0,A,2025-02-26,False,synthetic order line
O0001570,M000644,2025-02-26,C008,P04,strawberries,12.0,kg,12.0,A,2025-02-26,False,synthetic order line
O0001571,M000637,2025-02-26,C001,P04,strawberries,27.0,kg,27.0,A,2025-02-26,False,synthetic order line
O0001572,M000646,2025-02-26,C010,P05,capsicum,11.0,kg,11.0,A,2025-02-26,False,synthetic order line
O0001573,M000647,2025-02-26,C011,P05,bell pepper,10.0,kg,10.0,B,2025-02-26,True,synthetic order line
O0001574,M000642,2025-02-26,C006,P05,bell pepper,9.0,kg,9.0,B,2025-02-26,True,synthetic order line
O0001575,M000648,2025-02-26,C012,P05,peppers,1.0,crate,10.0,B,2025-02-26,True,synthetic order line
O0001576,M000639,2025-02-26,C003,P05,bell pepper,28.0,kg,28.0,B,2025-02-26,False,synthetic order line
O0001577,M000637,2025-02-26,C001,P06,leaf spinach,8.0,kg,8.0,B,2025-02-26,True,synthetic order line
O0001578,M000638,2025-02-26,C002,P06,spin,25.0,kg,25.0,B,2025-02-26,True,synthetic order line
O0001579,M000645,2025-02-26,C009,P06,spinach,4.0,crate,24.0,B,2025-02-26,True,synthetic order line
O0001580,M000645,2025-02-26,C009,P07,carrots,3.0,box,24.0,B,2025-02-26,True,synthetic order line
O0001581,M000642,2025-02-26,C006,P07,carrot,12.0,kg,12.0,B,2025-02-26,True,synthetic order line
O0001582,M000643,2025-02-26,C007,P07,carrot,18.0,kg,18.0,B,2025-02-26,False,synthetic order line
O0001583,M000641,2025-02-26,C005,P07,carrot,10.0,kg,10.0,A,2025-02-26,False,synthetic order line
O0001584,M000648,2025-02-26,C012,P07,carrots,28.0,kg,28.0,B,2025-02-26,True,synthetic order line
O0001585,M000648,2025-02-26,C012,P08,brocc,42.0,kg,42.0,B,2025-02-26,True,synthetic order line
O0001586,M000642,2025-02-26,C006,P08,broccoli,1.0,crate,10.0,A,2025-02-26,False,synthetic order line
O0001587,M000657,2025-02-27,C011,P01,tomatoes,24.0,kg,24.0,B,2025-02-27,True,synthetic order line
O0001588,M000655,2025-02-27,C009,P01,toms,35.0,kg,35.0,B,2025-02-27,True,synthetic order line
O0001589,M000653,2025-02-27,C007,P01,toms,15.0,kg,15.0,A,2025-02-27,False,synthetic order line
O0001590,M000656,2025-02-27,C010,P01,toms,46.0,kg,46.0,A,2025-02-27,False,synthetic order line
O0001591,M000653,2025-02-27,C007,P02,lettuce,10.0,kg,10.0,A,2025-02-27,False,synthetic order line
O0001592,M000651,2025-02-27,C003,P02,lett,35.0,kg,35.0,B,2025-02-27,False,synthetic order line
O0001593,M000654,2025-02-27,C008,P03,cucumbers,37.0,kg,37.0,A,2025-02-27,True,synthetic order line
O0001594,M000658,2025-02-27,C012,P03,cucumber,38.0,kg,38.0,A,2025-02-27,False,synthetic order line
O0001595,M000655,2025-02-27,C009,P04,strawberry,21.0,kg,21.0,B,2025-02-27,False,synthetic order line
O0001596,M000649,2025-02-27,C001,P04,strawberry,4.0,box,12.0,A,2025-02-27,False,synthetic order line
O0001597,M000656,2025-02-27,C010,P04,strawberry,19.0,kg,19.0,A,2025-02-27,False,synthetic order line
O0001598,M000654,2025-02-27,C008,P04,berries,3.0,kg,3.0,A,2025-02-27,False,synthetic order line
O0001599,M000657,2025-02-27,C011,P05,bell pepper,3.0,kg,3.0,B,2025-02-27,True,synthetic order line
O0001600,M000652,2025-02-27,C005,P05,peppers,5.0,box,25.0,A,2025-02-27,False,synthetic order line
O0001601,M000651,2025-02-27,C003,P05,peppers,2.0,box,10.0,A,2025-02-27,False,synthetic order line
O0001602,M000654,2025-02-27,C008,P05,peppers,17.0,kg,17.0,A,2025-02-27,False,synthetic order line
O0001603,M000650,2025-02-27,C002,P05,bell pepper,12.0,kg,12.0,B,2025-02-27,True,synthetic order line
O0001604,M000651,2025-02-27,C003,P06,spinach,4.0,kg,4.0,B,2025-02-27,False,synthetic order line
O0001605,M000655,2025-02-27,C009,P06,spin,5.0,kg,5.0,A,2025-02-27,False,synthetic order line
O0001606,M000653,2025-02-27,C007,P06,leaf spinach,16.0,kg,16.0,A,2025-02-27,False,synthetic order line
O0001607,M000649,2025-02-27,C001,P06,spinach,3.0,box,9.0,B,2025-02-27,True,synthetic order line
O0001608,M000658,2025-02-27,C012,P07,carrot,3.0,kg,3.0,A,2025-02-27,False,synthetic order line
O0001609,M000657,2025-02-27,C011,P07,carrot,17.0,kg,17.0,A,2025-02-27,False,synthetic order line
O0001610,M000652,2025-02-27,C005,P07,carrots,34.0,kg,34.0,A,2025-02-27,False,synthetic order line
O0001611,M000649,2025-02-27,C001,P08,broc,20.0,kg,20.0,B,2025-02-27,True,synthetic order line
O0001612,M000650,2025-02-27,C002,P08,brocc,27.0,kg,27.0,A,2025-02-27,False,synthetic order line
O0001613,M000658,2025-02-27,C012,P08,broc,2.0,box,10.0,A,2025-02-27,False,synthetic order line
O0001614,M000665,2025-02-28,C007,P01,tomatoes,3.0,box,15.0,B,2025-02-28,True,synthetic order line
O0001615,M000663,2025-02-28,C005,P01,toms,13.0,kg,13.0,B,2025-02-28,True,synthetic order line
O0001616,M000664,2025-02-28,C006,P01,tomato,11.0,kg,11.0,A,2025-02-28,False,synthetic order line
O0001617,M000659,2025-02-28,C001,P01,tomatoes,12.0,kg,12.0,A,2025-02-28,True,synthetic order line
O0001618,M000667,2025-02-28,C009,P01,tomatoes,39.0,kg,39.0,B,2025-02-28,True,synthetic order line
O0001619,M000661,2025-02-28,C003,P02,lett,13.0,kg,13.0,A,2025-02-28,False,synthetic order line
O0001620,M000666,2025-02-28,C008,P02,lettuces,21.0,kg,21.0,A,2025-02-28,False,synthetic order line
O0001621,M000660,2025-02-28,C002,P02,lett,6.0,kg,6.0,B,2025-02-28,True,synthetic order line
O0001622,M000665,2025-02-28,C007,P03,cucumber,13.0,kg,13.0,A,2025-02-28,False,synthetic order line
O0001623,M000663,2025-02-28,C005,P03,cuke,52.0,kg,52.0,A,2025-02-28,False,synthetic order line
O0001624,M000670,2025-02-28,C012,P03,cuke,19.0,kg,19.0,B,2025-02-28,True,synthetic order line
O0001625,M000662,2025-02-28,C004,P03,cuke,11.0,kg,11.0,B,2025-02-28,True,synthetic order line
O0001626,M000669,2025-02-28,C011,P03,cucumbers,1.0,box,6.0,B,2025-02-28,True,synthetic order line
O0001627,M000668,2025-02-28,C010,P04,berries,21.0,kg,21.0,A,2025-02-28,True,synthetic order line
O0001628,M000666,2025-02-28,C008,P04,strawberry,1.0,crate,6.0,B,2025-02-28,True,synthetic order line
O0001629,M000670,2025-02-28,C012,P04,berries,4.0,kg,4.0,A,2025-02-28,False,synthetic order line
O0001630,M000665,2025-02-28,C007,P05,bell pepper,18.0,kg,18.0,A,2025-02-28,False,synthetic order line
O0001631,M000670,2025-02-28,C012,P05,peppers,24.0,kg,24.0,A,2025-02-28,False,synthetic order line
O0001632,M000666,2025-02-28,C008,P06,spinach,37.0,kg,37.0,B,2025-02-28,True,synthetic order line
O0001633,M000667,2025-02-28,C009,P06,spinach,13.0,kg,13.0,A,2025-02-28,False,synthetic order line
O0001634,M000663,2025-02-28,C005,P07,carrots,1.0,crate,16.0,B,2025-02-28,True,synthetic order line
O0001635,M000659,2025-02-28,C001,P07,car,100.0,kg,100.0,A,2025-02-28,False,synthetic order line
O0001636,M000670,2025-02-28,C012,P07,car,56.0,kg,56.0,A,2025-02-28,True,synthetic order line
O0001637,M000667,2025-02-28,C009,P07,carrots,1.0,crate,16.0,B,2025-02-28,True,synthetic order line
O0001638,M000668,2025-02-28,C010,P08,broccoli,35.0,kg,35.0,B,2025-02-28,True,synthetic order line
O0001639,M000662,2025-02-28,C004,P08,broc,6.0,kg,6.0,A,2025-02-28,False,synthetic order line
O0001640,M000682,2025-03-01,C012,P01,tomato,49.0,kg,49.0,B,2025-03-01,False,synthetic order line
O0001641,M000679,2025-03-01,C009,P01,toms,3.0,box,15.0,A,2025-03-01,False,synthetic order line
O0001642,M000681,2025-03-01,C011,P01,tomato,1.0,box,5.0,B,2025-03-01,True,synthetic order line
O0001643,M000678,2025-03-01,C008,P01,toms,15.0,kg,15.0,A,2025-03-01,False,synthetic order line
O0001644,M000673,2025-03-01,C003,P01,tomatoes,16.0,kg,16.0,B,2025-03-01,True,synthetic order line
O0001645,M000675,2025-03-01,C005,P02,lett,8.0,kg,8.0,A,2025-03-01,False,synthetic order line
O0001646,M000682,2025-03-01,C012,P02,lettuce,3.0,kg,3.0,A,2025-03-01,False,synthetic order line
O0001647,M000671,2025-03-01,C001,P02,lettuces,29.0,kg,29.0,B,2025-03-01,True,synthetic order line
O0001648,M000681,2025-03-01,C011,P02,lett,1.0,box,4.0,B,2025-03-01,True,synthetic order line
O0001649,M000676,2025-03-01,C006,P02,lettuces,12.0,kg,12.0,A,2025-03-01,False,synthetic order line
O0001650,M000677,2025-03-01,C007,P03,cuke,2.0,box,12.0,B,2025-03-01,True,synthetic order line
O0001651,M000676,2025-03-01,C006,P03,cuke,51.0,kg,51.0,A,2025-03-01,False,synthetic order line
O0001652,M000675,2025-03-01,C005,P04,strawberries,3.0,kg,3.0,B,2025-03-01,True,synthetic order line
O0001653,M000674,2025-03-01,C004,P04,strawberries,17.0,kg,17.0,B,2025-03-01,True,synthetic order line
O0001654,M000676,2025-03-01,C006,P04,strawberry,27.0,kg,27.0,A,2025-03-01,False,synthetic order line
O0001655,M000677,2025-03-01,C007,P04,strawberries,6.0,box,18.0,B,2025-03-01,False,synthetic order line
O0001656,M000674,2025-03-01,C004,P05,peppers,17.0,kg,17.0,B,2025-03-01,False,synthetic order line
O0001657,M000672,2025-03-01,C002,P05,capsicum,3.0,crate,30.0,A,2025-03-01,False,synthetic order line
O0001658,M000673,2025-03-01,C003,P05,bell pepper,1.0,crate,10.0,B,2025-03-01,False,synthetic order line
O0001659,M000680,2025-03-01,C010,P05,bell pepper,3.0,kg,3.0,A,2025-03-01,False,synthetic order line
O0001660,M000682,2025-03-01,C012,P06,spinach,20.0,kg,20.0,A,2025-03-01,False,synthetic order line
O0001661,M000681,2025-03-01,C011,P06,leaf spinach,6.0,box,18.0,A,2025-03-01,False,synthetic order line
O0001662,M000680,2025-03-01,C010,P06,spin,10.0,kg,10.0,A,2025-03-01,False,synthetic order line
O0001663,M000671,2025-03-01,C001,P06,leaf spinach,13.0,kg,13.0,A,2025-03-01,False,synthetic order line
O0001664,M000675,2025-03-01,C005,P06,spin,11.0,kg,11.0,A,2025-03-01,False,synthetic order line
O0001665,M000679,2025-03-01,C009,P07,carrots,17.0,kg,17.0,B,2025-03-01,True,synthetic order line
O0001666,M000680,2025-03-01,C010,P07,car,26.0,kg,26.0,B,2025-03-01,False,synthetic order line
O0001667,M000672,2025-03-01,C002,P07,carrot,1.0,crate,16.0,A,2025-03-01,False,synthetic order line
O0001668,M000676,2025-03-01,C006,P07,car,44.0,kg,44.0,A,2025-03-01,False,synthetic order line
O0001669,M000675,2025-03-01,C005,P08,broccoli,27.0,kg,27.0,B,2025-03-01,False,synthetic order line
O0001670,M000681,2025-03-01,C011,P08,broccoli,1.0,crate,10.0,A,2025-03-01,False,synthetic order line
O0001671,M000679,2025-03-01,C009,P08,brocc,26.0,kg,26.0,B,2025-03-01,False,synthetic order line
O0001672,M000676,2025-03-01,C006,P08,broc,6.0,kg,6.0,A,2025-03-01,False,synthetic order line
O0001673,M000691,2025-03-02,C009,P01,tomatoes,33.0,kg,33.0,B,2025-03-02,True,synthetic order line
O0001674,M000690,2025-03-02,C008,P01,toms,25.0,kg,25.0,A,2025-03-02,False,synthetic order line
O0001675,M000692,2025-03-02,C010,P01,tomato,41.0,kg,41.0,A,2025-03-02,False,synthetic order line
O0001676,M000687,2025-03-02,C005,P02,lettuces,7.0,crate,56.0,A,2025-03-02,False,synthetic order line
O0001677,M000689,2025-03-02,C007,P02,lettuce,14.0,kg,14.0,B,2025-03-02,True,synthetic order line
O0001678,M000685,2025-03-02,C003,P02,lett,2.0,box,8.0,A,2025-03-02,False,synthetic order line
O0001679,M000692,2025-03-02,C010,P02,lettuce,3.0,box,12.0,B,2025-03-02,True,synthetic order line
O0001680,M000684,2025-03-02,C002,P03,cucumber,1.0,box,6.0,B,2025-03-02,True,synthetic order line
O0001681,M000683,2025-03-02,C001,P03,cucumbers,109.0,kg,109.0,B,2025-03-02,False,synthetic order line
O0001682,M000686,2025-03-02,C004,P03,cucumbers,1.0,crate,12.0,A,2025-03-02,False,synthetic order line
O0001683,M000684,2025-03-02,C002,P04,strawberry,12.0,box,36.0,B,2025-03-02,True,synthetic order line
O0001684,M000685,2025-03-02,C003,P04,strawberry,25.0,kg,25.0,A,2025-03-02,False,synthetic order line
O0001685,M000686,2025-03-02,C004,P05,peppers,44.0,kg,44.0,B,2025-03-02,True,synthetic order line
O0001686,M000683,2025-03-02,C001,P05,peppers,45.0,kg,45.0,B,2025-03-02,True,synthetic order line
O0001687,M000685,2025-03-02,C003,P06,leaf spinach,19.0,kg,19.0,B,2025-03-02,False,synthetic order line
O0001688,M000691,2025-03-02,C009,P06,spin,2.0,crate,12.0,B,2025-03-02,True,synthetic order line
O0001689,M000688,2025-03-02,C006,P06,leaf spinach,8.0,kg,8.0,B,2025-03-02,False,synthetic order line
O0001690,M000684,2025-03-02,C002,P06,spin,4.0,box,12.0,A,2025-03-02,False,synthetic order line
O0001691,M000693,2025-03-02,C012,P06,spin,6.0,kg,6.0,A,2025-03-02,True,synthetic order line
O0001692,M000688,2025-03-02,C006,P07,carrot,66.0,kg,66.0,B,2025-03-02,True,synthetic order line
O0001693,M000689,2025-03-02,C007,P07,carrots,23.0,kg,23.0,A,2025-03-02,False,synthetic order line
O0001694,M000693,2025-03-02,C012,P07,carrots,1.0,box,8.0,A,2025-03-02,False,synthetic order line
O0001695,M000692,2025-03-02,C010,P08,broc,3.0,kg,3.0,A,2025-03-02,True,synthetic order line
O0001696,M000685,2025-03-02,C003,P08,broccoli,3.0,box,15.0,A,2025-03-02,False,synthetic order line
O0001697,M000684,2025-03-02,C002,P08,brocc,15.0,kg,15.0,A,2025-03-02,False,synthetic order line
O0001698,M000695,2025-03-03,C002,P01,tomatoes,74.0,kg,74.0,A,2025-03-03,False,synthetic order line
O0001699,M000696,2025-03-03,C004,P01,tomatoes,42.0,kg,42.0,A,2025-03-03,False,synthetic order line
O0001700,M000699,2025-03-03,C007,P01,tomato,12.0,kg,12.0,B,2025-03-03,False,synthetic order line
O0001701,M000696,2025-03-03,C004,P02,lettuce,3.0,kg,3.0,B,2025-03-03,False,synthetic order line
O0001702,M000702,2025-03-03,C010,P02,lettuce,6.0,kg,6.0,A,2025-03-03,True,synthetic order line
O0001703,M000697,2025-03-03,C005,P02,lettuces,25.0,kg,25.0,A,2025-03-03,False,synthetic order line
O0001704,M000704,2025-03-03,C012,P02,lettuces,15.0,kg,15.0,B,2025-03-03,True,synthetic order line
O0001705,M000701,2025-03-03,C009,P03,cucumbers,17.0,kg,17.0,B,2025-03-03,True,synthetic order line
O0001706,M000695,2025-03-03,C002,P03,cuke,1.0,crate,12.0,B,2025-03-03,True,synthetic order line
O0001707,M000696,2025-03-03,C004,P03,cucumbers,25.0,kg,25.0,A,2025-03-03,False,synthetic order line
O0001708,M000698,2025-03-03,C006,P03,cucumbers,9.0,kg,9.0,A,2025-03-03,False,synthetic order line
O0001709,M000697,2025-03-03,C005,P03,cucumber,39.0,kg,39.0,A,2025-03-03,False,synthetic order line
O0001710,M000698,2025-03-03,C006,P04,berries,23.0,kg,23.0,A,2025-03-03,True,synthetic order line
O0001711,M000702,2025-03-03,C010,P04,berries,20.0,kg,20.0,A,2025-03-03,False,synthetic order line
O0001712,M000700,2025-03-03,C008,P04,berries,3.0,kg,3.0,B,2025-03-03,True,synthetic order line
O0001713,M000694,2025-03-03,C001,P04,berries,12.0,kg,12.0,B,2025-03-03,True,synthetic order line
O0001714,M000697,2025-03-03,C005,P04,strawberries,4.0,kg,4.0,A,2025-03-03,False,synthetic order line
O0001715,M000702,2025-03-03,C010,P05,peppers,4.0,kg,4.0,B,2025-03-03,True,synthetic order line
O0001716,M000697,2025-03-03,C005,P05,peppers,4.0,box,20.0,B,2025-03-03,False,synthetic order line
O0001717,M000694,2025-03-03,C001,P05,capsicum,34.0,kg,34.0,B,2025-03-03,True,synthetic order line
O0001718,M000699,2025-03-03,C007,P05,bell pepper,19.0,kg,19.0,B,2025-03-03,True,synthetic order line
O0001719,M000695,2025-03-03,C002,P05,capsicum,12.0,kg,12.0,B,2025-03-03,True,synthetic order line
O0001720,M000703,2025-03-03,C011,P06,spin,19.0,kg,19.0,A,2025-03-03,False,synthetic order line
O0001721,M000699,2025-03-03,C007,P06,spinach,7.0,box,21.0,A,2025-03-03,False,synthetic order line
O0001722,M000695,2025-03-03,C002,P06,spinach,14.0,kg,14.0,B,2025-03-03,False,synthetic order line
O0001723,M000697,2025-03-03,C005,P07,carrot,12.0,kg,12.0,B,2025-03-03,True,synthetic order line
O0001724,M000699,2025-03-03,C007,P07,carrots,12.0,kg,12.0,B,2025-03-03,True,synthetic order line
O0001725,M000700,2025-03-03,C008,P07,car,8.0,box,64.0,B,2025-03-03,True,synthetic order line
O0001726,M000698,2025-03-03,C006,P07,car,1.0,crate,16.0,B,2025-03-03,True,synthetic order line
O0001727,M000702,2025-03-03,C010,P08,broccoli,14.0,kg,14.0,B,2025-03-03,True,synthetic order line
O0001728,M000698,2025-03-03,C006,P08,broccoli,15.0,kg,15.0,B,2025-03-03,False,synthetic order line
O0001729,M000695,2025-03-03,C002,P08,brocc,1.0,box,5.0,B,2025-03-03,True,synthetic order line
O0001730,M000699,2025-03-03,C007,P08,brocc,4.0,kg,4.0,A,2025-03-03,False,synthetic order line
O0001731,M000708,2025-03-04,C004,P01,toms,3.0,crate,30.0,A,2025-03-04,False,synthetic order line
O0001732,M000714,2025-03-04,C010,P01,tomato,35.0,kg,35.0,A,2025-03-04,False,synthetic order line
O0001733,M000712,2025-03-04,C008,P01,tomato,6.0,box,30.0,B,2025-03-04,True,synthetic order line
O0001734,M000707,2025-03-04,C003,P01,tomatoes,40.0,kg,40.0,A,2025-03-04,False,synthetic order line
O0001735,M000711,2025-03-04,C007,P02,lettuce,45.0,kg,45.0,A,2025-03-04,False,synthetic order line
O0001736,M000713,2025-03-04,C009,P02,lettuces,16.0,kg,16.0,B,2025-03-04,True,synthetic order line
O0001737,M000712,2025-03-04,C008,P03,cuke,12.0,box,72.0,A,2025-03-04,False,synthetic order line
O0001738,M000713,2025-03-04,C009,P03,cucumbers,21.0,kg,21.0,A,2025-03-04,False,synthetic order line
O0001739,M000706,2025-03-04,C002,P03,cucumbers,3.0,kg,3.0,A,2025-03-04,True,synthetic order line
O0001740,M000714,2025-03-04,C010,P03,cucumber,15.0,kg,15.0,A,2025-03-04,False,synthetic order line
O0001741,M000708,2025-03-04,C004,P03,cuke,5.0,box,30.0,B,2025-03-04,True,synthetic order line
O0001742,M000706,2025-03-04,C002,P04,strawberry,5.0,kg,5.0,A,2025-03-04,True,synthetic order line
O0001743,M000709,2025-03-04,C005,P04,strawberry,1.0,box,3.0,A,2025-03-04,True,synthetic order line
O0001744,M000713,2025-03-04,C009,P04,strawberries,10.0,kg,10.0,B,2025-03-04,True,synthetic order line
O0001745,M000715,2025-03-04,C011,P04,strawberry,8.0,box,24.0,B,2025-03-04,True,synthetic order line
O0001746,M000710,2025-03-04,C006,P04,strawberry,1.0,crate,6.0,B,2025-03-04,True,synthetic order line
O0001747,M000710,2025-03-04,C006,P05,peppers,18.0,kg,18.0,B,2025-03-04,True,synthetic order line
O0001748,M000706,2025-03-04,C002,P05,bell pepper,5.0,box,25.0,B,2025-03-04,True,synthetic order line
O0001749,M000705,2025-03-04,C001,P05,peppers,1.0,box,5.0,A,2025-03-04,False,synthetic order line
O0001750,M000709,2025-03-04,C005,P05,capsicum,18.0,kg,18.0,B,2025-03-04,False,synthetic order line
O0001751,M000713,2025-03-04,C009,P05,capsicum,2.0,box,10.0,B,2025-03-04,True,synthetic order line
O0001752,M000706,2025-03-04,C002,P06,spin,37.0,kg,37.0,A,2025-03-04,False,synthetic order line
O0001753,M000710,2025-03-04,C006,P06,spinach,15.0,kg,15.0,A,2025-03-04,False,synthetic order line
O0001754,M000708,2025-03-04,C004,P06,spinach,15.0,kg,15.0,A,2025-03-04,False,synthetic order line
O0001755,M000711,2025-03-04,C007,P06,spinach,13.0,kg,13.0,A,2025-03-04,False,synthetic order line
O0001756,M000714,2025-03-04,C010,P07,car,3.0,box,24.0,B,2025-03-04,True,synthetic order line
O0001757,M000710,2025-03-04,C006,P07,car,6.0,box,48.0,A,2025-03-04,False,synthetic order line
O0001758,M000707,2025-03-04,C003,P07,carrots,28.0,kg,28.0,B,2025-03-04,False,synthetic order line
O0001759,M000705,2025-03-04,C001,P07,carrots,22.0,kg,22.0,A,2025-03-04,False,synthetic order line
O0001760,M000705,2025-03-04,C001,P08,brocc,5.0,box,25.0,B,2025-03-04,True,synthetic order line
O0001761,M000714,2025-03-04,C010,P08,broc,4.0,kg,4.0,A,2025-03-04,False,synthetic order line
O0001762,M000712,2025-03-04,C008,P08,brocc,41.0,kg,41.0,B,2025-03-04,False,synthetic order line
O0001763,M000726,2025-03-05,C012,P01,tomatoes,28.0,box,140.0,B,2025-03-05,True,synthetic order line
O0001764,M000719,2025-03-05,C005,P01,toms,41.0,kg,41.0,A,2025-03-05,False,synthetic order line
O0001765,M000723,2025-03-05,C009,P02,lett,19.0,kg,19.0,A,2025-03-05,False,synthetic order line
O0001766,M000725,2025-03-05,C011,P02,lettuce,30.0,kg,30.0,B,2025-03-05,True,synthetic order line
O0001767,M000721,2025-03-05,C007,P02,lettuce,21.0,kg,21.0,A,2025-03-05,False,synthetic order line
O0001768,M000719,2025-03-05,C005,P02,lett,27.0,kg,27.0,B,2025-03-05,True,synthetic order line
O0001769,M000716,2025-03-05,C002,P02,lettuce,7.0,kg,7.0,A,2025-03-05,False,synthetic order line
O0001770,M000724,2025-03-05,C010,P03,cuke,23.0,kg,23.0,B,2025-03-05,False,synthetic order line
O0001771,M000717,2025-03-05,C003,P03,cuke,10.0,kg,10.0,B,2025-03-05,True,synthetic order line
O0001772,M000723,2025-03-05,C009,P03,cucumber,15.0,kg,15.0,B,2025-03-05,True,synthetic order line
O0001773,M000721,2025-03-05,C007,P03,cuke,37.0,kg,37.0,B,2025-03-05,False,synthetic order line
O0001774,M000724,2025-03-05,C010,P04,strawberries,3.0,box,9.0,A,2025-03-05,False,synthetic order line
O0001775,M000721,2025-03-05,C007,P04,berries,17.0,kg,17.0,B,2025-03-05,True,synthetic order line
O0001776,M000717,2025-03-05,C003,P04,berries,16.0,kg,16.0,A,2025-03-05,False,synthetic order line
O0001777,M000721,2025-03-05,C007,P05,peppers,22.0,kg,22.0,B,2025-03-05,True,synthetic order line
O0001778,M000718,2025-03-05,C004,P05,peppers,18.0,kg,18.0,A,2025-03-05,False,synthetic order line
O0001779,M000722,2025-03-05,C008,P05,peppers,39.0,kg,39.0,B,2025-03-05,True,synthetic order line
O0001780,M000723,2025-03-05,C009,P06,spin,54.0,kg,54.0,B,2025-03-05,True,synthetic order line
O0001781,M000720,2025-03-05,C006,P06,leaf spinach,2.0,crate,12.0,B,2025-03-05,True,synthetic order line
O0001782,M000725,2025-03-05,C011,P07,carrot,2.0,crate,32.0,A,2025-03-05,False,synthetic order line
O0001783,M000716,2025-03-05,C002,P07,car,2.0,crate,32.0,B,2025-03-05,True,synthetic order line
O0001784,M000720,2025-03-05,C006,P07,car,2.0,crate,32.0,A,2025-03-05,False,synthetic order line
O0001785,M000721,2025-03-05,C007,P07,car,26.0,kg,26.0,A,2025-03-05,False,synthetic order line
O0001786,M000717,2025-03-05,C003,P08,broccoli,35.0,kg,35.0,A,2025-03-05,False,synthetic order line
O0001787,M000719,2025-03-05,C005,P08,broc,12.0,kg,12.0,B,2025-03-05,False,synthetic order line
O0001788,M000725,2025-03-05,C011,P08,brocc,71.0,kg,71.0,A,2025-03-05,False,synthetic order line
O0001789,M000722,2025-03-05,C008,P08,brocc,3.0,kg,3.0,B,2025-03-05,True,synthetic order line
O0001790,M000733,2025-03-06,C010,P01,tomatoes,1.0,crate,10.0,A,2025-03-06,False,synthetic order line
O0001791,M000731,2025-03-06,C007,P01,toms,7.0,box,35.0,B,2025-03-06,True,synthetic order line
O0001792,M000734,2025-03-06,C011,P01,tomatoes,36.0,kg,36.0,B,2025-03-06,True,synthetic order line
O0001793,M000728,2025-03-06,C003,P01,tomato,3.0,kg,3.0,B,2025-03-06,False,synthetic order line
O0001794,M000732,2025-03-06,C009,P02,lettuces,11.0,box,44.0,A,2025-03-06,False,synthetic order line
O0001795,M000735,2025-03-06,C012,P02,lett,11.0,box,44.0,A,2025-03-06,False,synthetic order line
O0001796,M000729,2025-03-06,C005,P03,cucumbers,4.0,box,24.0,A,2025-03-06,False,synthetic order line
O0001797,M000735,2025-03-06,C012,P03,cucumber,14.0,box,84.0,B,2025-03-06,True,synthetic order line
O0001798,M000734,2025-03-06,C011,P04,strawberries,40.0,kg,40.0,A,2025-03-06,False,synthetic order line
O0001799,M000732,2025-03-06,C009,P04,strawberries,7.0,box,21.0,B,2025-03-06,True,synthetic order line
O0001800,M000732,2025-03-06,C009,P05,bell pepper,2.0,box,10.0,A,2025-03-06,False,synthetic order line
O0001801,M000733,2025-03-06,C010,P05,capsicum,1.0,crate,10.0,B,2025-03-06,True,synthetic order line
O0001802,M000728,2025-03-06,C003,P05,peppers,5.0,kg,5.0,A,2025-03-06,False,synthetic order line
O0001803,M000729,2025-03-06,C005,P05,bell pepper,3.0,kg,3.0,B,2025-03-06,False,synthetic order line
O0001804,M000734,2025-03-06,C011,P05,bell pepper,16.0,kg,16.0,B,2025-03-06,False,synthetic order line
O0001805,M000734,2025-03-06,C011,P06,spin,10.0,kg,10.0,A,2025-03-06,False,synthetic order line
O0001806,M000729,2025-03-06,C005,P06,leaf spinach,46.0,kg,46.0,A,2025-03-06,False,synthetic order line
O0001807,M000730,2025-03-06,C006,P07,carrots,98.0,kg,98.0,B,2025-03-06,True,synthetic order line
O0001808,M000735,2025-03-06,C012,P07,carrots,27.0,kg,27.0,B,2025-03-06,True,synthetic order line
O0001809,M000734,2025-03-06,C011,P08,brocc,58.0,kg,58.0,A,2025-03-06,False,synthetic order line
O0001810,M000727,2025-03-06,C002,P08,broc,32.0,kg,32.0,B,2025-03-06,False,synthetic order line
O0001811,M000738,2025-03-07,C004,P01,toms,1.0,crate,10.0,B,2025-03-07,True,synthetic order line
O0001812,M000740,2025-03-07,C006,P01,toms,51.0,kg,51.0,A,2025-03-07,False,synthetic order line
O0001813,M000745,2025-03-07,C011,P01,tomatoes,30.0,kg,30.0,A,2025-03-07,False,synthetic order line
O0001814,M000746,2025-03-07,C012,P02,lettuces,19.0,kg,19.0,B,2025-03-07,False,synthetic order line
O0001815,M000745,2025-03-07,C011,P02,lett,13.0,kg,13.0,B,2025-03-07,True,synthetic order line
O0001816,M000737,2025-03-07,C002,P02,lettuce,24.0,kg,24.0,A,2025-03-07,False,synthetic order line
O0001817,M000740,2025-03-07,C006,P02,lettuce,9.0,kg,9.0,A,2025-03-07,False,synthetic order line
O0001818,M000743,2025-03-07,C009,P03,cuke,45.0,kg,45.0,B,2025-03-07,True,synthetic order line
O0001819,M000739,2025-03-07,C005,P03,cucumber,78.0,kg,78.0,A,2025-03-07,False,synthetic order line
O0001820,M000739,2025-03-07,C005,P04,strawberry,6.0,kg,6.0,A,2025-03-07,True,synthetic order line
O0001821,M000744,2025-03-07,C010,P04,strawberries,5.0,box,15.0,B,2025-03-07,True,synthetic order line
O0001822,M000737,2025-03-07,C002,P04,berries,18.0,kg,18.0,B,2025-03-07,True,synthetic order line
O0001823,M000740,2025-03-07,C006,P04,berries,6.0,box,18.0,A,2025-03-07,False,synthetic order line
O0001824,M000736,2025-03-07,C001,P05,bell pepper,23.0,kg,23.0,A,2025-03-07,False,synthetic order line
O0001825,M000738,2025-03-07,C004,P05,bell pepper,12.0,kg,12.0,A,2025-03-07,False,synthetic order line
O0001826,M000742,2025-03-07,C008,P05,bell pepper,3.0,box,15.0,B,2025-03-07,True,synthetic order line
O0001827,M000743,2025-03-07,C009,P06,leaf spinach,5.0,box,15.0,A,2025-03-07,False,synthetic order line
O0001828,M000744,2025-03-07,C010,P06,spinach,7.0,kg,7.0,A,2025-03-07,False,synthetic order line
O0001829,M000741,2025-03-07,C007,P06,spin,3.0,kg,3.0,B,2025-03-07,True,synthetic order line
O0001830,M000736,2025-03-07,C001,P06,spin,10.0,kg,10.0,A,2025-03-07,False,synthetic order line
O0001831,M000737,2025-03-07,C002,P06,spinach,14.0,kg,14.0,A,2025-03-07,False,synthetic order line
O0001832,M000740,2025-03-07,C006,P07,carrots,1.0,crate,16.0,B,2025-03-07,True,synthetic order line
O0001833,M000738,2025-03-07,C004,P07,car,28.0,kg,28.0,A,2025-03-07,True,synthetic order line
O0001834,M000737,2025-03-07,C002,P07,carrots,35.0,kg,35.0,A,2025-03-07,False,synthetic order line
O0001835,M000746,2025-03-07,C012,P08,broc,23.0,kg,23.0,B,2025-03-07,True,synthetic order line
O0001836,M000737,2025-03-07,C002,P08,broccoli,12.0,box,60.0,A,2025-03-07,True,synthetic order line
O0001837,M000756,2025-03-08,C010,P01,toms,3.0,box,15.0,B,2025-03-08,True,synthetic order line
O0001838,M000753,2025-03-08,C007,P01,tomato,3.0,kg,3.0,B,2025-03-08,True,synthetic order line
O0001839,M000748,2025-03-08,C002,P01,tomato,4.0,box,20.0,A,2025-03-08,False,synthetic order line
O0001840,M000751,2025-03-08,C005,P01,tomato,29.0,kg,29.0,A,2025-03-08,True,synthetic order line
O0001841,M000752,2025-03-08,C006,P02,lettuce,1.0,box,4.0,A,2025-03-08,False,synthetic order line
O0001842,M000747,2025-03-08,C001,P02,lettuces,15.0,kg,15.0,A,2025-03-08,True,synthetic order line
O0001843,M000748,2025-03-08,C002,P02,lettuces,25.0,kg,25.0,B,2025-03-08,True,synthetic order line
O0001844,M000750,2025-03-08,C004,P02,lettuce,9.0,kg,9.0,A,2025-03-08,False,synthetic order line
O0001845,M000756,2025-03-08,C010,P02,lettuce,11.0,kg,11.0,A,2025-03-08,False,synthetic order line
O0001846,M000752,2025-03-08,C006,P03,cucumbers,16.0,kg,16.0,B,2025-03-08,False,synthetic order line
O0001847,M000750,2025-03-08,C004,P03,cuke,33.0,kg,33.0,A,2025-03-08,False,synthetic order line
O0001848,M000751,2025-03-08,C005,P03,cucumbers,40.0,kg,40.0,A,2025-03-08,True,synthetic order line
O0001849,M000755,2025-03-08,C009,P04,berries,18.0,kg,18.0,A,2025-03-08,False,synthetic order line
O0001850,M000754,2025-03-08,C008,P04,berries,3.0,crate,18.0,A,2025-03-08,True,synthetic order line
O0001851,M000757,2025-03-08,C012,P05,peppers,57.0,kg,57.0,A,2025-03-08,False,synthetic order line
O0001852,M000752,2025-03-08,C006,P05,peppers,6.0,box,30.0,A,2025-03-08,False,synthetic order line
O0001853,M000755,2025-03-08,C009,P05,capsicum,8.0,kg,8.0,A,2025-03-08,False,synthetic order line
O0001854,M000752,2025-03-08,C006,P06,spinach,3.0,kg,3.0,A,2025-03-08,False,synthetic order line
O0001855,M000747,2025-03-08,C001,P06,leaf spinach,22.0,kg,22.0,B,2025-03-08,True,synthetic order line
O0001856,M000751,2025-03-08,C005,P06,spinach,17.0,kg,17.0,A,2025-03-08,False,synthetic order line
O0001857,M000750,2025-03-08,C004,P06,leaf spinach,17.0,kg,17.0,B,2025-03-08,True,synthetic order line
O0001858,M000754,2025-03-08,C008,P06,spin,4.0,kg,4.0,B,2025-03-08,True,synthetic order line
O0001859,M000749,2025-03-08,C003,P07,carrots,1.0,crate,16.0,B,2025-03-08,False,synthetic order line
O0001860,M000751,2025-03-08,C005,P07,carrot,2.0,box,16.0,B,2025-03-08,True,synthetic order line
O0001861,M000748,2025-03-08,C002,P07,car,43.0,kg,43.0,A,2025-03-08,False,synthetic order line
O0001862,M000753,2025-03-08,C007,P07,carrot,15.0,kg,15.0,A,2025-03-08,False,synthetic order line
O0001863,M000752,2025-03-08,C006,P07,carrot,23.0,kg,23.0,B,2025-03-08,True,synthetic order line
O0001864,M000750,2025-03-08,C004,P08,broc,7.0,box,35.0,B,2025-03-08,True,synthetic order line
O0001865,M000753,2025-03-08,C007,P08,brocc,27.0,kg,27.0,A,2025-03-08,False,synthetic order line
O0001866,M000751,2025-03-08,C005,P08,brocc,12.0,kg,12.0,A,2025-03-08,False,synthetic order line
O0001867,M000755,2025-03-08,C009,P08,broc,3.0,box,15.0,B,2025-03-08,False,synthetic order line
O0001868,M000765,2025-03-09,C008,P01,toms,37.0,kg,37.0,A,2025-03-09,False,synthetic order line
O0001869,M000766,2025-03-09,C009,P01,tomatoes,1.0,crate,10.0,A,2025-03-09,False,synthetic order line
O0001870,M000763,2025-03-09,C006,P01,tomatoes,6.0,box,30.0,A,2025-03-09,False,synthetic order line
O0001871,M000768,2025-03-09,C012,P01,toms,21.0,kg,21.0,A,2025-03-09,False,synthetic order line
O0001872,M000763,2025-03-09,C006,P02,lettuces,10.0,kg,10.0,B,2025-03-09,True,synthetic order line
O0001873,M000760,2025-03-09,C003,P02,lett,59.0,kg,59.0,A,2025-03-09,True,synthetic order line
O0001874,M000768,2025-03-09,C012,P03,cuke,10.0,kg,10.0,A,2025-03-09,True,synthetic order line
O0001875,M000760,2025-03-09,C003,P03,cuke,3.0,box,18.0,A,2025-03-09,False,synthetic order line
O0001876,M000764,2025-03-09,C007,P03,cuke,18.0,kg,18.0,B,2025-03-09,True,synthetic order line
O0001877,M000762,2025-03-09,C005,P03,cucumbers,11.0,kg,11.0,A,2025-03-09,False,synthetic order line
O0001878,M000760,2025-03-09,C003,P04,strawberries,11.0,box,33.0,B,2025-03-09,False,synthetic order line
O0001879,M000758,2025-03-09,C001,P04,strawberry,25.0,kg,25.0,B,2025-03-09,False,synthetic order line
O0001880,M000758,2025-03-09,C001,P05,peppers,12.0,box,60.0,A,2025-03-09,True,synthetic order line
O0001881,M000761,2025-03-09,C004,P05,capsicum,68.0,kg,68.0,B,2025-03-09,True,synthetic order line
O0001882,M000767,2025-03-09,C011,P06,spinach,22.0,box,66.0,A,2025-03-09,True,synthetic order line
O0001883,M000761,2025-03-09,C004,P06,spinach,4.0,crate,24.0,B,2025-03-09,True,synthetic order line
O0001884,M000759,2025-03-09,C002,P07,car,112.0,kg,112.0,A,2025-03-09,False,synthetic order line
O0001885,M000760,2025-03-09,C003,P07,carrot,73.0,kg,73.0,A,2025-03-09,False,synthetic order line
O0001886,M000766,2025-03-09,C009,P08,broccoli,31.0,kg,31.0,A,2025-03-09,False,synthetic order line
O0001887,M000768,2025-03-09,C012,P08,broccoli,15.0,kg,15.0,A,2025-03-09,True,synthetic order line
O0001888,M000762,2025-03-09,C005,P08,brocc,3.0,kg,3.0,A,2025-03-09,False,synthetic order line
O0001889,M000760,2025-03-09,C003,P08,broc,18.0,kg,18.0,B,2025-03-09,False,synthetic order line
O0001890,M000758,2025-03-09,C001,P08,broc,3.0,kg,3.0,B,2025-03-09,True,synthetic order line
O0001891,M000777,2025-03-10,C009,P01,tomato,16.0,kg,16.0,A,2025-03-10,False,synthetic order line
O0001892,M000775,2025-03-10,C007,P01,toms,46.0,kg,46.0,B,2025-03-10,True,synthetic order line
O0001893,M000776,2025-03-10,C008,P01,toms,5.0,crate,50.0,B,2025-03-10,True,synthetic order line
O0001894,M000779,2025-03-10,C011,P01,tomato,4.0,box,20.0,B,2025-03-10,True,synthetic order line
O0001895,M000772,2025-03-10,C004,P02,lett,16.0,box,64.0,A,2025-03-10,False,synthetic order line
O0001896,M000775,2025-03-10,C007,P02,lettuces,8.0,crate,64.0,A,2025-03-10,True,synthetic order line
O0001897,M000779,2025-03-10,C011,P02,lettuce,5.0,kg,5.0,A,2025-03-10,True,synthetic order line
O0001898,M000769,2025-03-10,C001,P03,cucumbers,7.0,kg,7.0,B,2025-03-10,False,synthetic order line
O0001899,M000773,2025-03-10,C005,P03,cuke,35.0,kg,35.0,A,2025-03-10,False,synthetic order line
O0001900,M000778,2025-03-10,C010,P03,cucumbers,19.0,kg,19.0,B,2025-03-10,True,synthetic order line
O0001901,M000777,2025-03-10,C009,P03,cucumber,1.0,crate,12.0,A,2025-03-10,False,synthetic order line
O0001902,M000772,2025-03-10,C004,P03,cuke,40.0,kg,40.0,A,2025-03-10,False,synthetic order line
O0001903,M000775,2025-03-10,C007,P04,berries,13.0,kg,13.0,B,2025-03-10,True,synthetic order line
O0001904,M000770,2025-03-10,C002,P04,strawberry,2.0,crate,12.0,A,2025-03-10,False,synthetic order line
O0001905,M000773,2025-03-10,C005,P04,strawberry,4.0,box,12.0,B,2025-03-10,True,synthetic order line
O0001906,M000780,2025-03-10,C012,P04,strawberry,31.0,kg,31.0,B,2025-03-10,False,synthetic order line
O0001907,M000776,2025-03-10,C008,P04,strawberry,6.0,box,18.0,B,2025-03-10,True,synthetic order line
O0001908,M000780,2025-03-10,C012,P05,peppers,30.0,kg,30.0,B,2025-03-10,True,synthetic order line
O0001909,M000769,2025-03-10,C001,P05,bell pepper,1.0,crate,10.0,A,2025-03-10,False,synthetic order line
O0001910,M000771,2025-03-10,C003,P05,bell pepper,37.0,kg,37.0,B,2025-03-10,False,synthetic order line
O0001911,M000774,2025-03-10,C006,P06,spin,3.0,crate,18.0,B,2025-03-10,True,synthetic order line
O0001912,M000779,2025-03-10,C011,P06,spinach,13.0,kg,13.0,A,2025-03-10,False,synthetic order line
O0001913,M000774,2025-03-10,C006,P07,carrots,5.0,box,40.0,A,2025-03-10,False,synthetic order line
O0001914,M000775,2025-03-10,C007,P07,carrots,10.0,kg,10.0,A,2025-03-10,False,synthetic order line
O0001915,M000773,2025-03-10,C005,P07,carrot,1.0,box,8.0,A,2025-03-10,False,synthetic order line
O0001916,M000772,2025-03-10,C004,P07,carrot,1.0,crate,16.0,A,2025-03-10,False,synthetic order line
O0001917,M000780,2025-03-10,C012,P08,broc,14.0,kg,14.0,B,2025-03-10,True,synthetic order line
O0001918,M000771,2025-03-10,C003,P08,broccoli,25.0,kg,25.0,A,2025-03-10,False,synthetic order line
O0001919,M000776,2025-03-10,C008,P08,broccoli,2.0,box,10.0,A,2025-03-10,False,synthetic order line
O0001920,M000773,2025-03-10,C005,P08,broccoli,35.0,kg,35.0,A,2025-03-10,False,synthetic order line
O0001921,M000769,2025-03-10,C001,P08,broccoli,16.0,kg,16.0,B,2025-03-10,True,synthetic order line
O0001922,M000787,2025-03-11,C008,P01,toms,18.0,kg,18.0,A,2025-03-11,False,synthetic order line
O0001923,M000784,2025-03-11,C004,P01,tomatoes,4.0,box,20.0,B,2025-03-11,False,synthetic order line
O0001924,M000788,2025-03-11,C009,P01,toms,26.0,kg,26.0,B,2025-03-11,True,synthetic order line
O0001925,M000782,2025-03-11,C002,P01,tomato,2.0,crate,20.0,B,2025-03-11,False,synthetic order line
O0001926,M000781,2025-03-11,C001,P01,toms,1.0,crate,10.0,A,2025-03-11,True,synthetic order line
O0001927,M000791,2025-03-11,C012,P02,lettuce,25.0,kg,25.0,A,2025-03-11,False,synthetic order line
O0001928,M000784,2025-03-11,C004,P02,lett,70.0,kg,70.0,A,2025-03-11,False,synthetic order line
O0001929,M000781,2025-03-11,C001,P03,cuke,44.0,kg,44.0,B,2025-03-11,True,synthetic order line
O0001930,M000787,2025-03-11,C008,P03,cucumbers,3.0,box,18.0,B,2025-03-11,True,synthetic order line
O0001931,M000785,2025-03-11,C006,P03,cucumber,47.0,kg,47.0,A,2025-03-11,False,synthetic order line
O0001932,M000782,2025-03-11,C002,P03,cucumber,21.0,kg,21.0,A,2025-03-11,False,synthetic order line
O0001933,M000785,2025-03-11,C006,P04,strawberries,16.0,kg,16.0,A,2025-03-11,False,synthetic order line
O0001934,M000788,2025-03-11,C009,P04,berries,10.0,kg,10.0,A,2025-03-11,False,synthetic order line
O0001935,M000784,2025-03-11,C004,P04,strawberry,4.0,crate,24.0,A,2025-03-11,False,synthetic order line
O0001936,M000781,2025-03-11,C001,P05,bell pepper,46.0,kg,46.0,B,2025-03-11,True,synthetic order line
O0001937,M000786,2025-03-11,C007,P05,bell pepper,3.0,kg,3.0,A,2025-03-11,False,synthetic order line
O0001938,M000791,2025-03-11,C012,P05,bell pepper,18.0,kg,18.0,A,2025-03-11,False,synthetic order line
O0001939,M000791,2025-03-11,C012,P06,spinach,2.0,box,6.0,A,2025-03-11,False,synthetic order line
O0001940,M000785,2025-03-11,C006,P06,spin,32.0,kg,32.0,B,2025-03-11,True,synthetic order line
O0001941,M000781,2025-03-11,C001,P06,leaf spinach,7.0,kg,7.0,A,2025-03-11,True,synthetic order line
O0001942,M000789,2025-03-11,C010,P06,spin,1.0,box,3.0,B,2025-03-11,True,synthetic order line
O0001943,M000784,2025-03-11,C004,P06,spinach,14.0,kg,14.0,B,2025-03-11,False,synthetic order line
O0001944,M000781,2025-03-11,C001,P07,carrots,2.0,crate,32.0,B,2025-03-11,True,synthetic order line
O0001945,M000785,2025-03-11,C006,P07,carrots,36.0,kg,36.0,A,2025-03-11,False,synthetic order line
O0001946,M000786,2025-03-11,C007,P07,car,14.0,kg,14.0,B,2025-03-11,True,synthetic order line
O0001947,M000787,2025-03-11,C008,P07,carrots,26.0,kg,26.0,A,2025-03-11,False,synthetic order line
O0001948,M000789,2025-03-11,C010,P07,carrot,11.0,kg,11.0,A,2025-03-11,False,synthetic order line
O0001949,M000788,2025-03-11,C009,P08,brocc,16.0,kg,16.0,B,2025-03-11,True,synthetic order line
O0001950,M000790,2025-03-11,C011,P08,brocc,14.0,kg,14.0,A,2025-03-11,False,synthetic order line
O0001951,M000783,2025-03-11,C003,P08,brocc,7.0,kg,7.0,A,2025-03-11,False,synthetic order line
O0001952,M000795,2025-03-12,C004,P01,tomatoes,1.0,crate,10.0,A,2025-03-12,False,synthetic order line
O0001953,M000792,2025-03-12,C001,P01,toms,9.0,crate,90.0,B,2025-03-12,True,synthetic order line
O0001954,M000792,2025-03-12,C001,P02,lettuce,1.0,crate,8.0,B,2025-03-12,True,synthetic order line
O0001955,M000800,2025-03-12,C011,P02,lettuce,3.0,kg,3.0,A,2025-03-12,False,synthetic order line
O0001956,M000798,2025-03-12,C009,P02,lett,8.0,kg,8.0,A,2025-03-12,False,synthetic order line
O0001957,M000796,2025-03-12,C007,P02,lettuce,4.0,crate,32.0,A,2025-03-12,False,synthetic order line
O0001958,M000793,2025-03-12,C002,P02,lett,10.0,box,40.0,B,2025-03-12,True,synthetic order line
O0001959,M000800,2025-03-12,C011,P03,cucumber,54.0,kg,54.0,A,2025-03-12,False,synthetic order line
O0001960,M000799,2025-03-12,C010,P03,cucumber,4.0,crate,48.0,A,2025-03-12,False,synthetic order line
O0001961,M000797,2025-03-12,C008,P04,strawberry,3.0,kg,3.0,B,2025-03-12,True,synthetic order line
O0001962,M000795,2025-03-12,C004,P04,strawberry,6.0,crate,36.0,A,2025-03-12,True,synthetic order line
O0001963,M000798,2025-03-12,C009,P04,berries,10.0,box,30.0,A,2025-03-12,False,synthetic order line
O0001964,M000792,2025-03-12,C001,P05,bell pepper,14.0,kg,14.0,B,2025-03-12,True,synthetic order line
O0001965,M000799,2025-03-12,C010,P05,capsicum,26.0,kg,26.0,A,2025-03-12,False,synthetic order line
O0001966,M000800,2025-03-12,C011,P05,bell pepper,11.0,kg,11.0,A,2025-03-12,False,synthetic order line
O0001967,M000793,2025-03-12,C002,P05,capsicum,5.0,kg,5.0,B,2025-03-12,True,synthetic order line
O0001968,M000795,2025-03-12,C004,P06,leaf spinach,16.0,kg,16.0,A,2025-03-12,False,synthetic order line
O0001969,M000798,2025-03-12,C009,P06,spinach,6.0,kg,6.0,A,2025-03-12,False,synthetic order line
O0001970,M000792,2025-03-12,C001,P06,spinach,2.0,box,6.0,A,2025-03-12,False,synthetic order line
O0001971,M000801,2025-03-12,C012,P06,leaf spinach,17.0,kg,17.0,A,2025-03-12,False,synthetic order line
O0001972,M000794,2025-03-12,C003,P07,carrot,86.0,kg,86.0,A,2025-03-12,False,synthetic order line
O0001973,M000799,2025-03-12,C010,P07,carrot,4.0,crate,64.0,A,2025-03-12,True,synthetic order line
O0001974,M000792,2025-03-12,C001,P08,broccoli,4.0,box,20.0,A,2025-03-12,True,synthetic order line
O0001975,M000797,2025-03-12,C008,P08,broccoli,25.0,kg,25.0,B,2025-03-12,True,synthetic order line
O0001976,M000799,2025-03-12,C010,P08,broccoli,1.0,crate,10.0,B,2025-03-12,True,synthetic order line
O0001977,M000796,2025-03-12,C007,P08,broccoli,4.0,crate,40.0,A,2025-03-12,False,synthetic order line
O0001978,M000806,2025-03-13,C005,P01,tomatoes,25.0,kg,25.0,A,2025-03-13,False,synthetic order line
O0001979,M000811,2025-03-13,C010,P01,toms,7.0,box,35.0,A,2025-03-13,False,synthetic order line
O0001980,M000802,2025-03-13,C001,P01,tomato,45.0,kg,45.0,A,2025-03-13,False,synthetic order line
O0001981,M000807,2025-03-13,C006,P02,lettuce,4.0,kg,4.0,A,2025-03-13,False,synthetic order line
O0001982,M000804,2025-03-13,C003,P02,lettuces,4.0,kg,4.0,B,2025-03-13,True,synthetic order line
O0001983,M000808,2025-03-13,C007,P02,lett,5.0,kg,5.0,B,2025-03-13,True,synthetic order line
O0001984,M000810,2025-03-13,C009,P02,lettuces,65.0,kg,65.0,B,2025-03-13,True,synthetic order line
O0001985,M000803,2025-03-13,C002,P02,lettuce,73.0,kg,73.0,B,2025-03-13,False,synthetic order line
O0001986,M000802,2025-03-13,C001,P03,cucumber,13.0,kg,13.0,B,2025-03-13,True,synthetic order line
O0001987,M000805,2025-03-13,C004,P03,cucumbers,4.0,crate,48.0,A,2025-03-13,False,synthetic order line
O0001988,M000813,2025-03-13,C012,P03,cucumbers,24.0,kg,24.0,A,2025-03-13,False,synthetic order line
O0001989,M000804,2025-03-13,C003,P04,berries,3.0,kg,3.0,B,2025-03-13,True,synthetic order line
O0001990,M000802,2025-03-13,C001,P04,strawberries,28.0,kg,28.0,A,2025-03-13,False,synthetic order line
O0001991,M000808,2025-03-13,C007,P04,strawberries,10.0,kg,10.0,A,2025-03-13,False,synthetic order line
O0001992,M000813,2025-03-13,C012,P04,strawberry,6.0,kg,6.0,B,2025-03-13,True,synthetic order line
O0001993,M000805,2025-03-13,C004,P04,strawberry,17.0,kg,17.0,A,2025-03-13,False,synthetic order line
O0001994,M000809,2025-03-13,C008,P05,bell pepper,8.0,box,40.0,A,2025-03-13,False,synthetic order line
O0001995,M000806,2025-03-13,C005,P05,peppers,1.0,crate,10.0,A,2025-03-13,False,synthetic order line
O0001996,M000808,2025-03-13,C007,P05,peppers,4.0,crate,40.0,B,2025-03-13,True,synthetic order line
O0001997,M000812,2025-03-13,C011,P06,spin,5.0,box,15.0,B,2025-03-13,True,synthetic order line
O0001998,M000804,2025-03-13,C003,P06,leaf spinach,13.0,kg,13.0,A,2025-03-13,False,synthetic order line
O0001999,M000810,2025-03-13,C009,P06,spin,3.0,kg,3.0,A,2025-03-13,False,synthetic order line
O0002000,M000808,2025-03-13,C007,P06,leaf spinach,14.0,kg,14.0,B,2025-03-13,True,synthetic order line
O0002001,M000809,2025-03-13,C008,P06,spinach,5.0,box,15.0,A,2025-03-13,False,synthetic order line
O0002002,M000802,2025-03-13,C001,P07,car,3.0,kg,3.0,B,2025-03-13,False,synthetic order line
O0002003,M000804,2025-03-13,C003,P07,carrot,10.0,kg,10.0,A,2025-03-13,False,synthetic order line
O0002004,M000813,2025-03-13,C012,P07,car,8.0,box,64.0,A,2025-03-13,False,synthetic order line
O0002005,M000804,2025-03-13,C003,P08,brocc,6.0,box,30.0,A,2025-03-13,False,synthetic order line
O0002006,M000806,2025-03-13,C005,P08,broccoli,13.0,kg,13.0,A,2025-03-13,False,synthetic order line
O0002007,M000802,2025-03-13,C001,P08,broc,9.0,kg,9.0,A,2025-03-13,False,synthetic order line
O0002008,M000808,2025-03-13,C007,P08,broccoli,12.0,kg,12.0,A,2025-03-13,True,synthetic order line
O0002009,M000821,2025-03-14,C010,P01,tomato,32.0,kg,32.0,B,2025-03-14,True,synthetic order line
O0002010,M000820,2025-03-14,C009,P01,toms,14.0,kg,14.0,A,2025-03-14,False,synthetic order line
O0002011,M000814,2025-03-14,C003,P01,tomatoes,3.0,box,15.0,B,2025-03-14,False,synthetic order line
O0002012,M000816,2025-03-14,C005,P01,tomato,7.0,box,35.0,B,2025-03-14,True,synthetic order line
O0002013,M000821,2025-03-14,C010,P02,lettuces,33.0,kg,33.0,B,2025-03-14,True,synthetic order line
O0002014,M000815,2025-03-14,C004,P02,lettuce,16.0,box,64.0,B,2025-03-14,True,synthetic order line
O0002015,M000822,2025-03-14,C011,P03,cucumbers,46.0,kg,46.0,A,2025-03-14,True,synthetic order line
O0002016,M000817,2025-03-14,C006,P03,cucumbers,49.0,kg,49.0,A,2025-03-14,False,synthetic order line
O0002017,M000818,2025-03-14,C007,P03,cucumbers,2.0,crate,24.0,A,2025-03-14,False,synthetic order line
O0002018,M000818,2025-03-14,C007,P04,strawberry,3.0,kg,3.0,B,2025-03-14,True,synthetic order line
O0002019,M000816,2025-03-14,C005,P04,strawberry,16.0,box,48.0,B,2025-03-14,True,synthetic order line
O0002020,M000819,2025-03-14,C008,P05,capsicum,5.0,box,25.0,A,2025-03-14,False,synthetic order line
O0002021,M000814,2025-03-14,C003,P05,capsicum,7.0,kg,7.0,B,2025-03-14,True,synthetic order line
O0002022,M000820,2025-03-14,C009,P05,bell pepper,34.0,kg,34.0,A,2025-03-14,False,synthetic order line
O0002023,M000816,2025-03-14,C005,P06,spinach,2.0,box,6.0,A,2025-03-14,False,synthetic order line
O0002024,M000823,2025-03-14,C012,P06,spinach,3.0,crate,18.0,B,2025-03-14,True,synthetic order line
O0002025,M000817,2025-03-14,C006,P06,leaf spinach,33.0,kg,33.0,A,2025-03-14,False,synthetic order line
O0002026,M000823,2025-03-14,C012,P07,carrot,11.0,kg,11.0,B,2025-03-14,True,synthetic order line
O0002027,M000819,2025-03-14,C008,P07,carrot,6.0,kg,6.0,B,2025-03-14,True,synthetic order line
O0002028,M000821,2025-03-14,C010,P07,carrots,10.0,kg,10.0,A,2025-03-14,False,synthetic order line
O0002029,M000816,2025-03-14,C005,P07,carrot,12.0,kg,12.0,B,2025-03-14,True,synthetic order line
O0002030,M000817,2025-03-14,C006,P07,car,2.0,box,16.0,B,2025-03-14,True,synthetic order line
O0002031,M000819,2025-03-14,C008,P08,brocc,2.0,box,10.0,A,2025-03-14,False,synthetic order line
O0002032,M000815,2025-03-14,C004,P08,broc,14.0,kg,14.0,A,2025-03-14,False,synthetic order line
O0002033,M000821,2025-03-14,C010,P08,broc,20.0,kg,20.0,A,2025-03-14,False,synthetic order line
O0002034,M000818,2025-03-14,C007,P08,brocc,9.0,kg,9.0,B,2025-03-14,False,synthetic order line
O0002035,M000814,2025-03-14,C003,P08,broccoli,5.0,kg,5.0,A,2025-03-14,False,synthetic order line
O0002036,M000830,2025-03-15,C008,P01,toms,1.0,crate,10.0,B,2025-03-15,True,synthetic order line
O0002037,M000829,2025-03-15,C007,P01,tomato,45.0,kg,45.0,A,2025-03-15,False,synthetic order line
O0002038,M000832,2025-03-15,C010,P01,tomato,14.0,kg,14.0,A,2025-03-15,False,synthetic order line
O0002039,M000834,2025-03-15,C012,P01,tomato,17.0,kg,17.0,A,2025-03-15,False,synthetic order line
O0002040,M000831,2025-03-15,C009,P02,lettuce,46.0,kg,46.0,B,2025-03-15,True,synthetic order line
O0002041,M000827,2025-03-15,C004,P02,lett,11.0,kg,11.0,B,2025-03-15,True,synthetic order line
O0002042,M000826,2025-03-15,C003,P02,lettuce,29.0,kg,29.0,A,2025-03-15,False,synthetic order line
O0002043,M000828,2025-03-15,C006,P02,lettuces,3.0,box,12.0,A,2025-03-15,False,synthetic order line
O0002044,M000825,2025-03-15,C002,P03,cucumber,6.0,box,36.0,A,2025-03-15,False,synthetic order line
O0002045,M000824,2025-03-15,C001,P03,cucumber,45.0,kg,45.0,A,2025-03-15,False,synthetic order line
O0002046,M000834,2025-03-15,C012,P03,cuke,6.0,kg,6.0,B,2025-03-15,True,synthetic order line
O0002047,M000832,2025-03-15,C010,P03,cucumber,21.0,kg,21.0,A,2025-03-15,False,synthetic order line
O0002048,M000824,2025-03-15,C001,P04,strawberries,13.0,kg,13.0,A,2025-03-15,False,synthetic order line
O0002049,M000834,2025-03-15,C012,P04,strawberries,5.0,crate,30.0,B,2025-03-15,True,synthetic order line
O0002050,M000830,2025-03-15,C008,P04,strawberries,6.0,kg,6.0,A,2025-03-15,False,synthetic order line
O0002051,M000826,2025-03-15,C003,P05,peppers,14.0,kg,14.0,A,2025-03-15,True,synthetic order line
O0002052,M000829,2025-03-15,C007,P05,capsicum,20.0,kg,20.0,A,2025-03-15,False,synthetic order line
O0002053,M000830,2025-03-15,C008,P06,spinach,17.0,kg,17.0,B,2025-03-15,True,synthetic order line
O0002054,M000824,2025-03-15,C001,P06,leaf spinach,6.0,kg,6.0,A,2025-03-15,True,synthetic order line
O0002055,M000825,2025-03-15,C002,P06,leaf spinach,5.0,box,15.0,A,2025-03-15,False,synthetic order line
O0002056,M000831,2025-03-15,C009,P07,car,1.0,crate,16.0,B,2025-03-15,False,synthetic order line
O0002057,M000830,2025-03-15,C008,P07,carrot,39.0,kg,39.0,B,2025-03-15,True,synthetic order line
O0002058,M000827,2025-03-15,C004,P07,carrot,2.0,box,16.0,A,2025-03-15,True,synthetic order line
O0002059,M000834,2025-03-15,C012,P07,carrots,1.0,box,8.0,B,2025-03-15,True,synthetic order line
O0002060,M000826,2025-03-15,C003,P07,car,19.0,kg,19.0,B,2025-03-15,False,synthetic order line
O0002061,M000829,2025-03-15,C007,P08,brocc,6.0,box,30.0,A,2025-03-15,False,synthetic order line
O0002062,M000833,2025-03-15,C011,P08,broc,10.0,kg,10.0,A,2025-03-15,False,synthetic order line
O0002063,M000834,2025-03-15,C012,P08,broccoli,1.0,crate,10.0,B,2025-03-15,True,synthetic order line
O0002064,M000825,2025-03-15,C002,P08,broccoli,1.0,box,5.0,A,2025-03-15,True,synthetic order line
O0002065,M000842,2025-03-16,C008,P01,toms,6.0,crate,60.0,B,2025-03-16,True,synthetic order line
O0002066,M000846,2025-03-16,C012,P01,tomatoes,16.0,kg,16.0,B,2025-03-16,False,synthetic order line
O0002067,M000839,2025-03-16,C005,P01,tomato,59.0,kg,59.0,A,2025-03-16,False,synthetic order line
O0002068,M000839,2025-03-16,C005,P02,lett,42.0,kg,42.0,B,2025-03-16,True,synthetic order line
O0002069,M000843,2025-03-16,C009,P02,lettuce,3.0,kg,3.0,B,2025-03-16,True,synthetic order line
O0002070,M000837,2025-03-16,C003,P02,lettuce,28.0,kg,28.0,A,2025-03-16,False,synthetic order line
O0002071,M000843,2025-03-16,C009,P03,cucumbers,32.0,kg,32.0,A,2025-03-16,False,synthetic order line
O0002072,M000838,2025-03-16,C004,P03,cucumber,1.0,box,6.0,B,2025-03-16,True,synthetic order line
O0002073,M000841,2025-03-16,C007,P03,cuke,16.0,kg,16.0,A,2025-03-16,True,synthetic order line
O0002074,M000835,2025-03-16,C001,P03,cucumbers,7.0,box,42.0,B,2025-03-16,False,synthetic order line
O0002075,M000845,2025-03-16,C011,P03,cucumber,9.0,kg,9.0,B,2025-03-16,True,synthetic order line
O0002076,M000844,2025-03-16,C010,P04,strawberries,55.0,kg,55.0,A,2025-03-16,False,synthetic order line
O0002077,M000845,2025-03-16,C011,P04,strawberry,2.0,box,6.0,B,2025-03-16,False,synthetic order line
O0002078,M000836,2025-03-16,C002,P05,peppers,24.0,kg,24.0,B,2025-03-16,False,synthetic order line
O0002079,M000845,2025-03-16,C011,P05,bell pepper,14.0,kg,14.0,A,2025-03-16,False,synthetic order line
O0002080,M000843,2025-03-16,C009,P05,capsicum,2.0,box,10.0,B,2025-03-16,True,synthetic order line
O0002081,M000842,2025-03-16,C008,P05,peppers,14.0,kg,14.0,B,2025-03-16,False,synthetic order line
O0002082,M000837,2025-03-16,C003,P05,capsicum,7.0,kg,7.0,B,2025-03-16,True,synthetic order line
O0002083,M000845,2025-03-16,C011,P06,spinach,3.0,kg,3.0,B,2025-03-16,False,synthetic order line
O0002084,M000841,2025-03-16,C007,P06,spin,2.0,box,6.0,A,2025-03-16,False,synthetic order line
O0002085,M000839,2025-03-16,C005,P06,leaf spinach,7.0,kg,7.0,B,2025-03-16,True,synthetic order line
O0002086,M000836,2025-03-16,C002,P06,spin,3.0,crate,18.0,A,2025-03-16,False,synthetic order line
O0002087,M000846,2025-03-16,C012,P07,carrot,6.0,kg,6.0,B,2025-03-16,True,synthetic order line
O0002088,M000837,2025-03-16,C003,P07,car,28.0,kg,28.0,B,2025-03-16,False,synthetic order line
O0002089,M000844,2025-03-16,C010,P07,car,5.0,box,40.0,A,2025-03-16,False,synthetic order line
O0002090,M000842,2025-03-16,C008,P07,carrot,48.0,kg,48.0,A,2025-03-16,False,synthetic order line
O0002091,M000841,2025-03-16,C007,P07,carrots,6.0,box,48.0,B,2025-03-16,True,synthetic order line
O0002092,M000844,2025-03-16,C010,P08,brocc,8.0,kg,8.0,A,2025-03-16,False,synthetic order line
O0002093,M000838,2025-03-16,C004,P08,broc,22.0,kg,22.0,A,2025-03-16,False,synthetic order line
O0002094,M000840,2025-03-16,C006,P08,broccoli,1.0,crate,10.0,A,2025-03-16,False,synthetic order line
O0002095,M000849,2025-03-17,C003,P01,tomatoes,10.0,kg,10.0,A,2025-03-17,False,synthetic order line
O0002096,M000851,2025-03-17,C005,P01,tomatoes,35.0,kg,35.0,B,2025-03-17,True,synthetic order line
O0002097,M000856,2025-03-17,C011,P01,tomatoes,30.0,kg,30.0,A,2025-03-17,False,synthetic order line
O0002098,M000847,2025-03-17,C001,P01,tomato,29.0,kg,29.0,A,2025-03-17,False,synthetic order line
O0002099,M000852,2025-03-17,C006,P01,toms,10.0,kg,10.0,A,2025-03-17,False,synthetic order line
O0002100,M000851,2025-03-17,C005,P02,lett,8.0,kg,8.0,A,2025-03-17,False,synthetic order line
O0002101,M000849,2025-03-17,C003,P02,lettuces,18.0,kg,18.0,A,2025-03-17,False,synthetic order line
O0002102,M000856,2025-03-17,C011,P02,lettuces,3.0,crate,24.0,A,2025-03-17,False,synthetic order line
O0002103,M000848,2025-03-17,C002,P02,lettuces,10.0,kg,10.0,B,2025-03-17,True,synthetic order line
O0002104,M000854,2025-03-17,C008,P02,lettuces,1.0,crate,8.0,A,2025-03-17,False,synthetic order line
O0002105,M000851,2025-03-17,C005,P03,cucumbers,16.0,kg,16.0,B,2025-03-17,True,synthetic order line
O0002106,M000857,2025-03-17,C012,P03,cucumber,6.0,kg,6.0,B,2025-03-17,False,synthetic order line
O0002107,M000855,2025-03-17,C009,P03,cucumbers,60.0,kg,60.0,B,2025-03-17,True,synthetic order line
O0002108,M000850,2025-03-17,C004,P04,strawberries,9.0,kg,9.0,A,2025-03-17,False,synthetic order line
O0002109,M000848,2025-03-17,C002,P04,strawberry,31.0,kg,31.0,B,2025-03-17,True,synthetic order line
O0002110,M000854,2025-03-17,C008,P04,berries,3.0,crate,18.0,A,2025-03-17,False,synthetic order line
O0002111,M000854,2025-03-17,C008,P05,bell pepper,30.0,kg,30.0,B,2025-03-17,False,synthetic order line
O0002112,M000847,2025-03-17,C001,P05,peppers,7.0,box,35.0,A,2025-03-17,False,synthetic order line
O0002113,M000856,2025-03-17,C011,P06,spinach,2.0,crate,12.0,A,2025-03-17,False,synthetic order line
O0002114,M000853,2025-03-17,C007,P06,spin,6.0,kg,6.0,A,2025-03-17,False,synthetic order line
O0002115,M000854,2025-03-17,C008,P06,spin,3.0,kg,3.0,A,2025-03-17,False,synthetic order line
O0002116,M000848,2025-03-17,C002,P06,spinach,7.0,kg,7.0,B,2025-03-17,True,synthetic order line
O0002117,M000854,2025-03-17,C008,P07,carrots,4.0,box,32.0,A,2025-03-17,False,synthetic order line
O0002118,M000857,2025-03-17,C012,P07,carrots,18.0,kg,18.0,A,2025-03-17,True,synthetic order line
O0002119,M000852,2025-03-17,C006,P07,carrot,13.0,kg,13.0,A,2025-03-17,False,synthetic order line
O0002120,M000853,2025-03-17,C007,P07,car,25.0,kg,25.0,A,2025-03-17,False,synthetic order line
O0002121,M000847,2025-03-17,C001,P08,brocc,3.0,kg,3.0,B,2025-03-17,False,synthetic order line
O0002122,M000849,2025-03-17,C003,P08,brocc,3.0,kg,3.0,B,2025-03-17,False,synthetic order line
O0002123,M000851,2025-03-17,C005,P08,broccoli,18.0,kg,18.0,B,2025-03-17,False,synthetic order line
O0002124,M000856,2025-03-17,C011,P08,broccoli,16.0,kg,16.0,A,2025-03-17,False,synthetic order line
O0002125,M000865,2025-03-18,C009,P01,toms,8.0,kg,8.0,A,2025-03-18,False,synthetic order line
O0002126,M000866,2025-03-18,C010,P01,tomatoes,11.0,box,55.0,B,2025-03-18,False,synthetic order line
O0002127,M000861,2025-03-18,C004,P01,tomato,52.0,kg,52.0,B,2025-03-18,True,synthetic order line
O0002128,M000858,2025-03-18,C001,P01,tomato,7.0,box,35.0,A,2025-03-18,False,synthetic order line
O0002129,M000858,2025-03-18,C001,P02,lettuce,7.0,kg,7.0,B,2025-03-18,False,synthetic order line
O0002130,M000860,2025-03-18,C003,P02,lettuce,15.0,box,60.0,B,2025-03-18,False,synthetic order line
O0002131,M000864,2025-03-18,C007,P03,cucumbers,106.0,kg,106.0,B,2025-03-18,True,synthetic order line
O0002132,M000862,2025-03-18,C005,P03,cuke,14.0,kg,14.0,A,2025-03-18,False,synthetic order line
O0002133,M000860,2025-03-18,C003,P04,berries,1.0,box,3.0,A,2025-03-18,False,synthetic order line
O0002134,M000866,2025-03-18,C010,P04,berries,19.0,kg,19.0,A,2025-03-18,False,synthetic order line
O0002135,M000863,2025-03-18,C006,P04,strawberries,13.0,kg,13.0,A,2025-03-18,False,synthetic order line
O0002136,M000866,2025-03-18,C010,P05,bell pepper,12.0,kg,12.0,B,2025-03-18,False,synthetic order line
O0002137,M000864,2025-03-18,C007,P05,capsicum,4.0,crate,40.0,A,2025-03-18,False,synthetic order line
O0002138,M000868,2025-03-18,C012,P05,bell pepper,7.0,kg,7.0,A,2025-03-18,False,synthetic order line
O0002139,M000859,2025-03-18,C002,P06,spinach,4.0,box,12.0,A,2025-03-18,False,synthetic order line
O0002140,M000861,2025-03-18,C004,P06,leaf spinach,35.0,kg,35.0,A,2025-03-18,False,synthetic order line
O0002141,M000865,2025-03-18,C009,P07,carrots,1.0,crate,16.0,A,2025-03-18,False,synthetic order line
O0002142,M000867,2025-03-18,C011,P07,car,3.0,crate,48.0,B,2025-03-18,False,synthetic order line
O0002143,M000864,2025-03-18,C007,P07,carrot,5.0,box,40.0,B,2025-03-18,False,synthetic order line
O0002144,M000862,2025-03-18,C005,P07,carrot,6.0,box,48.0,A,2025-03-18,False,synthetic order line
O0002145,M000862,2025-03-18,C005,P08,brocc,39.0,kg,39.0,A,2025-03-18,False,synthetic order line
O0002146,M000860,2025-03-18,C003,P08,broccoli,3.0,kg,3.0,A,2025-03-18,False,synthetic order line
O0002147,M000868,2025-03-18,C012,P08,broccoli,53.0,kg,53.0,A,2025-03-18,False,synthetic order line
O0002148,M000876,2025-03-19,C009,P01,toms,19.0,kg,19.0,A,2025-03-19,False,synthetic order line
O0002149,M000878,2025-03-19,C011,P01,tomatoes,2.0,crate,20.0,A,2025-03-19,False,synthetic order line
O0002150,M000874,2025-03-19,C007,P01,toms,46.0,kg,46.0,B,2025-03-19,True,synthetic order line
O0002151,M000869,2025-03-19,C001,P02,lettuce,46.0,kg,46.0,A,2025-03-19,False,synthetic order line
O0002152,M000870,2025-03-19,C002,P02,lett,9.0,kg,9.0,B,2025-03-19,False,synthetic order line
O0002153,M000874,2025-03-19,C007,P03,cucumber,10.0,box,60.0,A,2025-03-19,False,synthetic order line
O0002154,M000879,2025-03-19,C012,P03,cucumbers,8.0,kg,8.0,A,2025-03-19,False,synthetic order line
O0002155,M000872,2025-03-19,C005,P03,cucumbers,26.0,kg,26.0,B,2025-03-19,True,synthetic order line
O0002156,M000878,2025-03-19,C011,P04,strawberry,18.0,kg,18.0,A,2025-03-19,False,synthetic order line
O0002157,M000877,2025-03-19,C010,P04,strawberry,5.0,kg,5.0,A,2025-03-19,False,synthetic order line
O0002158,M000869,2025-03-19,C001,P04,strawberry,5.0,box,15.0,B,2025-03-19,True,synthetic order line
O0002159,M000879,2025-03-19,C012,P04,strawberries,13.0,kg,13.0,A,2025-03-19,False,synthetic order line
O0002160,M000878,2025-03-19,C011,P05,bell pepper,4.0,kg,4.0,B,2025-03-19,False,synthetic order line
O0002161,M000875,2025-03-19,C008,P05,capsicum,16.0,kg,16.0,B,2025-03-19,True,synthetic order line
O0002162,M000873,2025-03-19,C006,P05,bell pepper,10.0,kg,10.0,B,2025-03-19,True,synthetic order line
O0002163,M000870,2025-03-19,C002,P05,capsicum,18.0,kg,18.0,A,2025-03-19,False,synthetic order line
O0002164,M000872,2025-03-19,C005,P05,peppers,7.0,kg,7.0,A,2025-03-19,True,synthetic order line
O0002165,M000873,2025-03-19,C006,P06,leaf spinach,10.0,kg,10.0,B,2025-03-19,False,synthetic order line
O0002166,M000878,2025-03-19,C011,P06,spin,11.0,kg,11.0,B,2025-03-19,True,synthetic order line
O0002167,M000870,2025-03-19,C002,P06,spin,1.0,box,3.0,A,2025-03-19,True,synthetic order line
O0002168,M000870,2025-03-19,C002,P07,carrot,3.0,kg,3.0,A,2025-03-19,False,synthetic order line
O0002169,M000874,2025-03-19,C007,P07,carrot,25.0,kg,25.0,B,2025-03-19,False,synthetic order line
O0002170,M000869,2025-03-19,C001,P07,carrots,7.0,kg,7.0,A,2025-03-19,False,synthetic order line
O0002171,M000871,2025-03-19,C004,P07,carrots,3.0,box,24.0,A,2025-03-19,False,synthetic order line
O0002172,M000873,2025-03-19,C006,P08,brocc,9.0,kg,9.0,B,2025-03-19,True,synthetic order line
O0002173,M000876,2025-03-19,C009,P08,broc,2.0,crate,20.0,A,2025-03-19,False,synthetic order line
O0002174,M000871,2025-03-19,C004,P08,broc,3.0,box,15.0,A,2025-03-19,False,synthetic order line
O0002175,M000882,2025-03-20,C003,P01,toms,27.0,kg,27.0,B,2025-03-20,True,synthetic order line
O0002176,M000887,2025-03-20,C009,P01,tomato,14.0,kg,14.0,B,2025-03-20,True,synthetic order line
O0002177,M000886,2025-03-20,C008,P01,tomatoes,88.0,kg,88.0,B,2025-03-20,True,synthetic order line
O0002178,M000889,2025-03-20,C011,P01,tomatoes,11.0,kg,11.0,B,2025-03-20,True,synthetic order line
O0002179,M000890,2025-03-20,C012,P02,lettuces,35.0,kg,35.0,A,2025-03-20,False,synthetic order line
O0002180,M000882,2025-03-20,C003,P02,lettuce,6.0,box,24.0,B,2025-03-20,False,synthetic order line
O0002181,M000889,2025-03-20,C011,P02,lettuces,9.0,kg,9.0,A,2025-03-20,False,synthetic order line
O0002182,M000880,2025-03-20,C001,P02,lettuce,36.0,kg,36.0,A,2025-03-20,False,synthetic order line
O0002183,M000885,2025-03-20,C006,P02,lett,12.0,kg,12.0,A,2025-03-20,False,synthetic order line
O0002184,M000886,2025-03-20,C008,P03,cuke,5.0,box,30.0,A,2025-03-20,False,synthetic order line
O0002185,M000883,2025-03-20,C004,P03,cucumbers,53.0,kg,53.0,A,2025-03-20,True,synthetic order line
O0002186,M000890,2025-03-20,C012,P03,cucumbers,23.0,kg,23.0,A,2025-03-20,False,synthetic order line
O0002187,M000885,2025-03-20,C006,P04,berries,16.0,box,48.0,A,2025-03-20,False,synthetic order line
O0002188,M000889,2025-03-20,C011,P04,berries,2.0,box,6.0,B,2025-03-20,True,synthetic order line
O0002189,M000884,2025-03-20,C005,P04,strawberry,2.0,box,6.0,B,2025-03-20,True,synthetic order line
O0002190,M000884,2025-03-20,C005,P05,peppers,14.0,kg,14.0,A,2025-03-20,False,synthetic order line
O0002191,M000883,2025-03-20,C004,P05,bell pepper,1.0,crate,10.0,A,2025-03-20,False,synthetic order line
O0002192,M000887,2025-03-20,C009,P05,peppers,14.0,kg,14.0,B,2025-03-20,True,synthetic order line
O0002193,M000890,2025-03-20,C012,P05,bell pepper,6.0,kg,6.0,A,2025-03-20,False,synthetic order line
O0002194,M000885,2025-03-20,C006,P05,bell pepper,17.0,kg,17.0,A,2025-03-20,False,synthetic order line
O0002195,M000881,2025-03-20,C002,P06,spinach,1.0,box,3.0,B,2025-03-20,True,synthetic order line
O0002196,M000888,2025-03-20,C010,P06,leaf spinach,3.0,crate,18.0,B,2025-03-20,True,synthetic order line
O0002197,M000883,2025-03-20,C004,P06,spin,22.0,kg,22.0,A,2025-03-20,False,synthetic order line
O0002198,M000888,2025-03-20,C010,P07,carrot,6.0,kg,6.0,B,2025-03-20,True,synthetic order line
O0002199,M000883,2025-03-20,C004,P07,car,1.0,crate,16.0,A,2025-03-20,True,synthetic order line
O0002200,M000885,2025-03-20,C006,P07,carrot,33.0,kg,33.0,B,2025-03-20,True,synthetic order line
O0002201,M000889,2025-03-20,C011,P07,car,4.0,box,32.0,B,2025-03-20,False,synthetic order line
O0002202,M000883,2025-03-20,C004,P08,broc,2.0,crate,20.0,A,2025-03-20,False,synthetic order line
O0002203,M000881,2025-03-20,C002,P08,brocc,10.0,kg,10.0,B,2025-03-20,False,synthetic order line
O0002204,M000888,2025-03-20,C010,P08,broc,1.0,crate,10.0,A,2025-03-20,False,synthetic order line
O0002205,M000889,2025-03-20,C011,P08,brocc,1.0,crate,10.0,A,2025-03-20,False,synthetic order line
O0002206,M000897,2025-03-21,C009,P01,toms,1.0,crate,10.0,B,2025-03-21,False,synthetic order line
O0002207,M000900,2025-03-21,C012,P01,toms,13.0,kg,13.0,B,2025-03-21,True,synthetic order line
O0002208,M000893,2025-03-21,C003,P01,tomato,11.0,kg,11.0,A,2025-03-21,True,synthetic order line
O0002209,M000896,2025-03-21,C008,P01,tomato,9.0,kg,9.0,A,2025-03-21,False,synthetic order line
O0002210,M000899,2025-03-21,C011,P01,toms,34.0,kg,34.0,A,2025-03-21,False,synthetic order line
O0002211,M000893,2025-03-21,C003,P02,lett,8.0,kg,8.0,B,2025-03-21,True,synthetic order line
O0002212,M000897,2025-03-21,C009,P02,lettuces,3.0,kg,3.0,A,2025-03-21,True,synthetic order line
O0002213,M000896,2025-03-21,C008,P02,lettuces,51.0,kg,51.0,A,2025-03-21,False,synthetic order line
O0002214,M000891,2025-03-21,C001,P03,cuke,3.0,kg,3.0,A,2025-03-21,False,synthetic order line
O0002215,M000897,2025-03-21,C009,P03,cucumber,27.0,kg,27.0,B,2025-03-21,True,synthetic order line
O0002216,M000892,2025-03-21,C002,P03,cuke,2.0,box,12.0,B,2025-03-21,False,synthetic order line
O0002217,M000899,2025-03-21,C011,P03,cucumber,8.0,kg,8.0,A,2025-03-21,False,synthetic order line
O0002218,M000894,2025-03-21,C004,P03,cuke,25.0,kg,25.0,B,2025-03-21,False,synthetic order line
O0002219,M000895,2025-03-21,C005,P04,berries,2.0,crate,12.0,A,2025-03-21,False,synthetic order line
O0002220,M000900,2025-03-21,C012,P04,strawberry,3.0,box,9.0,B,2025-03-21,False,synthetic order line
O0002221,M000897,2025-03-21,C009,P04,strawberry,2.0,box,6.0,A,2025-03-21,False,synthetic order line
O0002222,M000891,2025-03-21,C001,P04,strawberry,11.0,kg,11.0,A,2025-03-21,False,synthetic order line
O0002223,M000891,2025-03-21,C001,P05,capsicum,45.0,kg,45.0,B,2025-03-21,True,synthetic order line
O0002224,M000900,2025-03-21,C012,P05,peppers,32.0,kg,32.0,A,2025-03-21,True,synthetic order line
O0002225,M000895,2025-03-21,C005,P06,spinach,1.0,crate,6.0,B,2025-03-21,True,synthetic order line
O0002226,M000891,2025-03-21,C001,P06,leaf spinach,3.0,kg,3.0,B,2025-03-21,True,synthetic order line
O0002227,M000892,2025-03-21,C002,P06,leaf spinach,16.0,kg,16.0,A,2025-03-21,False,synthetic order line
O0002228,M000897,2025-03-21,C009,P06,spin,1.0,crate,6.0,A,2025-03-21,False,synthetic order line
O0002229,M000891,2025-03-21,C001,P07,carrot,5.0,kg,5.0,B,2025-03-21,True,synthetic order line
O0002230,M000900,2025-03-21,C012,P07,carrot,1.0,box,8.0,A,2025-03-21,False,synthetic order line
O0002231,M000896,2025-03-21,C008,P07,car,31.0,kg,31.0,A,2025-03-21,False,synthetic order line
O0002232,M000898,2025-03-21,C010,P07,carrot,15.0,kg,15.0,A,2025-03-21,False,synthetic order line
O0002233,M000893,2025-03-21,C003,P07,carrot,21.0,kg,21.0,A,2025-03-21,False,synthetic order line
O0002234,M000893,2025-03-21,C003,P08,brocc,3.0,kg,3.0,B,2025-03-21,True,synthetic order line
O0002235,M000898,2025-03-21,C010,P08,broc,10.0,kg,10.0,A,2025-03-21,False,synthetic order line
O0002236,M000891,2025-03-21,C001,P08,brocc,27.0,kg,27.0,B,2025-03-21,False,synthetic order line
O0002237,M000896,2025-03-21,C008,P08,broccoli,25.0,kg,25.0,B,2025-03-21,True,synthetic order line
O0002238,M000907,2025-03-22,C008,P01,tomato,43.0,kg,43.0,A,2025-03-22,False,synthetic order line
O0002239,M000904,2025-03-22,C004,P01,tomato,5.0,crate,50.0,A,2025-03-22,False,synthetic order line
O0002240,M000908,2025-03-22,C009,P01,tomato,8.0,kg,8.0,A,2025-03-22,False,synthetic order line
O0002241,M000910,2025-03-22,C011,P01,toms,3.0,crate,30.0,B,2025-03-22,False,synthetic order line
O0002242,M000911,2025-03-22,C012,P01,tomato,2.0,box,10.0,A,2025-03-22,True,synthetic order line
O0002243,M000906,2025-03-22,C007,P02,lettuces,20.0,kg,20.0,B,2025-03-22,True,synthetic order line
O0002244,M000905,2025-03-22,C006,P02,lettuces,41.0,kg,41.0,A,2025-03-22,True,synthetic order line
O0002245,M000908,2025-03-22,C009,P03,cuke,31.0,kg,31.0,A,2025-03-22,True,synthetic order line
O0002246,M000903,2025-03-22,C003,P03,cucumber,16.0,kg,16.0,A,2025-03-22,True,synthetic order line
O0002247,M000906,2025-03-22,C007,P04,strawberries,25.0,kg,25.0,A,2025-03-22,False,synthetic order line
O0002248,M000910,2025-03-22,C011,P04,strawberries,6.0,box,18.0,B,2025-03-22,True,synthetic order line
O0002249,M000901,2025-03-22,C001,P04,strawberry,3.0,kg,3.0,A,2025-03-22,False,synthetic order line
O0002250,M000909,2025-03-22,C010,P05,bell pepper,14.0,kg,14.0,A,2025-03-22,False,synthetic order line
O0002251,M000911,2025-03-22,C012,P05,peppers,6.0,kg,6.0,B,2025-03-22,False,synthetic order line
O0002252,M000904,2025-03-22,C004,P05,peppers,8.0,kg,8.0,B,2025-03-22,False,synthetic order line
O0002253,M000906,2025-03-22,C007,P05,bell pepper,2.0,crate,20.0,B,2025-03-22,True,synthetic order line
O0002254,M000902,2025-03-22,C002,P05,peppers,13.0,kg,13.0,B,2025-03-22,True,synthetic order line
O0002255,M000910,2025-03-22,C011,P06,leaf spinach,1.0,box,3.0,A,2025-03-22,False,synthetic order line
O0002256,M000905,2025-03-22,C006,P06,spin,3.0,kg,3.0,A,2025-03-22,False,synthetic order line
O0002257,M000908,2025-03-22,C009,P06,leaf spinach,10.0,kg,10.0,A,2025-03-22,True,synthetic order line
O0002258,M000909,2025-03-22,C010,P06,spin,7.0,kg,7.0,B,2025-03-22,True,synthetic order line
O0002259,M000911,2025-03-22,C012,P06,spinach,39.0,kg,39.0,A,2025-03-22,True,synthetic order line
O0002260,M000904,2025-03-22,C004,P07,carrot,5.0,kg,5.0,A,2025-03-22,False,synthetic order line
O0002261,M000905,2025-03-22,C006,P07,car,5.0,crate,80.0,B,2025-03-22,True,synthetic order line
O0002262,M000908,2025-03-22,C009,P07,carrot,31.0,kg,31.0,B,2025-03-22,True,synthetic order line
O0002263,M000905,2025-03-22,C006,P08,broc,8.0,box,40.0,A,2025-03-22,True,synthetic order line
O0002264,M000903,2025-03-22,C003,P08,broc,24.0,kg,24.0,A,2025-03-22,False,synthetic order line
O0002265,M000913,2025-03-23,C002,P01,tomatoes,44.0,kg,44.0,B,2025-03-23,False,synthetic order line
O0002266,M000918,2025-03-23,C008,P01,tomatoes,6.0,kg,6.0,B,2025-03-23,True,synthetic order line
O0002267,M000912,2025-03-23,C001,P01,tomato,2.0,crate,20.0,A,2025-03-23,False,synthetic order line
O0002268,M000917,2025-03-23,C007,P01,tomatoes,7.0,box,35.0,A,2025-03-23,False,synthetic order line
O0002269,M000920,2025-03-23,C010,P02,lettuce,2.0,box,8.0,A,2025-03-23,False,synthetic order line
O0002270,M000913,2025-03-23,C002,P02,lett,48.0,kg,48.0,A,2025-03-23,False,synthetic order line
O0002271,M000918,2025-03-23,C008,P02,lettuces,18.0,kg,18.0,A,2025-03-23,False,synthetic order line
O0002272,M000913,2025-03-23,C002,P03,cucumber,53.0,kg,53.0,A,2025-03-23,True,synthetic order line
O0002273,M000914,2025-03-23,C003,P03,cucumber,28.0,kg,28.0,B,2025-03-23,False,synthetic order line
O0002274,M000921,2025-03-23,C011,P04,strawberry,16.0,kg,16.0,B,2025-03-23,True,synthetic order line
O0002275,M000916,2025-03-23,C005,P04,berries,13.0,kg,13.0,B,2025-03-23,True,synthetic order line
O0002276,M000913,2025-03-23,C002,P05,bell pepper,34.0,kg,34.0,B,2025-03-23,False,synthetic order line
O0002277,M000915,2025-03-23,C004,P05,peppers,5.0,box,25.0,B,2025-03-23,True,synthetic order line
O0002278,M000919,2025-03-23,C009,P06,spin,5.0,kg,5.0,B,2025-03-23,True,synthetic order line
O0002279,M000915,2025-03-23,C004,P06,spinach,20.0,kg,20.0,B,2025-03-23,False,synthetic order line
O0002280,M000922,2025-03-23,C012,P06,spin,8.0,box,24.0,A,2025-03-23,False,synthetic order line
O0002281,M000912,2025-03-23,C001,P07,carrot,4.0,box,32.0,A,2025-03-23,False,synthetic order line
O0002282,M000916,2025-03-23,C005,P07,car,23.0,kg,23.0,A,2025-03-23,False,synthetic order line
O0002283,M000919,2025-03-23,C009,P07,carrot,41.0,kg,41.0,A,2025-03-23,False,synthetic order line
O0002284,M000913,2025-03-23,C002,P08,broccoli,5.0,kg,5.0,B,2025-03-23,False,synthetic order line
O0002285,M000918,2025-03-23,C008,P08,broc,26.0,kg,26.0,B,2025-03-23,True,synthetic order line
O0002286,M000912,2025-03-23,C001,P08,broc,18.0,kg,18.0,A,2025-03-23,False,synthetic order line
O0002287,M000915,2025-03-23,C004,P08,broc,8.0,kg,8.0,A,2025-03-23,False,synthetic order line
O0002288,M000932,2025-03-24,C011,P01,tomatoes,10.0,box,50.0,A,2025-03-24,False,synthetic order line
O0002289,M000926,2025-03-24,C005,P01,tomatoes,42.0,kg,42.0,B,2025-03-24,False,synthetic order line
O0002290,M000925,2025-03-24,C003,P02,lettuce,11.0,kg,11.0,A,2025-03-24,False,synthetic order line
O0002291,M000930,2025-03-24,C009,P02,lettuces,1.0,crate,8.0,B,2025-03-24,True,synthetic order line
O0002292,M000923,2025-03-24,C001,P02,lettuce,21.0,kg,21.0,A,2025-03-24,False,synthetic order line
O0002293,M000927,2025-03-24,C006,P02,lettuce,14.0,kg,14.0,B,2025-03-24,True,synthetic order line
O0002294,M000924,2025-03-24,C002,P02,lettuces,1.0,crate,8.0,B,2025-03-24,True,synthetic order line
O0002295,M000932,2025-03-24,C011,P03,cuke,1.0,crate,12.0,B,2025-03-24,True,synthetic order line
O0002296,M000923,2025-03-24,C001,P03,cucumber,1.0,box,6.0,A,2025-03-24,False,synthetic order line
O0002297,M000924,2025-03-24,C002,P03,cuke,57.0,kg,57.0,A,2025-03-24,False,synthetic order line
O0002298,M000928,2025-03-24,C007,P03,cucumbers,1.0,crate,12.0,B,2025-03-24,False,synthetic order line
O0002299,M000931,2025-03-24,C010,P04,strawberries,9.0,kg,9.0,B,2025-03-24,False,synthetic order line
O0002300,M000930,2025-03-24,C009,P04,berries,3.0,kg,3.0,A,2025-03-24,False,synthetic order line
O0002301,M000923,2025-03-24,C001,P04,strawberry,9.0,kg,9.0,B,2025-03-24,True,synthetic order line
O0002302,M000924,2025-03-24,C002,P04,strawberries,5.0,kg,5.0,B,2025-03-24,True,synthetic order line
O0002303,M000932,2025-03-24,C011,P04,berries,10.0,kg,10.0,A,2025-03-24,False,synthetic order line
O0002304,M000931,2025-03-24,C010,P05,peppers,3.0,kg,3.0,B,2025-03-24,False,synthetic order line
O0002305,M000927,2025-03-24,C006,P05,peppers,16.0,kg,16.0,A,2025-03-24,False,synthetic order line
O0002306,M000933,2025-03-24,C012,P05,bell pepper,9.0,kg,9.0,B,2025-03-24,False,synthetic order line
O0002307,M000932,2025-03-24,C011,P06,leaf spinach,30.0,kg,30.0,B,2025-03-24,False,synthetic order line
O0002308,M000933,2025-03-24,C012,P06,spinach,3.0,box,9.0,A,2025-03-24,False,synthetic order line
O0002309,M000926,2025-03-24,C005,P06,spin,8.0,box,24.0,B,2025-03-24,True,synthetic order line
O0002310,M000925,2025-03-24,C003,P07,carrots,24.0,kg,24.0,B,2025-03-24,True,synthetic order line
O0002311,M000924,2025-03-24,C002,P07,carrot,56.0,kg,56.0,A,2025-03-24,False,synthetic order line
O0002312,M000926,2025-03-24,C005,P07,car,2.0,box,16.0,A,2025-03-24,False,synthetic order line
O0002313,M000929,2025-03-24,C008,P08,broccoli,5.0,kg,5.0,B,2025-03-24,True,synthetic order line
O0002314,M000925,2025-03-24,C003,P08,broccoli,4.0,box,20.0,A,2025-03-24,False,synthetic order line
O0002315,M000933,2025-03-24,C012,P08,broccoli,18.0,kg,18.0,B,2025-03-24,True,synthetic order line
O0002316,M000923,2025-03-24,C001,P08,broc,11.0,kg,11.0,B,2025-03-24,True,synthetic order line
O0002317,M000937,2025-03-25,C004,P01,tomatoes,52.0,kg,52.0,B,2025-03-25,False,synthetic order line
O0002318,M000935,2025-03-25,C002,P01,tomato,32.0,kg,32.0,A,2025-03-25,False,synthetic order line
O0002319,M000944,2025-03-25,C012,P02,lettuce,16.0,kg,16.0,A,2025-03-25,False,synthetic order line
O0002320,M000937,2025-03-25,C004,P02,lettuce,14.0,kg,14.0,A,2025-03-25,False,synthetic order line
O0002321,M000942,2025-03-25,C009,P02,lettuces,17.0,kg,17.0,B,2025-03-25,False,synthetic order line
O0002322,M000941,2025-03-25,C008,P02,lett,1.0,crate,8.0,B,2025-03-25,False,synthetic order line
O0002323,M000939,2025-03-25,C006,P02,lettuce,1.0,crate,8.0,A,2025-03-25,False,synthetic order line
O0002324,M000935,2025-03-25,C002,P03,cuke,6.0,kg,6.0,A,2025-03-25,False,synthetic order line
O0002325,M000941,2025-03-25,C008,P03,cuke,18.0,box,108.0,B,2025-03-25,True,synthetic order line
O0002326,M000934,2025-03-25,C001,P04,strawberries,48.0,kg,48.0,B,2025-03-25,True,synthetic order line
O0002327,M000943,2025-03-25,C010,P04,berries,14.0,kg,14.0,B,2025-03-25,True,synthetic order line
O0002328,M000935,2025-03-25,C002,P05,capsicum,2.0,box,10.0,B,2025-03-25,True,synthetic order line
O0002329,M000941,2025-03-25,C008,P05,capsicum,10.0,kg,10.0,A,2025-03-25,False,synthetic order line
O0002330,M000942,2025-03-25,C009,P05,capsicum,1.0,box,5.0,A,2025-03-25,True,synthetic order line
O0002331,M000934,2025-03-25,C001,P05,capsicum,8.0,kg,8.0,B,2025-03-25,True,synthetic order line
O0002332,M000944,2025-03-25,C012,P05,bell pepper,1.0,crate,10.0,A,2025-03-25,False,synthetic order line
O0002333,M000934,2025-03-25,C001,P06,leaf spinach,5.0,kg,5.0,B,2025-03-25,True,synthetic order line
O0002334,M000940,2025-03-25,C007,P06,spinach,5.0,crate,30.0,A,2025-03-25,False,synthetic order line
O0002335,M000943,2025-03-25,C010,P06,spinach,1.0,box,3.0,B,2025-03-25,True,synthetic order line
O0002336,M000934,2025-03-25,C001,P07,car,3.0,kg,3.0,B,2025-03-25,True,synthetic order line
O0002337,M000939,2025-03-25,C006,P07,car,5.0,kg,5.0,B,2025-03-25,True,synthetic order line
O0002338,M000938,2025-03-25,C005,P07,car,27.0,kg,27.0,A,2025-03-25,False,synthetic order line
O0002339,M000943,2025-03-25,C010,P07,carrot,12.0,kg,12.0,A,2025-03-25,False,synthetic order line
O0002340,M000937,2025-03-25,C004,P08,brocc,3.0,box,15.0,B,2025-03-25,True,synthetic order line
O0002341,M000935,2025-03-25,C002,P08,broc,21.0,kg,21.0,B,2025-03-25,True,synthetic order line
O0002342,M000936,2025-03-25,C003,P08,broc,1.0,crate,10.0,A,2025-03-25,False,synthetic order line
O0002343,M000953,2025-03-26,C010,P01,toms,43.0,kg,43.0,A,2025-03-26,False,synthetic order line
O0002344,M000946,2025-03-26,C003,P01,tomato,20.0,kg,20.0,B,2025-03-26,False,synthetic order line
O0002345,M000945,2025-03-26,C002,P02,lettuces,8.0,box,32.0,B,2025-03-26,True,synthetic order line
O0002346,M000951,2025-03-26,C008,P02,lettuces,31.0,kg,31.0,A,2025-03-26,False,synthetic order line
O0002347,M000953,2025-03-26,C010,P03,cuke,30.0,kg,30.0,A,2025-03-26,False,synthetic order line
O0002348,M000946,2025-03-26,C003,P03,cucumber,61.0,kg,61.0,A,2025-03-26,False,synthetic order line
O0002349,M000947,2025-03-26,C004,P03,cucumber,18.0,kg,18.0,A,2025-03-26,False,synthetic order line
O0002350,M000950,2025-03-26,C007,P04,strawberry,6.0,kg,6.0,A,2025-03-26,False,synthetic order line
O0002351,M000955,2025-03-26,C012,P04,berries,15.0,kg,15.0,A,2025-03-26,True,synthetic order line
O0002352,M000953,2025-03-26,C010,P04,strawberry,31.0,kg,31.0,A,2025-03-26,False,synthetic order line
O0002353,M000952,2025-03-26,C009,P04,berries,4.0,box,12.0,B,2025-03-26,True,synthetic order line
O0002354,M000948,2025-03-26,C005,P04,strawberries,28.0,kg,28.0,A,2025-03-26,True,synthetic order line
O0002355,M000945,2025-03-26,C002,P05,peppers,14.0,kg,14.0,A,2025-03-26,True,synthetic order line
O0002356,M000950,2025-03-26,C007,P05,peppers,21.0,kg,21.0,A,2025-03-26,False,synthetic order line
O0002357,M000946,2025-03-26,C003,P05,bell pepper,21.0,kg,21.0,A,2025-03-26,False,synthetic order line
O0002358,M000947,2025-03-26,C004,P05,bell pepper,9.0,kg,9.0,B,2025-03-26,True,synthetic order line
O0002359,M000948,2025-03-26,C005,P06,spinach,8.0,kg,8.0,A,2025-03-26,False,synthetic order line
O0002360,M000954,2025-03-26,C011,P06,spin,1.0,crate,6.0,A,2025-03-26,False,synthetic order line
O0002361,M000949,2025-03-26,C006,P06,leaf spinach,5.0,box,15.0,B,2025-03-26,True,synthetic order line
O0002362,M000950,2025-03-26,C007,P06,spinach,3.0,kg,3.0,A,2025-03-26,False,synthetic order line
O0002363,M000946,2025-03-26,C003,P06,spin,3.0,kg,3.0,B,2025-03-26,True,synthetic order line
O0002364,M000952,2025-03-26,C009,P07,carrot,35.0,kg,35.0,B,2025-03-26,True,synthetic order line
O0002365,M000947,2025-03-26,C004,P07,carrots,30.0,kg,30.0,B,2025-03-26,False,synthetic order line
O0002366,M000945,2025-03-26,C002,P07,car,7.0,box,56.0,B,2025-03-26,True,synthetic order line
O0002367,M000953,2025-03-26,C010,P08,broccoli,2.0,crate,20.0,B,2025-03-26,True,synthetic order line
O0002368,M000946,2025-03-26,C003,P08,broccoli,39.0,kg,39.0,B,2025-03-26,False,synthetic order line
O0002369,M000965,2025-03-27,C012,P01,toms,5.0,box,25.0,A,2025-03-27,True,synthetic order line
O0002370,M000960,2025-03-27,C006,P01,tomato,4.0,crate,40.0,A,2025-03-27,False,synthetic order line
O0002371,M000958,2025-03-27,C003,P02,lett,6.0,kg,6.0,A,2025-03-27,False,synthetic order line
O0002372,M000964,2025-03-27,C011,P02,lettuces,54.0,kg,54.0,A,2025-03-27,False,synthetic order line
O0002373,M000963,2025-03-27,C010,P03,cucumbers,41.0,kg,41.0,B,2025-03-27,True,synthetic order line
O0002374,M000959,2025-03-27,C005,P03,cuke,46.0,kg,46.0,A,2025-03-27,False,synthetic order line
O0002375,M000958,2025-03-27,C003,P03,cuke,1.0,crate,12.0,A,2025-03-27,False,synthetic order line
O0002376,M000957,2025-03-27,C002,P03,cucumbers,9.0,kg,9.0,A,2025-03-27,False,synthetic order line
O0002377,M000962,2025-03-27,C009,P04,strawberries,30.0,kg,30.0,A,2025-03-27,False,synthetic order line
O0002378,M000963,2025-03-27,C010,P04,berries,4.0,kg,4.0,A,2025-03-27,False,synthetic order line
O0002379,M000964,2025-03-27,C011,P04,strawberries,4.0,crate,24.0,A,2025-03-27,False,synthetic order line
O0002380,M000965,2025-03-27,C012,P04,strawberry,13.0,kg,13.0,B,2025-03-27,False,synthetic order line
O0002381,M000962,2025-03-27,C009,P05,bell pepper,23.0,kg,23.0,A,2025-03-27,False,synthetic order line
O0002382,M000961,2025-03-27,C008,P05,peppers,18.0,kg,18.0,A,2025-03-27,False,synthetic order line
O0002383,M000960,2025-03-27,C006,P05,bell pepper,7.0,kg,7.0,A,2025-03-27,False,synthetic order line
O0002384,M000957,2025-03-27,C002,P05,bell pepper,46.0,kg,46.0,A,2025-03-27,False,synthetic order line
O0002385,M000964,2025-03-27,C011,P05,peppers,1.0,box,5.0,A,2025-03-27,True,synthetic order line
O0002386,M000956,2025-03-27,C001,P06,spinach,22.0,box,66.0,A,2025-03-27,True,synthetic order line
O0002387,M000959,2025-03-27,C005,P06,leaf spinach,19.0,kg,19.0,A,2025-03-27,False,synthetic order line
O0002388,M000957,2025-03-27,C002,P07,carrot,47.0,kg,47.0,B,2025-03-27,True,synthetic order line
O0002389,M000962,2025-03-27,C009,P07,carrot,96.0,kg,96.0,A,2025-03-27,False,synthetic order line
O0002390,M000963,2025-03-27,C010,P08,brocc,9.0,kg,9.0,B,2025-03-27,True,synthetic order line
O0002391,M000960,2025-03-27,C006,P08,broccoli,25.0,kg,25.0,B,2025-03-27,True,synthetic order line
O0002392,M000965,2025-03-27,C012,P08,broc,4.0,kg,4.0,A,2025-03-27,False,synthetic order line
O0002393,M000967,2025-03-28,C002,P01,tomatoes,8.0,crate,80.0,B,2025-03-28,True,synthetic order line
O0002394,M000969,2025-03-28,C004,P01,toms,15.0,box,75.0,A,2025-03-28,False,synthetic order line
O0002395,M000974,2025-03-28,C009,P02,lettuces,16.0,kg,16.0,B,2025-03-28,True,synthetic order line
O0002396,M000975,2025-03-28,C010,P02,lettuces,11.0,kg,11.0,A,2025-03-28,False,synthetic order line
O0002397,M000977,2025-03-28,C012,P02,lettuce,5.0,box,20.0,B,2025-03-28,True,synthetic order line
O0002398,M000966,2025-03-28,C001,P02,lett,5.0,box,20.0,A,2025-03-28,False,synthetic order line
O0002399,M000968,2025-03-28,C003,P03,cucumbers,62.0,kg,62.0,A,2025-03-28,False,synthetic order line
O0002400,M000971,2025-03-28,C006,P03,cuke,9.0,kg,9.0,B,2025-03-28,True,synthetic order line
O0002401,M000977,2025-03-28,C012,P04,strawberries,44.0,kg,44.0,B,2025-03-28,False,synthetic order line
O0002402,M000967,2025-03-28,C002,P04,strawberries,9.0,kg,9.0,B,2025-03-28,True,synthetic order line
O0002403,M000973,2025-03-28,C008,P05,bell pepper,3.0,kg,3.0,A,2025-03-28,False,synthetic order line
O0002404,M000972,2025-03-28,C007,P05,capsicum,41.0,kg,41.0,A,2025-03-28,False,synthetic order line
O0002405,M000976,2025-03-28,C011,P05,capsicum,2.0,crate,20.0,B,2025-03-28,True,synthetic order line
O0002406,M000975,2025-03-28,C010,P05,bell pepper,18.0,kg,18.0,B,2025-03-28,True,synthetic order line
O0002407,M000974,2025-03-28,C009,P06,leaf spinach,11.0,kg,11.0,B,2025-03-28,True,synthetic order line
O0002408,M000976,2025-03-28,C011,P06,spinach,7.0,kg,7.0,B,2025-03-28,False,synthetic order line
O0002409,M000971,2025-03-28,C006,P06,leaf spinach,14.0,kg,14.0,B,2025-03-28,False,synthetic order line
O0002410,M000968,2025-03-28,C003,P07,carrot,13.0,kg,13.0,B,2025-03-28,True,synthetic order line
O0002411,M000972,2025-03-28,C007,P07,carrots,18.0,kg,18.0,A,2025-03-28,False,synthetic order line
O0002412,M000969,2025-03-28,C004,P07,carrot,4.0,crate,64.0,A,2025-03-28,True,synthetic order line
O0002413,M000970,2025-03-28,C005,P07,car,2.0,box,16.0,A,2025-03-28,False,synthetic order line
O0002414,M000973,2025-03-28,C008,P07,carrot,20.0,kg,20.0,A,2025-03-28,False,synthetic order line
O0002415,M000967,2025-03-28,C002,P08,brocc,7.0,kg,7.0,A,2025-03-28,False,synthetic order line
O0002416,M000968,2025-03-28,C003,P08,broc,1.0,box,5.0,B,2025-03-28,True,synthetic order line
O0002417,M000973,2025-03-28,C008,P08,broccoli,3.0,crate,30.0,B,2025-03-28,False,synthetic order line
O0002418,M000970,2025-03-28,C005,P08,broc,20.0,kg,20.0,A,2025-03-28,False,synthetic order line
O0002419,M000988,2025-03-29,C011,P01,toms,23.0,kg,23.0,B,2025-03-29,False,synthetic order line
O0002420,M000981,2025-03-29,C004,P01,tomatoes,6.0,crate,60.0,A,2025-03-29,False,synthetic order line
O0002421,M000979,2025-03-29,C002,P01,toms,6.0,kg,6.0,B,2025-03-29,False,synthetic order line
O0002422,M000984,2025-03-29,C007,P01,tomato,13.0,kg,13.0,B,2025-03-29,True,synthetic order line
O0002423,M000978,2025-03-29,C001,P01,toms,20.0,kg,20.0,A,2025-03-29,True,synthetic order line
O0002424,M000978,2025-03-29,C001,P02,lettuces,9.0,kg,9.0,B,2025-03-29,True,synthetic order line
O0002425,M000988,2025-03-29,C011,P02,lett,48.0,kg,48.0,B,2025-03-29,False,synthetic order line
O0002426,M000979,2025-03-29,C002,P02,lettuces,5.0,crate,40.0,A,2025-03-29,False,synthetic order line
O0002427,M000980,2025-03-29,C003,P02,lett,1.0,crate,8.0,B,2025-03-29,True,synthetic order line
O0002428,M000978,2025-03-29,C001,P03,cucumber,9.0,box,54.0,A,2025-03-29,False,synthetic order line
O0002429,M000983,2025-03-29,C006,P03,cuke,2.0,crate,24.0,B,2025-03-29,True,synthetic order line
O0002430,M000985,2025-03-29,C008,P03,cucumbers,42.0,kg,42.0,A,2025-03-29,False,synthetic order line
O0002431,M000979,2025-03-29,C002,P04,strawberry,2.0,box,6.0,B,2025-03-29,True,synthetic order line
O0002432,M000989,2025-03-29,C012,P04,strawberries,3.0,crate,18.0,B,2025-03-29,True,synthetic order line
O0002433,M000981,2025-03-29,C004,P04,strawberry,1.0,crate,6.0,B,2025-03-29,True,synthetic order line
O0002434,M000984,2025-03-29,C007,P04,strawberry,4.0,kg,4.0,B,2025-03-29,True,synthetic order line
O0002435,M000982,2025-03-29,C005,P04,strawberries,22.0,kg,22.0,A,2025-03-29,False,synthetic order line
O0002436,M000981,2025-03-29,C004,P05,capsicum,40.0,kg,40.0,B,2025-03-29,True,synthetic order line
O0002437,M000986,2025-03-29,C009,P05,bell pepper,1.0,box,5.0,A,2025-03-29,False,synthetic order line
O0002438,M000978,2025-03-29,C001,P05,capsicum,38.0,kg,38.0,A,2025-03-29,False,synthetic order line
O0002439,M000985,2025-03-29,C008,P05,peppers,1.0,crate,10.0,A,2025-03-29,False,synthetic order line
O0002440,M000987,2025-03-29,C010,P06,leaf spinach,1.0,crate,6.0,A,2025-03-29,False,synthetic order line
O0002441,M000978,2025-03-29,C001,P06,spin,4.0,crate,24.0,A,2025-03-29,False,synthetic order line
O0002442,M000981,2025-03-29,C004,P06,spinach,8.0,kg,8.0,A,2025-03-29,True,synthetic order line
O0002443,M000986,2025-03-29,C009,P06,spinach,11.0,kg,11.0,B,2025-03-29,True,synthetic order line
O0002444,M000986,2025-03-29,C009,P07,carrots,28.0,kg,28.0,A,2025-03-29,False,synthetic order line
O0002445,M000979,2025-03-29,C002,P07,car,8.0,box,64.0,A,2025-03-29,False,synthetic order line
O0002446,M000980,2025-03-29,C003,P07,carrot,25.0,kg,25.0,A,2025-03-29,False,synthetic order line
O0002447,M000980,2025-03-29,C003,P08,broc,3.0,kg,3.0,A,2025-03-29,False,synthetic order line
O0002448,M000986,2025-03-29,C009,P08,broccoli,16.0,kg,16.0,A,2025-03-29,False,synthetic order line
O0002449,M000984,2025-03-29,C007,P08,brocc,7.0,kg,7.0,A,2025-03-29,False,synthetic order line
O0002450,M000979,2025-03-29,C002,P08,broc,39.0,kg,39.0,A,2025-03-29,False,synthetic order line
O0002451,M000990,2025-03-30,C002,P01,tomatoes,13.0,kg,13.0,A,2025-03-30,False,synthetic order line
O0002452,M000998,2025-03-30,C010,P01,tomato,6.0,kg,6.0,A,2025-03-30,False,synthetic order line
O0002453,M000993,2025-03-30,C005,P01,tomato,33.0,kg,33.0,B,2025-03-30,True,synthetic order line
O0002454,M000992,2025-03-30,C004,P01,tomato,5.0,box,25.0,A,2025-03-30,False,synthetic order line
O0002455,M000997,2025-03-30,C009,P02,lett,9.0,box,36.0,B,2025-03-30,False,synthetic order line
O0002456,M000998,2025-03-30,C010,P02,lettuce,3.0,box,12.0,A,2025-03-30,False,synthetic order line
O0002457,M000993,2025-03-30,C005,P02,lettuce,1.0,box,4.0,A,2025-03-30,False,synthetic order line
O0002458,M001000,2025-03-30,C012,P02,lettuce,1.0,box,4.0,B,2025-03-30,True,synthetic order line
O0002459,M000999,2025-03-30,C011,P02,lettuces,8.0,kg,8.0,B,2025-03-30,False,synthetic order line
O0002460,M000992,2025-03-30,C004,P03,cucumber,77.0,kg,77.0,B,2025-03-30,False,synthetic order line
O0002461,M000990,2025-03-30,C002,P03,cucumber,2.0,box,12.0,A,2025-03-30,False,synthetic order line
O0002462,M000998,2025-03-30,C010,P04,strawberries,46.0,kg,46.0,A,2025-03-30,False,synthetic order line
O0002463,M000993,2025-03-30,C005,P04,strawberry,13.0,kg,13.0,B,2025-03-30,True,synthetic order line
O0002464,M000992,2025-03-30,C004,P05,bell pepper,6.0,kg,6.0,B,2025-03-30,True,synthetic order line
O0002465,M000995,2025-03-30,C007,P05,bell pepper,2.0,box,10.0,A,2025-03-30,False,synthetic order line
O0002466,M000994,2025-03-30,C006,P05,peppers,4.0,box,20.0,A,2025-03-30,False,synthetic order line
O0002467,M000991,2025-03-30,C003,P05,peppers,5.0,kg,5.0,A,2025-03-30,True,synthetic order line
O0002468,M000996,2025-03-30,C008,P05,peppers,16.0,kg,16.0,A,2025-03-30,False,synthetic order line
O0002469,M000994,2025-03-30,C006,P06,leaf spinach,5.0,crate,30.0,A,2025-03-30,False,synthetic order line
O0002470,M000993,2025-03-30,C005,P06,spin,6.0,kg,6.0,A,2025-03-30,False,synthetic order line
O0002471,M001000,2025-03-30,C012,P06,spinach,3.0,kg,3.0,A,2025-03-30,False,synthetic order line
O0002472,M000996,2025-03-30,C008,P06,leaf spinach,24.0,kg,24.0,B,2025-03-30,True,synthetic order line
O0002473,M000997,2025-03-30,C009,P07,car,83.0,kg,83.0,A,2025-03-30,False,synthetic order line
O0002474,M000993,2025-03-30,C005,P07,carrots,1.0,crate,16.0,A,2025-03-30,True,synthetic order line
O0002475,M000998,2025-03-30,C010,P07,carrot,14.0,kg,14.0,A,2025-03-30,False,synthetic order line
O0002476,M000999,2025-03-30,C011,P08,brocc,1.0,box,5.0,A,2025-03-30,False,synthetic order line
O0002477,M000992,2025-03-30,C004,P08,broc,1.0,box,5.0,B,2025-03-30,False,synthetic order line
O0002478,M000996,2025-03-30,C008,P08,broc,1.0,crate,10.0,B,2025-03-30,False,synthetic order line
O0002479,M001000,2025-03-30,C012,P08,broccoli,2.0,box,10.0,A,2025-03-30,False,synthetic order line
O0002480,M000990,2025-03-30,C002,P08,broccoli,18.0,kg,18.0,B,2025-03-30,True,synthetic order line
O0002481,M001009,2025-03-31,C009,P01,tomatoes,11.0,kg,11.0,A,2025-03-31,False,synthetic order line
O0002482,M001011,2025-03-31,C011,P01,tomato,9.0,kg,9.0,B,2025-03-31,True,synthetic order line
O0002483,M001001,2025-03-31,C001,P01,tomatoes,39.0,kg,39.0,A,2025-03-31,False,synthetic order line
O0002484,M001005,2025-03-31,C005,P01,toms,8.0,kg,8.0,A,2025-03-31,False,synthetic order line
O0002485,M001008,2025-03-31,C008,P01,toms,17.0,kg,17.0,A,2025-03-31,False,synthetic order line
O0002486,M001008,2025-03-31,C008,P02,lettuce,34.0,kg,34.0,A,2025-03-31,False,synthetic order line
O0002487,M001003,2025-03-31,C003,P02,lett,7.0,kg,7.0,A,2025-03-31,False,synthetic order line
O0002488,M001010,2025-03-31,C010,P02,lett,4.0,box,16.0,B,2025-03-31,False,synthetic order line
O0002489,M001001,2025-03-31,C001,P02,lettuces,7.0,kg,7.0,A,2025-03-31,False,synthetic order line
O0002490,M001010,2025-03-31,C010,P03,cucumber,8.0,kg,8.0,A,2025-03-31,False,synthetic order line
O0002491,M001002,2025-03-31,C002,P03,cuke,56.0,kg,56.0,A,2025-03-31,True,synthetic order line
O0002492,M001006,2025-03-31,C006,P03,cuke,51.0,kg,51.0,B,2025-03-31,True,synthetic order line
O0002493,M001009,2025-03-31,C009,P03,cucumbers,14.0,kg,14.0,A,2025-03-31,False,synthetic order line
O0002494,M001011,2025-03-31,C011,P03,cuke,9.0,kg,9.0,A,2025-03-31,False,synthetic order line
O0002495,M001006,2025-03-31,C006,P04,berries,11.0,box,33.0,A,2025-03-31,False,synthetic order line
O0002496,M001003,2025-03-31,C003,P04,strawberries,3.0,crate,18.0,B,2025-03-31,True,synthetic order line
O0002497,M001004,2025-03-31,C004,P04,berries,48.0,kg,48.0,A,2025-03-31,False,synthetic order line
O0002498,M001001,2025-03-31,C001,P05,peppers,3.0,box,15.0,B,2025-03-31,True,synthetic order line
O0002499,M001012,2025-03-31,C012,P05,peppers,7.0,box,35.0,B,2025-03-31,True,synthetic order line
O0002500,M001005,2025-03-31,C005,P05,peppers,7.0,kg,7.0,A,2025-03-31,True,synthetic order line
O0002501,M001007,2025-03-31,C007,P05,bell pepper,10.0,kg,10.0,B,2025-03-31,True,synthetic order line
O0002502,M001008,2025-03-31,C008,P06,spinach,8.0,box,24.0,B,2025-03-31,True,synthetic order line
O0002503,M001010,2025-03-31,C010,P06,spin,12.0,kg,12.0,A,2025-03-31,True,synthetic order line
O0002504,M001003,2025-03-31,C003,P06,spin,12.0,kg,12.0,A,2025-03-31,False,synthetic order line
O0002505,M001005,2025-03-31,C005,P06,leaf spinach,8.0,kg,8.0,B,2025-03-31,True,synthetic order line
O0002506,M001001,2025-03-31,C001,P07,car,7.0,kg,7.0,A,2025-03-31,False,synthetic order line
O0002507,M001009,2025-03-31,C009,P07,car,14.0,kg,14.0,B,2025-03-31,False,synthetic order line
O0002508,M001004,2025-03-31,C004,P07,car,2.0,box,16.0,B,2025-03-31,True,synthetic order line
O0002509,M001005,2025-03-31,C005,P07,carrot,18.0,kg,18.0,A,2025-03-31,False,synthetic order line
O0002510,M001007,2025-03-31,C007,P07,car,12.0,kg,12.0,A,2025-03-31,False,synthetic order line
O0002511,M001005,2025-03-31,C005,P08,brocc,1.0,box,5.0,B,2025-03-31,False,synthetic order line
O0002512,M001010,2025-03-31,C010,P08,broc,11.0,kg,11.0,A,2025-03-31,False,synthetic order line
O0002513,M001003,2025-03-31,C003,P08,brocc,9.0,kg,9.0,B,2025-03-31,True,synthetic order line
O0002514,M001009,2025-03-31,C009,P08,broccoli,17.0,kg,17.0,A,2025-03-31,False,synthetic order line
O0002515,M001008,2025-03-31,C008,P08,broc,24.0,kg,24.0,A,2025-03-31,True,synthetic order line
