message_id,allocation_date,authorized_customer_id,raw_message,message_difficulty,split,message_hash_sha256
M000001,2025-01-01,C001,"Please deliver 12 box tomatoes grade A, no substitutes; also 8 kg lett grade A, no substitutes; also 9 box strawberries grade A, no substitutes; also 15 kg capsicum grade B, no substitutes on 2025-01-01. Customer ref C001.",standard,development,edd9e3419fe5f24c4c64ab6fe11b7a34ce90e1d74a9f25a3bb8f0408421354a2
M000002,2025-01-01,C002,"Amendment - need 4 box cucumbers grade B, substitution OK; also 4 box strawberries grade A, no substitutes; also 15 kg bell pepper grade A, no substitutes; also 27 kg car grade B, substitution OK for 01/01; same delivery slot. Ref 02",hard,development,993e6cb3f021ed49daa6ffea4eac14d04c3cb398b6a1d36fd29be295c96b11bd
M000003,2025-01-01,C003,"Please deliver 54 kg lettuce grade B, substitution OK; also 8 kg spin grade B, substitution OK; also 45 kg broc grade A, no substitutes on 2025-01-01. Customer ref C003.",standard,development,f3f287b0a86442554a04609bd23128e80073240778924192127ea5ebbf60dd5a
M000004,2025-01-01,C004,"Hi team pls arrange 23 kg bell pepper grade A, no substitutes for 01/01; call if any issue. Ref 04",hard,development,0c79cc039b3b41721d8b100d405f10501f2e9504e1cd61133db9cd575a2ea0b9
M000005,2025-01-01,C005,"Please deliver 6 box tomatoes grade B, substitution OK; also 25 kg spin grade A, no substitutes; also 69 kg carrots grade A, no substitutes on 2025-01-01. Customer ref C005.",standard,development,8b494cc3268b90c5475eeaf8972c9df1a402c94ab1a7fdba6e3f82e6b5765113
M000006,2025-01-01,C006,"Please deliver 4 kg capsicum grade A, no substitutes on 2025-01-01. Customer ref C006.",standard,development,7e8e6359f04f313b3f2ece125659255ccd22ec05e4ac06acc6caf7564dd721bc
M000007,2025-01-01,C007,"Morning, can u send 10 kg tomato grade B, substitution OK for 01/01; same delivery slot. Ref 07",hard,development,54cd4d908386a3f46ed4a67c308acd0b876426a977d112ea63f56001064fc571
M000008,2025-01-01,C008,"Hi team pls arrange 22 kg cucumbers grade A, no substitutes; also 4 kg brocc grade A, substitution OK for 01/01; call if any issue. Ref 08",hard,development,2753e8f3a3fcae63451950b02dcc5adc3b20c0bfa1ce8b0a9ec92d1e0cab978a
M000009,2025-01-01,C009,"Morning, can u send 12 box tomatoes grade A, no substitutes for 01/01; confirm asap. Ref 09",hard,development,6ba7370d7d2080b7963fb31501dcc1262b1a2af55e0467e09da62205a1799a25
M000010,2025-01-01,C010,"Please deliver 16 kg berries grade A, no substitutes; also 11 kg spinach grade A, no substitutes; also 18 kg brocc grade A, no substitutes on 2025-01-01. Customer ref C010.",standard,development,16bd1cd67be491f39896c7bc05381681098ec43b02f4451095275c8e14ec2371
M000011,2025-01-01,C011,"Please deliver 58 kg cucumber grade A, no substitutes on 2025-01-01. Customer ref C011.",standard,development,4eb2d40f16c5c46b2450a42aaf9c4d6f6a17a84d564492877075775062e2ad32
M000012,2025-01-01,C012,"Please deliver 20 kg bell pepper grade B, substitution OK; also 19 kg car grade A, no substitutes; also 1 box broccoli grade A, substitution OK on 2025-01-01. Customer ref C012.",standard,development,41eb99099041ad1703c6f6bea82e0eaac43f70d0ca8ba52a856657917f9a2864
M000013,2025-01-02,C002,"Please deliver 39 kg lett grade B, substitution OK; also 3 kg strawberry grade A, no substitutes; also 12 kg peppers grade B, substitution OK; also 2 box spinach grade A, no substitutes; also 12 kg car grade B, no substitutes on 2025-01-02. Customer ref C002.",standard,development,d9dd977ea56fd52e490ab5281f9ddda965b10b2544a78c49388327a7c2022413
M000014,2025-01-02,C003,"Please deliver 3 box toms grade A, no substitutes; also 10 kg berries grade A, no substitutes; also 10 kg capsicum grade A, no substitutes; also 1 box carrots grade A, no substitutes on 2025-01-02. Customer ref C003.",standard,development,ed6f02400ef0a0855a00dc6a94cee3da2ce9a77fb1e9b900f3843e3be4bdbeb0
M000015,2025-01-02,C004,"Please deliver 19 kg tomatoes grade A, no substitutes; also 15 kg broc grade B, substitution OK on 2025-01-02. Customer ref C004.",standard,development,d648083117df570b4e654c405a41cfa59744040211b2aa1794f15a7192db16be
M000016,2025-01-02,C005,"Please deliver 91 kg cucumber grade A, no substitutes; also 14 kg berries grade B, substitution OK; also 20 kg carrots grade A, substitution OK on 2025-01-02. Customer ref C005.",standard,development,cbe13822f2332e99cdc5caa7dc717597ae91eb61d07269134acd383ff19eb1ed
M000017,2025-01-02,C006,"Amendment - need 24 kg spinach grade A, no substitutes; also 2 box carrots grade B, substitution OK for 02/01; call if any issue. Ref 06",hard,development,61a9996d1e982ddefead7de8d54414da694382eca91b3e9d37acb65f99cd799a
M000018,2025-01-02,C007,"Please deliver 66 kg lett grade A, no substitutes; also 3 box bell pepper grade B, no substitutes; also 20 kg broc grade B, no substitutes on 2025-01-02. Customer ref C007.",standard,development,bb26891f8d679e818cf31f48e8d52f976662bce95d3662c9aacced6222e3ae7a
M000019,2025-01-02,C008,"Amendment - need 1 crate strawberry grade B, no substitutes; also 2 crate spin grade B, substitution OK for 02/01; confirm asap. Ref 08",hard,development,940d8ec111d74de4cc28ab82d98ef30a90bf550d26381425a455ec566ae2ed83
M000020,2025-01-02,C009,"Please deliver 16 kg peppers grade A, no substitutes on 2025-01-02. Customer ref C009.",standard,development,5f344bfc79fadf6f7b3c3eb7b3ec948cb4a59c820d751eb5defb1574b27bceb1
M000021,2025-01-02,C010,"Please deliver 106 kg tomatoes grade A, no substitutes; also 3 crate cuke grade A, no substitutes on 2025-01-02. Customer ref C010.",standard,development,1b8726dbb60a3fbecb7127bc028dbcb4773f0bc26e35256f739565d64b243eff
M000022,2025-01-02,C011,"Please deliver 17 kg tomato grade B, no substitutes; also 34 kg carrot grade B, no substitutes on 2025-01-02. Customer ref C011.",standard,development,8bf130d9407cef64c2c1bc41292309a903d68346cce273e8e6a1152ce4dc206c
M000023,2025-01-02,C012,"Please deliver 12 kg strawberries grade A, no substitutes on 2025-01-02. Customer ref C012.",standard,development,268d84a4edb5c4231927e94318640041e161714c37cc2411c07be5733e4a7636
M000024,2025-01-03,C001,"Please deliver 27 kg lettuce grade B, no substitutes on 2025-01-03. Customer ref C001.",standard,development,d8743b34ab22671ded8721005d21dd2bcaa0dd6268c8f6711fa1a1018d4bf308
M000025,2025-01-03,C002,"Please deliver 4 box cuke grade B, substitution OK; also 16 kg peppers grade A, no substitutes on 2025-01-03. Customer ref C002.",standard,development,df84527fadbc1426b795f13ccb5d7fe0fbdc948158d543f27fbfb52df3021667
M000026,2025-01-03,C003,"Hi team pls arrange 4 crate capsicum grade A, no substitutes for 03/01; confirm asap. Ref 03",hard,development,f489a3ef08d9eb201b7e559c8c5a04e37911875ec3c8eeb0c1fd1081d450d80e
M000027,2025-01-03,C004,"Please deliver 6 crate spin grade A, no substitutes; also 15 kg car grade B, substitution OK; also 14 kg brocc grade B, no substitutes on 2025-01-03. Customer ref C004.",standard,development,9574642a67cb531c230761a9db23a233d65fc03e78d2820b88c6cf501aac6766
M000028,2025-01-03,C005,"Morning, can u send 17 box tomato grade A, no substitutes; also 15 box lettuce grade A, no substitutes for 03/01; confirm asap. Ref 05",hard,development,39b606f7bc12d552a316f7cdd907496f1f1962cb07f0beccdf7f6040ed8546ba
M000029,2025-01-03,C006,"Please deliver 3 crate lettuce grade B, substitution OK; also 3 kg spinach grade B, substitution OK; also 2 box carrot grade B, substitution OK on 2025-01-03. Customer ref C006.",standard,development,56adf5e91d46409ae4d5d8fc7b08a6e48e1309e7334dc755182e38c7a4e3bfb7
M000030,2025-01-03,C007,"Please deliver 2 crate spin grade B, substitution OK on 2025-01-03. Customer ref C007.",standard,development,864f8962eff1d6fd33c25a512c405cee243153b1b4ad587594a34e6b49cef64e
M000031,2025-01-03,C008,"Please deliver 1 box broccoli grade A, no substitutes on 2025-01-03. Customer ref C008.",standard,development,1fbf5f01c23cf866b9995301c23dc43581115ccda5e03cd6d2f8efadbb87c2e1
M000032,2025-01-03,C009,"Please deliver 21 kg cucumbers grade A, no substitutes; also 39 kg strawberries grade B, substitution OK; also 1 box spinach grade B, substitution OK; also 16 kg carrots grade A, no substitutes on 2025-01-03. Customer ref C009.",standard,development,9be77553aa324f25b803f5cf6b3d5ed232245547569e4ee22bb339818b76b891
M000033,2025-01-03,C010,"Hi team pls arrange 13 kg tomato grade A, no substitutes; also 1 crate cuke grade B, substitution OK; also 20 kg strawberry grade A, no substitutes; also 40 kg car grade B, no substitutes; also 74 kg broccoli grade A, substitution OK for 03/01; confirm asap. Ref 10",hard,development,b36e21ce6a7230a97aa86722f40d2ba9b9dfb134dced0300a84a06c884deedca
M000034,2025-01-03,C011,"Please deliver 1 crate cucumbers grade B, no substitutes on 2025-01-03. Customer ref C011.",standard,development,fc1f25ec08fdfc2f61a3eb0f3f5566e54116881dd7a89fa9ef79b8c565570bda
M000035,2025-01-03,C012,"Amendment - need 49 kg cuke grade A, no substitutes; also 12 kg capsicum grade A, substitution OK; also 6 kg spinach grade A, no substitutes; also 3 box carrot grade B, no substitutes for 03/01; same delivery slot. Ref 12",hard,development,223d3924fb7b6ef56832ed8834ee07542664857f81f4390138334a45bd120bb5
M000036,2025-01-04,C001,"Please deliver 36 kg lettuce grade B, substitution OK; also 6 crate cuke grade A, substitution OK; also 19 kg brocc grade A, no substitutes on 2025-01-04. Customer ref C001.",standard,development,f5014a56d5fe54509e28bbc6874163246de5e2aca04685f1de1954b6b2d16b55
M000037,2025-01-04,C002,"Please deliver 14 kg tomato grade A, no substitutes on 2025-01-04. Customer ref C002.",standard,development,aca66d73c14f693139708b22970cdd46e6f685a28eeea5f5045c3b400d3d7f5f
M000038,2025-01-04,C003,"Please deliver 38 kg tomato grade A, substitution OK; also 55 kg car grade A, substitution OK on 2025-01-04. Customer ref C003.",standard,development,bd7b91cda09a87eb97d50aba0871c4ecd735c2d0dff3c7286c2930d3252d55c5
M000039,2025-01-04,C004,"Please deliver 15 kg tomato grade A, no substitutes; also 29 kg broccoli grade A, no substitutes on 2025-01-04. Customer ref C004.",standard,development,e2b960e597fdfc0c460237a2827c0241568c357ce7805dbc897d9b4baaedd2d4
M000040,2025-01-04,C005,"Please deliver 4 kg brocc grade A, substitution OK on 2025-01-04. Customer ref C005.",standard,development,d3d025ba0e72cc8a312fced5bc021f9bc30759901ea293e497b5219e5ffb1e05
M000041,2025-01-04,C006,"Please deliver 12 box peppers grade A, no substitutes on 2025-01-04. Customer ref C006.",standard,development,78b94c2c52d56c779488c5f3451de5614091c825e2b0d2dd8792f8b87dbad6ae
M000042,2025-01-04,C007,"Amendment - need 10 box tomatoes grade A, no substitutes; also 7 kg lett grade A, no substitutes; also 26 kg strawberry grade A, no substitutes; also 3 crate bell pepper grade B, substitution OK for 04/01; confirm asap. Ref 07",hard,development,edb856abc7664d5d2dc3ad5ab79c6609c4605e572196697a3a9309f99551af07
M000043,2025-01-04,C008,"Amendment - need 67 kg berries grade A, no substitutes; also 41 kg leaf spinach grade A, no substitutes for 04/01; same delivery slot. Ref 08",hard,development,12f75d829e3474ab06cf04464a030e178b56909b0d7fd439ef4479ecfbb430eb
M000044,2025-01-04,C009,"Amendment - need 46 kg cucumbers grade A, no substitutes; also 15 box spin grade B, substitution OK for 04/01; call if any issue. Ref 09",hard,development,8fd232fb7be9f6e5cdfad3ed7f62f57edb05825c1c7369bbf496f6e7f12b211d
M000045,2025-01-04,C010,"Please deliver 4 box carrot grade A, no substitutes on 2025-01-04. Customer ref C010.",standard,development,2e894aaef2339ed067d9b50331c285fff62e13af67061f728cfe166655d0d41e
M000046,2025-01-04,C011,"Please deliver 1 box tomato grade B, substitution OK on 2025-01-04. Customer ref C011.",standard,development,1159c5d7cfc25a5bc6aeba85c4140fbe1ef2407491b0b2850d7de124c86a694f
M000047,2025-01-04,C012,"Morning, can u send 26 kg leaf spinach grade B, substitution OK for 04/01; call if any issue. Ref 12",hard,development,dc9518c344ad59f8ec2aa8464ed2a574466e46f3f96d4913281aadae2b0ccba7
M000048,2025-01-05,C001,"Please deliver 25 kg lett grade B, substitution OK; also 15 kg strawberry grade A, no substitutes; also 1 box bell pepper grade B, substitution OK; also 8 kg spinach grade A, no substitutes; also 5 kg car grade A, no substitutes on 2025-01-05. Customer ref C001.",standard,development,1f80ff5319e988fe6e02232d96acd274dfdc68020091d402abe37ea2ad3cd567
M000049,2025-01-05,C002,"Hi team pls arrange 3 box car grade A, substitution OK; also 51 kg broccoli grade B, no substitutes for 05/01; call if any issue. Ref 02",hard,development,779d3172dba16d47f9dd466da786a8f8429a7898c286e23e1a6c77a2a21f22b4
M000050,2025-01-05,C003,"Hi team pls arrange 3 kg tomato grade B, substitution OK; also 6 box lettuce grade A, no substitutes; also 25 kg cucumbers grade B, no substitutes; also 13 crate strawberry grade B, substitution OK for 05/01; confirm asap. Ref 03",hard,development,80416fddaed81fb699ed2df2dd8d72ca24cff412ea22ccccc3dc31de105e1e05
M000051,2025-01-05,C004,"Please deliver 4 box tomato grade B, substitution OK; also 22 kg lettuces grade A, no substitutes on 2025-01-05. Customer ref C004.",standard,development,968400b62382723fcf6a42418eea121d1a64811590ac483e19846ca46513a2fa
M000052,2025-01-05,C005,"Please deliver 5 kg car grade B, substitution OK on 2025-01-05. Customer ref C005.",standard,development,ef9dbfeafabdfcda9a3e6889a269e83317fad8cd08da945ded637a10a55deacd
M000053,2025-01-05,C006,"Please deliver 3 kg strawberry grade A, substitution OK; also 32 kg peppers grade A, substitution OK on 2025-01-05. Customer ref C006.",standard,development,daad41d792403445af68fa6007e0bd9f851c0667d47e296a1eecc16c92fa901e
M000054,2025-01-05,C007,"Please deliver 3 kg capsicum grade A, no substitutes; also 8 box leaf spinach grade B, substitution OK; also 18 kg broc grade B, substitution OK on 2025-01-05. Customer ref C007.",standard,development,4ae7f9d4d66875bd0918fbb2520ef8c9e64abafd59ecc7e58eb63acc05873bea
M000055,2025-01-05,C008,"Please deliver 33 kg tomato grade B, no substitutes; also 63 kg cucumber grade B, substitution OK; also 12 kg bell pepper grade B, substitution OK; also 66 kg broccoli grade B, substitution OK on 2025-01-05. Customer ref C008.",standard,development,a0d79c06d9b5bbad1be61fa6c96390c5643c6e8a42ad0980c765f6743a48ab15
M000056,2025-01-05,C009,"Amendment - need 1 crate tomatoes grade B, no substitutes; also 16 kg lettuce grade B, substitution OK; also 20 kg cucumbers grade A, no substitutes for 05/01; confirm asap. Ref 09",hard,development,7e1f00919d26338b6607695a33f9ca1a03a2ce82e1962948751df3930b3650cd
M000057,2025-01-05,C011,"Hi team pls arrange 19 kg tomato grade B, substitution OK; also 14 box cucumber grade B, no substitutes; also 21 kg car grade A, substitution OK for 05/01; same delivery slot. Ref 11",hard,development,b194c8afa0dc08a0a80216586e1c1f61e2efddc156af01603fa9bb789bc63188
M000058,2025-01-05,C012,"Please deliver 13 kg lettuce grade A, no substitutes; also 3 kg cuke grade B, substitution OK; also 13 kg bell pepper grade A, no substitutes; also 7 kg spinach grade A, no substitutes; also 5 box carrots grade B, substitution OK on 2025-01-05. Customer ref C012.",standard,development,de3a78e3c485b84af84ed0498d48987ffff5818399074e56837b03bc36e66476
M000059,2025-01-06,C001,"Please deliver 13 kg bell pepper grade B, substitution OK on 2025-01-06. Customer ref C001.",standard,development,b5adcea35409b7fb075878bd19adcbd23a6e4943a0525c3de7a54ed695f5bacb
M000060,2025-01-06,C002,"Please deliver 29 kg broc grade B, no substitutes on 2025-01-06. Customer ref C002.",standard,development,2b3ab1e4891b3a7cdabe458543cbcf9e922b8bc7aa679441d8f46904b75076fc
M000061,2025-01-06,C003,"Please deliver 32 kg tomato grade A, no substitutes; also 28 kg cucumbers grade A, no substitutes; also 15 kg strawberry grade B, substitution OK; also 2 crate peppers grade A, no substitutes; also 23 kg car grade A, no substitutes; also 34 kg broc grade A, no substitutes on 2025-01-06. Customer ref C003.",standard,development,d0ff1fc7ce5fbb3db053cf528a48de609862a1ddcdbb5ef590d583b5d9f9a110
M000062,2025-01-06,C004,"Please deliver 1 box toms grade A, no substitutes; also 3 box cuke grade B, no substitutes; also 9 kg capsicum grade B, no substitutes; also 17 kg broccoli grade B, substitution OK on 2025-01-06. Customer ref C004.",standard,development,6085806b66f954056385649dc2b6c3e80f978c0da4860b5e6508c8574323cf1a
M000063,2025-01-06,C005,"Please deliver 19 kg cuke grade B, substitution OK; also 5 crate carrots grade B, substitution OK on 2025-01-06. Customer ref C005.",standard,development,d28e6a38770c4282673eab8954e205bdc199f5c7c75e356af6d7b37d8b1e210a
M000064,2025-01-06,C006,"Please deliver 3 kg berries grade A, no substitutes on 2025-01-06. Customer ref C006.",standard,development,57061a9d516d7e626d545f47c606062211b84aaada2e7c40c4d15d957eb36aa4
M000065,2025-01-06,C007,"Please deliver 20 kg tomato grade A, no substitutes; also 13 kg spinach grade A, no substitutes; also 6 kg broc grade B, substitution OK on 2025-01-06. Customer ref C007.",standard,development,7be5033586fbff72f9108551f7e3a222e33a0d4ae4295a7154c79228b7107195
M000066,2025-01-06,C008,"Amendment - need 20 kg lettuce grade B, substitution OK; also 42 kg cucumbers grade B, no substitutes for 06/01; call if any issue. Ref 08",hard,development,364d2a6eef91dceafc3c568a52875dbc39fe38be5914bbe962b2de6ee03e3e41
M000067,2025-01-06,C009,"Please deliver 6 kg toms grade A, no substitutes; also 4 crate spin grade B, substitution OK; also 7 kg car grade A, no substitutes on 2025-01-06. Customer ref C009.",standard,development,3254aa7c93518f5bd3176e7c77b555aca9656566a996df0c91186fa449b7829f
M000068,2025-01-06,C010,"Please deliver 37 kg cucumber grade B, substitution OK; also 22 kg broccoli grade B, substitution OK on 2025-01-06. Customer ref C010.",standard,development,aed950fa0204742574598367ec5cb746ccbc7a8df1a20d7404f30e3352dedd52
M000069,2025-01-06,C011,"Please deliver 66 kg lett grade A, no substitutes; also 15 kg strawberry grade A, no substitutes on 2025-01-06. Customer ref C011.",standard,development,52bd95bede413028daf3d47e6300d1292d71871672f9901221c9a365dc82f03d
M000070,2025-01-06,C012,"Please deliver 25 kg tomato grade A, no substitutes; also 3 box lettuce grade A, no substitutes on 2025-01-06. Customer ref C012.",standard,development,074a1d2ca77ad0b0877b1bd712ebf58377556d00e68082676fe06b8c581b1262
M000071,2025-01-07,C001,"Please deliver 54 kg tomato grade B, no substitutes; also 58 kg cucumbers grade B, no substitutes; also 13 kg strawberry grade B, substitution OK; also 28 kg leaf spinach grade B, no substitutes on 2025-01-07. Customer ref C001.",standard,development,31f8454172237d52d154a32e3191b1a3113152571a720f3f50b0a487bda607b3
M000072,2025-01-07,C002,"Please deliver 17 kg cucumbers grade B, substitution OK; also 6 kg strawberry grade B, substitution OK on 2025-01-07. Customer ref C002.",standard,development,0f1aa48e77c849e94058e00528a8d09f724501d6bf17f0b997b38dd38c8727db
M000073,2025-01-07,C003,"Hi team pls arrange 3 kg lett grade A, no substitutes; also 1 crate bell pepper grade B, substitution OK; also 8 kg brocc grade B, substitution OK for 07/01; call if any issue. Ref 03",hard,development,5b4e1c8570759084c5dd51bb96603e4f8c377e6d68c5b9041ffeec2ed0691cc0
M000074,2025-01-07,C004,"Morning, can u send 9 kg spin grade A, no substitutes; also 13 kg brocc grade A, substitution OK for 07/01; same delivery slot. Ref 04",hard,development,563e4cac05f2f2f473f3336d6e0caab5d9bb20bd2a95aef514ade5d777e722e4
M000075,2025-01-07,C005,"Please deliver 15 kg spinach grade B, no substitutes on 2025-01-07. Customer ref C005.",standard,development,fcbc2940651892914b1d0b542b3e9b0e491400231ecbf9660bbd7f0e966ccf3d
M000076,2025-01-07,C006,"Please deliver 20 kg lett grade A, no substitutes; also 1 crate strawberries grade B, substitution OK; also 2 box capsicum grade A, no substitutes; also 4 crate carrot grade B, substitution OK; also 14 kg broccoli grade A, no substitutes on 2025-01-07. Customer ref C006.",standard,development,e2d412161066eafb08ecb2acaac6fe9e6eb1a553cf85d9eaf3e90542c47036ea
M000077,2025-01-07,C007,"Please deliver 4 crate peppers grade A, no substitutes; also 19 kg broccoli grade B, substitution OK on 2025-01-07. Customer ref C007.",standard,development,bdbdda3315f390422e41a6a0735fa6964d2f568ad37a22eceba043ed00b8890a
M000078,2025-01-07,C008,"Please deliver 14 kg tomatoes grade A, no substitutes; also 23 kg cucumbers grade B, no substitutes; also 7 kg strawberries grade A, no substitutes; also 1 crate broc grade A, no substitutes on 2025-01-07. Customer ref C008.",standard,development,362b841b0189f7414a664141f4aea176ed0f6fdafb8e66351121a2f7d141f4a0
M000079,2025-01-07,C009,"Please deliver 4 kg tomato grade B, no substitutes; also 6 kg lettuces grade A, no substitutes; also 3 crate spin grade B, no substitutes on 2025-01-07. Customer ref C009.",standard,development,ea0a3dc09a6949378e2bdc5780012703220805b54b38cbce8b7d61f6077f9d60
M000080,2025-01-07,C010,"Please deliver 10 kg toms grade B, no substitutes; also 21 kg lettuce grade B, substitution OK; also 2 box cucumbers grade A, no substitutes; also 3 box strawberries grade A, no substitutes; also 7 kg spinach grade B, substitution OK on 2025-01-07. Customer ref C010.",standard,development,655cc07e500c0f7dc9df5609c08a9e5d8bce49ad164e29656b524a354585fda9
M000081,2025-01-07,C011,"Please deliver 13 kg lettuces grade B, substitution OK; also 7 box carrot grade A, no substitutes on 2025-01-07. Customer ref C011.",standard,development,9dbef33bb2725f2e9b98c4eb9916df39a99563c2d73f8ba23a78f453073d454a
M000082,2025-01-08,C001,"Please deliver 4 box lettuce grade B, substitution OK; also 7 kg cuke grade B, substitution OK on 2025-01-08. Customer ref C001.",standard,development,3ef9f732effea48258d9a2c6bf4933c441bd08d173ef378c5c862615641d35b9
M000083,2025-01-08,C002,"Please deliver 1 crate strawberries grade B, no substitutes; also 3 box carrots grade A, no substitutes; also 21 kg brocc grade A, no substitutes on 2025-01-08. Customer ref C002.",standard,development,216d343fc59bdfdeee8bed547052f3d83e488d9f7f08655a5dd3d28aee3efa71
M000084,2025-01-08,C003,"Please deliver 71 kg peppers grade B, substitution OK; also 12 kg leaf spinach grade A, no substitutes on 2025-01-08. Customer ref C003.",standard,development,648520ef356ed0ff340292632e869381aa80b9df489885805c8c22d055c98169
M000085,2025-01-08,C004,"Please deliver 19 kg capsicum grade B, no substitutes; also 8 kg car grade B, substitution OK; also 3 box broccoli grade A, no substitutes on 2025-01-08. Customer ref C004.",standard,development,81b8432c5e9d1e3f8cf0373eec5b9330423d79bcc8e1751c0676332dfcf0718d
M000086,2025-01-08,C005,"Amendment - need 19 kg tomato grade B, substitution OK; also 12 kg cuke grade A, no substitutes; also 10 box berries grade B, substitution OK; also 6 box spin grade B, substitution OK for 08/01; call if any issue. Ref 05",hard,development,76039e8d17302bdb60c458c3b684c2832aceec7300951799866707331d4658d4
M000087,2025-01-08,C006,"Morning, can u send 12 box tomato grade A, no substitutes; also 27 kg lett grade A, no substitutes; also 6 kg spinach grade B, substitution OK; also 38 kg carrots grade B, no substitutes for 08/01; call if any issue. Ref 06",hard,development,e4e8b26cd70dba2e12efddbd742d593e6c9ea78576126072b581d985ea65e8c9
M000088,2025-01-08,C008,"Please deliver 17 kg toms grade B, no substitutes; also 2 box cucumbers grade A, no substitutes; also 4 box broc grade B, substitution OK on 2025-01-08. Customer ref C008.",standard,development,45bb648e6bc40d777798f446b81008056fd3f5177ff48b812fb0266ab821798a
M000089,2025-01-08,C009,"Please deliver 45 kg tomatoes grade A, no substitutes; also 7 kg spin grade B, substitution OK on 2025-01-08. Customer ref C009.",standard,development,d6d3c2da6e301d46aed633538f8a69ae82afcd9a89d0a98d5199e370899d0ced
M000090,2025-01-08,C010,"Please deliver 11 kg tomatoes grade A, no substitutes; also 27 kg cucumbers grade B, substitution OK; also 15 kg broc grade A, no substitutes on 2025-01-08. Customer ref C010.",standard,development,9d7afa9b1ba0578f3d26064f4dcc42e5e31c9e73ee9be24593d517d321353f4e
M000091,2025-01-08,C011,"Hi team pls arrange 4 crate cucumbers grade B, substitution OK; also 6 kg strawberries grade B, substitution OK; also 88 kg carrot grade A, no substitutes for 08/01; same delivery slot. Ref 11",hard,development,819095c4e20f203506bbcc499be5249309c2fd3c135a8ac7c03fd5077696e6cc
M000092,2025-01-08,C012,"Please deliver 11 kg lettuce grade B, no substitutes; also 15 kg peppers grade A, no substitutes; also 8 box spin grade A, no substitutes on 2025-01-08. Customer ref C012.",standard,development,efc477cff43eccdd2f60d3d2aa96b19296d834347f9e56c8661e27435d9a4a32
M000093,2025-01-09,C001,"Amendment - need 2 box strawberry grade B, substitution OK; also 24 kg leaf spinach grade B, substitution OK for 09/01; confirm asap. Ref 01",hard,development,80b44d450012338260eff3bf9342a7b73c56a1c81c8eb204c5fa061fd13e9438
M000094,2025-01-09,C002,"Please deliver 8 crate tomato grade A, no substitutes; also 6 box lettuce grade A, no substitutes; also 23 kg car grade A, no substitutes; also 35 kg broc grade A, no substitutes on 2025-01-09. Customer ref C002.",standard,development,05da4054fefc1483670416156ef80b870748680a74f573607092291b4ea1380d
M000095,2025-01-09,C003,"Please deliver 26 kg peppers grade B, substitution OK; also 6 box leaf spinach grade B, substitution OK; also 48 kg carrots grade B, substitution OK on 2025-01-09. Customer ref C003.",standard,development,d1210b9010bd5698fe2511c47633884e474c1074352cb15230ee72649485cd09
M000096,2025-01-09,C004,"Please deliver 3 kg berries grade A, substitution OK; also 19 kg peppers grade B, substitution OK on 2025-01-09. Customer ref C004.",standard,development,22f8a93bd13702eb2d490fa7d89dd34aaf1c4aa92b3ac5ca98b714b9756ccf76
M000097,2025-01-09,C005,"Please deliver 59 kg tomato grade A, no substitutes; also 31 kg lettuces grade A, no substitutes; also 5 box broccoli grade B, substitution OK on 2025-01-09. Customer ref C005.",standard,development,3f2cd0cba7bd285ec96a6dca5eab03e559d3d5377830c7f3368ea5b1dd6b2564
M000098,2025-01-09,C006,"Amendment - need 26 kg lettuce grade A, no substitutes for 09/01; call if any issue. Ref 06",hard,development,9ef1f5950b255b5ce3837ba2f7f33f5906bae43dedae17a360425e05e54bb03f
M000099,2025-01-09,C007,"Hi team pls arrange 24 kg berries grade A, no substitutes; also 19 kg peppers grade A, no substitutes; also 21 kg spin grade A, no substitutes; also 3 crate car grade A, no substitutes for 09/01; call if any issue. Ref 07",hard,development,5fe230207cd74d6d31eed277a3179fd7f8c58f51699cf036ddcac92920c5065e
M000100,2025-01-09,C008,"Hi team pls arrange 20 kg lett grade B, no substitutes; also 55 kg cucumber grade B, substitution OK; also 2 box berries grade B, substitution OK for 09/01; same delivery slot. Ref 08",hard,development,4c7362ef115dfcb73fcd612ad75d3850de27fd50cd73d15cc7288b991af99f48
M000101,2025-01-09,C009,"Please deliver 10 kg broc grade B, no substitutes on 2025-01-09. Customer ref C009.",standard,development,5a87027f8ef2d85dc41348138bc5035e1c8f3df80e819ff1f39b5c5c7b8bf57e
M000102,2025-01-09,C010,"Please deliver 8 kg lett grade B, substitution OK; also 3 crate strawberries grade A, no substitutes on 2025-01-09. Customer ref C010.",standard,development,43411319187d40f08577039b5f984d559f6deffb64cebec7aa33792f4c09d25f
M000103,2025-01-09,C011,"Please deliver 14 kg capsicum grade B, substitution OK on 2025-01-09. Customer ref C011.",standard,development,22900f6af859ca3ba7505e8b9a606050abdab92ecdd121a4e91856f97173398e
M000104,2025-01-09,C012,"Please deliver 39 kg cucumbers grade A, no substitutes on 2025-01-09. Customer ref C012.",standard,development,e4b8c898aba5bdc6ef9133cb5479cfcf2b02af1b4bc00dd2546be38cb381d2aa
M000105,2025-01-10,C001,"Hi team pls arrange 8 box berries grade A, no substitutes for 10/01; call if any issue. Ref 01",hard,development,f4709cc6dbeb5ada6ff823c34878792439347c52a7762ebb0218a9d109aa464f
M000106,2025-01-10,C002,"Please deliver 63 kg tomato grade B, substitution OK; also 27 kg lett grade B, substitution OK; also 18 kg cucumber grade A, no substitutes on 2025-01-10. Customer ref C002.",standard,development,df015c2652fe00298398bb54458527ca8b663d35b7cb002edc18ad728713edbf
M000107,2025-01-10,C003,"Please deliver 19 kg spin grade A, no substitutes; also 19 kg car grade B, substitution OK on 2025-01-10. Customer ref C003.",standard,development,6e806e607a7f358ca09ba29fdd5807ba9a08787a75c908254a2d41ff71aa2f6e
M000108,2025-01-10,C004,"Please deliver 3 box lettuce grade B, substitution OK; also 11 kg strawberry grade B, substitution OK; also 13 kg spinach grade B, substitution OK; also 26 kg carrot grade B, no substitutes on 2025-01-10. Customer ref C004.",standard,development,cfa9d594f2e5f21f7af59107671d90c683741f5399357bc1e4e69215f1eca7e7
M000109,2025-01-10,C006,"Please deliver 44 kg tomatoes grade A, no substitutes; also 36 kg peppers grade A, no substitutes on 2025-01-10. Customer ref C006.",standard,development,c08103e88743528645bc3f12e5790c88facb41a6525e7062c6730ccf44b5936a
M000110,2025-01-10,C008,"Amendment - need 14 kg cuke grade B, substitution OK; also 50 kg capsicum grade A, no substitutes; also 30 kg spinach grade A, no substitutes; also 10 box broccoli grade A, no substitutes for 10/01; call if any issue. Ref 08",hard,development,08469bb79f8c75218609734162ccd12e4f0c44a1a67a4cd520bf78794b207379
M000111,2025-01-10,C009,"Amendment - need 9 box lett grade A, no substitutes; also 22 kg carrots grade A, no substitutes for 10/01; call if any issue. Ref 09",hard,development,396cdca74043f705aee94b95ae21a0c7a4a5b5a85d7d77b4fdb21b1f7df08e5a
M000112,2025-01-10,C010,"Please deliver 48 kg cuke grade B, substitution OK; also 36 kg berries grade A, no substitutes on 2025-01-10. Customer ref C010.",standard,development,581a23fda77e91942eb98b33d867e53cf03617accfa1d59b713718f09048d5f2
M000113,2025-01-10,C011,"Please deliver 4 box spin grade A, substitution OK; also 82 kg carrots grade A, no substitutes; also 32 kg brocc grade B, substitution OK on 2025-01-10. Customer ref C011.",standard,development,b320c0d206e3e8dd8576f8f7d6d633ae2b898fc65d3e682a0235502a78cf70b1
M000114,2025-01-11,C001,"Amendment - need 25 kg tomatoes grade A, no substitutes; also 44 kg cucumber grade A, no substitutes; also 5 kg leaf spinach grade B, substitution OK for 11/01; same delivery slot. Ref 01",hard,development,341a82a773a4dc3269dd97d8441a33f022be51c869fafce67a4b5e4d09c13d81
M000115,2025-01-11,C002,"Please deliver 12 kg tomatoes grade A, no substitutes; also 5 kg lett grade B, substitution OK; also 3 kg bell pepper grade B, no substitutes; also 4 box broccoli grade B, substitution OK on 2025-01-11. Customer ref C002.",standard,development,03278bc94b3459be7f2c2715d8ce4dbbf3407cc1b44f9b13bcd7742530336174
M000116,2025-01-11,C003,"Please deliver 55 kg cucumbers grade B, substitution OK on 2025-01-11. Customer ref C003.",standard,development,ce2a3be4332a595fc7d607e07aba5e9aaaa356d54a061a8d33823f64a0bc9c51
M000117,2025-01-11,C004,"Morning, can u send 2 crate strawberry grade A, no substitutes; also 5 box bell pepper grade A, no substitutes; also 4 kg spin grade B, substitution OK; also 3 kg brocc grade A, no substitutes for 11/01; confirm asap. Ref 04",hard,development,e17bfa6cb13d6da4c381812b01418fd7f7b69491875f1be54161de4dbe954dc3
M000118,2025-01-11,C005,"Morning, can u send 10 kg capsicum grade B, substitution OK; also 29 kg carrot grade A, no substitutes for 11/01; call if any issue. Ref 05",hard,development,1e23a6b807abcaf4b03a6f5c1ad42664aa3eef4b25b32c77b74ce7119d108202
M000119,2025-01-11,C006,"Please deliver 24 kg toms grade A, no substitutes; also 1 crate spin grade A, no substitutes on 2025-01-11. Customer ref C006.",standard,development,0db3e0411557911eb551e1019cff74e2c4dcf8f7f11147b5a1feb0f8342b7bd6
M000120,2025-01-11,C007,"Hi team pls arrange 18 kg peppers grade B, substitution OK; also 14 kg spinach grade A, substitution OK; also 3 box broccoli grade B, substitution OK for 11/01; same delivery slot. Ref 07",hard,development,af2cd3c7d7058ab8d559c86ea38e244a44b75e7ed3b55376e37aee52b53a0d80
M000121,2025-01-11,C008,"Amendment - need 13 kg spinach grade A, substitution OK; also 10 kg carrot grade B, substitution OK for 11/01; call if any issue. Ref 08",hard,development,59d9f1b7b78a54e356df011f72b9b110edfda18e7acd614ed964639ea01a22f4
M000122,2025-01-11,C009,"Hi team pls arrange 61 kg toms grade B, substitution OK; also 30 kg carrot grade B, substitution OK for 11/01; confirm asap. Ref 09",hard,development,9ce5e633a023f344e4c201d44264875c82a50b4de85f551c5d73ee988cfe7ae4
M000123,2025-01-11,C010,"Please deliver 13 kg tomato grade A, no substitutes; also 8 box strawberries grade A, no substitutes on 2025-01-11. Customer ref C010.",standard,development,660d4b52e58334c3a5a0f75fa6b6744be3d77cc0d2b5fff67511afbffcfe5c91
M000124,2025-01-11,C011,"Please deliver 72 kg lett grade B, substitution OK; also 9 box carrot grade B, no substitutes on 2025-01-11. Customer ref C011.",standard,development,1ac8d9228266b5451914b24fa8257e15d2e41b9c90ca8580b2cba97a462f5567
M000125,2025-01-11,C012,"Please deliver 55 kg lettuces grade A, no substitutes; also 3 kg brocc grade B, no substitutes on 2025-01-11. Customer ref C012.",standard,development,5bb16e6ab61c5f44f2c1682845a13d551e8640f19e8cb9e060b75d9482076221
M000126,2025-01-12,C001,"Please deliver 5 kg strawberry grade A, no substitutes; also 11 kg capsicum grade B, no substitutes; also 18 kg spinach grade A, no substitutes on 2025-01-12. Customer ref C001.",standard,development,f2e796a7c5d9472bb126bc98da4fe5df93ac736c358eedca321009f1733675fd
M000127,2025-01-12,C002,"Please deliver 27 kg toms grade A, no substitutes; also 5 crate carrots grade B, substitution OK on 2025-01-12. Customer ref C002.",standard,development,0ae202c9d067acba6421a5c1249ed85b42ce8b72859285ca3067c8d14295ec4e
M000128,2025-01-12,C003,"Hi team pls arrange 46 kg tomato grade B, no substitutes; also 34 kg lett grade B, no substitutes; also 14 kg cuke grade B, no substitutes; also 25 kg strawberry grade B, substitution OK; also 6 kg broccoli grade A, no substitutes for 12/01; call if any issue. Ref 03",hard,development,232b8df70dd64a3ff6628cc447e9a2474ac9336db221cd0debee8069649104ad
M000129,2025-01-12,C004,"Please deliver 45 kg tomatoes grade A, no substitutes; also 4 crate spinach grade A, substitution OK; also 37 kg carrots grade B, substitution OK on 2025-01-12. Customer ref C004.",standard,development,3c2167671e0a8aea33b07db1c16795959cf44f9f7eb361dbd5d4048bc16769c1
M000130,2025-01-12,C005,"Hi team pls arrange 19 kg cucumber grade A, no substitutes for 12/01; same delivery slot. Ref 05",hard,development,0c3ec0f9652c1fd39cf54155dfc70d48806b89ade02223548827cfb917135841
M000131,2025-01-12,C006,"Please deliver 20 kg tomatoes grade A, no substitutes; also 4 crate cucumber grade A, no substitutes; also 7 box strawberries grade A, substitution OK; also 6 kg peppers grade A, no substitutes; also 3 kg leaf spinach grade A, no substitutes on 2025-01-12. Customer ref C006.",standard,development,40467aa8838a3a309d9175c5de83fcb6a823f351b6aeee60c814eb959b14641c
M000132,2025-01-12,C007,"Morning, can u send 60 kg lettuces grade B, substitution OK; also 15 kg capsicum grade B, substitution OK for 12/01; same delivery slot. Ref 07",hard,development,3c4f5f45f4fcb4ccf6940ccdf2652a4ce75bf81fed07d7da171f320f35e9dd08
M000133,2025-01-12,C008,"Please deliver 11 kg toms grade B, no substitutes; also 20 kg leaf spinach grade A, no substitutes; also 3 kg broccoli grade A, substitution OK on 2025-01-12. Customer ref C008.",standard,development,0fc4432146e62d86159a76f93d1c4bce776bf930a0cb36a20bdc53c777c8c6f8
M000134,2025-01-12,C009,"Please deliver 45 kg cucumbers grade A, substitution OK; also 13 kg berries grade A, no substitutes; also 17 kg peppers grade A, no substitutes on 2025-01-12. Customer ref C009.",standard,development,30bb680b3fea1e93e3665040c64c8d0340b7beb3d9debaa38e6696a5b88d76c9
M000135,2025-01-12,C010,"Please deliver 37 kg lettuce grade A, substitution OK; also 3 kg berries grade B, no substitutes; also 1 crate capsicum grade A, no substitutes; also 32 kg brocc grade B, no substitutes on 2025-01-12. Customer ref C010.",standard,development,dfa2c12b0dc85ed98fed0d2c3642e8afc59a86b16b630831f4238068dd2e895a
M000136,2025-01-12,C011,"Please deliver 3 kg broccoli grade B, substitution OK on 2025-01-12. Customer ref C011.",standard,development,7d38b56025857af6024cb5a0483d7eed2e8780b0b58064d677523f051dfcb1b4
M000137,2025-01-12,C012,"Please deliver 6 kg cucumbers grade B, substitution OK; also 7 box carrots grade B, no substitutes on 2025-01-12. Customer ref C012.",standard,development,3ed442bab921d6f147adbca0605ee26e1795b72e55b357f12e072167f8c84445
M000138,2025-01-13,C001,"Morning, can u send 20 kg bell pepper grade B, substitution OK; also 2 crate spin grade A, no substitutes; also 2 crate carrots grade A, substitution OK for 13/01; same delivery slot. Ref 01",hard,development,7c5dcf765e0567466b4a238556daad2ac80f30509913051208a8fbd767d127b1
M000139,2025-01-13,C002,"Please deliver 6 kg spinach grade B, substitution OK; also 22 kg car grade B, substitution OK; also 7 kg broccoli grade B, substitution OK on 2025-01-13. Customer ref C002.",standard,development,30b7847291e7db02692f4591e97051561c9e411220ef6658c70ff5e52ffb65ea
M000140,2025-01-13,C003,"Amendment - need 5 kg toms grade A, no substitutes; also 12 kg cucumber grade A, no substitutes for 13/01; call if any issue. Ref 03",hard,development,e50416351c403ba89995f4c76098c41b1fa9bb7b69bcc1789ce21ede84631ae8
M000141,2025-01-13,C004,"Please deliver 19 kg tomato grade B, no substitutes; also 53 kg strawberries grade B, substitution OK; also 9 box broccoli grade B, substitution OK on 2025-01-13. Customer ref C004.",standard,development,6e24268bd7533fc3844aaae2fdcbe9f3d5efc6b320913b2dd4d144d1e84ccf4a
M000142,2025-01-13,C005,"Please deliver 4 crate lettuce grade A, no substitutes; also 5 box capsicum grade A, no substitutes; also 10 kg leaf spinach grade A, no substitutes on 2025-01-13. Customer ref C005.",standard,development,f1231356b47d70367094546c46529fa0ffd2b0b18e08e974d9a7b0ffa4a9856f
M000143,2025-01-13,C006,"Please deliver 15 kg tomatoes grade B, substitution OK on 2025-01-13. Customer ref C006.",standard,development,23c00eee06ab8621b4fd6b92a2d93fe658839b17f22ad60ff235afc82511a783
M000144,2025-01-13,C007,"Please deliver 16 kg tomato grade A, no substitutes; also 9 kg bell pepper grade A, no substitutes on 2025-01-13. Customer ref C007.",standard,development,44147930b25ed6d0a19d9c0590f44b0b2641ca94d6fde29650923f38e28505ca
M000145,2025-01-13,C008,"Morning, can u send 27 kg bell pepper grade B, substitution OK; also 3 crate leaf spinach grade A, no substitutes for 13/01; confirm asap. Ref 08",hard,development,cf1496288c5207c5b581af4772e4b726a8694e5d52338857d6f4020e1986ee1e
M000146,2025-01-13,C010,"Amendment - need 21 kg cucumbers grade A, no substitutes for 13/01; call if any issue. Ref 10",hard,development,814950a1e0fd228fa944a3427abe64b6ae22c42e24f537fccd63fea2a5e4b5bd
M000147,2025-01-13,C011,"Please deliver 9 kg tomato grade B, substitution OK; also 3 crate lettuce grade B, substitution OK; also 5 kg strawberry grade A, no substitutes; also 21 kg carrot grade B, no substitutes; also 1 box broc grade A, no substitutes on 2025-01-13. Customer ref C011.",standard,development,e808aabc48c495c76a724ec8a7dfd3a83042bf3b771893dbc4f9ded0fbcd4be6
M000148,2025-01-13,C012,"Amendment - need 9 box cuke grade A, no substitutes for 13/01; same delivery slot. Ref 12",hard,development,9253f546da5ca17e1e10a44b01e4a7fd52c57e6c96b92b2ad98fcc320468f830
M000149,2025-01-14,C001,"Hi team pls arrange 11 kg strawberry grade B, substitution OK; also 14 kg capsicum grade B, no substitutes; also 3 box carrots grade A, no substitutes; also 7 kg broc grade B, substitution OK for 14/01; confirm asap. Ref 01",hard,development,995c59aca996c22f447f870b31a02dd6fde8e06872e2861468e6d355b2f4ff80
M000150,2025-01-14,C002,"Please deliver 1 box peppers grade B, substitution OK; also 17 kg carrots grade A, no substitutes on 2025-01-14. Customer ref C002.",standard,development,01614722b78a2aff0325fa89246904bebef492a1fc3cf6e297eecdf5bdf68fb2
M000151,2025-01-14,C003,"Please deliver 29 kg toms grade A, substitution OK; also 28 kg cucumber grade A, no substitutes; also 8 kg strawberries grade B, no substitutes; also 1 crate capsicum grade A, no substitutes; also 20 kg brocc grade B, substitution OK on 2025-01-14. Customer ref C003.",standard,development,dc7925bb380f7f8d6d3d2c37995f51d7f31dbe893da1d71ce6e17a82cafd383e
M000152,2025-01-14,C004,"Please deliver 8 kg strawberry grade A, no substitutes on 2025-01-14. Customer ref C004.",standard,development,36fdd9e60f908a7cb0a1f1f5dc8f5d2674eb2003be819810f8a040efb119408f
M000153,2025-01-14,C005,"Please deliver 44 kg tomato grade A, no substitutes; also 7 kg carrot grade A, substitution OK on 2025-01-14. Customer ref C005.",standard,development,d8dd0f8f317b3efae786654de69b4c5b8d6255202cdb28dbf83e356553da9ea0
M000154,2025-01-14,C006,"Please deliver 54 kg spin grade A, substitution OK; also 10 kg carrots grade B, substitution OK on 2025-01-14. Customer ref C006.",standard,development,24ef4630b4dd702cf331df4f7a0fffda3e2b3c6b9dcef8fe6c6496d094f5712a
M000155,2025-01-14,C007,"Please deliver 1 box strawberry grade A, no substitutes on 2025-01-14. Customer ref C007.",standard,development,6c78ebd5ed03d3a8f4e311cea55cf95b97c9491d6393be7ee727bed599e2a8ac
M000156,2025-01-14,C008,"Morning, can u send 43 kg lettuce grade B, no substitutes; also 39 kg spin grade A, no substitutes for 14/01; confirm asap. Ref 08",hard,development,49faeec42b5ae49c18e566b4d76f9bd9ae3224aa78490914d634c68538e42346
M000157,2025-01-14,C009,"Morning, can u send 3 crate lettuce grade A, no substitutes; also 8 kg cucumber grade A, no substitutes for 14/01; confirm asap. Ref 09",hard,development,d2d6d114595d9a59577fd4a934aee23c56f93855bd443efc832b3147bb8866fd
M000158,2025-01-14,C010,"Morning, can u send 3 crate cucumbers grade A, no substitutes; also 33 kg peppers grade A, no substitutes; also 14 kg broc grade B, substitution OK for 14/01; call if any issue. Ref 10",hard,development,025c4aa1547d9527befc49248bf8804ccc8063697616d1738c6feb9f9c7b3dab
M000159,2025-01-14,C011,"Please deliver 7 kg tomatoes grade A, no substitutes; also 49 kg cucumber grade A, no substitutes; also 15 kg broccoli grade A, no substitutes on 2025-01-14. Customer ref C011.",standard,development,2af312b401523d1734a99862148d04fb4be1e3989da27c2583a80be35d6d4707
M000160,2025-01-14,C012,"Please deliver 64 kg car grade A, no substitutes on 2025-01-14. Customer ref C012.",standard,development,ac10c66e35c4b9b80b91d3338fcbce3a6ca96bd653ce3bba00e08e983503d8d3
M000161,2025-01-15,C001,"Hi team pls arrange 17 kg spinach grade B, no substitutes for 15/01; same delivery slot. Ref 01",hard,development,e9240aa6df35ec82bfa97ee1364eb4a3223e22027c011aab9eaef32b496a7490
M000162,2025-01-15,C002,"Please deliver 8 box tomato grade A, no substitutes on 2025-01-15. Customer ref C002.",standard,development,67ed5dcbef4e2761867e3e8e361328f21f702119099f6e61b8738d4639ebf053
M000163,2025-01-15,C003,"Please deliver 1 box cuke grade B, no substitutes; also 36 kg broc grade A, no substitutes on 2025-01-15. Customer ref C003.",standard,development,85386ade208b479d2dadcd6a74970676fa5ba3282095d9fa91a3def739218cfa
M000164,2025-01-15,C004,"Please deliver 19 kg lettuce grade B, no substitutes; also 3 crate strawberry grade B, substitution OK on 2025-01-15. Customer ref C004.",standard,development,d2843e58eeec5940633efdaedd7feeb6faa201423bc6284c012cf67c6c321260
M000165,2025-01-15,C005,"Please deliver 3 kg lettuces grade B, substitution OK; also 3 crate bell pepper grade A, no substitutes on 2025-01-15. Customer ref C005.",standard,development,cd87d206bd7551837d10da96b2a762ae1158b5f6c3351d9217ae43ef4a7349c1
M000166,2025-01-15,C006,"Please deliver 81 kg toms grade A, no substitutes; also 10 box cucumber grade A, no substitutes on 2025-01-15. Customer ref C006.",standard,development,b025ea74cebefb2dcb064de3cc6bbf5d392cf37b733da0913de6991d0881107d
M000167,2025-01-15,C007,"Please deliver 3 kg car grade A, no substitutes on 2025-01-15. Customer ref C007.",standard,development,fd6506f1f8d82a0660da639ff56fdf5e80b7186cc9decfbe378489cd512f7d62
M000168,2025-01-15,C008,"Please deliver 28 kg leaf spinach grade A, no substitutes on 2025-01-15. Customer ref C008.",standard,development,74fa888b457da2d4d326aeb7e98dc8d7981b297e96e6633aeae735726824827f
M000169,2025-01-15,C009,"Please deliver 3 crate cuke grade A, no substitutes; also 48 kg car grade A, no substitutes on 2025-01-15. Customer ref C009.",standard,development,1f11bb800b92a03be9ecd165ec4b411cea028579259c01ad24903fccf6dfdb36
M000170,2025-01-15,C010,"Hi team pls arrange 4 kg spin grade A, no substitutes for 15/01; confirm asap. Ref 10",hard,development,1969a3a577ec90977723b6785c2fc1e7c856c49a6be765aaf95f1fb628695df3
M000171,2025-01-15,C011,"Amendment - need 20 kg cucumbers grade A, no substitutes for 15/01; call if any issue. Ref 11",hard,development,e4113c316152d5fa0c0cb6865392fae60a12156950610b3286eab8174465d22f
M000172,2025-01-15,C012,"Please deliver 20 kg tomatoes grade A, no substitutes; also 60 kg lett grade B, no substitutes; also 7 crate strawberries grade A, no substitutes; also 38 kg capsicum grade A, no substitutes; also 36 kg car grade A, substitution OK; also 14 kg broccoli grade A, no substitutes on 2025-01-15. Customer ref C012.",standard,development,51d4441adca41915bdd7cc8a30127e30d3030198d7bd0774a5a51f84eb2af535
M000173,2025-01-16,C001,"Please deliver 2 crate berries grade B, substitution OK; also 12 kg broc grade A, no substitutes on 2025-01-16. Customer ref C001.",standard,development,edb53752a20281998ff01e43e17e06f8946ea79fceda9101a9021f658793f5e4
M000174,2025-01-16,C002,"Please deliver 3 kg cuke grade A, substitution OK; also 1 box bell pepper grade B, substitution OK on 2025-01-16. Customer ref C002.",standard,development,6564a1fcb20b29cd1b63c966b68525fbe2054f4512d498e290a8411545e32b93
M000175,2025-01-16,C003,"Please deliver 31 kg toms grade B, no substitutes; also 1 crate cucumbers grade A, no substitutes; also 17 kg spinach grade B, substitution OK; also 7 box car grade A, no substitutes on 2025-01-16. Customer ref C003.",standard,development,09b15867716e634cbc08f5a74183599602f8883b1a76bf74a390ca4fa38bcd65
M000176,2025-01-16,C004,"Please deliver 2 crate strawberries grade A, no substitutes; also 4 kg spinach grade A, no substitutes on 2025-01-16. Customer ref C004.",standard,development,9504545d5fe62c8ff55d0f7b3cfaffda3d6332c13dc0b8719669a3d7a18d2c00
M000177,2025-01-16,C005,"Please deliver 39 kg toms grade B, substitution OK; also 10 kg lettuce grade B, substitution OK; also 20 kg cucumbers grade B, substitution OK; also 27 kg strawberry grade B, substitution OK on 2025-01-16. Customer ref C005.",standard,development,4459f4b40a5e39ae0e3e64566ed5aba93e0b14f2e08075bbdcb6c768fde67d22
M000178,2025-01-16,C006,"Please deliver 54 kg lettuce grade A, no substitutes; also 1 box peppers grade A, no substitutes; also 28 kg leaf spinach grade B, no substitutes on 2025-01-16. Customer ref C006.",standard,development,b39e74061a1d06065ea937517760e52271f7cbde5c7b25d22881ad68838ddc34
M000179,2025-01-16,C007,"Please deliver 24 kg berries grade B, substitution OK; also 5 kg capsicum grade A, substitution OK; also 18 kg broc grade A, no substitutes on 2025-01-16. Customer ref C007.",standard,development,42111d31d34e93f9b39e31db891cb49da9c423f39c98159336cbc5808e20b13d
M000180,2025-01-16,C008,"Please deliver 23 kg peppers grade B, substitution OK; also 43 kg carrot grade B, substitution OK; also 9 kg broc grade A, no substitutes on 2025-01-16. Customer ref C008.",standard,development,c4dc695c6add39ef8506b1b6fc202c9248e5cf54eaeaba716cabccdb22994dc4
M000181,2025-01-16,C009,"Amendment - need 11 kg bell pepper grade A, no substitutes; also 5 box leaf spinach grade B, substitution OK; also 4 kg brocc grade A, no substitutes for 16/01; same delivery slot. Ref 09",hard,development,9c051a60f4f712209a5707cf315a27dc04e20e828c1bd041dacc7cd482ee4b41
M000182,2025-01-16,C010,"Please deliver 26 kg tomato grade B, substitution OK; also 22 kg cuke grade B, substitution OK; also 3 box berries grade B, substitution OK on 2025-01-16. Customer ref C010.",standard,development,7c4051afe32331b1087804cdaf6533768419a19d6a721507ef0d7cc528ad3b92
M000183,2025-01-16,C011,"Please deliver 2 box toms grade A, no substitutes; also 23 kg cuke grade A, no substitutes on 2025-01-16. Customer ref C011.",standard,development,dfde7d747745e0803c89b5ca2a2e6f794bc69078740454d61299fae847d02b66
M000184,2025-01-16,C012,"Please deliver 56 kg toms grade A, no substitutes on 2025-01-16. Customer ref C012.",standard,development,7b68113ad0f1ae0597495c9f375c852c3cb40b01c78acbe99cdbd453ae3f5f97
M000185,2025-01-17,C001,"Please deliver 8 kg tomato grade A, substitution OK; also 1 crate peppers grade A, substitution OK; also 2 crate leaf spinach grade A, no substitutes on 2025-01-17. Customer ref C001.",standard,development,704761aee99666476c0d47c6da5fb9a6b291969f8a46af8da9206e0bfb4594de
M000186,2025-01-17,C002,"Morning, can u send 1 box cuke grade B, substitution OK; also 1 crate carrots grade A, no substitutes for 17/01; call if any issue. Ref 02",hard,development,4ce9b853e9aee2990afe15529c28b0db4f7323c70d337a1397684f4b01c80901
M000187,2025-01-17,C003,"Hi team pls arrange 3 kg spin grade A, no substitutes for 17/01; call if any issue. Ref 03",hard,development,722a3d44221a4a57982f7b26aa7e67bfebf3a7a9fe7f1de4fdccd6dd02985dcc
M000188,2025-01-17,C004,"Hi team pls arrange 6 box strawberry grade A, no substitutes; also 30 kg capsicum grade B, no substitutes; also 15 kg broccoli grade B, no substitutes for 17/01; call if any issue. Ref 04",hard,development,275d7a609619172515a8ae48504776fc86c9c958fbdf9cc6ef54fc39e4640a3e
M000189,2025-01-17,C005,"Please deliver 4 box cuke grade B, no substitutes; also 5 box berries grade B, substitution OK; also 1 box peppers grade B, substitution OK; also 44 kg car grade A, no substitutes on 2025-01-17. Customer ref C005.",standard,development,3c5f0a8abeef0e0447f7fb462da96549b6c199ad8d28b0f2a43c707c9d1329d2
M000190,2025-01-17,C006,"Please deliver 12 kg cucumber grade B, substitution OK; also 29 kg spinach grade A, no substitutes on 2025-01-17. Customer ref C006.",standard,development,c0360698d566351a07dfe654e03be5a92bd565ab4c39703b36b0ebf4f6b38d6a
M000191,2025-01-17,C007,"Please deliver 8 box tomatoes grade A, no substitutes; also 8 kg strawberry grade A, no substitutes on 2025-01-17. Customer ref C007.",standard,development,1de24fb4a7ef0fe386b4dc0f65cc48d7ac1cdacd13bb2a3daeb3e20fddcd2608
M000192,2025-01-17,C008,"Hi team pls arrange 3 box lettuces grade B, substitution OK; also 8 kg berries grade A, no substitutes; also 40 kg brocc grade A, no substitutes for 17/01; call if any issue. Ref 08",hard,development,ee1d4912ef83666753a6f3633c28e1a6d9bd2ac6b40428ba9130df23a8a9356e
M000193,2025-01-17,C009,"Please deliver 2 box lett grade A, no substitutes on 2025-01-17. Customer ref C009.",standard,development,beae2ee452124d2795bae1b64b9b61d1838be50557ce7371e9ea35b632779915
M000194,2025-01-17,C010,"Morning, can u send 16 kg peppers grade A, no substitutes for 17/01; call if any issue. Ref 10",hard,development,29cb005de286ba76f8d0bff71f146e0f1f295f270cf212e7de7ca42d4ebf8e86
M000195,2025-01-17,C011,"Amendment - need 4 crate lettuces grade A, no substitutes; also 3 crate cucumbers grade A, no substitutes; also 9 kg leaf spinach grade B, no substitutes; also 31 kg carrots grade A, no substitutes for 17/01; call if any issue. Ref 11",hard,development,ba656e6fab902057d7633a6e276891aabc9f1293d05acd1a177c2d32e2129410
M000196,2025-01-17,C012,"Amendment - need 101 kg toms grade B, substitution OK; also 4 box strawberries grade B, substitution OK; also 1 box spin grade B, substitution OK for 17/01; confirm asap. Ref 12",hard,development,32895538643bf2a3bb6d62b45733141284d45eb5ea9d5f3110854ce9779d6ede
M000197,2025-01-18,C001,"Please deliver 33 kg berries grade A, no substitutes; also 16 kg leaf spinach grade A, no substitutes; also 4 box carrots grade A, no substitutes on 2025-01-18. Customer ref C001.",standard,development,38eff94cc6f303f7b71ccd2cf3ad7a64b43cadf315b68f360582b0bd4aa983da
M000198,2025-01-18,C002,"Please deliver 63 kg tomatoes grade A, no substitutes; also 6 box cucumber grade B, substitution OK; also 6 kg spin grade A, no substitutes; also 47 kg broc grade A, no substitutes on 2025-01-18. Customer ref C002.",standard,development,d9a8ce41a214e1302281324eae304dd88a6ce24e77ed8c3c93fdab333e425923
M000199,2025-01-18,C004,"Morning, can u send 2 box cuke grade A, substitution OK; also 3 crate spin grade B, no substitutes for 18/01; confirm asap. Ref 04",hard,development,6f795cf5e38c4167f3666db1ee20a8945cad31289bffc8e46c6e3fbe44c330a1
M000200,2025-01-18,C005,"Please deliver 32 kg tomatoes grade A, no substitutes; also 1 box lettuce grade A, no substitutes; also 21 kg cucumbers grade A, no substitutes; also 14 kg strawberries grade B, substitution OK; also 1 box bell pepper grade B, substitution OK on 2025-01-18. Customer ref C005.",standard,development,5644cfe272591e0df68164123a5c510348d8d4f843812768d45dbae1f795d9ff
M000201,2025-01-18,C007,"Please deliver 6 box spinach grade A, no substitutes; also 28 kg carrot grade B, substitution OK on 2025-01-18. Customer ref C007.",standard,development,6dcab791184982f202131421f18da12a3c39002018625ad2180bda275bb2f1b1
M000202,2025-01-18,C008,"Please deliver 1 crate peppers grade B, no substitutes; also 15 kg carrot grade B, substitution OK; also 3 box brocc grade A, no substitutes on 2025-01-18. Customer ref C008.",standard,development,133ca62425fec0376731db3c9c69f9b203a3396735775087eae950f5a5db5aaa
M000203,2025-01-18,C009,"Hi team pls arrange 14 kg bell pepper grade A, no substitutes; also 3 kg spinach grade B, substitution OK for 18/01; call if any issue. Ref 09",hard,development,3991948685e8d05fb045386ea8597f1ab9d0642678be08a20745b852c792f447
M000204,2025-01-18,C010,"Hi team pls arrange 11 kg lettuces grade B, substitution OK; also 17 kg berries grade B, no substitutes for 18/01; confirm asap. Ref 10",hard,development,21fa6090ae7812a8153db9b0f2362121495bdad9ecdbfef47b3c81db4a7a9c4e
M000205,2025-01-18,C011,"Please deliver 36 kg bell pepper grade B, no substitutes; also 3 box car grade A, no substitutes on 2025-01-18. Customer ref C011.",standard,development,edd1462f453ebe4eaa9882582fdee3d04f0e056edc17940d9acf539a2ef27805
M000206,2025-01-18,C012,"Please deliver 33 kg lettuce grade A, no substitutes; also 2 box peppers grade B, substitution OK on 2025-01-18. Customer ref C012.",standard,development,941a4544c7db5764ac4d835fa0bfd72fe1bf3c473abeac0d29e8a051b8a144ac
M000207,2025-01-19,C001,"Amendment - need 1 box bell pepper grade B, substitution OK; also 20 kg car grade B, substitution OK for 19/01; confirm asap. Ref 01",hard,development,1ceb092dd0360cf3f93193c69a63b275e6956004d9e742399887822443443203
M000208,2025-01-19,C002,"Hi team pls arrange 18 kg cucumbers grade A, no substitutes for 19/01; call if any issue. Ref 02",hard,development,5e388d5970df4221ca5c11965ab0bc8b6615d919d8762d7423ad8dffe1611dab
M000209,2025-01-19,C003,"Amendment - need 9 kg strawberries grade A, no substitutes; also 9 kg capsicum grade B, substitution OK; also 3 kg spinach grade A, no substitutes for 19/01; confirm asap. Ref 03",hard,development,aac0373ba87271d2ddb23a2a80af1a00dd09fec2e5b6e80e78a4f4e5f6d552e9
M000210,2025-01-19,C004,"Please deliver 5 box lettuces grade A, no substitutes; also 30 kg broc grade A, no substitutes on 2025-01-19. Customer ref C004.",standard,development,a6405416f5da3be1698692e7a64eb913186a00705be07c91ecf54b91215aeae5
M000211,2025-01-19,C005,"Please deliver 10 kg toms grade B, substitution OK; also 4 kg peppers grade B, substitution OK; also 3 box leaf spinach grade B, substitution OK on 2025-01-19. Customer ref C005.",standard,development,5fa58c9fab05d3be0fe3680129f6e576f9d0673069e71e8da8369f9877e5a9bc
M000212,2025-01-19,C006,"Please deliver 7 kg lett grade B, substitution OK; also 7 kg cuke grade A, no substitutes on 2025-01-19. Customer ref C006.",standard,development,939867825c19580b0a389818c7b1a6daf2a5789a1b66a2889b3d9f7dd62efaaf
M000213,2025-01-19,C007,"Please deliver 7 kg tomato grade B, substitution OK; also 14 kg cucumber grade A, no substitutes; also 28 kg strawberries grade B, substitution OK; also 8 kg leaf spinach grade B, substitution OK; also 19 kg carrots grade A, no substitutes on 2025-01-19. Customer ref C007.",standard,development,a4cb315d86ab2b3d251b42e51de411e524cdad8cf032d8acf379534bb56c6db5
M000214,2025-01-19,C008,"Please deliver 14 kg toms grade A, substitution OK; also 4 kg leaf spinach grade B, substitution OK; also 4 box carrot grade B, substitution OK on 2025-01-19. Customer ref C008.",standard,development,385f2af6a1756148e9e8155f6daa0ff38eef65548fafe7fd884ec43bf368a1ca
M000215,2025-01-19,C009,"Morning, can u send 22 kg lettuces grade A, no substitutes; also 3 box cucumbers grade A, no substitutes; also 25 kg carrot grade A, substitution OK for 19/01; call if any issue. Ref 09",hard,development,084cae7bfe8226a5aaadd2ddc1c3e1901e6d65ded0885aac1a76a089a83d3fa6
M000216,2025-01-19,C010,"Please deliver 7 kg capsicum grade B, no substitutes on 2025-01-19. Customer ref C010.",standard,development,0d13faee4d0f84f3e4a329fbe816b2eb80433d4995c08999461f955e5a7be7c7
M000217,2025-01-19,C011,"Please deliver 7 box cucumbers grade A, no substitutes; also 1 crate peppers grade B, substitution OK; also 12 kg spinach grade A, no substitutes; also 10 box broccoli grade A, no substitutes on 2025-01-19. Customer ref C011.",standard,development,eb40c312f68a888bd7001dcfcd58475ebf892cf45bb57eabe264115aa4dc71ee
M000218,2025-01-19,C012,"Amendment - need 5 box tomatoes grade B, substitution OK; also 22 kg strawberry grade B, substitution OK for 19/01; same delivery slot. Ref 12",hard,development,e0db13ce095da79d33e5edc1893c4828434a19f3b7086e3fd1e793212538b302
M000219,2025-01-20,C001,"Amendment - need 40 kg tomatoes grade A, no substitutes; also 34 kg car grade A, no substitutes for 20/01; same delivery slot. Ref 01",hard,development,0a9ad627978a7d19cf140918449c78067f631033cc52607994a7d8e7b697f598
M000220,2025-01-20,C002,"Please deliver 8 box cuke grade A, substitution OK; also 4 box broccoli grade A, substitution OK on 2025-01-20. Customer ref C002.",standard,development,1c14114c3bbff11d08ae32d273c0eb005742b084501f5ca41cf17d370dee4f9d
M000221,2025-01-20,C003,"Please deliver 21 kg tomatoes grade B, substitution OK; also 1 box bell pepper grade B, substitution OK on 2025-01-20. Customer ref C003.",standard,development,519485e61ae24475bf9ec83bb7f6ee5d4d4d1436031ee0e19e54aaa4e84de152
M000222,2025-01-20,C004,"Please deliver 2 box cuke grade A, no substitutes on 2025-01-20. Customer ref C004.",standard,development,0b290b63098dab9672436bded80d0bf57afc19fbccbde5f63b05f618eaefcf51
M000223,2025-01-20,C005,"Please deliver 9 kg lett grade A, no substitutes; also 24 kg cucumbers grade A, no substitutes; also 8 kg broccoli grade A, no substitutes on 2025-01-20. Customer ref C005.",standard,development,c7fab4c03ae2084a567afe3080440327475e86db68ab4c28a930ab501a3e7161
M000224,2025-01-20,C006,"Please deliver 5 box strawberries grade A, no substitutes; also 1 box carrot grade B, substitution OK on 2025-01-20. Customer ref C006.",standard,development,d5adeb0cb0b35fb1a3a10c5750df8e19c9557ada79bd68ee2ec7192168e569c3
M000225,2025-01-20,C007,"Please deliver 11 kg lettuces grade A, no substitutes; also 7 kg berries grade A, no substitutes; also 14 kg spin grade A, substitution OK; also 21 kg car grade B, substitution OK; also 3 box broc grade B, substitution OK on 2025-01-20. Customer ref C007.",standard,development,bfd77fc3911defa1267eaa5d8dde8a1bcf9ff3eca1aa28bc18ee92cf2a67b9eb
M000226,2025-01-20,C008,"Please deliver 16 kg strawberries grade B, no substitutes; also 1 box spinach grade A, no substitutes; also 12 kg broccoli grade A, no substitutes on 2025-01-20. Customer ref C008.",standard,development,4756a38491152fc5936bc98ba1450a8c0bac98fdf7fb03ea83d3a7df385bad13
M000227,2025-01-20,C009,"Please deliver 1 crate tomatoes grade A, no substitutes; also 13 kg capsicum grade B, no substitutes on 2025-01-20. Customer ref C009.",standard,development,ad2f3a95ee6370b988079a6e030e4dcb2cf55688f13f031223907195099720c0
M000228,2025-01-20,C010,"Please deliver 9 kg cucumbers grade A, no substitutes; also 3 kg strawberries grade B, substitution OK; also 37 kg capsicum grade A, no substitutes on 2025-01-20. Customer ref C010.",standard,development,f3f477070a9ce739d2da8fb0c1cee427426c988a71e9510afa4c284005d2bf1b
M000229,2025-01-20,C011,"Please deliver 11 kg strawberries grade A, no substitutes; also 7 kg peppers grade A, no substitutes; also 5 box spin grade A, substitution OK; also 21 kg car grade A, no substitutes on 2025-01-20. Customer ref C011.",standard,development,32da63709fa7e1fc8e374fe325fca84557f4d1021616e6892f53d2cf8f95f4bc
M000230,2025-01-20,C012,"Morning, can u send 39 kg lett grade B, substitution OK for 20/01; same delivery slot. Ref 12",hard,development,4de88fcdf7edda0bd9b490a00126f1d93e8709e73557ddca039db668260417fd
M000231,2025-01-21,C001,"Amendment - need 5 box tomato grade A, no substitutes for 21/01; confirm asap. Ref 01",hard,development,8f7cc979c024562c512531d1d89cb9d6cf865510a411b1d2e4039ccf7ab0b99f
M000232,2025-01-21,C002,"Please deliver 15 kg tomatoes grade B, substitution OK; also 2 box lettuce grade A, no substitutes; also 15 kg spin grade A, no substitutes on 2025-01-21. Customer ref C002.",standard,development,f1dd4a5d48cc3858fbfb9d8bf2e298933c585fe4e4a5d0799f9cf1ea0f4a47d6
M000233,2025-01-21,C003,"Please deliver 20 kg lett grade A, no substitutes; also 5 kg broc grade A, no substitutes on 2025-01-21. Customer ref C003.",standard,development,97381b6475604edf590ff85e42e3d389b0de99630c176ce8a0ab02cfbcfae86a
M000234,2025-01-21,C004,"Please deliver 51 kg toms grade B, substitution OK; also 22 kg bell pepper grade B, no substitutes; also 5 box broccoli grade A, no substitutes on 2025-01-21. Customer ref C004.",standard,development,0d743dd98978f7dd17507f76ea2826bad730debad7162927b7b1e6410f51f60d
M000235,2025-01-21,C005,"Please deliver 8 kg lettuce grade B, substitution OK; also 6 kg strawberry grade A, no substitutes; also 30 kg leaf spinach grade A, no substitutes; also 19 kg car grade B, substitution OK on 2025-01-21. Customer ref C005.",standard,development,1bfc1a1fe0e50e502ea00c540434eadc44b2fce500af2253908d2d9bf9fcb9f2
M000236,2025-01-21,C006,"Please deliver 4 box tomatoes grade A, no substitutes; also 1 crate cuke grade A, no substitutes; also 11 kg strawberries grade A, no substitutes; also 1 box spin grade A, substitution OK; also 15 kg broc grade A, no substitutes on 2025-01-21. Customer ref C006.",standard,development,93fc94e2ee361904a475b872876109c90c56c84a09dcc6d111394b2e05a57d7a
M000237,2025-01-21,C007,"Please deliver 11 kg lett grade A, no substitutes; also 3 kg berries grade B, substitution OK; also 3 box spinach grade A, no substitutes; also 30 kg car grade A, no substitutes on 2025-01-21. Customer ref C007.",standard,development,ef9ea9f28ed9aabb5adb06b3364053f615cfa4c55f9a51b7fa7fe1fd1975d558
M000238,2025-01-21,C008,"Please deliver 3 box cucumber grade A, no substitutes; also 9 kg strawberry grade A, no substitutes; also 45 kg bell pepper grade A, no substitutes on 2025-01-21. Customer ref C008.",standard,development,4ecff096489034b10428bd3b61d8c73b4abd1cb42e3a69b6f5bf559a20e1de2e
M000239,2025-01-21,C009,"Please deliver 4 box cuke grade B, substitution OK; also 17 kg carrots grade A, no substitutes on 2025-01-21. Customer ref C009.",standard,development,b3393c8fbb890137912aa8fb21df43fcae44a311218cc8bb431353946cca80f2
M000240,2025-01-21,C010,"Please deliver 12 kg cuke grade B, no substitutes; also 1 crate strawberry grade A, substitution OK on 2025-01-21. Customer ref C010.",standard,development,351427a9faa2f062fc45236f8e53bb5da76e3dc2274679540237de6f4c75ef6f
M000241,2025-01-21,C011,"Hi team pls arrange 23 kg carrots grade A, substitution OK for 21/01; same delivery slot. Ref 11",hard,development,6f9837fdab0c10fd3bc22fd77e87a48bb209943b0a9c22817c4c4658974f7e4d
M000242,2025-01-21,C012,"Please deliver 4 box tomato grade A, substitution OK; also 8 box cucumber grade A, no substitutes; also 4 kg spinach grade B, substitution OK; also 28 kg car grade A, no substitutes on 2025-01-21. Customer ref C012.",standard,development,210cbb11818c0192744a5bd95788204f2a45005d3227ad7d95b038e3d1c87746
M000243,2025-01-22,C001,"Morning, can u send 12 kg cucumbers grade A, no substitutes; also 2 box strawberry grade A, no substitutes; also 32 kg carrots grade B, no substitutes for 22/01; call if any issue. Ref 01",hard,development,8d9162ccab4f9087e4eecd49337d48ae87e65db764b904c0d876eed264006d70
M000244,2025-01-22,C002,"Please deliver 11 kg lett grade B, substitution OK; also 9 kg cuke grade A, no substitutes; also 1 crate leaf spinach grade A, no substitutes; also 12 kg brocc grade A, no substitutes on 2025-01-22. Customer ref C002.",standard,development,d6dc471742bd86e4d272d88caf8a32d97e8e61f03fe78d638a18b03c5805dc64
M000245,2025-01-22,C003,"Amendment - need 12 box tomato grade A, no substitutes; also 3 kg strawberries grade B, substitution OK; also 37 kg car grade B, substitution OK; also 1 box broc grade A, no substitutes for 22/01; confirm asap. Ref 03",hard,development,2c47ea0f13d0af18cddedccfbf04a9c40b1e166cd7262262be15991f1724434e
M000246,2025-01-22,C004,"Morning, can u send 2 box capsicum grade A, no substitutes; also 45 kg spin grade B, substitution OK for 22/01; confirm asap. Ref 04",hard,development,65892deb2efc5b29e9de0cf3f5aed1dd0ba49bbf64a7f5ba223362e3fcbe2187
M000247,2025-01-22,C005,"Please deliver 1 box brocc grade A, no substitutes on 2025-01-22. Customer ref C005.",standard,development,c341b28018b430a63b2ca502786a98aded449e85139486ddd8b3da98fc0aa204
M000248,2025-01-22,C006,"Please deliver 35 kg tomatoes grade A, no substitutes; also 1 crate strawberry grade A, substitution OK on 2025-01-22. Customer ref C006.",standard,development,9f555916d0a89269b9babe3988b8320a0884346b30e796b1582eb6776081d6b3
M000249,2025-01-22,C007,"Please deliver 33 kg lettuce grade A, no substitutes; also 28 kg cucumbers grade A, no substitutes; also 25 kg broc grade B, substitution OK on 2025-01-22. Customer ref C007.",standard,development,3eb70a07b7727360a02784d17e4707b24edfadf80f8fd2aec8a1cddb53d17118
M000250,2025-01-22,C008,"Morning, can u send 16 kg peppers grade A, no substitutes; also 12 kg carrots grade A, no substitutes for 22/01; confirm asap. Ref 08",hard,development,e0e9669103345b2ddc29ba4a1b475db43def5c33a162bbbb851b9a18ef31a9ed
M000251,2025-01-22,C009,"Please deliver 19 kg lettuce grade B, no substitutes; also 6 box cucumbers grade B, substitution OK; also 15 kg strawberry grade A, substitution OK; also 35 kg peppers grade A, no substitutes on 2025-01-22. Customer ref C009.",standard,development,21c56f3d8462ecde440150f30ac14a8b1b2cc73a9a2cb8bb2a2162eedf131888
M000252,2025-01-22,C010,"Amendment - need 25 kg cuke grade A, no substitutes; also 1 crate leaf spinach grade A, no substitutes; also 19 kg carrot grade B, no substitutes for 22/01; call if any issue. Ref 10",hard,development,0080c0ef2e67f77a4b503f6c31fad557de7af627bfbec7bc08f3c4b2193f60c9
M000253,2025-01-22,C011,"Please deliver 3 crate lettuces grade A, no substitutes; also 13 kg strawberry grade A, substitution OK on 2025-01-22. Customer ref C011.",standard,development,d31d180a0113aa354669d7cf1451554f9100499731659b1117a729aa2d6edb4c
M000254,2025-01-22,C012,"Hi team pls arrange 20 kg broc grade B, no substitutes for 22/01; same delivery slot. Ref 12",hard,development,6d286701ba04387913f4737d6f5d18ed561beec786e77975d2d796ba00eb22c8
M000255,2025-01-23,C001,"Please deliver 29 kg lett grade A, no substitutes; also 9 kg leaf spinach grade A, no substitutes on 2025-01-23. Customer ref C001.",standard,development,1433445bf8a806f0c4adfc9f9e106ca70780dfbfa1b9a5cfc5640db55e74db7f
M000256,2025-01-23,C002,"Please deliver 24 kg strawberries grade B, substitution OK on 2025-01-23. Customer ref C002.",standard,development,bb1f5559fc8a6202e015c16a8ec1203f46fc615cd8571a8df766bf3115582a76
M000257,2025-01-23,C003,"Please deliver 1 box capsicum grade A, no substitutes; also 3 kg spinach grade A, no substitutes; also 14 kg broccoli grade A, no substitutes on 2025-01-23. Customer ref C003.",standard,development,5ce315774bcfe21a5463cb386f612d492aca88452791a3b6b2e062e39a149330
M000258,2025-01-23,C004,"Morning, can u send 86 kg tomato grade A, no substitutes; also 3 crate brocc grade A, substitution OK for 23/01; call if any issue. Ref 04",hard,development,db30ffce236b12e8c02156fac5db76f8398d7d2bd5ef8ce7c95de1f1a73bf034
M000259,2025-01-23,C005,"Please deliver 3 kg cucumber grade B, no substitutes; also 1 box car grade A, no substitutes on 2025-01-23. Customer ref C005.",standard,development,71ae0b54c8bda4969e617e2139d1e9cecb2af5d208e64f6c4c08416e377db9cd
M000260,2025-01-23,C006,"Please deliver 47 kg lettuces grade B, substitution OK; also 13 kg strawberry grade A, no substitutes on 2025-01-23. Customer ref C006.",standard,development,9fd2b2c2eb7d7837ae53e24b8b7278d507f20c02145da1899ce233200f07fb92
M000261,2025-01-23,C007,"Hi team pls arrange 41 kg tomato grade A, no substitutes; also 25 kg strawberries grade B, substitution OK; also 2 box carrot grade A, no substitutes for 23/01; same delivery slot. Ref 07",hard,development,5fb9f8bf8eb4425fe3cf6c88fbabaf7c01b4a8365dc6a6ca82f305c88f07d400
M000262,2025-01-23,C008,"Please deliver 1 box car grade B, substitution OK; also 3 kg broccoli grade A, no substitutes on 2025-01-23. Customer ref C008.",standard,development,ef9ff72ead6e038850db495469591535661ef948444e90fd30cf73bdf5e4bf31
M000263,2025-01-23,C009,"Please deliver 9 kg spin grade A, no substitutes on 2025-01-23. Customer ref C009.",standard,development,588fd4a09bc4ab84c22b3e1e170bf662588450da2ee88036ca3fe94cb585eb83
M000264,2025-01-23,C010,"Please deliver 9 kg spin grade A, no substitutes on 2025-01-23. Customer ref C010.",standard,development,c96e8e02bb955a863cabeca119383f4d582a7f8a711b17b02b04e277e57b2f46
M000265,2025-01-23,C011,"Amendment - need 40 kg tomato grade B, substitution OK; also 6 box capsicum grade A, no substitutes for 23/01; confirm asap. Ref 11",hard,development,3bd4bdd71b5156f030192012b687a9921e11ab2c3c48ae65b0caea258838161f
M000266,2025-01-23,C012,"Hi team pls arrange 83 kg cucumber grade A, no substitutes; also 18 kg leaf spinach grade A, no substitutes; also 6 kg car grade A, no substitutes for 23/01; call if any issue. Ref 12",hard,development,3758111cd58ed003d54e519d9f45ee3ed8794c7b0ff398bb61736e014c5ea190
M000267,2025-01-24,C001,"Please deliver 33 kg cucumbers grade A, no substitutes; also 10 kg broc grade B, substitution OK on 2025-01-24. Customer ref C001.",standard,development,4abcd711f392754733b67b0a8328ee43ea8177590707199d332adac3b27e5c5b
M000268,2025-01-24,C002,"Please deliver 27 kg carrots grade A, no substitutes on 2025-01-24. Customer ref C002.",standard,development,782567687b707145c7e3bfb9da085cec545af4ae97c27e1559825c50513a49f7
M000269,2025-01-24,C003,"Please deliver 48 kg toms grade A, no substitutes; also 1 crate peppers grade A, no substitutes; also 5 box spin grade B, substitution OK; also 39 kg car grade B, substitution OK on 2025-01-24. Customer ref C003.",standard,development,23bfe733938102b59c8e8347637ed21e8db98bd955102595b9b9659d780c4e00
M000270,2025-01-24,C004,"Please deliver 1 crate toms grade B, no substitutes; also 3 kg strawberries grade B, substitution OK on 2025-01-24. Customer ref C004.",standard,development,c432cdc1cd616009109363050341a936a4b272ca90b55c8da5c362555eafca29
M000271,2025-01-24,C005,"Please deliver 1 crate bell pepper grade B, no substitutes; also 6 kg spinach grade B, substitution OK; also 4 box broccoli grade B, substitution OK on 2025-01-24. Customer ref C005.",standard,development,e2f8588cf9db0890391fbe48b123ce2a73e457c3c5f456ef15fd993b2b2e7d18
M000272,2025-01-24,C006,"Please deliver 1 crate strawberry grade B, substitution OK on 2025-01-24. Customer ref C006.",standard,development,c9c0f6da572ff0e6d02d77360f58384ab5e8a9855787140d5b4d58fc4c56d2fe
M000273,2025-01-24,C007,"Amendment - need 3 kg strawberry grade A, no substitutes; also 3 kg broccoli grade A, no substitutes for 24/01; same delivery slot. Ref 07",hard,development,02b30f020f5af74d5e6ac89c553e37ce6f62bc2c8e78980ad3bd7243d9d8cfbf
M000274,2025-01-24,C008,"Hi team pls arrange 1 crate bell pepper grade B, substitution OK for 24/01; confirm asap. Ref 08",hard,development,d94736999a2bb9882e98602f607c02f30027ce113aefaeb27f1bc151507eec88
M000275,2025-01-24,C009,"Please deliver 29 kg tomato grade A, no substitutes; also 11 box lettuce grade A, substitution OK; also 31 kg cuke grade B, no substitutes; also 3 kg strawberries grade B, substitution OK; also 36 kg carrot grade A, no substitutes on 2025-01-24. Customer ref C009.",standard,development,abc8016e2a560190b360bca123abdd80451788d6150c905688fcb88ef77c3ad4
M000276,2025-01-24,C010,"Please deliver 42 kg lettuce grade B, substitution OK; also 31 kg berries grade A, no substitutes; also 10 kg spin grade A, no substitutes on 2025-01-24. Customer ref C010.",standard,development,ffd0f582987b3e18cd3184164000e2a5bcbe61481f3026477e669caa80c1b235
M000277,2025-01-24,C011,"Please deliver 2 crate capsicum grade A, no substitutes; also 13 kg spin grade B, no substitutes; also 4 kg broc grade A, no substitutes on 2025-01-24. Customer ref C011.",standard,development,9982f488f90244e8d33dc5b508d2df5ff08aaf62c813519ef6082e6ffa9fe5b9
M000278,2025-01-24,C012,"Please deliver 15 kg broccoli grade A, substitution OK on 2025-01-24. Customer ref C012.",standard,development,5b0939bc6996feee8e1383acef442a6a16dbd809b5304aa68d8888ae6462f20e
M000279,2025-01-25,C001,"Please deliver 23 kg lettuce grade A, no substitutes; also 14 kg cuke grade A, no substitutes; also 3 box strawberry grade B, no substitutes; also 15 kg spin grade A, no substitutes; also 20 kg car grade B, substitution OK on 2025-01-25. Customer ref C001.",standard,development,60f28bbf27468a8aef6c8c09188e4c7679831fe6cefe85b78dda3aa63df6d61a
M000280,2025-01-25,C002,"Please deliver 8 kg lett grade A, no substitutes; also 18 kg car grade B, substitution OK on 2025-01-25. Customer ref C002.",standard,development,e5a9daf50671cab48459c17ba3553730eb9fab94ef9ecc0362ca8c17e8e646c9
M000281,2025-01-25,C003,"Please deliver 11 kg cuke grade A, no substitutes on 2025-01-25. Customer ref C003.",standard,development,92b1a6f90e34579b34f342b8aacff3ce6350fb7a324a6e8a595ae5641132719b
M000282,2025-01-25,C004,"Amendment - need 58 kg tomatoes grade A, substitution OK; also 1 box strawberries grade B, no substitutes; also 1 crate capsicum grade B, substitution OK for 25/01; confirm asap. Ref 04",hard,development,9b1f70aaf5a0f67da1eb3e2a5416f5ac116597b1f0fe600045986f63870bd51e
M000283,2025-01-25,C005,"Please deliver 5 box toms grade A, no substitutes; also 1 box berries grade B, no substitutes on 2025-01-25. Customer ref C005.",standard,development,d56d3dc4aec04a5aef14503aeed554726042fb74073e784523a0bb3dbe6115a3
M000284,2025-01-25,C006,"Please deliver 5 kg spin grade B, substitution OK on 2025-01-25. Customer ref C006.",standard,development,b6777c90550500b6bb95556c609fe897cc280ff2b640d6b665c8abf9ef7aee29
M000285,2025-01-25,C007,"Please deliver 29 kg cuke grade B, no substitutes; also 4 crate broc grade B, no substitutes on 2025-01-25. Customer ref C007.",standard,development,1fdcfed776ec2ec3e0b1b34868120d56f70f2e2778dbb83d3471fb15ca79a620
M000286,2025-01-25,C008,"Morning, can u send 3 kg cucumber grade B, substitution OK; also 49 kg capsicum grade A, no substitutes; also 10 kg spin grade B, substitution OK; also 12 kg brocc grade A, no substitutes for 25/01; call if any issue. Ref 08",hard,development,32e3e1310548f251d570aa4ffd053dd0b49c0579beae49b268b65ddc94ba3fcc
M000287,2025-01-25,C009,"Please deliver 3 box tomatoes grade B, substitution OK; also 14 kg lettuces grade A, no substitutes; also 3 crate berries grade B, substitution OK on 2025-01-25. Customer ref C009.",standard,development,fac29d886cfeab32e08d7d797a1c74a445b09c68178e898fb72db92f3671a7b9
M000288,2025-01-25,C010,"Please deliver 3 kg lett grade A, no substitutes; also 3 box carrot grade B, substitution OK on 2025-01-25. Customer ref C010.",standard,development,2938a7cca92c41338905aeff2d1ead9156fca95b50dc7c2327ee3d9be7224c28
M000289,2025-01-25,C011,"Morning, can u send 76 kg lettuces grade B, no substitutes; also 24 kg peppers grade B, no substitutes; also 18 kg spinach grade A, substitution OK; also 35 kg carrot grade A, no substitutes; also 9 kg broc grade B, no substitutes for 25/01; call if any issue. Ref 11",hard,development,e7f075338d95a40e7b367b5832e0898f408218169ad6c589227b43d3b9e5146c
M000290,2025-01-25,C012,"Please deliver 17 kg toms grade B, substitution OK on 2025-01-25. Customer ref C012.",standard,development,dab967f19fd7865742d5f414285eb74af858d3251fa0f4e38017ff08a75c2d03
M000291,2025-01-26,C001,"Please deliver 3 kg broccoli grade B, substitution OK on 2025-01-26. Customer ref C001.",standard,development,6111ea5c324f8bb418328e8169e024d63ab4cf4dd508ab2e5bde2f9a62cec5ba
M000292,2025-01-26,C002,"Please deliver 1 box tomato grade B, substitution OK; also 5 kg cuke grade A, no substitutes; also 31 kg capsicum grade B, substitution OK on 2025-01-26. Customer ref C002.",standard,development,586dc33d282edb062c6b1c99c86d4a82d773145a52d0995994d2933603c300a1
M000293,2025-01-26,C003,"Please deliver 11 kg leaf spinach grade A, substitution OK on 2025-01-26. Customer ref C003.",standard,development,b2d613ea60b7f7be10418f27ed4db825abf2035f803f6389cf9d0443507c275c
M000294,2025-01-26,C004,"Please deliver 8 kg spin grade A, no substitutes; also 38 kg car grade A, no substitutes on 2025-01-26. Customer ref C004.",standard,development,4a9b14abfb5b8fbecc3bed1b6d0e1f3a4e60eed49839650e982353bd524bed7f
M000295,2025-01-26,C006,"Please deliver 26 kg broccoli grade A, no substitutes on 2025-01-26. Customer ref C006.",standard,development,8c9d36fef3fdf38946d661801eefe3ac832bae94a15717f5dad6fde5f1e85c8c
M000296,2025-01-26,C007,"Please deliver 11 kg strawberry grade B, substitution OK on 2025-01-26. Customer ref C007.",standard,development,ddce84eca95d62ca1fb47b7a367efeb9a5c43e5bb88ade2758cdc7a4319a8198
M000297,2025-01-26,C008,"Please deliver 2 box carrots grade A, substitution OK; also 7 kg brocc grade A, no substitutes on 2025-01-26. Customer ref C008.",standard,development,45aa4f9841c1db33d9bca7716e910a575379aeb80bf316f7f125a6c9f328608f
M000298,2025-01-26,C009,"Please deliver 8 kg capsicum grade B, substitution OK on 2025-01-26. Customer ref C009.",standard,development,dc2ad42bbcffb5ea46241ef143e9d21960cd52d53cc9bac1dee082fb999c93b1
M000299,2025-01-26,C010,"Hi team pls arrange 76 kg tomatoes grade B, no substitutes; also 8 box lettuces grade B, substitution OK; also 34 kg cucumbers grade A, no substitutes; also 25 kg bell pepper grade A, no substitutes; also 3 kg spin grade A, no substitutes for 26/01; confirm asap. Ref 10",hard,development,974c5a596f905795c74ed837d1ce0f1eb2f8ae70f822296e0de946137be00b89
M000300,2025-01-26,C011,"Please deliver 91 kg tomato grade A, no substitutes; also 44 kg lettuces grade A, substitution OK; also 35 kg strawberry grade A, substitution OK; also 5 kg leaf spinach grade B, substitution OK on 2025-01-26. Customer ref C011.",standard,development,2197cf2a7bc849ecf887e62627a3d84d0a74803a3e0f67676032971cb9940d03
M000301,2025-01-26,C012,"Please deliver 5 kg cuke grade B, substitution OK; also 17 kg peppers grade A, no substitutes; also 3 crate spinach grade B, substitution OK; also 10 kg broc grade A, no substitutes on 2025-01-26. Customer ref C012.",standard,development,a45668a2a77f6f24b22349887d248bbe9d3a7c2770486740fbb621cced915e00
M000302,2025-01-27,C002,"Please deliver 16 kg spinach grade A, no substitutes; also 14 kg brocc grade A, substitution OK on 2025-01-27. Customer ref C002.",standard,development,7f8f750c7c63e3fb79f2db0cc4624531a414b462df947daf7ed8009f8537089e
M000303,2025-01-27,C003,"Please deliver 7 kg lettuce grade A, no substitutes; also 13 kg cucumbers grade A, no substitutes; also 7 kg berries grade A, no substitutes; also 13 kg spinach grade A, no substitutes; also 21 kg car grade B, substitution OK; also 5 kg broc grade A, no substitutes on 2025-01-27. Customer ref C003.",standard,development,a32b7fa034e64d924c87c22c70801994de797235819719fa8ac58e8380905efa
M000304,2025-01-27,C004,"Please deliver 20 kg toms grade B, substitution OK; also 4 crate bell pepper grade B, no substitutes; also 3 box carrot grade B, no substitutes on 2025-01-27. Customer ref C004.",standard,development,03642efc0650a25bf8b990948922707b3c337ce0eed1a9a30f1afabba9cd2394
M000305,2025-01-27,C005,"Please deliver 49 kg lettuce grade A, no substitutes; also 16 kg cucumbers grade A, no substitutes; also 3 kg broccoli grade B, substitution OK on 2025-01-27. Customer ref C005.",standard,development,e7f12eaf828129bf61f4d938e9a36c74e1c45d5c9f10304dda2a65944bff4c42
M000306,2025-01-27,C006,"Please deliver 24 kg tomatoes grade B, substitution OK; also 36 kg berries grade B, substitution OK; also 2 crate carrot grade B, substitution OK on 2025-01-27. Customer ref C006.",standard,development,7f9dfa9a88506d9957eeb46f77c768b9c7d6d3c689a8a36df87a737d98d6efa5
M000307,2025-01-27,C007,"Please deliver 6 box cucumber grade B, substitution OK on 2025-01-27. Customer ref C007.",standard,development,bcd40769ed987d5c11a64e97092204e4de6563989f7f8f97a2770347f7c50059
M000308,2025-01-27,C008,"Morning, can u send 12 kg cucumbers grade B, no substitutes; also 4 kg broc grade B, substitution OK for 27/01; same delivery slot. Ref 08",hard,development,785850c031bd851fffcfd73738e2eed35b38597e3139cceb3ed827c87707ec9d
M000309,2025-01-27,C009,"Please deliver 9 kg cucumber grade B, substitution OK on 2025-01-27. Customer ref C009.",standard,development,cd964c32edc91dc659503d52c0846913f9dc7e8ea04873c4e369c29bb1584af5
M000310,2025-01-27,C010,"Amendment - need 6 box toms grade B, substitution OK for 27/01; call if any issue. Ref 10",hard,development,37281b264f1815d108f038d7436dec28d526563d98033756f727781da216ed8a
M000311,2025-01-27,C011,"Please deliver 23 kg lettuce grade A, no substitutes; also 6 kg strawberry grade A, no substitutes; also 9 kg capsicum grade A, no substitutes; also 29 kg car grade A, no substitutes on 2025-01-27. Customer ref C011.",standard,development,8c0ebe753682955477056b6508cea0cdc32e300bcdfb3aa70d848091ac5c919d
M000312,2025-01-27,C012,"Please deliver 1 crate strawberry grade B, substitution OK; also 3 kg spinach grade B, substitution OK on 2025-01-27. Customer ref C012.",standard,development,d608d1996f7908ada199615bcef322ca975106f79c0cd2a80919cd1bee26336b
M000313,2025-01-28,C001,"Amendment - need 11 kg cucumbers grade B, substitution OK for 28/01; same delivery slot. Ref 01",hard,development,581bd6da8a6b7dfb9a48a9e61f1eb2512a3a7c9744c6668cb7cf236f062f3641
M000314,2025-01-28,C003,"Please deliver 39 kg tomatoes grade A, no substitutes; also 21 kg cucumber grade B, no substitutes; also 18 kg car grade A, no substitutes on 2025-01-28. Customer ref C003.",standard,development,887bbdb8b5d94de0f10108004a5ebdebe48734e57697d105ea841687ce0641a3
M000315,2025-01-28,C004,"Please deliver 27 kg capsicum grade A, no substitutes; also 7 kg spin grade B, no substitutes on 2025-01-28. Customer ref C004.",standard,development,2868d6f81f7f2a3f5da3bc9d24ae8c6764fdf9a578b8d83d567338de3c03b17d
M000316,2025-01-28,C005,"Please deliver 17 kg lettuce grade A, no substitutes; also 3 kg bell pepper grade B, substitution OK; also 24 kg car grade B, substitution OK; also 27 kg brocc grade A, no substitutes on 2025-01-28. Customer ref C005.",standard,development,44ec8972559f56ad269fbf12bb2d68f030be5f63739786e3afa1430b039a8afc
M000317,2025-01-28,C006,"Hi team pls arrange 1 box lett grade A, no substitutes for 28/01; call if any issue. Ref 06",hard,development,f9bda976363be30bb557d744665f477c5b1c35df4489466fa0285f8033b1b1e8
M000318,2025-01-28,C007,"Please deliver 1 box broccoli grade A, no substitutes on 2025-01-28. Customer ref C007.",standard,development,ff87bfea564bf0e72122d140432e22b8dbbeb7e6dbe527bd80f64c45af05f61b
M000319,2025-01-28,C008,"Please deliver 17 kg peppers grade A, no substitutes on 2025-01-28. Customer ref C008.",standard,development,4d97c2a8ba48fd69993d6f8ca13cab4dc26d75347223124f47364f515fec5ce5
M000320,2025-01-28,C009,"Please deliver 10 kg lettuce grade B, substitution OK on 2025-01-28. Customer ref C009.",standard,development,19658a8036b166e49f34a283176108bd78d05b52e3548de97c1c38f6effbab47
M000321,2025-01-28,C010,"Morning, can u send 21 kg lett grade A, no substitutes; also 1 crate bell pepper grade A, no substitutes; also 19 kg spin grade A, no substitutes; also 10 kg broccoli grade A, no substitutes for 28/01; same delivery slot. Ref 10",hard,development,44abdcb674e287f57f19fc86c1a0ba492a609a4555d218b1441ff44ca9e74278
M000322,2025-01-28,C011,"Please deliver 56 kg tomato grade A, no substitutes; also 18 kg lett grade A, no substitutes; also 8 box cucumber grade B, substitution OK; also 21 kg strawberry grade B, substitution OK on 2025-01-28. Customer ref C011.",standard,development,a472fb51f2e098b93c5071fddc3d00f61d7ea486d8fed197af32dbb7d149ee1a
M000323,2025-01-28,C012,"Please deliver 29 kg berries grade A, no substitutes; also 28 kg carrots grade A, no substitutes on 2025-01-28. Customer ref C012.",standard,development,f28458e3b7f3ae1b3ef35ef12e5e614bbffbd87f6ee5259f754217ad86ee259f
M000324,2025-01-29,C001,"Please deliver 2 crate strawberry grade B, substitution OK; also 3 kg broc grade A, no substitutes on 2025-01-29. Customer ref C001.",standard,development,f71a41e3590e44b8d2e480e0aee1fec4c9f4a066ee0e1250c57a8e2c851267f2
M000325,2025-01-29,C002,"Hi team pls arrange 5 crate cucumbers grade A, no substitutes; also 12 kg spinach grade A, no substitutes; also 38 kg car grade B, substitution OK for 29/01; call if any issue. Ref 02",hard,development,34e86f589adcde0e8d53407ced3df64941c2160d1d9bdc9ac70b1d34a87fa581
M000326,2025-01-29,C003,"Please deliver 35 kg cucumber grade A, no substitutes; also 5 box berries grade B, no substitutes; also 15 box leaf spinach grade B, substitution OK; also 1 crate carrot grade A, no substitutes on 2025-01-29. Customer ref C003.",standard,development,ccae4e22fc1919486c6b85dcaf08b0e1344cf423669916a3ce93e57a09706499
M000327,2025-01-29,C004,"Please deliver 9 kg berries grade A, no substitutes; also 15 kg peppers grade B, no substitutes on 2025-01-29. Customer ref C004.",standard,development,ba383b79884594204b040111c8e978e6f75c991955f94a67063de1a5c2e363ab
M000328,2025-01-29,C005,"Please deliver 79 kg tomato grade B, substitution OK; also 10 kg peppers grade B, no substitutes; also 2 crate spinach grade A, no substitutes on 2025-01-29. Customer ref C005.",standard,development,aee5c2630c49ede62f4dab04d586d45f2bebb4f93b3131b19188d19d1f81e32e
M000329,2025-01-29,C006,"Please deliver 48 kg lettuces grade A, no substitutes on 2025-01-29. Customer ref C006.",standard,development,c5d593e5414eacec493da2ff0a0c5bd7e400ed0ab10dea1da65e0336ed572e18
M000330,2025-01-29,C007,"Please deliver 31 kg tomatoes grade B, no substitutes; also 7 kg strawberry grade A, substitution OK; also 3 kg capsicum grade A, no substitutes; also 2 box car grade A, no substitutes on 2025-01-29. Customer ref C007.",standard,development,05568dd93bb594a2ee1508d3818a6fa8c92f0b185eceb8c12b7892aec5dff9a0
M000331,2025-01-29,C008,"Amendment - need 10 kg tomato grade B, substitution OK; also 5 crate lett grade B, substitution OK; also 1 box capsicum grade A, no substitutes; also 3 kg brocc grade A, no substitutes for 29/01; call if any issue. Ref 08",hard,development,d8bfac164120daebac8b12587db79d05a76fed1c33ad64ce01f7f196200244cf
M000332,2025-01-29,C009,"Please deliver 3 kg capsicum grade A, no substitutes; also 14 kg carrot grade B, substitution OK; also 4 kg broccoli grade A, no substitutes on 2025-01-29. Customer ref C009.",standard,development,f8c315f25b1df7266d451e5730dbb6b147c564749a3c5fe8b3f0d742315b4217
M000333,2025-01-29,C010,"Morning, can u send 3 kg brocc grade A, no substitutes for 29/01; call if any issue. Ref 10",hard,development,677e621abcc03169def90fb09f43cdb33060b0c097d2a345b40a995d02aec61c
M000334,2025-01-29,C011,"Please deliver 58 kg car grade A, no substitutes; also 17 kg broccoli grade B, no substitutes on 2025-01-29. Customer ref C011.",standard,development,4a9fda9c014e2d9d233c93c0c52d430995951bfb337214b5eee27f1d409fe0c6
M000335,2025-01-29,C012,"Morning, can u send 2 crate spinach grade B, no substitutes for 29/01; same delivery slot. Ref 12",hard,development,1728b7c792071cded1eaeec732a6ba10a55026b4f1cb810da8f64cfe19ff8a81
M000336,2025-01-30,C001,"Please deliver 11 kg peppers grade B, substitution OK; also 5 box broc grade B, substitution OK on 2025-01-30. Customer ref C001.",standard,development,d1571fd97407e86ccf542edb7a9e00e97683f2277ae9035a4f798440d615c558
M000337,2025-01-30,C003,"Please deliver 15 kg lett grade B, substitution OK; also 5 box spinach grade B, substitution OK; also 3 kg brocc grade A, no substitutes on 2025-01-30. Customer ref C003.",standard,development,741ad546685d3da022c1ed4f88defd60206b1dac72dda7236748505849a228ec
M000338,2025-01-30,C004,"Please deliver 3 kg lettuces grade B, no substitutes on 2025-01-30. Customer ref C004.",standard,development,9477f738cb1064785305b74a162a303c28136f6b5e4ac2397fa77b7fcdfb3e57
M000339,2025-01-30,C005,"Morning, can u send 12 box tomatoes grade A, no substitutes; also 24 kg strawberry grade B, substitution OK for 30/01; same delivery slot. Ref 05",hard,development,7ae160b6f7e32501166b23ea06d8282e90e931aa7f077133384b53c98020655f
M000340,2025-01-30,C006,"Please deliver 5 kg lett grade B, substitution OK; also 3 box strawberries grade A, no substitutes; also 19 kg peppers grade B, substitution OK; also 15 kg car grade A, no substitutes on 2025-01-30. Customer ref C006.",standard,development,4e9332a3728e105741022ba686865221b70a2ff318f91a52307aec4eec613aca
M000341,2025-01-30,C007,"Hi team pls arrange 1 box broccoli grade B, substitution OK for 30/01; call if any issue. Ref 07",hard,development,8c1e5b0bef3e7e80167fb2f6aea84837aa52f915e023144417064708e20de0ee
M000342,2025-01-30,C008,"Hi team pls arrange 30 kg cucumber grade B, substitution OK; also 2 crate strawberry grade B, no substitutes; also 1 crate capsicum grade B, substitution OK; also 12 kg brocc grade B, no substitutes for 30/01; call if any issue. Ref 08",hard,development,728706b90f38a54625dbc60a9a85e1d332d0227c9df7e89ee3d183b3c4bda186
M000343,2025-01-30,C009,"Please deliver 64 kg carrot grade B, no substitutes on 2025-01-30. Customer ref C009.",standard,development,cfd01f81fee2fafdf1ba57c20f780aadee48d0ca65ae9cc82fbfa7403378571a
M000344,2025-01-30,C010,"Please deliver 11 box tomatoes grade B, substitution OK; also 8 box lett grade A, no substitutes; also 27 kg bell pepper grade A, no substitutes; also 8 kg broccoli grade A, no substitutes on 2025-01-30. Customer ref C010.",standard,development,8567cbe4565237692a15f28d91997e50ea6cb81576d0d871d50bfc1fb1fea05d
M000345,2025-01-30,C011,"Morning, can u send 4 crate cuke grade B, substitution OK; also 58 kg spin grade A, no substitutes for 30/01; call if any issue. Ref 11",hard,development,242cd0efdf4539c641ad9dc6fca46e05292e40b27993640b5ef7663faef2269f
M000346,2025-01-30,C012,"Please deliver 8 kg strawberry grade B, substitution OK; also 24 kg capsicum grade B, substitution OK on 2025-01-30. Customer ref C012.",standard,development,3e5922c36e64396d5899549dfd281b2ded19a91718f5b937ad2fb02017e20c56
M000347,2025-01-31,C001,"Please deliver 6 box tomato grade B, substitution OK; also 47 kg lettuce grade B, no substitutes on 2025-01-31. Customer ref C001.",standard,development,661bbe79628a6d7717365e3f822c49b8d91ffc05a36cbb666f102d5006040e57
M000348,2025-01-31,C002,"Please deliver 20 kg strawberry grade A, no substitutes on 2025-01-31. Customer ref C002.",standard,development,a082af4cb7ce4dfc55af843b350338dba7c41035eec6e5306051aab7fd1ba8ce
M000349,2025-01-31,C003,"Morning, can u send 2 box carrots grade B, substitution OK for 31/01; call if any issue. Ref 03",hard,development,53ba442329d3b13e63998673847f24ea977393c05c80d7dcdbb15da38bea1a80
M000350,2025-01-31,C004,"Amendment - need 35 kg cuke grade B, substitution OK; also 31 kg carrots grade B, substitution OK for 31/01; confirm asap. Ref 04",hard,development,c9dd2c31d37b1ff9237c148f4793ae264de5340904be49207e8c4e8fed1f29eb
M000351,2025-01-31,C005,"Amendment - need 13 kg tomato grade A, no substitutes; also 12 kg lettuce grade A, no substitutes; also 1 box capsicum grade A, no substitutes for 31/01; call if any issue. Ref 05",hard,development,707d3f61d639a94b0370648a46051846c38306307ffb4501d8dab9099ee3e6c3
M000352,2025-01-31,C006,"Please deliver 14 kg tomato grade A, substitution OK; also 8 kg berries grade B, no substitutes; also 12 kg peppers grade B, substitution OK on 2025-01-31. Customer ref C006.",standard,development,78ca3188cf7cb909b88fb7a79a6d0022c6c36c63f3ef3f7f79c8ca239870c1c1
M000353,2025-01-31,C007,"Please deliver 2 box toms grade A, no substitutes; also 48 kg capsicum grade B, substitution OK; also 6 box spin grade A, no substitutes; also 1 box carrots grade A, substitution OK on 2025-01-31. Customer ref C007.",standard,development,8f7cfbf28bb14ae4f26681f11d67b1b61d9aa15f6f848fb50358a691d722b411
M000354,2025-01-31,C008,"Hi team pls arrange 13 kg lett grade A, no substitutes; also 5 kg bell pepper grade B, no substitutes for 31/01; call if any issue. Ref 08",hard,development,cd9d5f842b9b9f38fc626fe54dcbf6cbbc7d6d283bdbde8093bc5bdd85087fbb
M000355,2025-01-31,C009,"Please deliver 21 kg strawberry grade B, substitution OK; also 12 kg carrots grade B, substitution OK on 2025-01-31. Customer ref C009.",standard,development,f84ee4aa18ef2848698a5d2773571e376983b8ea0cbb55ca324c366202ddf98c
M000356,2025-01-31,C010,"Morning, can u send 3 kg lettuce grade A, no substitutes; also 9 kg leaf spinach grade B, substitution OK; also 2 crate brocc grade B, substitution OK for 31/01; confirm asap. Ref 10",hard,development,f5b18ee91e5af5b2643f107a127e43999f93dbf4f2720c7a420e317fb0fd1841
M000357,2025-01-31,C011,"Please deliver 5 box spin grade A, no substitutes; also 3 kg car grade A, no substitutes on 2025-01-31. Customer ref C011.",standard,development,c30c38586b4ee3c221e5f69c6ee26f19b24ab9f8159bfa829bdef7d6aaaafcaf
M000358,2025-01-31,C012,"Please deliver 17 kg cuke grade A, no substitutes; also 12 kg peppers grade B, substitution OK; also 73 kg broc grade B, no substitutes on 2025-01-31. Customer ref C012.",standard,development,b3b9091d3b04480a165aacdb61618fbbaea637626b5ddd17ea6fc9f520fe5e77
M000359,2025-02-01,C001,"Please deliver 45 kg toms grade B, substitution OK; also 28 kg lett grade A, no substitutes; also 2 crate cucumber grade B, substitution OK; also 2 crate spin grade B, no substitutes; also 3 kg broccoli grade A, no substitutes on 2025-02-01. Customer ref C001.",standard,development,6ebb96afb41d2b6f6eef7fc3292fb7f48e314bce40f121eb03b434b6be630389
M000360,2025-02-01,C002,"Please deliver 28 kg cuke grade B, substitution OK on 2025-02-01. Customer ref C002.",standard,development,01feae0c659daae324b9318a1a1c225d74d94fd3f3c1e176289c56ea1eb19b06
M000361,2025-02-01,C003,"Please deliver 7 kg lett grade B, substitution OK; also 3 crate car grade A, no substitutes on 2025-02-01. Customer ref C003.",standard,development,b1727138d8fb4530e78e5c1f15418e2c946738147da562df34ccd308525c5dc1
M000362,2025-02-01,C004,"Please deliver 8 kg spin grade A, no substitutes on 2025-02-01. Customer ref C004.",standard,development,616ffccaeeb092c9135928a33093e3582a577dac3dc4fa215038654826d56fce
M000363,2025-02-01,C005,"Please deliver 33 kg berries grade B, no substitutes on 2025-02-01. Customer ref C005.",standard,development,da3eeb13af89826275c199b59192d8244e410fa2c9fcc331ac4f6c2b908bec56
M000364,2025-02-01,C006,"Please deliver 5 box lettuces grade B, substitution OK; also 49 kg broccoli grade B, substitution OK on 2025-02-01. Customer ref C006.",standard,development,c90bb7f08d518a1ce75bf6a4030a3f58f25c7094d3c6de3b5109f4c88ffbc990
M000365,2025-02-01,C007,"Please deliver 1 crate cuke grade A, no substitutes; also 8 box strawberry grade B, substitution OK; also 11 kg spin grade A, no substitutes on 2025-02-01. Customer ref C007.",standard,development,7bffe92575030e364ef6ca6fc4b6d12966eb660d9d9052c5af33b0514cebf2ae
M000366,2025-02-01,C008,"Please deliver 16 kg brocc grade B, substitution OK on 2025-02-01. Customer ref C008.",standard,development,5d5b687d6e431b70ce88a292066ef72b11279fd403610f79f6a031bf424351c9
M000367,2025-02-01,C009,"Please deliver 13 box bell pepper grade B, substitution OK on 2025-02-01. Customer ref C009.",standard,development,d3d4d81fe432d79b734a80f457393cb5ee0d94e2d21161aca4968ea68b152831
M000368,2025-02-01,C010,"Please deliver 9 kg peppers grade A, no substitutes; also 36 kg car grade A, no substitutes on 2025-02-01. Customer ref C010.",standard,development,191b5515156b7e13153c501e0b75d04c474877ce315893f6eac23cd5842d1beb
M000369,2025-02-01,C011,"Morning, can u send 49 kg cuke grade B, substitution OK for 01/02; same delivery slot. Ref 11",hard,development,aac72629cb6879225e5d320d33443bd5af5b92cbca0f3536ae3c7e103c51adcd
M000370,2025-02-01,C012,"Please deliver 48 kg tomatoes grade A, no substitutes; also 4 box cuke grade B, substitution OK; also 1 box carrot grade A, no substitutes on 2025-02-01. Customer ref C012.",standard,development,8beb7e464d5a2a71a3ccf8a088718601809b5fb56ab9a7784cea0cb135a8a4b0
M000371,2025-02-02,C001,"Morning, can u send 9 kg cuke grade A, no substitutes; also 4 crate broccoli grade B, substitution OK for 02/02; same delivery slot. Ref 01",hard,development,b0e53ff4f69031757373fbc54ba56e10161e309fe5cfb9063c51ec5c53e0403d
M000372,2025-02-02,C002,"Hi team pls arrange 5 box lettuces grade B, substitution OK; also 9 kg cuke grade A, no substitutes; also 11 kg berries grade B, no substitutes; also 14 kg leaf spinach grade B, substitution OK for 02/02; confirm asap. Ref 02",hard,development,44ef9939b6bc09649978664a9d783c35003d645411a0496587070fdf58daf547
M000373,2025-02-02,C003,"Please deliver 17 kg lettuces grade A, no substitutes; also 43 kg peppers grade A, no substitutes on 2025-02-02. Customer ref C003.",standard,development,77ba8b53087cc3e7c83e967923752f2cb374955b6732366880f839ab05ba2c52
M000374,2025-02-02,C004,"Please deliver 15 kg lettuces grade B, no substitutes on 2025-02-02. Customer ref C004.",standard,development,ccbb258b850f157e4102d572e6b43c1ba21b63674181f539a8e36ea784532733
M000375,2025-02-02,C006,"Please deliver 153 kg tomato grade B, substitution OK; also 29 kg peppers grade A, no substitutes; also 39 kg carrots grade B, substitution OK on 2025-02-02. Customer ref C006.",standard,development,c0e39f0abffc43fc2452dd96b3cb36650de1ad0825fe26be89b047ce8553ac27
M000376,2025-02-02,C007,"Please deliver 7 kg lett grade A, no substitutes; also 3 kg cucumbers grade B, substitution OK on 2025-02-02. Customer ref C007.",standard,development,e0b5542408b9f25a0a083f014eaed4cee14472e6bad07556645eeccfbf15a0dd
M000377,2025-02-02,C008,"Please deliver 6 kg lettuces grade B, substitution OK; also 7 crate spin grade A, substitution OK on 2025-02-02. Customer ref C008.",standard,development,ea82a2b95e83b78497cd08f823976d7149ee5f3f286cacfeaa29948d99b61cc5
M000378,2025-02-02,C010,"Hi team pls arrange 40 kg tomatoes grade B, substitution OK; also 4 kg cucumbers grade A, no substitutes; also 7 box leaf spinach grade A, no substitutes; also 4 crate broc grade A, no substitutes for 02/02; same delivery slot. Ref 10",hard,development,df526d0b0b4ea55ca04753ab2fe3b5824031fb6fc4c50fd50e4805bae9c5cb86
M000379,2025-02-02,C011,"Please deliver 14 kg cuke grade B, substitution OK; also 17 kg strawberry grade A, substitution OK; also 53 kg carrot grade B, no substitutes on 2025-02-02. Customer ref C011.",standard,development,fcb00470f57d3b4356b05e9a2add81be8ee7c59fbc74ac983e427bdf1e72e198
M000380,2025-02-03,C001,"Please deliver 38 kg tomato grade A, no substitutes; also 13 kg lettuces grade B, substitution OK; also 3 kg berries grade A, no substitutes on 2025-02-03. Customer ref C001.",standard,development,7ba87bfe4373d44161a1faf56e081be33e15e77a01248c58b2388c43b2c117ca
M000381,2025-02-03,C002,"Please deliver 3 crate strawberry grade A, no substitutes on 2025-02-03. Customer ref C002.",standard,development,e77cd94283c9a2e968e3a0e184c3e922bb30801bed42d33bde3cf7a0519b3983
M000382,2025-02-03,C003,"Please deliver 32 kg broccoli grade A, no substitutes on 2025-02-03. Customer ref C003.",standard,development,739ee0a1f85517711f66f4454aa7f06a68d1a6c6c0cebd56355e6ece7ab31434
M000383,2025-02-03,C004,"Please deliver 29 kg tomato grade B, substitution OK; also 5 box bell pepper grade A, substitution OK; also 3 box spinach grade A, no substitutes; also 2 box carrot grade B, substitution OK on 2025-02-03. Customer ref C004.",standard,development,0fa52c922b0b2802a717055e7095fd28e9bbbf34df8cfa407a53d09bf3498666
M000384,2025-02-03,C005,"Hi team pls arrange 39 kg lettuce grade A, no substitutes for 03/02; confirm asap. Ref 05",hard,development,07b91960b28f716bd1d5d204c3f59b6621dde341f28a228d53288730589d6eca
M000385,2025-02-03,C006,"Please deliver 2 crate lettuces grade A, no substitutes on 2025-02-03. Customer ref C006.",standard,development,6330482ab7447a51dd5dee5c91a1f8d3abf3d7e7b51c7f9fa4a65952b1916c5e
M000386,2025-02-03,C007,"Please deliver 41 kg lettuce grade A, no substitutes; also 2 crate cucumber grade A, no substitutes; also 43 kg leaf spinach grade A, no substitutes on 2025-02-03. Customer ref C007.",standard,development,003a496a64f646e87894c9773b5c7b7a65e11093e75de08efa3bdce913028508
M000387,2025-02-03,C008,"Please deliver 32 kg toms grade B, substitution OK; also 1 box broc grade B, substitution OK on 2025-02-03. Customer ref C008.",standard,development,69da8205cf17ede6e41415d967f7c1fba7188474687dc0152460f76224885613
M000388,2025-02-03,C009,"Morning, can u send 78 kg cucumbers grade B, no substitutes; also 14 kg strawberry grade A, no substitutes; also 4 box spinach grade A, no substitutes; also 2 box carrot grade B, substitution OK; also 25 kg broc grade A, no substitutes for 03/02; call if any issue. Ref 09",hard,development,4d3938bd83b0034f002b2cc86faa77a01b9a0be89afb1a29983a1eed330ca39f
M000389,2025-02-03,C010,"Please deliver 6 kg strawberry grade A, no substitutes; also 26 kg bell pepper grade A, no substitutes; also 49 kg carrot grade B, substitution OK; also 29 kg brocc grade A, no substitutes on 2025-02-03. Customer ref C010.",standard,development,bc08b3675f3fe7a0c511cb9bceb49d9dd68e5f995df58202095c5d6d3369987e
M000390,2025-02-03,C011,"Morning, can u send 35 kg tomato grade A, no substitutes; also 10 kg cucumber grade A, no substitutes; also 1 box carrots grade B, no substitutes for 03/02; confirm asap. Ref 11",hard,development,6374e5a8f473ede6c768159c77b3b0796ec9e84422fe60b2eec180a6105c8290
M000391,2025-02-03,C012,"Please deliver 3 crate strawberry grade A, no substitutes; also 18 kg carrot grade A, substitution OK on 2025-02-03. Customer ref C012.",standard,development,5c56f0f20bb06eaf3e5dacdac07aba440f69b211ea920db4deefdad12a996c1c
M000392,2025-02-04,C001,"Please deliver 21 kg lett grade A, no substitutes; also 23 kg cucumber grade B, no substitutes on 2025-02-04. Customer ref C001.",standard,development,c3fc38a3cb71de031e7b9b7f4019fc5e0ff918b28037cc5c7b097aaa2f071f3f
M000393,2025-02-04,C002,"Please deliver 7 crate tomato grade B, substitution OK; also 38 kg cuke grade B, substitution OK; also 19 kg spinach grade A, no substitutes; also 5 box car grade B, substitution OK; also 2 crate broccoli grade A, no substitutes on 2025-02-04. Customer ref C002.",standard,development,802d13702aa481a23676501cf1500d74f125adb4f9ff81ee307e59c16d1c5874
M000394,2025-02-04,C003,"Please deliver 6 box lettuces grade B, substitution OK; also 14 kg strawberry grade A, substitution OK on 2025-02-04. Customer ref C003.",standard,development,aa66bc5a988a9a8344c57e212c79a76aa9f7c81ab1b6264de654e16cdf0f4e2a
M000395,2025-02-04,C005,"Please deliver 68 kg toms grade B, no substitutes; also 2 crate peppers grade B, substitution OK on 2025-02-04. Customer ref C005.",standard,development,c4e956faabd3020416e0b2fd63e1791ed244e92dec85019a2d5d7c286955dab9
M000396,2025-02-04,C006,"Please deliver 10 kg lettuce grade B, no substitutes on 2025-02-04. Customer ref C006.",standard,development,fe8db5a98388c5293dbbff4b2ac32499fd94260e61b3518f5da1a2e54962d069
M000397,2025-02-04,C007,"Please deliver 7 box lettuces grade A, no substitutes; also 2 box cucumber grade A, no substitutes; also 3 crate brocc grade B, substitution OK on 2025-02-04. Customer ref C007.",standard,development,24c996d61b6d40947e461e801534f1cef62d8ee43dee627caf5e6acad98d6ced
M000398,2025-02-04,C008,"Hi team pls arrange 6 box strawberries grade B, substitution OK; also 3 kg spin grade B, substitution OK; also 27 kg car grade A, substitution OK for 04/02; call if any issue. Ref 08",hard,development,f6106c42782cd96d22b91e69f15e609792948292ea021553ad08ccc8c1f918ed
M000399,2025-02-04,C009,"Please deliver 9 box toms grade B, substitution OK; also 12 kg berries grade A, no substitutes; also 12 kg leaf spinach grade B, substitution OK; also 2 box carrot grade A, substitution OK; also 19 kg broc grade A, no substitutes on 2025-02-04. Customer ref C009.",standard,development,98d65aca167aa94a1503df8539da20b1da9a57f7195153778e2b654334d77e1c
M000400,2025-02-04,C010,"Please deliver 7 kg berries grade B, substitution OK; also 27 kg peppers grade A, no substitutes on 2025-02-04. Customer ref C010.",standard,development,d9280a1825d7d5772153c8bc9b3f9ae65e2cb007b194dd9c1d28660bb59fa075
M000401,2025-02-04,C011,"Please deliver 32 kg tomatoes grade A, no substitutes; also 1 crate cucumbers grade A, no substitutes; also 2 crate berries grade A, no substitutes; also 2 crate spin grade B, substitution OK on 2025-02-04. Customer ref C011.",standard,development,e6bedcffe2f9d398cf5f9be155c253904a6925fb714a7d3e6f5f3af3cd9d73da
M000402,2025-02-04,C012,"Amendment - need 3 box bell pepper grade A, no substitutes for 04/02; call if any issue. Ref 12",hard,development,fb93c858767f79492ef7f630b227903bca2a3c77abf5b63dd060f51f0d679f32
M000403,2025-02-05,C001,"Please deliver 4 box cucumbers grade B, no substitutes; also 64 kg strawberry grade A, no substitutes; also 180 kg car grade A, no substitutes; also 5 kg broccoli grade B, substitution OK on 2025-02-05. Customer ref C001.",standard,development,64be617ac96fe6c5628d83c7f08bcc006faabdce0458cf3b3ab988f6a60e1c7d
M000404,2025-02-05,C002,"Please deliver 33 kg lettuces grade B, substitution OK; also 26 kg cuke grade B, substitution OK on 2025-02-05. Customer ref C002.",standard,development,32172cbe6c3158a27b8a73526274a2d1f5ea990b204ebf194608051b856ace37
M000405,2025-02-05,C003,"Please deliver 7 kg spinach grade A, no substitutes on 2025-02-05. Customer ref C003.",standard,development,422214a478a60e5c495d180b8fb17a379feacc13b6f795dc156e76c97718a0ce
M000406,2025-02-05,C004,"Morning, can u send 83 kg lettuce grade B, substitution OK; also 5 kg cucumber grade B, substitution OK; also 7 kg bell pepper grade A, no substitutes; also 2 box leaf spinach grade B, substitution OK for 05/02; confirm asap. Ref 04",hard,development,fdb11c26df541862a1185906a7e3c4a3e74955ee419ac97a9937edfc5bd79c21
M000407,2025-02-05,C005,"Morning, can u send 14 kg tomatoes grade A, no substitutes; also 5 crate lettuce grade B, no substitutes for 05/02; call if any issue. Ref 05",hard,development,c430f1772ba721e485e07e1183e4b0c920200af062be651fdcc36a6d1bbb4bb4
M000408,2025-02-05,C006,"Morning, can u send 17 kg cuke grade A, no substitutes; also 11 kg car grade A, no substitutes; also 2 box broc grade A, no substitutes for 05/02; confirm asap. Ref 06",hard,development,fc3283778214e2b4bd9cae84fa2d8ec4ece387b9eb35ad734b617e0b4020fe32
M000409,2025-02-05,C007,"Please deliver 3 kg berries grade B, substitution OK; also 10 kg leaf spinach grade A, no substitutes; also 16 kg broc grade B, substitution OK on 2025-02-05. Customer ref C007.",standard,development,74218e19dfa6b1938d26b8168ed520516b994eef310d035b2a72365ab27b73d8
M000410,2025-02-05,C008,"Please deliver 6 kg spin grade B, no substitutes; also 4 kg broc grade A, no substitutes on 2025-02-05. Customer ref C008.",standard,development,bc4dba2637e99dcf0ec789d3f1509bb1fe1d60d2786f257ac46eb1b30e9026dc
M000411,2025-02-05,C009,"Hi team pls arrange 2 crate cuke grade B, substitution OK; also 22 kg capsicum grade A, no substitutes for 05/02; same delivery slot. Ref 09",hard,development,fda935e303fc3cdf632f9b40df45aabad823751de6a1b78b903bdb28a1afd87a
M000412,2025-02-05,C010,"Hi team pls arrange 115 kg toms grade A, no substitutes; also 34 kg strawberry grade B, substitution OK for 05/02; same delivery slot. Ref 10",hard,development,2b51e4675134cdae23a63d33d86184094f82db856acdf61f59b18f42d2a2d1da
M000413,2025-02-05,C011,"Please deliver 32 kg tomato grade A, no substitutes; also 3 kg peppers grade A, no substitutes; also 21 kg spinach grade B, substitution OK on 2025-02-05. Customer ref C011.",standard,development,2c6acbdfee9809906bd36cf032faa922c521a66755b58f5e652eaf2bba98beec
M000414,2025-02-05,C012,"Amendment - need 4 box capsicum grade A, no substitutes for 05/02; confirm asap. Ref 12",hard,development,ac84730d45983666f7b630948f0951f32120dcc3226b70841e66dd0aa358bef1
M000415,2025-02-06,C002,"Hi team pls arrange 56 kg tomatoes grade B, substitution OK; also 14 kg cuke grade B, substitution OK; also 26 kg carrots grade A, no substitutes; also 16 kg broccoli grade B, substitution OK for 06/02; call if any issue. Ref 02",hard,development,82f4feaac8c7b8420bfe258ef89b9a88c68a9a7298886c3c52f3ea3c62956424
M000416,2025-02-06,C003,"Please deliver 53 kg tomatoes grade A, no substitutes; also 13 box lettuce grade B, no substitutes on 2025-02-06. Customer ref C003.",standard,development,efa4f640736d8ed856efdca79e0310e90f2ad22c942e419355d50c5a367b5bc8
M000417,2025-02-06,C004,"Amendment - need 2 crate cucumber grade B, substitution OK; also 6 crate spinach grade A, no substitutes for 06/02; confirm asap. Ref 04",hard,development,bc14576d293f1cad7531f76e8ee28e2a9c70b57ca6885a228b72b5d101743d9f
M000418,2025-02-06,C005,"Morning, can u send 6 kg tomatoes grade A, no substitutes for 06/02; confirm asap. Ref 05",hard,development,c75442b01c3b03f0339ac57a1059a38641954dcf2c17454909f0e58d16b92a5d
M000419,2025-02-06,C006,"Please deliver 10 kg strawberries grade B, no substitutes; also 5 box brocc grade A, substitution OK on 2025-02-06. Customer ref C006.",standard,development,12c052c4028b56e4f19f5d1dd16fae0d53eaa777454fe92625a8d42d7f54674e
M000420,2025-02-06,C007,"Hi team pls arrange 3 kg berries grade B, no substitutes; also 4 kg capsicum grade A, no substitutes; also 4 box broc grade B, substitution OK for 06/02; same delivery slot. Ref 07",hard,development,e6e10e0b428c65308bbff4250bc80d21481e403d24fcd2d867fa1e0c09f479b6
M000421,2025-02-06,C008,"Please deliver 2 box peppers grade A, no substitutes; also 5 box carrot grade A, no substitutes on 2025-02-06. Customer ref C008.",standard,development,b13f38c93ca72bc2a72e240977aea5b651ef16a57c5716b5f44893e5fbc4d1d4
M000422,2025-02-06,C009,"Please deliver 53 kg cuke grade B, substitution OK; also 21 kg strawberry grade B, substitution OK; also 36 kg spinach grade A, no substitutes; also 2 box carrots grade B, substitution OK on 2025-02-06. Customer ref C009.",standard,development,02f2e485be5391491a87aa0656af7ea1df9b08e56d7fe7d4d23ac79083442378
M000423,2025-02-06,C010,"Please deliver 5 box toms grade A, no substitutes; also 7 kg strawberries grade A, no substitutes on 2025-02-06. Customer ref C010.",standard,development,b4cbd16181b2347646f738c8cc2ea62af4c160c2072f4e639e7ed5e8a77dd5a1
M000424,2025-02-06,C011,"Please deliver 4 kg lettuces grade B, no substitutes; also 3 box strawberry grade A, no substitutes; also 3 kg capsicum grade B, substitution OK; also 5 kg broccoli grade B, substitution OK on 2025-02-06. Customer ref C011.",standard,development,e24f65ae2017167f4c16d85afd5460da2ed5c03413ff50916ef47218d381f57e
M000425,2025-02-06,C012,"Please deliver 5 box lettuces grade B, substitution OK; also 9 kg cucumber grade B, substitution OK; also 4 box capsicum grade B, substitution OK on 2025-02-06. Customer ref C012.",standard,development,085d8c58cdb1e544668b7cd6d8fb78ddc77ff726a7ec8ad290803c5def507fd6
M000426,2025-02-07,C001,"Please deliver 16 kg tomato grade B, substitution OK on 2025-02-07. Customer ref C001.",standard,development,3d8cbed5f506fc262d6998dd2385ec6a83d9c746809af174f98bd22c267308e9
M000427,2025-02-07,C002,"Amendment - need 9 kg tomatoes grade A, no substitutes for 07/02; same delivery slot. Ref 02",hard,development,7d1a8ab690f2d16b7e1ea3ba0a18f3061524078e80c26b8a485ace24cf949ae5
M000428,2025-02-07,C003,"Please deliver 9 box leaf spinach grade A, no substitutes on 2025-02-07. Customer ref C003.",standard,development,29969f5d88b7e8f86a6cacea38ca01ee9624a51ec65fa7dde8973cd22fecc0b5
M000429,2025-02-07,C004,"Please deliver 34 kg lettuce grade B, substitution OK; also 20 kg capsicum grade A, no substitutes on 2025-02-07. Customer ref C004.",standard,development,bcf7b6b82e76a7980c3c79d00696a333ecb1d39beed0967fcdbb94d4694a68ad
M000430,2025-02-07,C005,"Please deliver 10 kg tomato grade A, no substitutes; also 58 kg cuke grade B, substitution OK; also 2 crate strawberries grade B, substitution OK on 2025-02-07. Customer ref C005.",standard,development,9df8b7ddb2c08dda0e12ce76d71b2c93592da10b6ac2e5e38ffdb7f26afa9810
M000431,2025-02-07,C006,"Please deliver 6 box lett grade B, no substitutes; also 2 crate brocc grade B, substitution OK on 2025-02-07. Customer ref C006.",standard,development,938a48140388d1ca38ddc7142e0f537a3f0ab4b742e01fb9e72781912dd16aee
M000432,2025-02-07,C007,"Morning, can u send 8 kg tomatoes grade A, no substitutes; also 16 kg cucumber grade A, no substitutes for 07/02; confirm asap. Ref 07",hard,development,2a54596586b983de0086aac19cf0058d837c3f85801e99495451c950d5cf40ce
M000433,2025-02-07,C008,"Please deliver 45 kg cucumber grade A, no substitutes; also 3 box berries grade A, no substitutes; also 5 box capsicum grade B, substitution OK; also 105 kg car grade B, no substitutes on 2025-02-07. Customer ref C008.",standard,development,e4fcafb8f767afb310fce1e93306055032a776d4063ae98b32c68da42a41f708
M000434,2025-02-07,C009,"Please deliver 9 box lettuce grade A, no substitutes; also 7 crate spinach grade A, no substitutes; also 28 kg car grade A, substitution OK on 2025-02-07. Customer ref C009.",standard,development,df4af96d24d97413b47f86f1cacecd42fdbb64e4393defab72bab1685bf3b6ea
M000435,2025-02-07,C010,"Please deliver 4 box strawberry grade A, no substitutes on 2025-02-07. Customer ref C010.",standard,development,c3459c8bac2f92cd017960255b058d22d39387fd93ff7df302248a043e929043
M000436,2025-02-07,C011,"Please deliver 5 box broc grade A, substitution OK on 2025-02-07. Customer ref C011.",standard,development,a287ec21e8a9b2b696f060912eb6f394e846bfde92bf5993f5b159ebc9dd57d1
M000437,2025-02-07,C012,"Please deliver 41 kg tomatoes grade A, no substitutes; also 15 box berries grade A, no substitutes; also 17 kg bell pepper grade A, no substitutes; also 8 kg broccoli grade B, no substitutes on 2025-02-07. Customer ref C012.",standard,development,ae61bf56acd738b3f77914d66afe2e11258a6014c620c340417f4c685611790e
M000438,2025-02-08,C001,"Please deliver 18 kg lett grade A, no substitutes; also 20 kg strawberry grade B, substitution OK on 2025-02-08. Customer ref C001.",standard,development,9db984f9ebfbf3c684b0967a49369dd86e056d3bf566aff9714f3d9b867d1719
M000439,2025-02-08,C002,"Amendment - need 11 kg toms grade A, no substitutes; also 67 kg cuke grade A, no substitutes for 08/02; call if any issue. Ref 02",hard,development,b627306db4bb5a51617010c27c7b343bdcd8adf4afcd8a58436c73750b1f21ef
M000440,2025-02-08,C003,"Please deliver 49 kg tomatoes grade A, no substitutes; also 70 kg lettuces grade A, no substitutes; also 3 kg spin grade B, no substitutes on 2025-02-08. Customer ref C003.",standard,development,58cb2148e2941f8682d1a63f658fc5dab58e116849f5a03ab0534e42f10a2ac4
M000441,2025-02-08,C004,"Amendment - need 1 box cucumbers grade B, substitution OK for 08/02; confirm asap. Ref 04",hard,development,7f301532478ba5cdf924d4b5ac02deaeb7055aee081f44add68235b203814586
M000442,2025-02-08,C005,"Please deliver 34 kg tomatoes grade B, substitution OK; also 8 kg leaf spinach grade A, no substitutes; also 24 kg brocc grade B, substitution OK on 2025-02-08. Customer ref C005.",standard,development,56ac4dd0777abb78edeae7fdfa89edc7f08a5bc7d9dd4c30903fe57846510cd0
M000443,2025-02-08,C006,"Please deliver 3 box cucumber grade A, no substitutes; also 20 kg leaf spinach grade A, no substitutes on 2025-02-08. Customer ref C006.",standard,development,437919d88c045d5152afe3adc70fa2a073122e2748e76ada67ef37211e6f2430
M000444,2025-02-08,C007,"Please deliver 5 box peppers grade A, no substitutes; also 14 kg leaf spinach grade A, no substitutes; also 6 kg brocc grade B, no substitutes on 2025-02-08. Customer ref C007.",standard,development,6195970483e1d0a24cee39f153ca423cab86e7ebb34252c3ad4d82fe63db9bdb
M000445,2025-02-08,C008,"Please deliver 29 kg capsicum grade A, no substitutes; also 55 kg car grade A, no substitutes; also 58 kg brocc grade B, no substitutes on 2025-02-08. Customer ref C008.",standard,development,ecb5cdd94c99b1241df124bf3234bc1622368e514f783819b6e12f7eb690cc1e
M000446,2025-02-08,C009,"Please deliver 5 kg strawberries grade B, substitution OK on 2025-02-08. Customer ref C009.",standard,development,fd43319f83f03418a7ecdf72501b025a4102f1e9052746603fb810909c99261d
M000447,2025-02-08,C011,"Please deliver 16 kg cuke grade B, substitution OK; also 1 crate carrots grade B, no substitutes on 2025-02-08. Customer ref C011.",standard,development,45e8f6583bf258804a6c7d15575ba504d97ee6eb24fe4fb66470d7ad7ff8e635
M000448,2025-02-08,C012,"Please deliver 21 kg toms grade A, no substitutes; also 18 kg cucumber grade A, no substitutes; also 47 kg strawberry grade A, substitution OK; also 17 kg capsicum grade B, substitution OK; also 16 kg spin grade A, no substitutes on 2025-02-08. Customer ref C012.",standard,development,2b770aa8eb275a1e8934915b7dcf43789e5aa2e3ab2610551368804e049eafb4
M000449,2025-02-09,C001,"Morning, can u send 3 kg berries grade A, no substitutes; also 14 kg spin grade B, no substitutes for 09/02; same delivery slot. Ref 01",hard,development,5b562f0f89115f365a336e9afcc02dd7c0916d4284d64fdd5dd4c358e5d3d8ee
M000450,2025-02-09,C002,"Please deliver 19 kg cuke grade B, no substitutes; also 7 kg spin grade B, substitution OK on 2025-02-09. Customer ref C002.",standard,development,74e1f0608a05f4689f502e049756e1660f90de4f47c26862b263178c16054185
M000451,2025-02-09,C003,"Amendment - need 28 kg cucumbers grade B, substitution OK; also 36 kg peppers grade B, no substitutes; also 12 kg spin grade A, substitution OK for 09/02; call if any issue. Ref 03",hard,development,c8f42345bcda1950a7c3b6b3730367cde951b940a399fe82068b622e75240faf
M000452,2025-02-09,C004,"Please deliver 3 kg strawberries grade B, no substitutes; also 7 kg carrots grade A, no substitutes on 2025-02-09. Customer ref C004.",standard,development,4746087419b5b94006922173c21f54b46158a64ea160b77f8f5b7bbd1ac35d5c
M000453,2025-02-09,C005,"Please deliver 53 kg lettuces grade A, no substitutes; also 4 crate strawberry grade A, no substitutes; also 7 box brocc grade A, no substitutes on 2025-02-09. Customer ref C005.",standard,development,dff814e3c4c2bd16e80353b3a02c3296288dcf67ad64a878d741dbd5312247e2
M000454,2025-02-09,C006,"Hi team pls arrange 30 kg berries grade B, substitution OK; also 3 kg spinach grade B, substitution OK; also 3 crate carrot grade B, substitution OK for 09/02; same delivery slot. Ref 06",hard,development,b1ab91c61aa43c54e66e34ffbac560f19779ae99c80a08df625134e76db39ef5
M000455,2025-02-09,C007,"Morning, can u send 20 kg tomatoes grade A, no substitutes; also 1 crate cuke grade A, no substitutes; also 5 kg strawberries grade B, substitution OK for 09/02; same delivery slot. Ref 07",hard,development,8a1fdf4ee0cda747db3aace0ceeef17491abc0397e078fed95a9c7f9f4359112
M000456,2025-02-09,C008,"Please deliver 2 box cucumber grade B, substitution OK; also 4 kg capsicum grade B, no substitutes; also 8 kg car grade B, substitution OK on 2025-02-09. Customer ref C008.",standard,development,1531e0dd246d9e300aaa2b1e6151ffde2342b35f94dad60b446d9199230cbeea
M000457,2025-02-09,C010,"Morning, can u send 19 box tomato grade A, no substitutes; also 28 kg broccoli grade B, no substitutes for 09/02; same delivery slot. Ref 10",hard,development,eb33d1d2beabe946442c78298cc757f1858e29ee393a8e0aa5b460cc51605d9b
M000458,2025-02-09,C011,"Please deliver 22 kg capsicum grade A, no substitutes on 2025-02-09. Customer ref C011.",standard,development,1125f75cdf14ed6206e251e4970997756dbfe79a06dac72573288b1b80213d5f
M000459,2025-02-09,C012,"Please deliver 6 box lettuce grade A, no substitutes; also 8 kg spin grade A, no substitutes; also 2 box car grade A, no substitutes on 2025-02-09. Customer ref C012.",standard,development,1ff1823ec9ab3c7b8e1e10edf363210cddb851f36ec83b52a7c8e4cc89909839
M000460,2025-02-10,C001,"Please deliver 16 kg strawberry grade A, substitution OK; also 2 box spinach grade B, no substitutes; also 12 kg carrots grade A, no substitutes on 2025-02-10. Customer ref C001.",standard,development,ebce3eb11ac0e627eccc9623fedc34294e7a622af1e8e831c4cf2a8754e0c17a
M000461,2025-02-10,C002,"Please deliver 56 kg carrot grade A, no substitutes on 2025-02-10. Customer ref C002.",standard,development,f635664398f2827af62a16c34fea7f7c1194ed4cb61f0839a014f7eb1d349472
M000462,2025-02-10,C003,"Please deliver 5 box tomatoes grade B, no substitutes; also 12 kg strawberries grade A, no substitutes; also 5 kg spinach grade B, substitution OK on 2025-02-10. Customer ref C003.",standard,development,c146f14fb20dda48650ff2937d7677e073e94a421eb0ea2e775bcfa5a0429d09
M000463,2025-02-10,C004,"Please deliver 1 box cuke grade B, substitution OK on 2025-02-10. Customer ref C004.",standard,development,9b324e56e7236554a97e8ae5d988a022d7a1487859c6f6086ca0ab51ceb521fb
M000464,2025-02-10,C005,"Please deliver 20 box lett grade B, no substitutes; also 3 kg capsicum grade A, substitution OK; also 1 crate leaf spinach grade B, substitution OK; also 2 crate carrots grade B, substitution OK; also 11 kg broc grade A, no substitutes on 2025-02-10. Customer ref C005.",standard,development,b9f60c00d2a4376b6ad8cc832e25056c551c87f566c73dc1098c02dbe44935f4
M000465,2025-02-10,C006,"Please deliver 1 crate cucumber grade B, no substitutes; also 3 kg capsicum grade B, substitution OK; also 4 kg car grade A, substitution OK on 2025-02-10. Customer ref C006.",standard,development,6c30d7b6285bef7bd28e6b81a32f15eab80572bad895e318400b08f095b43a17
M000466,2025-02-10,C007,"Please deliver 3 crate lett grade B, substitution OK on 2025-02-10. Customer ref C007.",standard,development,88350e589a5afef01ef4b88c502a74b4f1c215711c0b0f050138ed728c21eae2
M000467,2025-02-10,C008,"Please deliver 1 box peppers grade B, substitution OK on 2025-02-10. Customer ref C008.",standard,development,13adce7545707e943c0259fb4e84ff9322519e88a64f60c1fe3a53c95190e844
M000468,2025-02-10,C009,"Please deliver 103 kg tomatoes grade B, substitution OK; also 8 kg spinach grade A, substitution OK; also 10 box car grade B, no substitutes; also 9 kg broc grade A, substitution OK on 2025-02-10. Customer ref C009.",standard,development,72d574bf404cc7f1e7b94d1363bab0e5a8532d3d91a3a1406e149b8b11aeeaab
M000469,2025-02-10,C010,"Morning, can u send 36 kg cuke grade A, no substitutes; also 13 kg strawberry grade A, no substitutes; also 7 box broccoli grade B, no substitutes for 10/02; call if any issue. Ref 10",hard,development,1fe9151750be1463c9cc333c999ecf9fcbc45be5b15ba316d5bafeafe620cf75
M000470,2025-02-10,C011,"Amendment - need 6 kg lett grade A, no substitutes; also 12 kg cuke grade A, no substitutes; also 26 kg bell pepper grade A, no substitutes; also 14 box leaf spinach grade B, substitution OK for 10/02; call if any issue. Ref 11",hard,development,969cf8ded034e1216ae096953294a169fe87edc354d064122dcec91bb4a44417
M000471,2025-02-10,C012,"Please deliver 3 crate strawberry grade A, no substitutes; also 5 crate capsicum grade B, substitution OK on 2025-02-10. Customer ref C012.",standard,development,7c221d6eaa63ef0330d7e0fac605ab3db6024381e7c8d155aa104b5c438d943d
M000472,2025-02-11,C001,"Please deliver 13 kg lettuces grade A, substitution OK; also 50 kg peppers grade B, no substitutes; also 18 kg car grade B, substitution OK on 2025-02-11. Customer ref C001.",standard,development,a839673c046f7d849a7b68c659e54f4941c4c5b32566dcee41aa47528c7788a9
M000473,2025-02-11,C002,"Please deliver 33 kg tomatoes grade A, no substitutes; also 15 kg bell pepper grade A, no substitutes; also 9 kg spin grade B, substitution OK on 2025-02-11. Customer ref C002.",standard,development,c3cbab5a968c1d61adc6474642c1fd8ae556730ffa6294fbddc85710f3c45ef7
M000474,2025-02-11,C004,"Please deliver 12 box cuke grade B, substitution OK on 2025-02-11. Customer ref C004.",standard,development,65f8f803f8c5d152e374e88241fbc6fe1f55294d0a92bcdf2945481e14bca868
M000475,2025-02-11,C006,"Please deliver 50 kg strawberry grade A, no substitutes on 2025-02-11. Customer ref C006.",standard,development,33debe918734995b0113f13b4863714d3419bb7e03a7c18bd74ecf6b9c632a7a
M000476,2025-02-11,C007,"Hi team pls arrange 11 box tomato grade B, substitution OK; also 10 kg strawberry grade A, no substitutes; also 7 kg capsicum grade B, no substitutes; also 12 crate spinach grade B, substitution OK for 11/02; same delivery slot. Ref 07",hard,development,e030e16dcd72b7f8da593937e31255512803529bb2757fd913df7a39e255d94c
M000477,2025-02-11,C008,"Please deliver 4 kg lettuce grade A, no substitutes on 2025-02-11. Customer ref C008.",standard,development,22437791953fd816f7b494f9f2ae3ad04a2d3535c4b8b25f226685df76d36556
M000478,2025-02-11,C009,"Hi team pls arrange 11 kg tomato grade B, substitution OK; also 16 kg lett grade B, no substitutes; also 2 box cucumbers grade A, no substitutes; also 6 box broccoli grade A, no substitutes for 11/02; confirm asap. Ref 09",hard,development,93af6b7fc0339f6a972f7c0ac15ae15c962d3b2766781f76bc626adb45f1d46f
M000479,2025-02-11,C010,"Amendment - need 24 kg lettuces grade B, substitution OK for 11/02; confirm asap. Ref 10",hard,development,fe7f72fdac4d88769e9beb73c06253b3199b6b4dd22bfcccba793a669e7d7749
M000480,2025-02-11,C011,"Amendment - need 17 kg lett grade A, no substitutes; also 10 kg peppers grade A, no substitutes; also 14 kg carrots grade B, substitution OK; also 42 kg broccoli grade B, substitution OK for 11/02; confirm asap. Ref 11",hard,development,577a221dd4210375f1f7a7cf9f70fd41d4bfa2b5a94200518c14981811221e63
M000481,2025-02-11,C012,"Please deliver 9 kg toms grade A, no substitutes; also 26 kg cucumber grade B, substitution OK; also 4 kg peppers grade B, substitution OK; also 22 kg carrot grade A, no substitutes on 2025-02-11. Customer ref C012.",standard,development,b0cacf5ae79c17a324185a29612c3f3a9aea29eea2c355f588bbe8d46bf64459
M000482,2025-02-12,C001,"Please deliver 9 crate car grade A, no substitutes on 2025-02-12. Customer ref C001.",standard,development,5bfa04c142911fd82603cb44ea6c3ad357b103162b64ccb6e5ea328b8703c54d
M000483,2025-02-12,C002,"Amendment - need 3 kg lettuce grade A, no substitutes; also 2 crate strawberries grade B, substitution OK; also 23 kg capsicum grade B, substitution OK for 12/02; same delivery slot. Ref 02",hard,development,bdceef2ad69a255d4fb8d84edd085721523fc4861151cd8c617a6a51c2104239
M000484,2025-02-12,C003,"Please deliver 8 kg tomatoes grade A, no substitutes; also 14 kg lettuce grade B, substitution OK; also 14 kg cuke grade A, no substitutes; also 13 kg berries grade B, substitution OK; also 7 box spinach grade A, no substitutes on 2025-02-12. Customer ref C003.",standard,development,8f9273a54cc9e42de5b470da85369e4f8133512f121a1f4ee8d78a54280a1dde
M000485,2025-02-12,C004,"Please deliver 9 box tomato grade A, no substitutes; also 19 kg car grade B, no substitutes on 2025-02-12. Customer ref C004.",standard,development,32fb77a697bb65e2056d582f1c900525ef10489e890bd9d48c0fbfbcbf34fb71
M000486,2025-02-12,C005,"Hi team pls arrange 21 kg lettuce grade B, substitution OK; also 17 kg spin grade B, substitution OK; also 20 kg broccoli grade A, no substitutes for 12/02; call if any issue. Ref 05",hard,development,33a257d928ffd9c3a044ae9ccadfdabb5259c87f5fc2933b9c9e70b7d0f42979
M000487,2025-02-12,C007,"Please deliver 7 kg berries grade B, substitution OK on 2025-02-12. Customer ref C007.",standard,development,6144e4457c50bf683efecb6dc288a7c96858402389ad32bcc08e0e9177c002b1
M000488,2025-02-12,C008,"Morning, can u send 43 kg toms grade A, no substitutes; also 30 kg lettuce grade A, no substitutes; also 6 crate cucumbers grade A, no substitutes; also 1 box peppers grade B, substitution OK for 12/02; same delivery slot. Ref 08",hard,development,e846d4ebe4b7e74614d1ee9f7ea1b1e3a944c3cfc015aecdfd55ebf6515ddb1c
M000489,2025-02-12,C009,"Please deliver 3 crate bell pepper grade A, no substitutes on 2025-02-12. Customer ref C009.",standard,development,1b4a4581bd6dd0afb4d534625df408475ca88370175cf6347468d6c59bbe4228
M000490,2025-02-12,C010,"Please deliver 3 kg leaf spinach grade A, no substitutes; also 22 kg brocc grade B, substitution OK on 2025-02-12. Customer ref C010.",standard,development,db8c27a2945615d6ff2d302ee964003a819abc4bab4a3f3c69e7b03f24829146
M000491,2025-02-12,C011,"Please deliver 8 box lettuces grade B, substitution OK; also 4 box cucumbers grade A, no substitutes; also 8 kg berries grade A, no substitutes; also 3 kg brocc grade B, substitution OK on 2025-02-12. Customer ref C011.",standard,development,47646a9491cfe161050fbd7de49cce2c6d2684de9018045f04ab60ccafaaa54f
M000492,2025-02-12,C012,"Please deliver 30 kg cucumber grade A, no substitutes on 2025-02-12. Customer ref C012.",standard,development,7b42fc84eb3d75c3f1dea6e7204b8f4b5dff0ea0c89ccd3859d649bb32f92e69
M000493,2025-02-13,C001,"Please deliver 1 box tomato grade B, substitution OK; also 16 kg broc grade B, substitution OK on 2025-02-13. Customer ref C001.",standard,development,1ab4a84d6292d8bb2aa71dec5ac1347e28befbcacb20e3b866ad4133176bf275
M000494,2025-02-13,C002,"Hi team pls arrange 15 kg lettuce grade A, no substitutes; also 4 box cucumbers grade B, substitution OK; also 1 box bell pepper grade A, no substitutes for 13/02; same delivery slot. Ref 02",hard,development,9466310d0f399c87d8c6c72d705bd473cddda3ee229e4130497b085ce642a9b2
M000495,2025-02-13,C003,"Please deliver 8 kg lett grade A, no substitutes; also 3 box cucumbers grade B, no substitutes; also 14 kg capsicum grade B, no substitutes on 2025-02-13. Customer ref C003.",standard,development,a735b7900f9cb0afb74fbb7b462b92732074ad6f0f425f68f4fe1cf6d1bb3adb
M000496,2025-02-13,C004,"Please deliver 25 kg lettuces grade A, no substitutes; also 51 kg cucumber grade A, no substitutes; also 22 kg berries grade B, substitution OK on 2025-02-13. Customer ref C004.",standard,development,bf0edb91ad3c2beb7185c3e313dfe0166768b8ed7ac3c65d45e96776572a29e9
M000497,2025-02-13,C005,"Please deliver 68 kg toms grade A, no substitutes; also 1 box lettuce grade A, no substitutes; also 12 kg capsicum grade B, no substitutes; also 7 kg leaf spinach grade B, substitution OK on 2025-02-13. Customer ref C005.",standard,development,e638f988a15037463518868454207d545eeb5e3e7222814c26f487c3185d22de
M000498,2025-02-13,C006,"Please deliver 12 kg lettuce grade B, no substitutes; also 32 kg capsicum grade A, no substitutes on 2025-02-13. Customer ref C006.",standard,development,150acbfa1babe928f2498f2aab0a45569ce68862cf508fe8ce5563c9e417edca
M000499,2025-02-13,C007,"Please deliver 12 kg spin grade A, no substitutes; also 2 crate carrot grade B, substitution OK on 2025-02-13. Customer ref C007.",standard,development,60f2686f4799441bc668d7425f72a776311a199968ce01c00f263a49fa20a5b1
M000500,2025-02-13,C009,"Morning, can u send 3 kg leaf spinach grade B, no substitutes for 13/02; same delivery slot. Ref 09",hard,development,7b2504fc497b00c96fe351be14f2a081765131e32f07c529e7df0921815aab33
M000501,2025-02-13,C010,"Please deliver 33 kg brocc grade B, no substitutes on 2025-02-13. Customer ref C010.",standard,development,d7d6033ed8cf8c616e396fc2b84b61e84ad47990e88b965a0343bb7417615f1d
M000502,2025-02-13,C011,"Please deliver 3 box cucumbers grade A, no substitutes; also 59 kg strawberries grade B, substitution OK; also 8 box spin grade A, no substitutes; also 77 kg carrots grade A, no substitutes on 2025-02-13. Customer ref C011.",standard,development,82b2d8831dc1b8b4c68b5ae60b318b903002841942e1a0526118273c50655e61
M000503,2025-02-13,C012,"Please deliver 2 crate tomato grade A, no substitutes on 2025-02-13. Customer ref C012.",standard,development,7d247b408109795d98d742200a94d87beb599e7c53491dae4fdd5474d5a7cc5e
M000504,2025-02-14,C001,"Please deliver 10 kg lettuces grade A, no substitutes; also 12 kg cucumber grade A, substitution OK; also 10 kg berries grade B, substitution OK; also 1 crate carrots grade A, no substitutes on 2025-02-14. Customer ref C001.",standard,development,d1330c9b5d469ff441a0abd361f11d8a8677a53165d769a968cebd3ba1b652f1
M000505,2025-02-14,C002,"Please deliver 18 kg lett grade A, no substitutes; also 6 box carrots grade B, no substitutes on 2025-02-14. Customer ref C002.",standard,development,85fc166d664288b85eab90ee65e6eef24e0fe17478ad18273ac334ce3f839f9b
M000506,2025-02-14,C003,"Please deliver 18 kg peppers grade B, substitution OK; also 7 kg brocc grade B, substitution OK on 2025-02-14. Customer ref C003.",standard,development,0dbae097dec38e1b179ccc738510e3b0d5614cecde71184a6620177e5b884b17
M000507,2025-02-14,C005,"Morning, can u send 30 kg lettuces grade A, no substitutes; also 2 box capsicum grade A, no substitutes; also 19 kg spin grade B, substitution OK; also 62 kg carrots grade A, no substitutes; also 8 kg brocc grade A, no substitutes for 14/02; same delivery slot. Ref 05",hard,development,6d6302b9ccab02bfd8813442d358831ed758e40ec95a757816aa6498c525cb2e
M000508,2025-02-14,C006,"Amendment - need 16 kg spinach grade A, no substitutes; also 23 kg car grade A, no substitutes for 14/02; confirm asap. Ref 06",hard,development,7223d49284f4984cccba6423abfc15026ee4afb73bc49cc8b69d6d546706ddaf
M000509,2025-02-14,C007,"Please deliver 14 box lettuces grade A, no substitutes; also 29 kg leaf spinach grade A, no substitutes; also 31 kg carrot grade A, no substitutes on 2025-02-14. Customer ref C007.",standard,development,2a82ecd9802e30e941eaa120bacd7372d560f80838a098de352d65fdcee14ccb
M000510,2025-02-14,C008,"Hi team pls arrange 3 crate strawberries grade A, no substitutes for 14/02; call if any issue. Ref 08",hard,development,6d46f3efa11e01a7e80cd79953fe14a0c7cc5929816c32735e98e242f1a9e796
M000511,2025-02-14,C009,"Please deliver 57 kg cuke grade B, substitution OK; also 65 kg capsicum grade B, substitution OK on 2025-02-14. Customer ref C009.",standard,development,09e1781025793d228caca40783c42bacba1ed9b877b1953b69dd438bb9f6feba
M000512,2025-02-14,C010,"Please deliver 13 box tomatoes grade B, substitution OK; also 12 kg broccoli grade A, no substitutes on 2025-02-14. Customer ref C010.",standard,development,8c2a8bf0dc948238aa0269ee3c99f1f31e802e7231740d810186b2786ba37600
M000513,2025-02-14,C011,"Please deliver 8 box spin grade A, no substitutes on 2025-02-14. Customer ref C011.",standard,development,0d6b40169409093d1a797e3a02cc2bbb6b9c783e93815aa64ab2b6ebc62928ec
M000514,2025-02-14,C012,"Morning, can u send 4 crate toms grade B, substitution OK; also 22 kg cucumber grade A, no substitutes; also 5 box berries grade B, substitution OK for 14/02; confirm asap. Ref 12",hard,development,e4213b9dc00198a584a660328c0793f06f5c4640df4e14f30568a7a42d80e82f
M000515,2025-02-15,C001,"Please deliver 6 crate tomato grade B, no substitutes; also 11 kg lett grade A, no substitutes; also 16 kg cuke grade A, no substitutes; also 1 crate carrots grade B, no substitutes on 2025-02-15. Customer ref C001.",standard,development,2516e34f0c47197c1429d7bccdd46e2443d41db0562b70ec3e4912894ec8d06c
M000516,2025-02-15,C003,"Please deliver 6 kg lett grade B, substitution OK; also 3 kg cucumber grade A, no substitutes; also 6 kg strawberry grade B, substitution OK; also 35 kg broc grade A, no substitutes on 2025-02-15. Customer ref C003.",standard,development,4c5f81ef43529a4e61a5db6251ad7da26bd326072794189d22c89e52d322b28e
M000517,2025-02-15,C004,"Please deliver 7 kg brocc grade A, no substitutes on 2025-02-15. Customer ref C004.",standard,development,411aab31c4c81f2ec1115b20bd3f0b22b8b99ef461e0d58c41b3109d1a8fd41e
M000518,2025-02-15,C005,"Please deliver 3 crate cuke grade A, no substitutes; also 9 kg carrots grade A, no substitutes on 2025-02-15. Customer ref C005.",standard,development,23c5c1a35d8d2581ffcc7518bfdf8b1d222b6dc3b9ff082c28cd92b8e8470d0e
M000519,2025-02-15,C006,"Please deliver 4 kg berries grade A, no substitutes on 2025-02-15. Customer ref C006.",standard,development,baf6c285fb9f3758fd7bd49d7341e006bb7d0d70f5096fc9c2d66d4d1170641b
M000520,2025-02-15,C007,"Please deliver 34 kg toms grade A, no substitutes; also 1 box lett grade A, no substitutes; also 28 kg strawberry grade A, no substitutes; also 3 crate bell pepper grade B, substitution OK; also 1 box car grade B, no substitutes on 2025-02-15. Customer ref C007.",standard,development,d9145413bbc9bdd493805a1c1737a805102f9b16da85420fdf5df738aeb3df13
M000521,2025-02-15,C008,"Please deliver 22 kg spinach grade A, no substitutes on 2025-02-15. Customer ref C008.",standard,development,e8e4f7086a1fe17d1911b9baf990ab66eaf446e315b6de7768456158668f29f4
M000522,2025-02-15,C009,"Please deliver 51 kg lett grade B, substitution OK; also 27 kg strawberry grade A, no substitutes; also 43 kg spin grade B, no substitutes on 2025-02-15. Customer ref C009.",standard,development,4cdaae14802437849e1a8a819876bb58d98578fb1c374a2658411db33acc3deb
M000523,2025-02-15,C010,"Please deliver 51 kg cuke grade A, no substitutes; also 30 kg carrots grade A, no substitutes on 2025-02-15. Customer ref C010.",standard,development,d52520f72b258ef59057700445fcb4eb7ddfc762bc07257dcf396ad1a11cc31c
M000524,2025-02-15,C011,"Please deliver 15 kg spinach grade A, no substitutes on 2025-02-15. Customer ref C011.",standard,development,4c8375be84055a52c384395730bf2f583e562e81d2484ef247e384626b953b55
M000525,2025-02-15,C012,"Please deliver 108 kg tomatoes grade A, no substitutes; also 44 kg capsicum grade B, substitution OK; also 46 kg carrot grade B, substitution OK on 2025-02-15. Customer ref C012.",standard,development,df385d4043416ed9aabdbdfd523f75d7e5755960998ea7fcf56cb278763912e5
M000526,2025-02-16,C001,"Please deliver 30 kg lettuces grade B, substitution OK; also 42 kg spinach grade A, no substitutes; also 5 crate brocc grade B, substitution OK on 2025-02-16. Customer ref C001.",standard,development,96a1cdd60be47978699de0b78cb2c660633bf0aa3caa4c1962fa571b009465e4
M000527,2025-02-16,C002,"Please deliver 5 kg bell pepper grade B, substitution OK; also 9 kg spin grade B, substitution OK on 2025-02-16. Customer ref C002.",standard,development,dcdc3912cfbf8705c998b8cbd4628898b68a0c2b06ea04f4ed34d4940d309db2
M000528,2025-02-16,C003,"Please deliver 19 kg strawberries grade A, no substitutes; also 48 kg capsicum grade A, substitution OK; also 2 box leaf spinach grade B, substitution OK on 2025-02-16. Customer ref C003.",standard,development,02db69f470885ca43969ddd5090d622ed6855b7e0715d2462d3656d291a3e331
M000529,2025-02-16,C004,"Please deliver 63 kg cucumbers grade B, no substitutes; also 4 box berries grade A, no substitutes; also 3 box leaf spinach grade B, no substitutes; also 14 kg car grade B, substitution OK on 2025-02-16. Customer ref C004.",standard,development,1e53bdf5f57ed347317f071d00bbdde94ace18353fb957dbbb1c50159fa4d6c2
M000530,2025-02-16,C005,"Please deliver 13 kg berries grade A, substitution OK on 2025-02-16. Customer ref C005.",standard,development,32e18d5578b6717a82c14b78d58deda6261a2c4bec55d96d3115e7d116eb05c1
M000531,2025-02-16,C006,"Please deliver 19 kg cuke grade B, substitution OK on 2025-02-16. Customer ref C006.",standard,development,8abf8d2d9918dd31a0947660233e4a9f342342bb8277b485f56ecadc3d00d37d
M000532,2025-02-16,C008,"Please deliver 72 kg tomatoes grade A, substitution OK on 2025-02-16. Customer ref C008.",standard,development,3a0b3fc7c9dea94f76649cedc8109952412a09fcc170b5db855e0fe7c5f4f527
M000533,2025-02-16,C009,"Please deliver 3 box capsicum grade A, no substitutes on 2025-02-16. Customer ref C009.",standard,development,fedbf21ca9c607f81d7e8a3786165640c3fc64982e0c74e82ceb45055f586cac
M000534,2025-02-16,C010,"Please deliver 29 kg lettuce grade B, substitution OK; also 3 crate strawberry grade A, no substitutes; also 33 kg carrots grade B, no substitutes; also 35 kg broc grade A, substitution OK on 2025-02-16. Customer ref C010.",standard,development,d73703f3292bb7b5fd330ebf613676a14046c31fd10571df511accf7ae414094
M000535,2025-02-16,C011,"Please deliver 1 crate berries grade A, no substitutes; also 21 kg capsicum grade B, substitution OK; also 21 kg carrot grade A, no substitutes on 2025-02-16. Customer ref C011.",standard,development,550df83f12585915a8bab21e2e86aa5f3dfc75d68bda3dd1aaf168bb2c163763
M000536,2025-02-16,C012,"Please deliver 65 kg toms grade B, substitution OK; also 5 box peppers grade B, substitution OK; also 71 kg car grade B, no substitutes; also 1 box broccoli grade B, substitution OK on 2025-02-16. Customer ref C012.",standard,development,c043048738fb94fc7923495517f5608db15d398ba08fd3e50f21bd8f7db169f1
M000537,2025-02-17,C001,"Please deliver 2 box lettuce grade B, no substitutes; also 32 kg capsicum grade A, substitution OK; also 40 kg broc grade A, substitution OK on 2025-02-17. Customer ref C001.",standard,development,bfe2edaaa732d67f84f0528f358ddc56db505ae795cfea8b97ba9c3a674c5c01
M000538,2025-02-17,C002,"Please deliver 85 kg lett grade B, substitution OK; also 6 crate cucumbers grade A, no substitutes on 2025-02-17. Customer ref C002.",standard,development,7b7a50ac36a9d83cb17b72fd1c709d07a83318d64e89fa28e0a576273a99a2d0
M000539,2025-02-17,C003,"Hi team pls arrange 33 kg tomatoes grade A, no substitutes; also 2 crate spin grade A, no substitutes for 17/02; confirm asap. Ref 03",hard,development,26d644c835d249bf5e8111ca8318d76cc2a80b39a661791bd6db36b7bac3beee
M000540,2025-02-17,C004,"Please deliver 32 kg berries grade A, substitution OK; also 4 kg peppers grade B, substitution OK; also 2 box broc grade A, no substitutes on 2025-02-17. Customer ref C004.",standard,development,cfb4eca89980263e7a84ee449c9d5ec034a5122184a7909f5aa4ffd2a2f69492
M000541,2025-02-17,C005,"Please deliver 17 kg tomato grade A, no substitutes; also 27 kg lett grade B, substitution OK; also 10 kg spin grade B, no substitutes; also 61 kg carrots grade B, no substitutes on 2025-02-17. Customer ref C005.",standard,development,9f6875ec84829bebfd6ef66a458d795eb575b3bda65b61946c754d58b3edc675
M000542,2025-02-17,C006,"Please deliver 1 box toms grade B, no substitutes; also 4 crate bell pepper grade B, no substitutes; also 26 kg carrots grade A, no substitutes on 2025-02-17. Customer ref C006.",standard,development,2562b83eac0d0afa001c22a9b97c9d9d5aa2a3b2bc5a9aa80c5389796583e299
M000543,2025-02-17,C008,"Amendment - need 37 kg tomato grade B, substitution OK; also 6 crate cucumbers grade A, no substitutes; also 2 box broc grade B, no substitutes for 17/02; confirm asap. Ref 08",hard,development,b82b38fff7d5015e847b7fbd3c630774e9278840d3ece6f80ac5645965ed2274
M000544,2025-02-17,C009,"Please deliver 22 kg lettuces grade A, no substitutes; also 6 kg bell pepper grade A, no substitutes; also 37 kg carrot grade B, no substitutes on 2025-02-17. Customer ref C009.",standard,development,9f1fad3552b3838099bb21d7b51bc213aef2ff70d615e6da7efd0198f59e5981
M000545,2025-02-17,C010,"Please deliver 3 box tomatoes grade A, no substitutes; also 2 box strawberries grade A, no substitutes on 2025-02-17. Customer ref C010.",standard,development,f8f45fa484b41c34fee90a0a035d36c784b5c5d8dad694ec83b8c15e64417e69
M000546,2025-02-17,C011,"Please deliver 6 kg spin grade A, substitution OK; also 21 kg brocc grade B, no substitutes on 2025-02-17. Customer ref C011.",standard,development,06a612fd4bed28f213b84a4b20f34f486da8a6b992be38c1a287157552ac7888
M000547,2025-02-17,C012,"Please deliver 11 kg spinach grade A, no substitutes; also 7 kg broccoli grade B, no substitutes on 2025-02-17. Customer ref C012.",standard,development,4e3fa23972bc253d02cc45f10c2b92392c899f3ea1ca24328deb11ca8d335f30
M000548,2025-02-18,C001,"Please deliver 29 kg tomato grade B, no substitutes; also 28 kg berries grade B, no substitutes; also 1 box carrot grade A, no substitutes on 2025-02-18. Customer ref C001.",standard,development,5a48741cb1b1723c482d583dd398cdad42696a90b0d20eb88befaaeac5fe9358
M000549,2025-02-18,C002,"Please deliver 14 kg tomato grade A, no substitutes; also 46 kg cucumber grade B, substitution OK; also 1 crate carrot grade B, substitution OK; also 49 kg broccoli grade A, substitution OK on 2025-02-18. Customer ref C002.",standard,development,a8155e3f7713deca501874b10777fe1279765de675881e782be56c5621d2c262
M000550,2025-02-18,C003,"Please deliver 37 kg lettuce grade B, substitution OK; also 11 kg berries grade A, no substitutes; also 4 kg bell pepper grade A, no substitutes on 2025-02-18. Customer ref C003.",standard,development,a5c85af4a7137ecf75e15ecc3d48edab12984f10d388308c168e739466e91a2c
M000551,2025-02-18,C004,"Please deliver 20 kg tomatoes grade A, no substitutes; also 21 kg lettuces grade B, no substitutes; also 11 kg strawberries grade B, no substitutes; also 3 box peppers grade A, no substitutes; also 14 kg spinach grade B, substitution OK on 2025-02-18. Customer ref C004.",standard,development,62302c2e9ca80762fffb2f3d59316aff8884a9f900c124cb6b2316aafcb599d5
M000552,2025-02-18,C006,"Please deliver 2 crate lettuces grade B, substitution OK; also 1 crate cucumber grade B, substitution OK; also 16 kg spinach grade A, no substitutes; also 1 box carrots grade A, substitution OK on 2025-02-18. Customer ref C006.",standard,development,4d6df69da2eab2c99e185049104012879d70f2860cca67c528a2ba60cdb846b8
M000553,2025-02-18,C007,"Please deliver 1 crate tomato grade A, no substitutes; also 11 kg bell pepper grade A, substitution OK; also 1 box broc grade A, no substitutes on 2025-02-18. Customer ref C007.",standard,development,38e308772d6eeee2d144ed231e69f89f035054ca21d208103e74c84ab88f97fd
M000554,2025-02-18,C008,"Amendment - need 1 box lettuces grade A, no substitutes; also 7 box spinach grade A, no substitutes; also 22 kg brocc grade A, no substitutes for 18/02; call if any issue. Ref 08",hard,development,0dcdcf11159654fea886861da08e89d8b98b813c0e4ff6bfe0fce4ac983dc863
M000555,2025-02-18,C009,"Please deliver 15 kg lettuce grade A, substitution OK; also 4 kg broc grade A, no substitutes on 2025-02-18. Customer ref C009.",standard,development,de37f350a4dc9dfa913c94f3c2d4fa189db919dc1affc1e3d7b6410bbc12ffc6
M000556,2025-02-18,C010,"Please deliver 26 kg cucumbers grade A, no substitutes; also 1 box car grade B, substitution OK on 2025-02-18. Customer ref C010.",standard,development,541360d6aa58d1926c50bdd793cf5880a270cbc397eeda9156cc662d7dc01f00
M000557,2025-02-18,C011,"Please deliver 50 kg tomatoes grade A, no substitutes; also 16 kg car grade A, no substitutes on 2025-02-18. Customer ref C011.",standard,development,79a4de87c4955ec7461c1d4f068074c519d3dd41bf9a85e70311760288e51426
M000558,2025-02-18,C012,"Please deliver 3 kg bell pepper grade A, no substitutes on 2025-02-18. Customer ref C012.",standard,development,129f71b37cf3a021dd31c0e09ef27464705ea025b4b76f00604bd0058afd0794
M000559,2025-02-19,C001,"Please deliver 26 kg lett grade B, no substitutes; also 40 kg cuke grade A, no substitutes; also 26 kg strawberries grade B, substitution OK; also 11 kg capsicum grade A, no substitutes; also 22 box spin grade A, no substitutes; also 2 box broc grade A, no substitutes on 2025-02-19. Customer ref C001.",standard,development,e19d2c27d2a8e3c4be4bde5b8ff454e7ff684d882142e083449d34edfb26f32d
M000560,2025-02-19,C002,"Please deliver 5 kg cucumbers grade A, no substitutes on 2025-02-19. Customer ref C002.",standard,development,687edf24205661b43cb1daffdc0ac2031d0b430a6adea58026925cb6845691cd
M000561,2025-02-19,C003,"Amendment - need 16 kg cucumbers grade A, no substitutes; also 48 kg capsicum grade B, substitution OK; also 3 kg carrots grade A, no substitutes for 19/02; same delivery slot. Ref 03",hard,development,470b767c2dc50f4b0498563377ab5149639c028274b4dbacb3fc3492a6d61473
M000562,2025-02-19,C004,"Amendment - need 4 box tomatoes grade B, substitution OK; also 26 kg car grade A, no substitutes for 19/02; same delivery slot. Ref 04",hard,development,ae51c23f6ab5d31cd1dcdfd5b8328ecace8724a8f1d1712fd99b86d8af0f483a
M000563,2025-02-19,C005,"Please deliver 7 box tomatoes grade A, no substitutes; also 9 kg strawberries grade B, substitution OK on 2025-02-19. Customer ref C005.",standard,development,61e5186817b4d8a9f601caf1cb3fb31b530abd4bfaeec3dc1924ec45c86b132b
M000564,2025-02-19,C006,"Please deliver 20 kg strawberry grade A, no substitutes; also 14 kg carrot grade A, substitution OK on 2025-02-19. Customer ref C006.",standard,development,cb9f0ef4b9b0bfa3d45057833a511036d51c84e3636a010a08a9d7c036a814fc
M000565,2025-02-19,C007,"Please deliver 26 kg tomato grade B, no substitutes; also 9 box lettuces grade B, substitution OK; also 32 kg cucumber grade A, no substitutes; also 44 kg capsicum grade A, no substitutes; also 20 kg car grade A, no substitutes; also 4 box broccoli grade B, substitution OK on 2025-02-19. Customer ref C007.",standard,development,914fc27f7a3dba827876a1cb548c4f73f56f023e100bc182f4e7413f1af79a17
M000566,2025-02-19,C009,"Amendment - need 21 kg cuke grade B, substitution OK for 19/02; same delivery slot. Ref 09",hard,development,36c4aa2b6a385a9c0464635a17db02be0419a8e5845f515c185e3981585c840c
M000567,2025-02-19,C011,"Please deliver 61 kg carrot grade A, no substitutes; also 9 kg broccoli grade B, no substitutes on 2025-02-19. Customer ref C011.",standard,development,af2353fba425f4368b96bb8c1f50d10c10552222ae54fb85f69a125f0f235cc3
M000568,2025-02-19,C012,"Please deliver 17 kg strawberry grade B, substitution OK; also 1 crate spin grade B, substitution OK; also 2 crate broccoli grade B, substitution OK on 2025-02-19. Customer ref C012.",standard,development,5292cafa0356b7018901f69638798180b94a163b2b083726dbe45f8bcf451fb2
M000569,2025-02-20,C001,"Please deliver 10 box lett grade A, no substitutes; also 16 kg cucumber grade B, no substitutes; also 2 crate capsicum grade A, no substitutes; also 18 kg spin grade B, substitution OK on 2025-02-20. Customer ref C001.",standard,development,f4b07e89fed84e2adf7f873be78300eced339447158f72fc159f9e2d0c1d64a7
M000570,2025-02-20,C002,"Please deliver 32 kg tomatoes grade A, substitution OK on 2025-02-20. Customer ref C002.",standard,development,314aaf2bcc052277c7e41e4ca89575686ef354295c81d96d93e1da53ea6ccb8b
M000571,2025-02-20,C003,"Please deliver 2 crate peppers grade A, no substitutes; also 7 kg leaf spinach grade A, no substitutes; also 25 kg broc grade B, substitution OK on 2025-02-20. Customer ref C003.",standard,development,80d6a10b5548a0c61524ad9b8db393831750cb7c9e26573e0ca96c5d143a7668
M000572,2025-02-20,C004,"Hi team pls arrange 34 kg tomato grade B, no substitutes; also 27 kg cucumbers grade A, substitution OK; also 23 kg carrots grade A, substitution OK for 20/02; same delivery slot. Ref 04",hard,development,78c59c4f79585638f58ab061a8c177a08615f8d7979c4e4db2b49a8d141dd812
M000573,2025-02-20,C005,"Please deliver 4 crate strawberries grade A, no substitutes; also 7 kg peppers grade A, no substitutes; also 7 box carrots grade B, substitution OK on 2025-02-20. Customer ref C005.",standard,development,bbbe0fbaa2aec5f0439b287386fa2f04c644385a23f92f2b90aae9fce5600240
M000574,2025-02-20,C006,"Hi team pls arrange 7 box leaf spinach grade B, substitution OK for 20/02; confirm asap. Ref 06",hard,development,10082efd079e398bef495c49f00f13b2ac0e8955a75e78be66769399498cec57
M000575,2025-02-20,C007,"Please deliver 21 kg strawberries grade B, substitution OK on 2025-02-20. Customer ref C007.",standard,development,7e6ab0ef958e83919d4d0186285d97833d0eb35e8c2139341d4b7a25ab59f4ef
M000576,2025-02-20,C008,"Morning, can u send 16 kg cucumber grade B, substitution OK for 20/02; confirm asap. Ref 08",hard,development,d3a6be008d1efacca162cd95014653abed417ede284f4d51a9052cb4d6d3748f
M000577,2025-02-20,C009,"Amendment - need 2 crate bell pepper grade B, substitution OK; also 53 kg carrot grade B, substitution OK for 20/02; same delivery slot. Ref 09",hard,development,b2acdd66b2f758ac172b1cf6f9d18ffdaecd8dbc674545e8d2ebb5e35671bafd
M000578,2025-02-20,C010,"Amendment - need 45 kg toms grade B, substitution OK; also 37 kg cuke grade A, no substitutes for 20/02; call if any issue. Ref 10",hard,development,034b221bbf71af2527e33d9bd9172ae992628368d4012e5168eb5cee3f1634ca
M000579,2025-02-20,C011,"Please deliver 29 kg toms grade B, substitution OK; also 26 kg lettuces grade B, substitution OK; also 19 kg carrots grade A, no substitutes on 2025-02-20. Customer ref C011.",standard,development,5ccf89b8d295b3a519e390dcc58f4e79c46cadd363c2ed1328ac06cbf8b87d00
M000580,2025-02-20,C012,"Please deliver 6 kg cuke grade A, no substitutes; also 11 kg broccoli grade A, no substitutes on 2025-02-20. Customer ref C012.",standard,development,d8e05aa71b93ed17f39d4eba7b18a489dc56904da6fe422d4fcd10ab19d89191
M000581,2025-02-21,C001,"Please deliver 63 kg tomatoes grade B, no substitutes; also 2 crate lett grade B, substitution OK; also 1 crate leaf spinach grade B, no substitutes on 2025-02-21. Customer ref C001.",standard,development,ff3c3f6c4997eb24b0c5db5148c5f0cb55978e1a80ac24181896c09d5f3f5b53
M000582,2025-02-21,C002,"Please deliver 6 box tomatoes grade B, substitution OK; also 76 kg cucumbers grade A, no substitutes; also 22 kg bell pepper grade B, substitution OK; also 1 box spinach grade A, no substitutes; also 13 kg carrot grade B, substitution OK; also 6 kg broccoli grade B, no substitutes on 2025-02-21. Customer ref C002.",standard,development,f4277c3d3b75e6e92fa46a4f00ca02373fa64803c8018286ab427426e1a073e0
M000583,2025-02-21,C003,"Please deliver 4 kg strawberry grade A, no substitutes on 2025-02-21. Customer ref C003.",standard,development,6ff7ef772d8fe31ecd4591b978fd40af399e56dfa41800ebaf6b4a43bbdabc89
M000584,2025-02-21,C004,"Please deliver 9 kg peppers grade A, no substitutes; also 1 crate leaf spinach grade A, no substitutes; also 1 crate car grade B, substitution OK; also 2 crate broc grade A, no substitutes on 2025-02-21. Customer ref C004.",standard,development,4cad78253bd4fe1e8b0758d1e5df6abff5edae6427987b1b3a2954ec6a36c048
M000585,2025-02-21,C005,"Amendment - need 1 box car grade A, no substitutes for 21/02; call if any issue. Ref 05",hard,development,bd53632d02a5d3e8de1c0c4bf1f9bd6194dac306f1180e6ec03c92e14db86869
M000586,2025-02-21,C006,"Please deliver 15 kg lett grade B, substitution OK; also 25 kg carrots grade A, no substitutes; also 2 crate broccoli grade A, no substitutes on 2025-02-21. Customer ref C006.",standard,development,f50bbfa3089521acf4278ef6775434fc9d09e33afdc4ca2d0f58a3356c2a22ba
M000587,2025-02-21,C007,"Please deliver 3 kg strawberries grade B, substitution OK; also 16 kg bell pepper grade A, no substitutes on 2025-02-21. Customer ref C007.",standard,development,5482709a3560d0b3b717796aa4aaba792fef0b0d4d481164035bc5647db2e090
M000588,2025-02-21,C008,"Please deliver 9 kg lettuces grade A, no substitutes; also 1 crate cucumbers grade B, substitution OK; also 1 crate carrot grade B, substitution OK on 2025-02-21. Customer ref C008.",standard,development,c374637c1a80729112b1f68cd1511989bdf1d2642b40fa1390359f5c7a2b0b38
M000589,2025-02-21,C009,"Please deliver 33 kg cucumbers grade A, no substitutes; also 1 box broc grade B, substitution OK on 2025-02-21. Customer ref C009.",standard,development,436003f5a7fc38991b56d12eee415465ab2e91c2072b763f4a9bad2a510a9d9b
M000590,2025-02-21,C010,"Hi team pls arrange 2 box strawberries grade B, substitution OK; also 2 crate spin grade B, substitution OK for 21/02; call if any issue. Ref 10",hard,development,df4c559194b3b541f6e716cb705d9fe1e5d3489dd64670ee1d00114915135d52
M000591,2025-02-21,C011,"Please deliver 12 kg strawberry grade A, no substitutes; also 13 kg capsicum grade A, no substitutes; also 12 kg spin grade B, no substitutes; also 1 crate brocc grade B, no substitutes on 2025-02-21. Customer ref C011.",standard,development,b3ae2d9e2dff7b48a825b5784840e383264d8772882e2061938bf5e9e87d9ceb
M000592,2025-02-21,C012,"Please deliver 18 kg lett grade B, no substitutes; also 3 box cuke grade B, substitution OK; also 8 kg strawberries grade A, substitution OK on 2025-02-21. Customer ref C012.",standard,development,1d53977e8859bb1c79386ab0faefd199d7f642031b52d984a9149cc54413c110
M000593,2025-02-22,C001,"Please deliver 3 kg berries grade A, substitution OK; also 14 kg capsicum grade A, no substitutes on 2025-02-22. Customer ref C001.",standard,development,5d5d5edf04c2bb31641dc207b0fe863b84cd58ccbff044527fc8d60320294bb9
M000594,2025-02-22,C002,"Please deliver 4 crate lett grade A, no substitutes; also 24 kg cucumber grade B, substitution OK; also 17 kg bell pepper grade A, substitution OK on 2025-02-22. Customer ref C002.",standard,development,32135f5835be210cd29a0718bc8944ee8af0d5fe67f1fd562d84c560e3c46af9
M000595,2025-02-22,C003,"Amendment - need 9 box toms grade A, no substitutes; also 10 kg broc grade B, substitution OK for 22/02; same delivery slot. Ref 03",hard,development,f12971b8367a5d82f515afc2fa2380568b9cd5b2cfc264180086b962d816c256
M000596,2025-02-22,C004,"Amendment - need 9 kg strawberry grade A, no substitutes; also 39 kg spinach grade A, no substitutes for 22/02; same delivery slot. Ref 04",hard,development,02fdbc22ede869f97a31f464ceeff68a004118b112c119d18efd6464a9944d45
M000597,2025-02-22,C005,"Please deliver 21 kg tomatoes grade B, substitution OK; also 21 kg berries grade A, no substitutes; also 26 kg car grade A, no substitutes; also 11 kg brocc grade A, no substitutes on 2025-02-22. Customer ref C005.",standard,development,d53f169bbf68b34ae4fb3c62dd90d706c49de69718ee06b04a6bf2ae29ab0d2c
M000598,2025-02-22,C006,"Please deliver 10 box strawberry grade B, substitution OK on 2025-02-22. Customer ref C006.",standard,development,ce51b5f5569eaf0203c428782478b68b10cc59a1b679ed04db6ac43e9e8a5380
M000599,2025-02-22,C007,"Please deliver 43 kg brocc grade B, substitution OK on 2025-02-22. Customer ref C007.",standard,development,bb4631e8db83254499d5ad1a50e8db6df5bade3be5a189d35927a3301597ca6d
M000600,2025-02-22,C008,"Please deliver 4 kg leaf spinach grade B, substitution OK on 2025-02-22. Customer ref C008.",standard,development,c75969d53a552d262b774f7f63ca233bfe706b87465137152537d19cfae2bcce
M000601,2025-02-22,C009,"Please deliver 3 kg strawberry grade B, substitution OK on 2025-02-22. Customer ref C009.",standard,development,0e1b898961dd8857d5bb7e794d7ac62fb6581cc86c48854600f5f1bf7dcd78d6
M000602,2025-02-22,C010,"Please deliver 7 kg toms grade B, no substitutes; also 11 kg lettuces grade A, no substitutes; also 7 kg bell pepper grade B, substitution OK on 2025-02-22. Customer ref C010.",standard,development,e54e55f8a8f374dbeb307609565f0a4ac0b71e6a7242f87181a22ebd4e83e8e8
M000603,2025-02-22,C011,"Please deliver 35 kg toms grade B, substitution OK; also 11 kg lettuce grade A, no substitutes; also 66 kg cucumbers grade A, no substitutes; also 1 box bell pepper grade A, no substitutes; also 1 box carrot grade A, no substitutes on 2025-02-22. Customer ref C011.",standard,development,aa466381565d5eb5277b5bac5974dcd571f238f62f375a6a9460d5f2ad54aae5
M000604,2025-02-22,C012,"Please deliver 3 box bell pepper grade A, no substitutes; also 83 kg carrots grade A, no substitutes; also 3 kg broc grade B, substitution OK on 2025-02-22. Customer ref C012.",standard,development,5b9b8626c9368a58f9ba028ad6dfefdafa76d8c47a6bae1d74bf2a49649372fe
M000605,2025-02-23,C001,"Morning, can u send 29 kg cucumber grade B, substitution OK; also 8 kg bell pepper grade A, no substitutes for 23/02; call if any issue. Ref 01",hard,development,0d14471936960a5c397c69afd4708636debc2599299a6227bbf15183f7e8e94f
M000606,2025-02-23,C003,"Please deliver 21 kg lett grade B, no substitutes; also 2 crate strawberries grade A, substitution OK; also 31 kg peppers grade A, no substitutes; also 27 kg spin grade A, no substitutes on 2025-02-23. Customer ref C003.",standard,development,671b5a3fc9f8e9ab7cc8c21aeb7ebc4c655fa0e3b5e9a1fff7cb888ff803d180
M000607,2025-02-23,C004,"Please deliver 4 box tomato grade A, no substitutes on 2025-02-23. Customer ref C004.",standard,development,bf955644da65504fc2188a03128155411515107d51db904bfaa1db61107b0175
M000608,2025-02-23,C005,"Please deliver 6 kg tomatoes grade A, no substitutes; also 4 crate broc grade B, substitution OK on 2025-02-23. Customer ref C005.",standard,development,651c732ba07bfee17a7e6f7702b6f472e78c135e6fec1916bd1d34f8fe66a910
M000609,2025-02-23,C006,"Please deliver 22 kg lettuce grade B, no substitutes; also 3 kg cucumbers grade A, no substitutes on 2025-02-23. Customer ref C006.",standard,development,b93213691b4934f741bb987f417cd82f961947c3d2647eddf6c0cb4c59bc9958
M000610,2025-02-23,C007,"Please deliver 11 kg carrot grade A, no substitutes on 2025-02-23. Customer ref C007.",standard,development,b777d04f9e24087b04e10ba10167677fdfe16b157fabd06340f4724ee8a69955
M000611,2025-02-23,C008,"Please deliver 25 kg strawberry grade A, no substitutes on 2025-02-23. Customer ref C008.",standard,development,8a3b1e5a3dd3711f0eecf1c26b2efbc3c060a29b037c7206e173ac735c9f4153
M000612,2025-02-23,C009,"Please deliver 13 kg lettuces grade A, no substitutes; also 11 kg cuke grade A, no substitutes; also 4 kg capsicum grade B, substitution OK; also 13 kg leaf spinach grade A, no substitutes; also 8 kg broc grade A, no substitutes on 2025-02-23. Customer ref C009.",standard,development,83d984c69dcc370a238cc23d9a9dc2c900fe40804b73b13c4632d871e83caf7b
M000613,2025-02-23,C010,"Hi team pls arrange 35 kg broc grade B, no substitutes for 23/02; confirm asap. Ref 10",hard,development,633a450f4cde0d46a1365413ebc2959c2a66fde149f8a5829c29a88317583994
M000614,2025-02-23,C011,"Please deliver 8 box tomato grade B, substitution OK; also 3 kg peppers grade A, no substitutes; also 32 kg carrot grade A, no substitutes on 2025-02-23. Customer ref C011.",standard,development,81c5ac887751161bd56722b8cf9b601c70e0c1982952b8c6a97b6c62f2ca69d6
M000615,2025-02-23,C012,"Please deliver 37 kg car grade A, no substitutes on 2025-02-23. Customer ref C012.",standard,development,b0b6dfca67dccfd446ceeb17355dd22f5a0104f15411107d75bccae9ce855184
M000616,2025-02-24,C003,"Please deliver 18 kg spinach grade B, substitution OK on 2025-02-24. Customer ref C003.",standard,development,593d72d56216754a6fe55ce831be23e3336bf3abbf9cc801ca216ae46589fe91
M000617,2025-02-24,C005,"Please deliver 2 box strawberries grade B, substitution OK on 2025-02-24. Customer ref C005.",standard,development,b877da6217a6992764fcccd0e29f17f9f51e37a39e22c3c3a88ae424fb0835ff
M000618,2025-02-24,C006,"Please deliver 17 kg carrots grade A, no substitutes on 2025-02-24. Customer ref C006.",standard,development,e932cc9ac2e4443344051fe18353a3ab264a779dd3f56b5a6765875519b1cc7e
M000619,2025-02-24,C007,"Please deliver 35 kg lett grade A, no substitutes; also 12 kg cucumbers grade B, no substitutes; also 4 box capsicum grade A, no substitutes; also 8 box leaf spinach grade B, substitution OK on 2025-02-24. Customer ref C007.",standard,development,29e3ed0b4fb80022575c2a05d0f118bc152e14aa1aa713d3fc271e948511b55c
M000620,2025-02-24,C008,"Please deliver 5 kg carrots grade B, no substitutes; also 14 kg broc grade A, no substitutes on 2025-02-24. Customer ref C008.",standard,development,ccd6fcce7a13c179277112c2c477c59b3ea376c827bc464198a8eeb81ed40fca
M000621,2025-02-24,C009,"Please deliver 38 kg tomato grade B, no substitutes; also 15 kg berries grade B, no substitutes; also 5 kg capsicum grade B, substitution OK; also 43 kg broc grade B, no substitutes on 2025-02-24. Customer ref C009.",standard,development,4f3e97ae7f88fa99ceea62fca82fba8f15dc08a92f289dde83ba089aaf195458
M000622,2025-02-24,C010,"Morning, can u send 3 crate lettuce grade B, substitution OK; also 7 box cucumbers grade A, no substitutes; also 9 box strawberries grade B, substitution OK; also 4 box bell pepper grade A, no substitutes for 24/02; same delivery slot. Ref 10",hard,development,b021ca4ba106e4301e2e180c2f69a34b2ff1ecf38f524c480f8d5b11119cdf69
M000623,2025-02-24,C011,"Please deliver 42 kg toms grade A, substitution OK; also 19 kg berries grade B, substitution OK; also 6 kg bell pepper grade A, no substitutes; also 23 kg carrots grade A, no substitutes on 2025-02-24. Customer ref C011.",standard,development,54ca09a26442170a05ac2628825d7f82f7d379824ded780a65ff7c5339372161
M000624,2025-02-24,C012,"Amendment - need 5 kg car grade B, substitution OK for 24/02; call if any issue. Ref 12",hard,development,0bd1e1f823b290a6a38e3da5d90b706ab53b4b4cd47fae5dee00e18c064d8c2a
M000625,2025-02-25,C001,"Please deliver 11 kg lettuce grade B, substitution OK; also 70 kg cuke grade B, substitution OK on 2025-02-25. Customer ref C001.",standard,development,5a4258974990bd8ba65dee268f13af7ba7ce0825789194b17c52d82078a39292
M000626,2025-02-25,C002,"Amendment - need 35 kg car grade B, substitution OK for 25/02; confirm asap. Ref 02",hard,development,345b9949b40fde5aa2f133e2ea6a1a945876ba3c5c62099478741a2fe5d72ed5
M000627,2025-02-25,C003,"Hi team pls arrange 17 kg lett grade B, substitution OK; also 3 kg strawberries grade B, no substitutes; also 3 box capsicum grade A, no substitutes for 25/02; confirm asap. Ref 03",hard,development,07379c4fa6dbfa88e2749d0f37d3689f6de7ec684a41779c946b4cafd45f35b4
M000628,2025-02-25,C004,"Morning, can u send 6 kg strawberries grade A, no substitutes; also 9 kg peppers grade B, no substitutes; also 15 kg spinach grade A, no substitutes; also 11 kg brocc grade A, substitution OK for 25/02; confirm asap. Ref 04",hard,development,4ef873f06d5dbce813038c15355c852ba3f4b0018d381588c3863a1bfc7260b4
M000629,2025-02-25,C005,"Please deliver 54 kg toms grade A, no substitutes; also 14 kg brocc grade A, no substitutes on 2025-02-25. Customer ref C005.",standard,development,aeeac2161133a90aaef7b6c842f41ed1dca622c3c237adbb841b39f587364ae4
M000630,2025-02-25,C006,"Please deliver 1 box cuke grade A, no substitutes; also 10 kg spinach grade A, no substitutes; also 4 crate carrot grade A, substitution OK; also 4 kg brocc grade A, no substitutes on 2025-02-25. Customer ref C006.",standard,development,308a7c3fcb5a733de74fbee5fbf16a9b56b6e4352774c0e220ae033690187ddb
M000631,2025-02-25,C007,"Please deliver 47 kg tomato grade B, no substitutes on 2025-02-25. Customer ref C007.",standard,development,b56b0913b864e6dcc61c5ac9f7105f491c3f8d3b65cee0e143b8d6ffff85d0bf
M000632,2025-02-25,C008,"Please deliver 3 box capsicum grade B, no substitutes; also 9 box leaf spinach grade A, substitution OK on 2025-02-25. Customer ref C008.",standard,development,271047e72f452bcb868b02bb9db57117fe124a069a1faf234f4dbb3290ef66ae
M000633,2025-02-25,C009,"Please deliver 10 kg bell pepper grade A, substitution OK on 2025-02-25. Customer ref C009.",standard,development,10209dd1f699abdb337bced704225392104ebed32b398ccfd653de34a22a8d79
M000634,2025-02-25,C010,"Morning, can u send 20 kg lett grade B, substitution OK for 25/02; call if any issue. Ref 10",hard,development,43c12fb51894b733e0e116e0057a32f57b30ea33ae16f109cf1653cb3de14e63
M000635,2025-02-25,C011,"Please deliver 10 kg lett grade B, substitution OK; also 12 kg strawberries grade A, no substitutes on 2025-02-25. Customer ref C011.",standard,development,078774c1ba0b3e9b2c28abab6d62fb699d28d15f6d15128f7a3890d4535b04ab
M000636,2025-02-25,C012,"Please deliver 12 kg lettuce grade B, substitution OK; also 20 kg strawberries grade B, substitution OK on 2025-02-25. Customer ref C012.",standard,development,fbd6bfe21f00f2596baa02a48d0caee3311ae2a88d2753112e84d1554e18b7c5
M000637,2025-02-26,C001,"Please deliver 3 box cucumbers grade B, substitution OK; also 27 kg strawberries grade A, no substitutes; also 8 kg leaf spinach grade B, substitution OK on 2025-02-26. Customer ref C001.",standard,development,ee0b2de847161f54f5740a95008dc73f96aeca74a5ffac39e08c8ba283289535
M000638,2025-02-26,C002,"Please deliver 6 box toms grade B, no substitutes; also 25 kg spin grade B, substitution OK on 2025-02-26. Customer ref C002.",standard,development,110c8683f5d8609e950987b58fa48aa391f538e8153515546e4856ea329b1170
M000639,2025-02-26,C003,"Please deliver 28 kg bell pepper grade B, no substitutes on 2025-02-26. Customer ref C003.",standard,development,0d78f26d09436542f198c015b37471263011d789493cb5506f13b5f19b0ef7cf
M000640,2025-02-26,C004,"Please deliver 9 kg lettuce grade B, no substitutes; also 6 kg cucumbers grade A, no substitutes on 2025-02-26. Customer ref C004.",standard,development,7bf3cca341e15ed948533dc48cb0c1a7dc0bc48065a6d8b66380bb0c7737b874
M000641,2025-02-26,C005,"Hi team pls arrange 10 kg carrot grade A, no substitutes for 26/02; confirm asap. Ref 05",hard,development,f0897edac349a46fdce71b89eada1fee9b2f67f010b7ffd74104f08e9e5bda34
M000642,2025-02-26,C006,"Please deliver 6 box lettuce grade A, no substitutes; also 9 kg bell pepper grade B, substitution OK; also 12 kg carrot grade B, substitution OK; also 1 crate broccoli grade A, no substitutes on 2025-02-26. Customer ref C006.",standard,development,bc5b980ab857339ef41b3f023c4544e5c63e06eee813e7410ab35c4cba0647ac
M000643,2025-02-26,C007,"Please deliver 40 kg cucumber grade B, substitution OK; also 18 kg carrot grade B, no substitutes on 2025-02-26. Customer ref C007.",standard,development,c734dddfbb5ee88fd93434651b36da1328ca9979047c5c074f428ea65af4c338
M000644,2025-02-26,C008,"Please deliver 12 kg strawberries grade A, no substitutes on 2025-02-26. Customer ref C008.",standard,development,93f533fc8805975e5cd16b544ce87355adcbe3b888eb9f477309a565e30b2c11
M000645,2025-02-26,C009,"Please deliver 4 crate spinach grade B, substitution OK; also 3 box carrots grade B, substitution OK on 2025-02-26. Customer ref C009.",standard,development,4cca43eab9f67e4fb713d7b8817d68a212c56069ecf8dee9664d721c43c2e864
M000646,2025-02-26,C010,"Morning, can u send 19 kg tomatoes grade B, substitution OK; also 11 kg capsicum grade A, no substitutes for 26/02; same delivery slot. Ref 10",hard,development,6dbd921422d9181f083d49844a7c77ec297017b1f984a66ff88efb1855d022d9
M000647,2025-02-26,C011,"Morning, can u send 35 kg toms grade A, no substitutes; also 10 kg bell pepper grade B, substitution OK for 26/02; confirm asap. Ref 11",hard,development,fb0276f6e681e8be967fa77437a7b016e04af17779139e139c99701d5560b98b
M000648,2025-02-26,C012,"Please deliver 33 kg lett grade B, substitution OK; also 14 kg cucumbers grade B, no substitutes; also 1 crate peppers grade B, substitution OK; also 28 kg carrots grade B, substitution OK; also 42 kg brocc grade B, substitution OK on 2025-02-26. Customer ref C012.",standard,development,e5c565ed3cda5a937903124b775e2ffa4509fd0fd57244b79cb6e5574da62ca6
M000649,2025-02-27,C001,"Amendment - need 4 box strawberry grade A, no substitutes; also 3 box spinach grade B, substitution OK; also 20 kg broc grade B, substitution OK for 27/02; call if any issue. Ref 01",hard,development,c7d3d85eafc83e2b9b1eee6f8761c82d9a052f783455878fd53897113d74396b
M000650,2025-02-27,C002,"Morning, can u send 12 kg bell pepper grade B, substitution OK; also 27 kg brocc grade A, no substitutes for 27/02; same delivery slot. Ref 02",hard,development,b5c395ec4bbcd3c31bbe4a328cc6da20fefa6b7e9d920fc02912314b9e24ab44
M000651,2025-02-27,C003,"Please deliver 35 kg lett grade B, no substitutes; also 2 box peppers grade A, no substitutes; also 4 kg spinach grade B, no substitutes on 2025-02-27. Customer ref C003.",standard,development,24a46039317c87f0bca3beafd5ea11d91a54f1d840715c34a5477abb458f43b2
M000652,2025-02-27,C005,"Morning, can u send 5 box peppers grade A, no substitutes; also 34 kg carrots grade A, no substitutes for 27/02; same delivery slot. Ref 05",hard,development,d4c58e5fedb39c98a1274798f390fba7cd4d51b1c48f4be0a3da4f0c4ed82caf
M000653,2025-02-27,C007,"Please deliver 15 kg toms grade A, no substitutes; also 10 kg lettuce grade A, no substitutes; also 16 kg leaf spinach grade A, no substitutes on 2025-02-27. Customer ref C007.",standard,development,d4dd54d010a769d644ed322e25952ca7c369822f7f8811e06ce1fedb886a8283
M000654,2025-02-27,C008,"Amendment - need 37 kg cucumbers grade A, substitution OK; also 3 kg berries grade A, no substitutes; also 17 kg peppers grade A, no substitutes for 27/02; call if any issue. Ref 08",hard,development,471138f53cd935900634e41f75acdc056a40bd6d380270ef8117472fb4d3728c
M000655,2025-02-27,C009,"Please deliver 35 kg toms grade B, substitution OK; also 21 kg strawberry grade B, no substitutes; also 5 kg spin grade A, no substitutes on 2025-02-27. Customer ref C009.",standard,development,9d947708846a8d157ca9f7508fb682aa64d3457bf2bd5042d041143fcae0161b
M000656,2025-02-27,C010,"Please deliver 46 kg toms grade A, no substitutes; also 19 kg strawberry grade A, no substitutes on 2025-02-27. Customer ref C010.",standard,development,51084ff703ea3a3cff7395b5bd6566801d963b1e7d8d91f5f2f0a055dd30819f
M000657,2025-02-27,C011,"Hi team pls arrange 24 kg tomatoes grade B, substitution OK; also 3 kg bell pepper grade B, substitution OK; also 17 kg carrot grade A, no substitutes for 27/02; confirm asap. Ref 11",hard,development,96a03244c41d6c738d6cffbc87bfdddb3e7569aae1f7d472b4770f53ca158906
M000658,2025-02-27,C012,"Please deliver 38 kg cucumber grade A, no substitutes; also 3 kg carrot grade A, no substitutes; also 2 box broc grade A, no substitutes on 2025-02-27. Customer ref C012.",standard,development,6a85656f273723d2753c6b14c3dd0af83b367ccb4aa326d5a425dd15dbd0d906
M000659,2025-02-28,C001,"Please deliver 12 kg tomatoes grade A, substitution OK; also 100 kg car grade A, no substitutes on 2025-02-28. Customer ref C001.",standard,development,e6739df3356b665782d973d0a04c0635bbad4b91e7c9c21458281891dfee2301
M000660,2025-02-28,C002,"Amendment - need 6 kg lett grade B, substitution OK for 28/02; call if any issue. Ref 02",hard,development,693388841fe89a0dd25990637427e639160e55c9858465e397d06e184612dfbf
M000661,2025-02-28,C003,"Please deliver 13 kg lett grade A, no substitutes on 2025-02-28. Customer ref C003.",standard,development,746e2e770e2c04a454275e0fa1ce0e044045a5e8f5eb1c657a7b70c554847231
M000662,2025-02-28,C004,"Hi team pls arrange 11 kg cuke grade B, substitution OK; also 6 kg broc grade A, no substitutes for 28/02; confirm asap. Ref 04",hard,development,f7af4590788ee26feba92fee1ec23695d48b6accf632c48d96128d06f65c0192
M000663,2025-02-28,C005,"Please deliver 13 kg toms grade B, substitution OK; also 52 kg cuke grade A, no substitutes; also 1 crate carrots grade B, substitution OK on 2025-02-28. Customer ref C005.",standard,development,fbd72d836dfb34f1295435cb6f614172afe469daea4d8f0e9c6b855ba068f3f7
M000664,2025-02-28,C006,"Morning, can u send 11 kg tomato grade A, no substitutes for 28/02; same delivery slot. Ref 06",hard,development,6e57fea22522345b416129b332d26ef1b39e19607e745033634af9c03d3bb29a
M000665,2025-02-28,C007,"Please deliver 3 box tomatoes grade B, substitution OK; also 13 kg cucumber grade A, no substitutes; also 18 kg bell pepper grade A, no substitutes on 2025-02-28. Customer ref C007.",standard,development,a9e032c4755fc44e7e6aabb11a4eaa3595abbde12ed7364e161aa3970c406a2a
M000666,2025-02-28,C008,"Amendment - need 21 kg lettuces grade A, no substitutes; also 1 crate strawberry grade B, substitution OK; also 37 kg spinach grade B, substitution OK for 28/02; same delivery slot. Ref 08",hard,development,50d0bad5ba8f07fbd025da0edea84d88717807dc57a82d918eb13c28aca69cfe
M000667,2025-02-28,C009,"Amendment - need 39 kg tomatoes grade B, substitution OK; also 13 kg spinach grade A, no substitutes; also 1 crate carrots grade B, substitution OK for 28/02; confirm asap. Ref 09",hard,development,cd35b0bfa737a23bccccf850185b4b9cdfe6d408c53c469284744d6938395bc8
M000668,2025-02-28,C010,"Hi team pls arrange 21 kg berries grade A, substitution OK; also 35 kg broccoli grade B, substitution OK for 28/02; same delivery slot. Ref 10",hard,development,b55a7ebc008a477797b4241565995f0adbeef573c1049da49252985198c0ddef
M000669,2025-02-28,C011,"Amendment - need 1 box cucumbers grade B, substitution OK for 28/02; confirm asap. Ref 11",hard,development,4c136f9bf370a609863ff475a6e69322e4261af00b7dc9fbebb63c2d71902101
M000670,2025-02-28,C012,"Please deliver 19 kg cuke grade B, substitution OK; also 4 kg berries grade A, no substitutes; also 24 kg peppers grade A, no substitutes; also 56 kg car grade A, substitution OK on 2025-02-28. Customer ref C012.",standard,development,ada3e9f8809c35c15295f47d19138a16e3e6aa60f4fa8f906e095e3d1732ae8b
M000671,2025-03-01,C001,"Morning, can u send 29 kg lettuces grade B, substitution OK; also 13 kg leaf spinach grade A, no substitutes for 01/03; confirm asap. Ref 01",hard,development,6f8f0fd3752654fd13478f71d4739177c421e37699bcdab27c8c0ff3460dd5d9
M000672,2025-03-01,C002,"Please deliver 3 crate capsicum grade A, no substitutes; also 1 crate carrot grade A, no substitutes on 2025-03-01. Customer ref C002.",standard,development,4771541175770e1cb76f132bfb1f8efcdcc560f99ed40fcca6ab49a71a90879f
M000673,2025-03-01,C003,"Please deliver 16 kg tomatoes grade B, substitution OK; also 1 crate bell pepper grade B, no substitutes on 2025-03-01. Customer ref C003.",standard,development,1fd3b29de022d3099988c1646a46cdc307a9fbc74dd7261645164c6e16b8c022
M000674,2025-03-01,C004,"Please deliver 17 kg strawberries grade B, substitution OK; also 17 kg peppers grade B, no substitutes on 2025-03-01. Customer ref C004.",standard,development,3280ffbcb1b792b61de8baf4ce8b5d7e9976d804783fa4f7965f6ee04e62253e
M000675,2025-03-01,C005,"Please deliver 8 kg lett grade A, no substitutes; also 3 kg strawberries grade B, substitution OK; also 11 kg spin grade A, no substitutes; also 27 kg broccoli grade B, no substitutes on 2025-03-01. Customer ref C005.",standard,development,12e857674760002ed04f456ef98759b17e821cbe171c8c2476cd95b2b7beeb2d
M000676,2025-03-01,C006,"Please deliver 12 kg lettuces grade A, no substitutes; also 51 kg cuke grade A, no substitutes; also 27 kg strawberry grade A, no substitutes; also 44 kg car grade A, no substitutes; also 6 kg broc grade A, no substitutes on 2025-03-01. Customer ref C006.",standard,development,8f15758e3f13ea4ae0fb196884e646c2eb13a74f0f66930505d02f994881afa4
M000677,2025-03-01,C007,"Please deliver 2 box cuke grade B, substitution OK; also 6 box strawberries grade B, no substitutes on 2025-03-01. Customer ref C007.",standard,development,302b3d58d625578cbc3d1ce5f575dbbffe490487bbc4ef3d5844eb5ae7ebb903
M000678,2025-03-01,C008,"Please deliver 15 kg toms grade A, no substitutes on 2025-03-01. Customer ref C008.",standard,development,90f924a2d6454f342dbfce8fd0627d6b93965884981edaa88b57546838cc97bb
M000679,2025-03-01,C009,"Please deliver 3 box toms grade A, no substitutes; also 17 kg carrots grade B, substitution OK; also 26 kg brocc grade B, no substitutes on 2025-03-01. Customer ref C009.",standard,development,dbeb7f9f220b9b21d32d6665c38d47785bd2f283cd1932a98b8ab792da639576
M000680,2025-03-01,C010,"Morning, can u send 3 kg bell pepper grade A, no substitutes; also 10 kg spin grade A, no substitutes; also 26 kg car grade B, no substitutes for 01/03; confirm asap. Ref 10",hard,development,1ffc52c46ae2329ddac3db3244454a63098de2af9e40cfe9dbdbd8cbe146fae5
M000681,2025-03-01,C011,"Morning, can u send 1 box tomato grade B, substitution OK; also 1 box lett grade B, substitution OK; also 6 box leaf spinach grade A, no substitutes; also 1 crate broccoli grade A, no substitutes for 01/03; call if any issue. Ref 11",hard,development,f4a3f283f9f551d0fe36fd04365dfd6e0e5ab2e50ccfad9213dc1175bd0ddb03
M000682,2025-03-01,C012,"Please deliver 49 kg tomato grade B, no substitutes; also 3 kg lettuce grade A, no substitutes; also 20 kg spinach grade A, no substitutes on 2025-03-01. Customer ref C012.",standard,development,974b54213f07df5c5074f41aec751ca79bdd2654dca05bd0d53d80b4128de4dd
M000683,2025-03-02,C001,"Please deliver 109 kg cucumbers grade B, no substitutes; also 45 kg peppers grade B, substitution OK on 2025-03-02. Customer ref C001.",standard,test,153b73030dfbf02417d434d26cf4acbf7a41cf32d8a98bad4b52156dcda38fbd
M000684,2025-03-02,C002,"Please deliver 1 box cucumber grade B, substitution OK; also 12 box strawberry grade B, substitution OK; also 4 box spin grade A, no substitutes; also 15 kg brocc grade A, no substitutes on 2025-03-02. Customer ref C002.",standard,test,60e57b1df4afb60d1c79c55e76024d7214dc6616a99d1c393e7d83970dbe094b
M000685,2025-03-02,C003,"Please deliver 2 box lett grade A, no substitutes; also 25 kg strawberry grade A, no substitutes; also 19 kg leaf spinach grade B, no substitutes; also 3 box broccoli grade A, no substitutes on 2025-03-02. Customer ref C003.",standard,test,37dc820694104abc9a4ca9a9090c99e8c9e8608245fa98635bc04f17c3e3fa7a
M000686,2025-03-02,C004,"Please deliver 1 crate cucumbers grade A, no substitutes; also 44 kg peppers grade B, substitution OK on 2025-03-02. Customer ref C004.",standard,test,1277103f8919d9d8d0f4a0701786898623039bf8b47cd5c9b59c0cda75af2800
M000687,2025-03-02,C005,"Please deliver 7 crate lettuces grade A, no substitutes on 2025-03-02. Customer ref C005.",standard,test,1b13ce339a032a4831bdc206d6e5555007ad88a3afc9503e4e1f96d4f6631795
M000688,2025-03-02,C006,"Please deliver 8 kg leaf spinach grade B, no substitutes; also 66 kg carrot grade B, substitution OK on 2025-03-02. Customer ref C006.",standard,test,7fac8203b9c8de46280626c306c583504a8215faa5440d510e322e30a8dc9fd7
M000689,2025-03-02,C007,"Please deliver 14 kg lettuce grade B, substitution OK; also 23 kg carrots grade A, no substitutes on 2025-03-02. Customer ref C007.",standard,test,6787efaf76eee90295a81576e815c8a2c1e72be65c5543d67a58826da3ee966c
M000690,2025-03-02,C008,"Amendment - need 25 kg toms grade A, no substitutes for 02/03; confirm asap. Ref 08",hard,test,0e5b4e2598e917ad47f5cbed0ee9c79d6efd99faa57bc419902cc7448ad4feb3
M000691,2025-03-02,C009,"Morning, can u send 33 kg tomatoes grade B, substitution OK; also 2 crate spin grade B, substitution OK for 02/03; same delivery slot. Ref 09",hard,test,ef783aeebcabc409e5fb1600c1dbdd67c5194e5b4b299696e4fb5fdf7c21ef16
M000692,2025-03-02,C010,"Please deliver 41 kg tomato grade A, no substitutes; also 3 box lettuce grade B, substitution OK; also 3 kg broc grade A, substitution OK on 2025-03-02. Customer ref C010.",standard,test,6d08905ee979f18cd14a368b687c595117e180216d681e55d02cec06ff815306
M000693,2025-03-02,C012,"Please deliver 6 kg spin grade A, substitution OK; also 1 box carrots grade A, no substitutes on 2025-03-02. Customer ref C012.",standard,test,95083f2922aacd8b26e3a1f562c70289aa214e7c6bee786926f4c96f95afd6aa
M000694,2025-03-03,C001,"Morning, can u send 12 kg berries grade B, substitution OK; also 34 kg capsicum grade B, substitution OK for 03/03; same delivery slot. Ref 01",hard,test,242e29499649a6eb419f42b74c2c84cf5528397a08efb683c3b41c0ba9cab4f4
M000695,2025-03-03,C002,"Please deliver 74 kg tomatoes grade A, no substitutes; also 1 crate cuke grade B, substitution OK; also 12 kg capsicum grade B, substitution OK; also 14 kg spinach grade B, no substitutes; also 1 box brocc grade B, substitution OK on 2025-03-03. Customer ref C002.",standard,test,aac0f2a79106646fd69b55c0449fbbf3d497e70f00143aaea25d2355ba079e76
M000696,2025-03-03,C004,"Please deliver 42 kg tomatoes grade A, no substitutes; also 3 kg lettuce grade B, no substitutes; also 25 kg cucumbers grade A, no substitutes on 2025-03-03. Customer ref C004.",standard,test,404cbda6094fe44bdb105e51e2b1575d65d0b2f819d9312a55b2b971b6babe23
M000697,2025-03-03,C005,"Amendment - need 25 kg lettuces grade A, no substitutes; also 39 kg cucumber grade A, no substitutes; also 4 kg strawberries grade A, no substitutes; also 4 box peppers grade B, no substitutes; also 12 kg carrot grade B, substitution OK for 03/03; call if any issue. Ref 05",hard,test,e57b585982d7cca7a77022cd74544c1d4f286b9ba7f3cd3040925d7b2529d4b2
M000698,2025-03-03,C006,"Please deliver 9 kg cucumbers grade A, no substitutes; also 23 kg berries grade A, substitution OK; also 1 crate car grade B, substitution OK; also 15 kg broccoli grade B, no substitutes on 2025-03-03. Customer ref C006.",standard,test,b5561b4d355283cbcd9ab9ec653b775953a2769824a9dc7ba679fed17d9548b6
M000699,2025-03-03,C007,"Please deliver 12 kg tomato grade B, no substitutes; also 19 kg bell pepper grade B, substitution OK; also 7 box spinach grade A, no substitutes; also 12 kg carrots grade B, substitution OK; also 4 kg brocc grade A, no substitutes on 2025-03-03. Customer ref C007.",standard,test,f4d2d1ea03c322f61f354f24c06cc9da9481b75a4ac2925743ea96a5984d68e9
M000700,2025-03-03,C008,"Hi team pls arrange 3 kg berries grade B, substitution OK; also 8 box car grade B, substitution OK for 03/03; call if any issue. Ref 08",hard,test,838a588f7af9b89c9fc32bb67d5e09161120b6a6038420d0fb2c1b29db2ce0c6
M000701,2025-03-03,C009,"Please deliver 17 kg cucumbers grade B, substitution OK on 2025-03-03. Customer ref C009.",standard,test,78e5dc05ac33c8734217db4b7534234a44afc4c9ca1a6cb053db961ea9942129
M000702,2025-03-03,C010,"Please deliver 6 kg lettuce grade A, substitution OK; also 20 kg berries grade A, no substitutes; also 4 kg peppers grade B, substitution OK; also 14 kg broccoli grade B, substitution OK on 2025-03-03. Customer ref C010.",standard,test,f68cd0e8bb88ac3075abc80498734b398fa17bd6e3c5358a1c19837c8e984e5b
M000703,2025-03-03,C011,"Please deliver 19 kg spin grade A, no substitutes on 2025-03-03. Customer ref C011.",standard,test,c0868470e2b176da98db5926501e8a67add69da2c77e430e785c1c30ab84c156
M000704,2025-03-03,C012,"Amendment - need 15 kg lettuces grade B, substitution OK for 03/03; confirm asap. Ref 12",hard,test,72429dd152346e35ddec515b00f6c80c216849324f999aa7140ad1e3cf820ab2
M000705,2025-03-04,C001,"Please deliver 1 box peppers grade A, no substitutes; also 22 kg carrots grade A, no substitutes; also 5 box brocc grade B, substitution OK on 2025-03-04. Customer ref C001.",standard,test,2ed504ebf1af06c0a830a0ebcde5b18f685656e86cb1975b363cd43b9e12fd59
M000706,2025-03-04,C002,"Please deliver 3 kg cucumbers grade A, substitution OK; also 5 kg strawberry grade A, substitution OK; also 5 box bell pepper grade B, substitution OK; also 37 kg spin grade A, no substitutes on 2025-03-04. Customer ref C002.",standard,test,e1a5acbc24a82d6a34052c97ddceda7925fc7da90a12baca9085773cc26c7921
M000707,2025-03-04,C003,"Please deliver 40 kg tomatoes grade A, no substitutes; also 28 kg carrots grade B, no substitutes on 2025-03-04. Customer ref C003.",standard,test,5e7727a882dfc73191fe3035ccadfaf30f0213abb13dd46eeca6f4f73f3da8b5
M000708,2025-03-04,C004,"Please deliver 3 crate toms grade A, no substitutes; also 5 box cuke grade B, substitution OK; also 15 kg spinach grade A, no substitutes on 2025-03-04. Customer ref C004.",standard,test,dd670f600b8ad683fc885f1ab17b52f4c7064a2a2ef99d97df70693f4b1ce2da
M000709,2025-03-04,C005,"Please deliver 1 box strawberry grade A, substitution OK; also 18 kg capsicum grade B, no substitutes on 2025-03-04. Customer ref C005.",standard,test,21e4552c28c77fad3138d6f6e7e038010595e1469c044d3e4b711c040916e3b8
M000710,2025-03-04,C006,"Morning, can u send 1 crate strawberry grade B, substitution OK; also 18 kg peppers grade B, substitution OK; also 15 kg spinach grade A, no substitutes; also 6 box car grade A, no substitutes for 04/03; confirm asap. Ref 06",hard,test,f14a1eed01d260a3038a46874dfcc9f30cab1ead09b688da05198dc6f21941cc
M000711,2025-03-04,C007,"Hi team pls arrange 45 kg lettuce grade A, no substitutes; also 13 kg spinach grade A, no substitutes for 04/03; confirm asap. Ref 07",hard,test,61307d49bfe2692efa9e1508cfffed0091e38c08ec799449ce84f12974cca0d3
M000712,2025-03-04,C008,"Please deliver 6 box tomato grade B, substitution OK; also 12 box cuke grade A, no substitutes; also 41 kg brocc grade B, no substitutes on 2025-03-04. Customer ref C008.",standard,test,5ae0961c481fa09f5413c19654b8273aa2ca1df380f3452dde74ce3712ada07f
M000713,2025-03-04,C009,"Please deliver 16 kg lettuces grade B, substitution OK; also 21 kg cucumbers grade A, no substitutes; also 10 kg strawberries grade B, substitution OK; also 2 box capsicum grade B, substitution OK on 2025-03-04. Customer ref C009.",standard,test,2e7c3c30b190f7ab2651b3e0d9bf3c445158060bb6b634c9df8d8f1f65e920d9
M000714,2025-03-04,C010,"Please deliver 35 kg tomato grade A, no substitutes; also 15 kg cucumber grade A, no substitutes; also 3 box car grade B, substitution OK; also 4 kg broc grade A, no substitutes on 2025-03-04. Customer ref C010.",standard,test,44ef0cf9a450fd71ffd319ddd0ded308b29e3b39939e9c8b1d99eca5a3556b5c
M000715,2025-03-04,C011,"Please deliver 8 box strawberry grade B, substitution OK on 2025-03-04. Customer ref C011.",standard,test,fe317a1ce008b980667659fcf7ea27168836e7759b6c6c6aae74958f9fd093f3
M000716,2025-03-05,C002,"Please deliver 7 kg lettuce grade A, no substitutes; also 2 crate car grade B, substitution OK on 2025-03-05. Customer ref C002.",standard,test,64c94ce48c651ffdc8e8b0ecf43e269ebedec94881c2eb57f016bf269b121378
M000717,2025-03-05,C003,"Please deliver 10 kg cuke grade B, substitution OK; also 16 kg berries grade A, no substitutes; also 35 kg broccoli grade A, no substitutes on 2025-03-05. Customer ref C003.",standard,test,af9a5b557b7add91080825dbac8c8ee78df611019a02db6701d131af6b41e2e7
M000718,2025-03-05,C004,"Hi team pls arrange 18 kg peppers grade A, no substitutes for 05/03; call if any issue. Ref 04",hard,test,aa3e0dde449bc50553525db46a8b127bb1ea098745451f764162cf3b2588140e
M000719,2025-03-05,C005,"Amendment - need 41 kg toms grade A, no substitutes; also 27 kg lett grade B, substitution OK; also 12 kg broc grade B, no substitutes for 05/03; confirm asap. Ref 05",hard,test,5f727beeee39a5a879ceff3e75c7ae3ba032b360b719e477af8e8e2142504a29
M000720,2025-03-05,C006,"Please deliver 2 crate leaf spinach grade B, substitution OK; also 2 crate car grade A, no substitutes on 2025-03-05. Customer ref C006.",standard,test,6d20aa321028adc7e32a0b207075a788de16098cb4f723717e4a0486a4997213
M000721,2025-03-05,C007,"Morning, can u send 21 kg lettuce grade A, no substitutes; also 37 kg cuke grade B, no substitutes; also 17 kg berries grade B, substitution OK; also 22 kg peppers grade B, substitution OK; also 26 kg car grade A, no substitutes for 05/03; confirm asap. Ref 07",hard,test,2dfb41f07b5f8389eccb0aeddfc8be709f1e41d2d17cc6e300ba13c0b6026ef9
M000722,2025-03-05,C008,"Please deliver 39 kg peppers grade B, substitution OK; also 3 kg brocc grade B, substitution OK on 2025-03-05. Customer ref C008.",standard,test,984cd311418ad6b1f473e91c3c42f46c0fa4999172f87a41002e0382035095ae
M000723,2025-03-05,C009,"Please deliver 19 kg lett grade A, no substitutes; also 15 kg cucumber grade B, substitution OK; also 54 kg spin grade B, substitution OK on 2025-03-05. Customer ref C009.",standard,test,81fe39d6f0bdd830bb82b1ed6ae3863770a7a1434731b2557bd0ca8d2c60eb6f
M000724,2025-03-05,C010,"Please deliver 23 kg cuke grade B, no substitutes; also 3 box strawberries grade A, no substitutes on 2025-03-05. Customer ref C010.",standard,test,907c6f1fec161c25d914c6798ee873367c05a94e80b707f250e208465ca3844c
M000725,2025-03-05,C011,"Please deliver 30 kg lettuce grade B, substitution OK; also 2 crate carrot grade A, no substitutes; also 71 kg brocc grade A, no substitutes on 2025-03-05. Customer ref C011.",standard,test,a9da74c75fbee9bd03407621b3342cabe3320f715c0267df3886d825ff6ae227
M000726,2025-03-05,C012,"Please deliver 28 box tomatoes grade B, substitution OK on 2025-03-05. Customer ref C012.",standard,test,95864c6c98d389381f0c856aeb3b84528f7cf4caf878f736b5139aadbb85f664
M000727,2025-03-06,C002,"Please deliver 32 kg broc grade B, no substitutes on 2025-03-06. Customer ref C002.",standard,test,d0e1c8486da2eeed4c006cac86403b7b55b31850ce558edac1c33e4f5f687f11
M000728,2025-03-06,C003,"Please deliver 3 kg tomato grade B, no substitutes; also 5 kg peppers grade A, no substitutes on 2025-03-06. Customer ref C003.",standard,test,934df9635ca89aa0ce937dfecff96984ef318f6b41fad7058fcd2e3fa0c36c39
M000729,2025-03-06,C005,"Please deliver 4 box cucumbers grade A, no substitutes; also 3 kg bell pepper grade B, no substitutes; also 46 kg leaf spinach grade A, no substitutes on 2025-03-06. Customer ref C005.",standard,test,08a2548274061b1ae985a4604d1e91cebf0520b2e4c3d95770794d8b264cd0b8
M000730,2025-03-06,C006,"Please deliver 98 kg carrots grade B, substitution OK on 2025-03-06. Customer ref C006.",standard,test,a06feee435ec20b1cefff719a33b6a1573f48d6d480f1b6f4f783f5516050eb0
M000731,2025-03-06,C007,"Please deliver 7 box toms grade B, substitution OK on 2025-03-06. Customer ref C007.",standard,test,874a0edd7774530428d094a5ce838f131d5e277bd20780f23cf95b100a6ff56c
M000732,2025-03-06,C009,"Please deliver 11 box lettuces grade A, no substitutes; also 7 box strawberries grade B, substitution OK; also 2 box bell pepper grade A, no substitutes on 2025-03-06. Customer ref C009.",standard,test,f517efcba182411b282e51b20a1de0f982daa8342623adf9a699cd9dab3f6ecd
M000733,2025-03-06,C010,"Please deliver 1 crate tomatoes grade A, no substitutes; also 1 crate capsicum grade B, substitution OK on 2025-03-06. Customer ref C010.",standard,test,75abd178a75484c4bbe3782d172641507165d47d8b3f896017f73f7097172461
M000734,2025-03-06,C011,"Please deliver 36 kg tomatoes grade B, substitution OK; also 40 kg strawberries grade A, no substitutes; also 16 kg bell pepper grade B, no substitutes; also 10 kg spin grade A, no substitutes; also 58 kg brocc grade A, no substitutes on 2025-03-06. Customer ref C011.",standard,test,4ffe8f2c070cebc2ea0d7700c14c223cb20ea5c6c809ac28c95d08994d3c4200
M000735,2025-03-06,C012,"Morning, can u send 11 box lett grade A, no substitutes; also 14 box cucumber grade B, substitution OK; also 27 kg carrots grade B, substitution OK for 06/03; confirm asap. Ref 12",hard,test,45d7c079d872b8617a1c0838428b5600884ef9f11256d1431fe66b14288824e6
M000736,2025-03-07,C001,"Please deliver 23 kg bell pepper grade A, no substitutes; also 10 kg spin grade A, no substitutes on 2025-03-07. Customer ref C001.",standard,test,2b2ba8911d64f74bbca39bc4cfccad04b6f88d0510ef08227d69d0acb6bf7f48
M000737,2025-03-07,C002,"Please deliver 24 kg lettuce grade A, no substitutes; also 18 kg berries grade B, substitution OK; also 14 kg spinach grade A, no substitutes; also 35 kg carrots grade A, no substitutes; also 12 box broccoli grade A, substitution OK on 2025-03-07. Customer ref C002.",standard,test,d61474298d32d3a0678ca34034126abd76ad0f6073b43de0923d3f6858d751d1
M000738,2025-03-07,C004,"Morning, can u send 1 crate toms grade B, substitution OK; also 12 kg bell pepper grade A, no substitutes; also 28 kg car grade A, substitution OK for 07/03; call if any issue. Ref 04",hard,test,a36646ef33d0ed31563d6736d6633eb808d6e5021e8ae67d14ec496011962246
M000739,2025-03-07,C005,"Please deliver 78 kg cucumber grade A, no substitutes; also 6 kg strawberry grade A, substitution OK on 2025-03-07. Customer ref C005.",standard,test,34b1501cc0bf49d102f170f98b6b8ee2841e1817b1a6ee93f571e5aaab941fb9
M000740,2025-03-07,C006,"Please deliver 51 kg toms grade A, no substitutes; also 9 kg lettuce grade A, no substitutes; also 6 box berries grade A, no substitutes; also 1 crate carrots grade B, substitution OK on 2025-03-07. Customer ref C006.",standard,test,4bc369edd31f71006899dce4eb17b3efaaa4c87bf0c7c1e6956a04c7551a7e1e
M000741,2025-03-07,C007,"Hi team pls arrange 3 kg spin grade B, substitution OK for 07/03; same delivery slot. Ref 07",hard,test,40660a999824661c7319a71a2444795649be0ce912e3f164645ff84f2554fa45
M000742,2025-03-07,C008,"Please deliver 3 box bell pepper grade B, substitution OK on 2025-03-07. Customer ref C008.",standard,test,cf5c0b62def9756cb7a278e458ac6a42322c1f2efbe303fbc69bf551c4377e30
M000743,2025-03-07,C009,"Amendment - need 45 kg cuke grade B, substitution OK; also 5 box leaf spinach grade A, no substitutes for 07/03; same delivery slot. Ref 09",hard,test,9543ead8b9efdf318d7ef3969f0e7058ab6e3e7e0b8bb4976a64e8a59c483eba
M000744,2025-03-07,C010,"Please deliver 5 box strawberries grade B, substitution OK; also 7 kg spinach grade A, no substitutes on 2025-03-07. Customer ref C010.",standard,test,c6b36216858f5273f581aabb0b3c1997b2a45612a8f4c74f7ee5dc1722c68878
M000745,2025-03-07,C011,"Please deliver 30 kg tomatoes grade A, no substitutes; also 13 kg lett grade B, substitution OK on 2025-03-07. Customer ref C011.",standard,test,1e4e0887cf03dfa86c665863d50f42c96f063b07433b7a965790246cae34f7d7
M000746,2025-03-07,C012,"Hi team pls arrange 19 kg lettuces grade B, no substitutes; also 23 kg broc grade B, substitution OK for 07/03; same delivery slot. Ref 12",hard,test,160a0760df74cd9c227b9712958efb07e3264b97d260729a006645f8ec33c8f9
M000747,2025-03-08,C001,"Please deliver 15 kg lettuces grade A, substitution OK; also 22 kg leaf spinach grade B, substitution OK on 2025-03-08. Customer ref C001.",standard,test,ae789a097651ea5a119a64d3aa33f4505435bc798c7fb95ba1a39491cdcf77e1
M000748,2025-03-08,C002,"Hi team pls arrange 4 box tomato grade A, no substitutes; also 25 kg lettuces grade B, substitution OK; also 43 kg car grade A, no substitutes for 08/03; confirm asap. Ref 02",hard,test,ccaa9f01e135c41dded777d7cfb908e301d02380a2ce62a564c7d3dcbacd17bf
M000749,2025-03-08,C003,"Please deliver 1 crate carrots grade B, no substitutes on 2025-03-08. Customer ref C003.",standard,test,bcdea3f3a846a0833a6d2408d0c4841ca986331dff812cd71e74badb017c46cf
M000750,2025-03-08,C004,"Please deliver 9 kg lettuce grade A, no substitutes; also 33 kg cuke grade A, no substitutes; also 17 kg leaf spinach grade B, substitution OK; also 7 box broc grade B, substitution OK on 2025-03-08. Customer ref C004.",standard,test,dc826d71aef194cc63f09df3522300cdc2f3a1956b0cecb97d5d2d05c8fc334e
M000751,2025-03-08,C005,"Please deliver 29 kg tomato grade A, substitution OK; also 40 kg cucumbers grade A, substitution OK; also 17 kg spinach grade A, no substitutes; also 2 box carrot grade B, substitution OK; also 12 kg brocc grade A, no substitutes on 2025-03-08. Customer ref C005.",standard,test,9917e212430bafc823705600035c486e94c846985ce3cbca042c734ed9c87b39
M000752,2025-03-08,C006,"Please deliver 1 box lettuce grade A, no substitutes; also 16 kg cucumbers grade B, no substitutes; also 6 box peppers grade A, no substitutes; also 3 kg spinach grade A, no substitutes; also 23 kg carrot grade B, substitution OK on 2025-03-08. Customer ref C006.",standard,test,710e46b7db7f0073ccaadcb245bd91a2849f4ba572cb7896daf91cfdc446108f
M000753,2025-03-08,C007,"Morning, can u send 3 kg tomato grade B, substitution OK; also 15 kg carrot grade A, no substitutes; also 27 kg brocc grade A, no substitutes for 08/03; call if any issue. Ref 07",hard,test,44ff93f161d7c4081bb745e8e6c193208015e3ffe673ff61519e22d65eece6fd
M000754,2025-03-08,C008,"Amendment - need 3 crate berries grade A, substitution OK; also 4 kg spin grade B, substitution OK for 08/03; confirm asap. Ref 08",hard,test,3d648b75f6baf01628c1deede9412c262722193acb71387c4e12ecc43b7b638e
M000755,2025-03-08,C009,"Please deliver 18 kg berries grade A, no substitutes; also 8 kg capsicum grade A, no substitutes; also 3 box broc grade B, no substitutes on 2025-03-08. Customer ref C009.",standard,test,0c1dc516603fd447fe32523d8c66739a0852baf64200daa7f0b016b46ea58c84
M000756,2025-03-08,C010,"Please deliver 3 box toms grade B, substitution OK; also 11 kg lettuce grade A, no substitutes on 2025-03-08. Customer ref C010.",standard,test,a0e925bce0f8e8bdc333eb231f973daeb4e00fde47aff860ba32550f48494068
M000757,2025-03-08,C012,"Please deliver 57 kg peppers grade A, no substitutes on 2025-03-08. Customer ref C012.",standard,test,d8a521f5bcac77e9978b62a1154770499e68350abd07ce32a13a8193cbe9e9d0
M000758,2025-03-09,C001,"Please deliver 25 kg strawberry grade B, no substitutes; also 12 box peppers grade A, substitution OK; also 3 kg broc grade B, substitution OK on 2025-03-09. Customer ref C001.",standard,test,de4e6a9d934bcaf3fe21ea226351c0594cd1416191a3aa465a963442043f592f
M000759,2025-03-09,C002,"Please deliver 112 kg car grade A, no substitutes on 2025-03-09. Customer ref C002.",standard,test,5bd366f0709c78e07b16dab323aa29805f3eab489d87ce243f3991017570153e
M000760,2025-03-09,C003,"Please deliver 59 kg lett grade A, substitution OK; also 3 box cuke grade A, no substitutes; also 11 box strawberries grade B, no substitutes; also 73 kg carrot grade A, no substitutes; also 18 kg broc grade B, no substitutes on 2025-03-09. Customer ref C003.",standard,test,926d2b68cc208188145a73028df45767b194b63c8637b001df7e5796f169c8a7
M000761,2025-03-09,C004,"Please deliver 68 kg capsicum grade B, substitution OK; also 4 crate spinach grade B, substitution OK on 2025-03-09. Customer ref C004.",standard,test,d0e77562013dc41870c725f9b590c176ac170e7514c6bd9b1611253b14fe8469
M000762,2025-03-09,C005,"Please deliver 11 kg cucumbers grade A, no substitutes; also 3 kg brocc grade A, no substitutes on 2025-03-09. Customer ref C005.",standard,test,21b94cd76472b17a7f9f35aee3a930a374b130a6cd2dbdc1bdea9bcff47b5d97
M000763,2025-03-09,C006,"Please deliver 6 box tomatoes grade A, no substitutes; also 10 kg lettuces grade B, substitution OK on 2025-03-09. Customer ref C006.",standard,test,9897fcfbbb96e15e924f4bc9d83e9a2d3a9e338adf1adc1ebf930451549ce05e
M000764,2025-03-09,C007,"Morning, can u send 18 kg cuke grade B, substitution OK for 09/03; same delivery slot. Ref 07",hard,test,f48fcdfc73bf53bc1fcefbd7519cc1580205d9c4f0d2331f209664200cda95c8
M000765,2025-03-09,C008,"Morning, can u send 37 kg toms grade A, no substitutes for 09/03; call if any issue. Ref 08",hard,test,a85626dd9feff6b9af6da569ca30462e31c566fbc5085ff3deb46dfdfc146d23
M000766,2025-03-09,C009,"Please deliver 1 crate tomatoes grade A, no substitutes; also 31 kg broccoli grade A, no substitutes on 2025-03-09. Customer ref C009.",standard,test,b9ab2058a7f7d7f4b3f737e79ce031c65f0b9472cc7f74a09922586794c97790
M000767,2025-03-09,C011,"Please deliver 22 box spinach grade A, substitution OK on 2025-03-09. Customer ref C011.",standard,test,a83ace5d4aff50f53991ffbdfb344e3064d5c592799204e56067b1ea367b2ab2
M000768,2025-03-09,C012,"Please deliver 21 kg toms grade A, no substitutes; also 10 kg cuke grade A, substitution OK; also 15 kg broccoli grade A, substitution OK on 2025-03-09. Customer ref C012.",standard,test,b598c507077aee825a9300627f4d50e956d994be96521fe5a52d7ad6ee662871
M000769,2025-03-10,C001,"Please deliver 7 kg cucumbers grade B, no substitutes; also 1 crate bell pepper grade A, no substitutes; also 16 kg broccoli grade B, substitution OK on 2025-03-10. Customer ref C001.",standard,test,99258251c2f18294b0e66c8fd3abf1d789fc6752060d9be1645d69c02ea36cf6
M000770,2025-03-10,C002,"Please deliver 2 crate strawberry grade A, no substitutes on 2025-03-10. Customer ref C002.",standard,test,3dc54eccd2417b352565d5e36570814e5593bec72bc8c97b5a89e39b86f93a0d
M000771,2025-03-10,C003,"Please deliver 37 kg bell pepper grade B, no substitutes; also 25 kg broccoli grade A, no substitutes on 2025-03-10. Customer ref C003.",standard,test,2c46e0edfd59d12440df32d2bd10bc14a48ec162d772a9f2c4d6fcc6f8beb0b7
M000772,2025-03-10,C004,"Please deliver 16 box lett grade A, no substitutes; also 40 kg cuke grade A, no substitutes; also 1 crate carrot grade A, no substitutes on 2025-03-10. Customer ref C004.",standard,test,27dab715d0fe5cd113fd61f397043c46bcc249d21f64b347ceb3b125406abaa1
M000773,2025-03-10,C005,"Please deliver 35 kg cuke grade A, no substitutes; also 4 box strawberry grade B, substitution OK; also 1 box carrot grade A, no substitutes; also 35 kg broccoli grade A, no substitutes on 2025-03-10. Customer ref C005.",standard,test,2b566e2aedfa92dab7aaf572a22ff0c3409f41d51aec80d6969d038576ba2de8
M000774,2025-03-10,C006,"Please deliver 3 crate spin grade B, substitution OK; also 5 box carrots grade A, no substitutes on 2025-03-10. Customer ref C006.",standard,test,36f157b00cb99fce81c92d73308f88ed977a20348ca4e5c101abc6ce76459b73
M000775,2025-03-10,C007,"Please deliver 46 kg toms grade B, substitution OK; also 8 crate lettuces grade A, substitution OK; also 13 kg berries grade B, substitution OK; also 10 kg carrots grade A, no substitutes on 2025-03-10. Customer ref C007.",standard,test,8806ee5f52baedbe4ff1f24da537e4b160c839ea45e917d73e9f4bc9b954f4f4
M000776,2025-03-10,C008,"Please deliver 5 crate toms grade B, substitution OK; also 6 box strawberry grade B, substitution OK; also 2 box broccoli grade A, no substitutes on 2025-03-10. Customer ref C008.",standard,test,7ca3b559620dcabae5ceb92be945d53164e28fd6925d8e34b8f81d4c27fa6ef2
M000777,2025-03-10,C009,"Please deliver 16 kg tomato grade A, no substitutes; also 1 crate cucumber grade A, no substitutes on 2025-03-10. Customer ref C009.",standard,test,823db873e4b9a14d1b722ada0955c2bbaae50e05ddef150ed6fd67c3534da086
M000778,2025-03-10,C010,"Please deliver 19 kg cucumbers grade B, substitution OK on 2025-03-10. Customer ref C010.",standard,test,cba070f167f6f0277e8b6f051ef569d3b0596c56a58fa09b2f41c40a213faa7a
M000779,2025-03-10,C011,"Please deliver 4 box tomato grade B, substitution OK; also 5 kg lettuce grade A, substitution OK; also 13 kg spinach grade A, no substitutes on 2025-03-10. Customer ref C011.",standard,test,587a5e939920bf0a432c04e1d2de7e1908a3a234d31223f378fa916f139a8517
M000780,2025-03-10,C012,"Please deliver 31 kg strawberry grade B, no substitutes; also 30 kg peppers grade B, substitution OK; also 14 kg broc grade B, substitution OK on 2025-03-10. Customer ref C012.",standard,test,3a52be9bca7d14979c112297e89395136e8bfc7b6c7547d43fa7d210185f6ffe
M000781,2025-03-11,C001,"Please deliver 1 crate toms grade A, substitution OK; also 44 kg cuke grade B, substitution OK; also 46 kg bell pepper grade B, substitution OK; also 7 kg leaf spinach grade A, substitution OK; also 2 crate carrots grade B, substitution OK on 2025-03-11. Customer ref C001.",standard,test,9b1dd4226b91202e2bc8ec99d5ca8f96326e49958a608c5896eb46ba05fbce85
M000782,2025-03-11,C002,"Please deliver 2 crate tomato grade B, no substitutes; also 21 kg cucumber grade A, no substitutes on 2025-03-11. Customer ref C002.",standard,test,17b28fdc8f5c86b22da91c021ae9201bab3e35a451b163c822cdc0b8bd0eeb38
M000783,2025-03-11,C003,"Please deliver 7 kg brocc grade A, no substitutes on 2025-03-11. Customer ref C003.",standard,test,041d9c45cfaf3d3f2c16e1482a0502b23d4056740baf38151ce4d1ad906974d7
M000784,2025-03-11,C004,"Please deliver 4 box tomatoes grade B, no substitutes; also 70 kg lett grade A, no substitutes; also 4 crate strawberry grade A, no substitutes; also 14 kg spinach grade B, no substitutes on 2025-03-11. Customer ref C004.",standard,test,8908e3146253bd5b9b5aec727f3124f1a1f12b5ec77dd2fb67982aaef713113c
M000785,2025-03-11,C006,"Please deliver 47 kg cucumber grade A, no substitutes; also 16 kg strawberries grade A, no substitutes; also 32 kg spin grade B, substitution OK; also 36 kg carrots grade A, no substitutes on 2025-03-11. Customer ref C006.",standard,test,6e1d29b9658ba2ca2e98dba2d5650dd27328ea34210311b88c125705166f2be2
M000786,2025-03-11,C007,"Please deliver 3 kg bell pepper grade A, no substitutes; also 14 kg car grade B, substitution OK on 2025-03-11. Customer ref C007.",standard,test,bdde7a42f1efb5715647d1ca8259e400ac0b39d04699e22fad86ad2220bfbde2
M000787,2025-03-11,C008,"Hi team pls arrange 18 kg toms grade A, no substitutes; also 3 box cucumbers grade B, substitution OK; also 26 kg carrots grade A, no substitutes for 11/03; call if any issue. Ref 08",hard,test,41af750a9b0ab5739f2273da79e1ee0ac274ca4ab5e5facab922da0070d99c83
M000788,2025-03-11,C009,"Hi team pls arrange 26 kg toms grade B, substitution OK; also 10 kg berries grade A, no substitutes; also 16 kg brocc grade B, substitution OK for 11/03; call if any issue. Ref 09",hard,test,d5ca691cf37165540f00013d04e0907f6dc1e4e7464295405dd8572cbe9bd3ae
M000789,2025-03-11,C010,"Please deliver 1 box spin grade B, substitution OK; also 11 kg carrot grade A, no substitutes on 2025-03-11. Customer ref C010.",standard,test,3d2c464456e0dcce7344da136ff9ee1369ecd56c681dc4ea032f09b1e6327223
M000790,2025-03-11,C011,"Please deliver 14 kg brocc grade A, no substitutes on 2025-03-11. Customer ref C011.",standard,test,583cf7e810e751097fd4bdb74fb4eec7c991abf5aca89e2144f4f080ea1b5eb8
M000791,2025-03-11,C012,"Please deliver 25 kg lettuce grade A, no substitutes; also 18 kg bell pepper grade A, no substitutes; also 2 box spinach grade A, no substitutes on 2025-03-11. Customer ref C012.",standard,test,a744659e7ce8862916640086288ee9f9f39e5af8844905c4ca7eac8329caaf4e
M000792,2025-03-12,C001,"Amendment - need 9 crate toms grade B, substitution OK; also 1 crate lettuce grade B, substitution OK; also 14 kg bell pepper grade B, substitution OK; also 2 box spinach grade A, no substitutes; also 4 box broccoli grade A, substitution OK for 12/03; call if any issue. Ref 01",hard,test,77060c209a1a712b3b65a130abfc5d0655889027f8df6d238af5f2590973d0f3
M000793,2025-03-12,C002,"Please deliver 10 box lett grade B, substitution OK; also 5 kg capsicum grade B, substitution OK on 2025-03-12. Customer ref C002.",standard,test,6628e46696058fb77a5d46cf7efd6c36ad5858ae5bb76640118d20fc8de3bc8d
M000794,2025-03-12,C003,"Please deliver 86 kg carrot grade A, no substitutes on 2025-03-12. Customer ref C003.",standard,test,42aaf6f05a059ed9a1d60056ca526fb75430b942b23a496052fce5ef284bd1fb
M000795,2025-03-12,C004,"Please deliver 1 crate tomatoes grade A, no substitutes; also 6 crate strawberry grade A, substitution OK; also 16 kg leaf spinach grade A, no substitutes on 2025-03-12. Customer ref C004.",standard,test,3f063e212bbde3622489297252a050aca5ec7afe2e0182b813306f49972cc9df
M000796,2025-03-12,C007,"Please deliver 4 crate lettuce grade A, no substitutes; also 4 crate broccoli grade A, no substitutes on 2025-03-12. Customer ref C007.",standard,test,a2365f7f997b0212b465ffe7f1129dfe00e8e16d280b924621b7a162b319931a
M000797,2025-03-12,C008,"Please deliver 3 kg strawberry grade B, substitution OK; also 25 kg broccoli grade B, substitution OK on 2025-03-12. Customer ref C008.",standard,test,f15da4ab2a313f3e1974fc2a6ffbd203f08ee288cb440aa26a0a8a338c668f0b
M000798,2025-03-12,C009,"Please deliver 8 kg lett grade A, no substitutes; also 10 box berries grade A, no substitutes; also 6 kg spinach grade A, no substitutes on 2025-03-12. Customer ref C009.",standard,test,b7b8cccbf92b319c1e1fd97262f552771377831ff279b6a316b23dd684520fec
M000799,2025-03-12,C010,"Please deliver 4 crate cucumber grade A, no substitutes; also 26 kg capsicum grade A, no substitutes; also 4 crate carrot grade A, substitution OK; also 1 crate broccoli grade B, substitution OK on 2025-03-12. Customer ref C010.",standard,test,11178e6a4e84ae86c28f1c50d9806e7c17b55aadc99383c100a90f2796ed5e01
M000800,2025-03-12,C011,"Please deliver 3 kg lettuce grade A, no substitutes; also 54 kg cucumber grade A, no substitutes; also 11 kg bell pepper grade A, no substitutes on 2025-03-12. Customer ref C011.",standard,test,2bc2f5af61bfbc6b4cd000fc5ede2ab9fd150b89dde63fe261acbd5355a657d7
M000801,2025-03-12,C012,"Hi team pls arrange 17 kg leaf spinach grade A, no substitutes for 12/03; same delivery slot. Ref 12",hard,test,341a2d52c16be390082ab4f11a71e57e449060f6dd62f350e71bb7bd6cf52046
M000802,2025-03-13,C001,"Please deliver 45 kg tomato grade A, no substitutes; also 13 kg cucumber grade B, substitution OK; also 28 kg strawberries grade A, no substitutes; also 3 kg car grade B, no substitutes; also 9 kg broc grade A, no substitutes on 2025-03-13. Customer ref C001.",standard,test,176c2b62ef4c42be533ade58ba05ff6bbef125567d66db176ea1bfa1e6abe7b6
M000803,2025-03-13,C002,"Please deliver 73 kg lettuce grade B, no substitutes on 2025-03-13. Customer ref C002.",standard,test,ae5b090e99cbd55aa4ef7cecc59952c61390903ad911e97e706a4374573c2af2
M000804,2025-03-13,C003,"Please deliver 4 kg lettuces grade B, substitution OK; also 3 kg berries grade B, substitution OK; also 13 kg leaf spinach grade A, no substitutes; also 10 kg carrot grade A, no substitutes; also 6 box brocc grade A, no substitutes on 2025-03-13. Customer ref C003.",standard,test,3cc9f294cd279055dd1c2d091f3364d41e682621a5b2c762dbad0df187b3781a
M000805,2025-03-13,C004,"Please deliver 4 crate cucumbers grade A, no substitutes; also 17 kg strawberry grade A, no substitutes on 2025-03-13. Customer ref C004.",standard,test,a893e5c0445c7e30c3cd76635e7e9957670a7fe0711e8ca844dcbb0d77f1f621
M000806,2025-03-13,C005,"Please deliver 25 kg tomatoes grade A, no substitutes; also 1 crate peppers grade A, no substitutes; also 13 kg broccoli grade A, no substitutes on 2025-03-13. Customer ref C005.",standard,test,89ac6c02c53e0078907673f9ce2e9ebb127b516f3322c34981b8330d436c9a58
M000807,2025-03-13,C006,"Please deliver 4 kg lettuce grade A, no substitutes on 2025-03-13. Customer ref C006.",standard,test,085f61670646136220328d2a11dfa43fd71751c45fca2ac44124a6504534c597
M000808,2025-03-13,C007,"Please deliver 5 kg lett grade B, substitution OK; also 10 kg strawberries grade A, no substitutes; also 4 crate peppers grade B, substitution OK; also 14 kg leaf spinach grade B, substitution OK; also 12 kg broccoli grade A, substitution OK on 2025-03-13. Customer ref C007.",standard,test,37767e2cc9213ed337b9b83261762b567a58137581d1fa415e98737aab018583
M000809,2025-03-13,C008,"Please deliver 8 box bell pepper grade A, no substitutes; also 5 box spinach grade A, no substitutes on 2025-03-13. Customer ref C008.",standard,test,ce5ce445a9a04552b8f8d84c59c0f7dca063096701ae31cd04cc8616f6b0ea48
M000810,2025-03-13,C009,"Please deliver 65 kg lettuces grade B, substitution OK; also 3 kg spin grade A, no substitutes on 2025-03-13. Customer ref C009.",standard,test,34152c0f7af8941cb947c81951517bcf6ea44bc42c05a3c0e1894e4a2a567b96
M000811,2025-03-13,C010,"Hi team pls arrange 7 box toms grade A, no substitutes for 13/03; confirm asap. Ref 10",hard,test,eaae7f14df79a384f497d978ae29974e1037889e3c43e321d00cbd6a3c92ab02
M000812,2025-03-13,C011,"Please deliver 5 box spin grade B, substitution OK on 2025-03-13. Customer ref C011.",standard,test,ada1bf64ae18639e52ed1dd66a4225dae692e6fb6faf9bff7290dbb9adc5d76a
M000813,2025-03-13,C012,"Please deliver 24 kg cucumbers grade A, no substitutes; also 6 kg strawberry grade B, substitution OK; also 8 box car grade A, no substitutes on 2025-03-13. Customer ref C012.",standard,test,c02308b1f7b3631a8618a2f205614fc9546dbdfebbdf12922db32d65fcbcc8eb
M000814,2025-03-14,C003,"Please deliver 3 box tomatoes grade B, no substitutes; also 7 kg capsicum grade B, substitution OK; also 5 kg broccoli grade A, no substitutes on 2025-03-14. Customer ref C003.",standard,test,dadcaf4f6abaa7d3d52f5b62e02313eb036a6234c6d555f25a47accbda437533
M000815,2025-03-14,C004,"Please deliver 16 box lettuce grade B, substitution OK; also 14 kg broc grade A, no substitutes on 2025-03-14. Customer ref C004.",standard,test,b4aa9961eb8885a8d8501711fb0cf396f1e0c89b90f6698cfa4b9d8d9b6224ed
M000816,2025-03-14,C005,"Please deliver 7 box tomato grade B, substitution OK; also 16 box strawberry grade B, substitution OK; also 2 box spinach grade A, no substitutes; also 12 kg carrot grade B, substitution OK on 2025-03-14. Customer ref C005.",standard,test,3c98c25512ed74c51316cc45b503ea4c38edaab86f86a7879d9a80d04bf65e4a
M000817,2025-03-14,C006,"Amendment - need 49 kg cucumbers grade A, no substitutes; also 33 kg leaf spinach grade A, no substitutes; also 2 box car grade B, substitution OK for 14/03; same delivery slot. Ref 06",hard,test,1821a60452677e13c2de2497032fb0b23b2e0454f1f03902f53133a0de049586
M000818,2025-03-14,C007,"Please deliver 2 crate cucumbers grade A, no substitutes; also 3 kg strawberry grade B, substitution OK; also 9 kg brocc grade B, no substitutes on 2025-03-14. Customer ref C007.",standard,test,be90e74cf9dd3cb4d821e4f3595c8a0856a82b558258f6036f1c1ef476be903a
M000819,2025-03-14,C008,"Please deliver 5 box capsicum grade A, no substitutes; also 6 kg carrot grade B, substitution OK; also 2 box brocc grade A, no substitutes on 2025-03-14. Customer ref C008.",standard,test,dbae544d3c63446d2ec148592e4ec867c321caaca66e43e38bfd941ed5937986
M000820,2025-03-14,C009,"Morning, can u send 14 kg toms grade A, no substitutes; also 34 kg bell pepper grade A, no substitutes for 14/03; same delivery slot. Ref 09",hard,test,67146b8569c8094b93933f553f29d2055b969137f0029ce3d0f7b03bb9b04ba4
M000821,2025-03-14,C010,"Please deliver 32 kg tomato grade B, substitution OK; also 33 kg lettuces grade B, substitution OK; also 10 kg carrots grade A, no substitutes; also 20 kg broc grade A, no substitutes on 2025-03-14. Customer ref C010.",standard,test,c07dc37bc0a2d37c4670837e1587c37f23c8a369cfd5206ec52b2e55f2d1ba53
M000822,2025-03-14,C011,"Morning, can u send 46 kg cucumbers grade A, substitution OK for 14/03; same delivery slot. Ref 11",hard,test,cb1401d13a27fed6452cb5aacdc1457cee19056d5ab6fa07e5bdf6e7a9377912
M000823,2025-03-14,C012,"Hi team pls arrange 3 crate spinach grade B, substitution OK; also 11 kg carrot grade B, substitution OK for 14/03; confirm asap. Ref 12",hard,test,4608f96af82b58685881c5bb496b59e79f2bffd8ed0a1be09455a6fc67f887ec
M000824,2025-03-15,C001,"Please deliver 45 kg cucumber grade A, no substitutes; also 13 kg strawberries grade A, no substitutes; also 6 kg leaf spinach grade A, substitution OK on 2025-03-15. Customer ref C001.",standard,test,c17851851ec672fb235750942b61cc591c0a1532d443a94a1e0ef2ea0f99d69f
M000825,2025-03-15,C002,"Please deliver 6 box cucumber grade A, no substitutes; also 5 box leaf spinach grade A, no substitutes; also 1 box broccoli grade A, substitution OK on 2025-03-15. Customer ref C002.",standard,test,0556a741e2ca439c8842bd13b142700c7e4977b1eea9810d927ab1b325c5a7c0
M000826,2025-03-15,C003,"Please deliver 29 kg lettuce grade A, no substitutes; also 14 kg peppers grade A, substitution OK; also 19 kg car grade B, no substitutes on 2025-03-15. Customer ref C003.",standard,test,e754edbd49269b5ff4b0718b623cd4504e169950e00aef32fcaa56c8a710e79c
M000827,2025-03-15,C004,"Please deliver 11 kg lett grade B, substitution OK; also 2 box carrot grade A, substitution OK on 2025-03-15. Customer ref C004.",standard,test,c4c5248f4a94327c94afc44b41288f23f7076b5fb8dd3a918946653b689cbb2d
M000828,2025-03-15,C006,"Please deliver 3 box lettuces grade A, no substitutes on 2025-03-15. Customer ref C006.",standard,test,2364e69095a6bc21d56c97fe80bf5566820f6c1727bc8566d06b28ec732fceec
M000829,2025-03-15,C007,"Please deliver 45 kg tomato grade A, no substitutes; also 20 kg capsicum grade A, no substitutes; also 6 box brocc grade A, no substitutes on 2025-03-15. Customer ref C007.",standard,test,7a1b0499a724989882322784f5f5f0ef962c59fbf586ef36b5690cf356a17be7
M000830,2025-03-15,C008,"Hi team pls arrange 1 crate toms grade B, substitution OK; also 6 kg strawberries grade A, no substitutes; also 17 kg spinach grade B, substitution OK; also 39 kg carrot grade B, substitution OK for 15/03; call if any issue. Ref 08",hard,test,8de92da348073bd0f43d299de10423362f5da57763b91b81574a83a276159956
M000831,2025-03-15,C009,"Please deliver 46 kg lettuce grade B, substitution OK; also 1 crate car grade B, no substitutes on 2025-03-15. Customer ref C009.",standard,test,59d599667abf167187c9998e7c6545891adbe29e192ede79ed67a24c79f898ea
M000832,2025-03-15,C010,"Please deliver 14 kg tomato grade A, no substitutes; also 21 kg cucumber grade A, no substitutes on 2025-03-15. Customer ref C010.",standard,test,5e7681a47026d20651bbb5e0abb43dcf849bfe618e42c07dda80a96e2d97c6b8
M000833,2025-03-15,C011,"Please deliver 10 kg broc grade A, no substitutes on 2025-03-15. Customer ref C011.",standard,test,132bc4c7db7d83757bd2c8c31ee8e45385604d220d150e347dc6cf289e715c37
M000834,2025-03-15,C012,"Please deliver 17 kg tomato grade A, no substitutes; also 6 kg cuke grade B, substitution OK; also 5 crate strawberries grade B, substitution OK; also 1 box carrots grade B, substitution OK; also 1 crate broccoli grade B, substitution OK on 2025-03-15. Customer ref C012.",standard,test,21ddde1b8e686290dece6269ee7fafe10a7126695bdba8ffdb0723e6e806fe84
M000835,2025-03-16,C001,"Please deliver 7 box cucumbers grade B, no substitutes on 2025-03-16. Customer ref C001.",standard,test,95c34714e8e6123922b6082f143276b37fd404470c1764ad66b8b9c191914bbd
M000836,2025-03-16,C002,"Please deliver 24 kg peppers grade B, no substitutes; also 3 crate spin grade A, no substitutes on 2025-03-16. Customer ref C002.",standard,test,e0fcb01f68c6a416f2737724d6703dc2a38a7e9953ab5c64403f39a3bbbe7f37
M000837,2025-03-16,C003,"Please deliver 28 kg lettuce grade A, no substitutes; also 7 kg capsicum grade B, substitution OK; also 28 kg car grade B, no substitutes on 2025-03-16. Customer ref C003.",standard,test,33e4cef1bac015a0e7e8b504e42d71883d0fc5f374769c1af9bb9164c401fb96
M000838,2025-03-16,C004,"Please deliver 1 box cucumber grade B, substitution OK; also 22 kg broc grade A, no substitutes on 2025-03-16. Customer ref C004.",standard,test,4234f1054f75442b82087b715cc8dd3fef7f23025e7d4c601310b86f5b71f2e5
M000839,2025-03-16,C005,"Please deliver 59 kg tomato grade A, no substitutes; also 42 kg lett grade B, substitution OK; also 7 kg leaf spinach grade B, substitution OK on 2025-03-16. Customer ref C005.",standard,test,2e5041936eb6a52a12409ecea2bf302e6b9269500463719a3b221a1b22936b96
M000840,2025-03-16,C006,"Morning, can u send 1 crate broccoli grade A, no substitutes for 16/03; same delivery slot. Ref 06",hard,test,40b910c288f7d6798ee4198747674a13f2eaf92d80fce8c2b6147e73d95da671
M000841,2025-03-16,C007,"Hi team pls arrange 16 kg cuke grade A, substitution OK; also 2 box spin grade A, no substitutes; also 6 box carrots grade B, substitution OK for 16/03; confirm asap. Ref 07",hard,test,0942a02534d1fdd11e6f393a8d864edb4502473e46973f0332ab386c0d69d125
M000842,2025-03-16,C008,"Please deliver 6 crate toms grade B, substitution OK; also 14 kg peppers grade B, no substitutes; also 48 kg carrot grade A, no substitutes on 2025-03-16. Customer ref C008.",standard,test,6a936722f4226b36060173e175af20effdf12c44d91ba69523859e62079e49a9
M000843,2025-03-16,C009,"Hi team pls arrange 3 kg lettuce grade B, substitution OK; also 32 kg cucumbers grade A, no substitutes; also 2 box capsicum grade B, substitution OK for 16/03; confirm asap. Ref 09",hard,test,8beb6ba174915392f8d16c800f579952bd1f25ccd79e877021596fecafc5dd3c
M000844,2025-03-16,C010,"Please deliver 55 kg strawberries grade A, no substitutes; also 5 box car grade A, no substitutes; also 8 kg brocc grade A, no substitutes on 2025-03-16. Customer ref C010.",standard,test,b4f914225f4d966e4354f2d128b492587c523882ff443359cda6b7fa41941295
M000845,2025-03-16,C011,"Please deliver 9 kg cucumber grade B, substitution OK; also 2 box strawberry grade B, no substitutes; also 14 kg bell pepper grade A, no substitutes; also 3 kg spinach grade B, no substitutes on 2025-03-16. Customer ref C011.",standard,test,910b881071d56f555ca255670320dbf861dfd82cb0a76d3216801b36f3ccba70
M000846,2025-03-16,C012,"Please deliver 16 kg tomatoes grade B, no substitutes; also 6 kg carrot grade B, substitution OK on 2025-03-16. Customer ref C012.",standard,test,8415960c61a4baa0b022904f657c2cdbc7c352da236f6ee2e1c9b30aa130aa97
M000847,2025-03-17,C001,"Please deliver 29 kg tomato grade A, no substitutes; also 7 box peppers grade A, no substitutes; also 3 kg brocc grade B, no substitutes on 2025-03-17. Customer ref C001.",standard,test,d817712e96f23601ef3443bf25d38e2d269bca62e9ba8aa60ca7f4bbdb67a4cf
M000848,2025-03-17,C002,"Morning, can u send 10 kg lettuces grade B, substitution OK; also 31 kg strawberry grade B, substitution OK; also 7 kg spinach grade B, substitution OK for 17/03; confirm asap. Ref 02",hard,test,c7d8a2897555a8490798d607406ce23aed5f4d33e7796a99db78b94619d8107d
M000849,2025-03-17,C003,"Please deliver 10 kg tomatoes grade A, no substitutes; also 18 kg lettuces grade A, no substitutes; also 3 kg brocc grade B, no substitutes on 2025-03-17. Customer ref C003.",standard,test,0dcfcd12d6c02f98cf5cec257ed335fde55c534655819dfbae54ddf1be945f24
M000850,2025-03-17,C004,"Please deliver 9 kg strawberries grade A, no substitutes on 2025-03-17. Customer ref C004.",standard,test,e37f2086d1932443ea2c165e139fd514cf894c3bfeda69ebf58e4d05717ca7f6
M000851,2025-03-17,C005,"Please deliver 35 kg tomatoes grade B, substitution OK; also 8 kg lett grade A, no substitutes; also 16 kg cucumbers grade B, substitution OK; also 18 kg broccoli grade B, no substitutes on 2025-03-17. Customer ref C005.",standard,test,a9108312cccc18b3c09c0b22d7d2a96c74b2958b123a130b476d1d6c6d05587a
M000852,2025-03-17,C006,"Please deliver 10 kg toms grade A, no substitutes; also 13 kg carrot grade A, no substitutes on 2025-03-17. Customer ref C006.",standard,test,d3628a846531873bb51228399fa3cbc8eb4a70f0e6ad8841a17e013765d4bd39
M000853,2025-03-17,C007,"Please deliver 6 kg spin grade A, no substitutes; also 25 kg car grade A, no substitutes on 2025-03-17. Customer ref C007.",standard,test,dfeb7c96ec8860da9ad4f60fa0a3b654bebe98402adb4d73bd66b82b5c60bccc
M000854,2025-03-17,C008,"Morning, can u send 1 crate lettuces grade A, no substitutes; also 3 crate berries grade A, no substitutes; also 30 kg bell pepper grade B, no substitutes; also 3 kg spin grade A, no substitutes; also 4 box carrots grade A, no substitutes for 17/03; confirm asap. Ref 08",hard,test,b640015c4b81ac420977db2251b9c7d7b2fe0183e11720c1cb9eb209ec80bcd8
M000855,2025-03-17,C009,"Morning, can u send 60 kg cucumbers grade B, substitution OK for 17/03; call if any issue. Ref 09",hard,test,90cc1bedd8c14d407e9d854e8933dd0c3850b00ab99b607a78e21946da208092
M000856,2025-03-17,C011,"Please deliver 30 kg tomatoes grade A, no substitutes; also 3 crate lettuces grade A, no substitutes; also 2 crate spinach grade A, no substitutes; also 16 kg broccoli grade A, no substitutes on 2025-03-17. Customer ref C011.",standard,test,00ec9445e3a1a8930bfe187fc6a72cb0a6e498f34acb2482fac2dd7e93f265a5
M000857,2025-03-17,C012,"Amendment - need 6 kg cucumber grade B, no substitutes; also 18 kg carrots grade A, substitution OK for 17/03; same delivery slot. Ref 12",hard,test,58e2cc4115bc17a0bcbdc3096343722b1da969dd6629b00afb95a5af88c07941
M000858,2025-03-18,C001,"Morning, can u send 7 box tomato grade A, no substitutes; also 7 kg lettuce grade B, no substitutes for 18/03; confirm asap. Ref 01",hard,test,55ddc66b123d191ac6cdbf06737a0ac47d97a48f2a21ac4ebd03f1c0b60e4bdf
M000859,2025-03-18,C002,"Please deliver 4 box spinach grade A, no substitutes on 2025-03-18. Customer ref C002.",standard,test,2cad2ecf400d8e418f89b9d724d7613a1d836eea37038e1ca972a44cb2f1761f
M000860,2025-03-18,C003,"Morning, can u send 15 box lettuce grade B, no substitutes; also 1 box berries grade A, no substitutes; also 3 kg broccoli grade A, no substitutes for 18/03; confirm asap. Ref 03",hard,test,ea7f16ffe382af54e5defe3cbe50a2117045829fb3a24da62dd10853a46b9bea
M000861,2025-03-18,C004,"Please deliver 52 kg tomato grade B, substitution OK; also 35 kg leaf spinach grade A, no substitutes on 2025-03-18. Customer ref C004.",standard,test,7292ee3b1a538177e389f84730c40a910a83cb6a99e7e89265ab5e8172d7d09c
M000862,2025-03-18,C005,"Please deliver 14 kg cuke grade A, no substitutes; also 6 box carrot grade A, no substitutes; also 39 kg brocc grade A, no substitutes on 2025-03-18. Customer ref C005.",standard,test,65100aedf93784bc5b30fbdbb2ed2db0d33610a36fdf31b10189d7eded6a9b02
M000863,2025-03-18,C006,"Please deliver 13 kg strawberries grade A, no substitutes on 2025-03-18. Customer ref C006.",standard,test,c0512d7b4b06fa09583d45b1cd7d3d765700e8b50f576154a8a144c7e98a9527
M000864,2025-03-18,C007,"Please deliver 106 kg cucumbers grade B, substitution OK; also 4 crate capsicum grade A, no substitutes; also 5 box carrot grade B, no substitutes on 2025-03-18. Customer ref C007.",standard,test,65b00c922422471da5638e89e065b7dd2e3ae781006a26c99fb7a101d16a2b71
M000865,2025-03-18,C009,"Please deliver 8 kg toms grade A, no substitutes; also 1 crate carrots grade A, no substitutes on 2025-03-18. Customer ref C009.",standard,test,47e8651e5c1b4588e450ec57384e5b2d43cc9b3fd71e49aed7e0124789e43c4f
M000866,2025-03-18,C010,"Please deliver 11 box tomatoes grade B, no substitutes; also 19 kg berries grade A, no substitutes; also 12 kg bell pepper grade B, no substitutes on 2025-03-18. Customer ref C010.",standard,test,7bf29f0eba4ca2ddd03093367756e04f1477a12f3a7abc12e0aabb073ff40fd5
M000867,2025-03-18,C011,"Amendment - need 3 crate car grade B, no substitutes for 18/03; same delivery slot. Ref 11",hard,test,39a5a8f402cf15917d3ec577ab00fe0275aa9e901ec877d6fdc74f1ddb30a366
M000868,2025-03-18,C012,"Please deliver 7 kg bell pepper grade A, no substitutes; also 53 kg broccoli grade A, no substitutes on 2025-03-18. Customer ref C012.",standard,test,1a6f9ff2ff8110f0e02ea2f189fb190478e0b1ad0159ba1fb639b158305bdbd9
M000869,2025-03-19,C001,"Please deliver 46 kg lettuce grade A, no substitutes; also 5 box strawberry grade B, substitution OK; also 7 kg carrots grade A, no substitutes on 2025-03-19. Customer ref C001.",standard,test,110877921c42a14eef938dde632741f14abf313c09ab2cf8746a506d4fd50859
M000870,2025-03-19,C002,"Please deliver 9 kg lett grade B, no substitutes; also 18 kg capsicum grade A, no substitutes; also 1 box spin grade A, substitution OK; also 3 kg carrot grade A, no substitutes on 2025-03-19. Customer ref C002.",standard,test,9b71dd8129698ddfc090c395dfe8209be745123a41322fcc64934058c28c3259
M000871,2025-03-19,C004,"Please deliver 3 box carrots grade A, no substitutes; also 3 box broc grade A, no substitutes on 2025-03-19. Customer ref C004.",standard,test,30eebede7df96d5dfdf6ca7178cf29117f781b65327d255771a39bc7c7e83a7e
M000872,2025-03-19,C005,"Amendment - need 26 kg cucumbers grade B, substitution OK; also 7 kg peppers grade A, substitution OK for 19/03; call if any issue. Ref 05",hard,test,97657a571c127f4c1f0f3a9d9841f1a23549e455b34d448b20c14992351b979b
M000873,2025-03-19,C006,"Please deliver 10 kg bell pepper grade B, substitution OK; also 10 kg leaf spinach grade B, no substitutes; also 9 kg brocc grade B, substitution OK on 2025-03-19. Customer ref C006.",standard,test,d9e701d6c6998b6463b5850218d5f5d77b3260f55dd98982bc9fe41515ebdf28
M000874,2025-03-19,C007,"Please deliver 46 kg toms grade B, substitution OK; also 10 box cucumber grade A, no substitutes; also 25 kg carrot grade B, no substitutes on 2025-03-19. Customer ref C007.",standard,test,1f9acf74c5625315dcc2fcf181fc7b0547dbe92468b1f71e189c9df5cc271a34
M000875,2025-03-19,C008,"Please deliver 16 kg capsicum grade B, substitution OK on 2025-03-19. Customer ref C008.",standard,test,0766c3260e0dcacfcd79547ddf7787e392e6798949577ea071c4939c1e13c6ac
M000876,2025-03-19,C009,"Please deliver 19 kg toms grade A, no substitutes; also 2 crate broc grade A, no substitutes on 2025-03-19. Customer ref C009.",standard,test,b6ee2e82dd7524f0db075322febe2597bb2eb748916fc24d7f24054fa164ded6
M000877,2025-03-19,C010,"Please deliver 5 kg strawberry grade A, no substitutes on 2025-03-19. Customer ref C010.",standard,test,e32480b7b5e9eef7ad7242ef9748974a82f9663881936d5c3158aa0bc7bca492
M000878,2025-03-19,C011,"Please deliver 2 crate tomatoes grade A, no substitutes; also 18 kg strawberry grade A, no substitutes; also 4 kg bell pepper grade B, no substitutes; also 11 kg spin grade B, substitution OK on 2025-03-19. Customer ref C011.",standard,test,5ff123ca035648b12101e646f312218c009fd071ebfb2e6e8230300baf38c6ae
M000879,2025-03-19,C012,"Please deliver 8 kg cucumbers grade A, no substitutes; also 13 kg strawberries grade A, no substitutes on 2025-03-19. Customer ref C012.",standard,test,140309d2b98583e0a9f906d5222904e0683159abb2abcf46006a87d9618a131a
M000880,2025-03-20,C001,"Amendment - need 36 kg lettuce grade A, no substitutes for 20/03; same delivery slot. Ref 01",hard,test,b8d0ae1f1743d9ca839ede4eafbc58a126c757f0c7f8461caf4d6a65c99b596d
M000881,2025-03-20,C002,"Please deliver 1 box spinach grade B, substitution OK; also 10 kg brocc grade B, no substitutes on 2025-03-20. Customer ref C002.",standard,test,26428d0c699db96cd2b7e8232fbbfaf5f725de0d93b4635794a7b37b9388ab5e
M000882,2025-03-20,C003,"Please deliver 27 kg toms grade B, substitution OK; also 6 box lettuce grade B, no substitutes on 2025-03-20. Customer ref C003.",standard,test,7b9b47c92617493f1a12b6f4aa4b549ce7fbc869ae8ccb5a5244c30d97b8b2a5
M000883,2025-03-20,C004,"Please deliver 53 kg cucumbers grade A, substitution OK; also 1 crate bell pepper grade A, no substitutes; also 22 kg spin grade A, no substitutes; also 1 crate car grade A, substitution OK; also 2 crate broc grade A, no substitutes on 2025-03-20. Customer ref C004.",standard,test,c83499019d9c0f63fbfff8f51ed6e6044dfab0086b9da599c7aa445136fb607a
M000884,2025-03-20,C005,"Amendment - need 2 box strawberry grade B, substitution OK; also 14 kg peppers grade A, no substitutes for 20/03; call if any issue. Ref 05",hard,test,59f88e49dacd0ec1719699379282ecf61a6b6338db97ceb65f63b9bf78cf7ebb
M000885,2025-03-20,C006,"Amendment - need 12 kg lett grade A, no substitutes; also 16 box berries grade A, no substitutes; also 17 kg bell pepper grade A, no substitutes; also 33 kg carrot grade B, substitution OK for 20/03; confirm asap. Ref 06",hard,test,3b4852a9f87b95217806dac97fb1def79f4b3f1397e226dc08664f95382c7762
M000886,2025-03-20,C008,"Please deliver 88 kg tomatoes grade B, substitution OK; also 5 box cuke grade A, no substitutes on 2025-03-20. Customer ref C008.",standard,test,30e997ef6347d17c0a28105f30eabbe4091f0d089f2b7a26410c7d6dcb8d48f4
M000887,2025-03-20,C009,"Please deliver 14 kg tomato grade B, substitution OK; also 14 kg peppers grade B, substitution OK on 2025-03-20. Customer ref C009.",standard,test,09b7e3bb8b51b0e4c029aed4d8538f8e6713ccb46a411d5cddc6a65e7cc55257
M000888,2025-03-20,C010,"Please deliver 3 crate leaf spinach grade B, substitution OK; also 6 kg carrot grade B, substitution OK; also 1 crate broc grade A, no substitutes on 2025-03-20. Customer ref C010.",standard,test,5d504d4563d658f7354d62a68e0e769c03fec00c0391016abb1accdb27f7dc4e
M000889,2025-03-20,C011,"Please deliver 11 kg tomatoes grade B, substitution OK; also 9 kg lettuces grade A, no substitutes; also 2 box berries grade B, substitution OK; also 4 box car grade B, no substitutes; also 1 crate brocc grade A, no substitutes on 2025-03-20. Customer ref C011.",standard,test,d4cecebcc53cf406a0a137ec111643cb0495cc314727d6195c7c4d07241eee94
M000890,2025-03-20,C012,"Morning, can u send 35 kg lettuces grade A, no substitutes; also 23 kg cucumbers grade A, no substitutes; also 6 kg bell pepper grade A, no substitutes for 20/03; call if any issue. Ref 12",hard,test,43b8d6eb27a48c748491f88894148a8d4c7663b29b5197c97374a4c3b0a0d75c
M000891,2025-03-21,C001,"Please deliver 3 kg cuke grade A, no substitutes; also 11 kg strawberry grade A, no substitutes; also 45 kg capsicum grade B, substitution OK; also 3 kg leaf spinach grade B, substitution OK; also 5 kg carrot grade B, substitution OK; also 27 kg brocc grade B, no substitutes on 2025-03-21. Customer ref C001.",standard,test,db6a9e5eb4c8c058af078490f5db7d23616c744cda9bff4641ec13b06d49ddfc
M000892,2025-03-21,C002,"Amendment - need 2 box cuke grade B, no substitutes; also 16 kg leaf spinach grade A, no substitutes for 21/03; call if any issue. Ref 02",hard,test,491fb7c992a35224c165d656db14e80e40bb02c358e4dd8ddea858c0860ba1cc
M000893,2025-03-21,C003,"Please deliver 11 kg tomato grade A, substitution OK; also 8 kg lett grade B, substitution OK; also 21 kg carrot grade A, no substitutes; also 3 kg brocc grade B, substitution OK on 2025-03-21. Customer ref C003.",standard,test,45f3b6d79bfed3cace971ef1e885286f7b738aba4b97a27a7636ccdb943d1403
M000894,2025-03-21,C004,"Please deliver 25 kg cuke grade B, no substitutes on 2025-03-21. Customer ref C004.",standard,test,06807f791d6765af8a4585612ba555420df79c034174a58b535a59ba97498f75
M000895,2025-03-21,C005,"Please deliver 2 crate berries grade A, no substitutes; also 1 crate spinach grade B, substitution OK on 2025-03-21. Customer ref C005.",standard,test,cb03f72c1b61311bddd26cd4a6bfb3178c464aaf01897c6a17bf6872283fe98c
M000896,2025-03-21,C008,"Please deliver 9 kg tomato grade A, no substitutes; also 51 kg lettuces grade A, no substitutes; also 31 kg car grade A, no substitutes; also 25 kg broccoli grade B, substitution OK on 2025-03-21. Customer ref C008.",standard,test,d22eae621cf1b7ab41758a1b6346d82f009f489a4b97706b4a62f64a00cb8d29
M000897,2025-03-21,C009,"Amendment - need 1 crate toms grade B, no substitutes; also 3 kg lettuces grade A, substitution OK; also 27 kg cucumber grade B, substitution OK; also 2 box strawberry grade A, no substitutes; also 1 crate spin grade A, no substitutes for 21/03; same delivery slot. Ref 09",hard,test,f70218ecb91c0e50caa82b3457c90f04c81d1151b0f60f9630efee6f264728ae
M000898,2025-03-21,C010,"Hi team pls arrange 15 kg carrot grade A, no substitutes; also 10 kg broc grade A, no substitutes for 21/03; same delivery slot. Ref 10",hard,test,8236cc147abdb31e25037e852a6f9944c07bdd5f1b54f88120886bfe2c84d026
M000899,2025-03-21,C011,"Please deliver 34 kg toms grade A, no substitutes; also 8 kg cucumber grade A, no substitutes on 2025-03-21. Customer ref C011.",standard,test,e46e545b5539f78533e6cfdae6ba34262415cd6f556c491fb87ae6e51fdb4648
M000900,2025-03-21,C012,"Please deliver 13 kg toms grade B, substitution OK; also 3 box strawberry grade B, no substitutes; also 32 kg peppers grade A, substitution OK; also 1 box carrot grade A, no substitutes on 2025-03-21. Customer ref C012.",standard,test,d8977d3e5b2f8f7ba1ba193a0427cfab332f715c3cf72c64d4a8d56cab7b8b87
M000901,2025-03-22,C001,"Please deliver 3 kg strawberry grade A, no substitutes on 2025-03-22. Customer ref C001.",standard,test,947702bd21a69443daeb6e735618271408cc08baaf77a98a5da419bdc429f783
M000902,2025-03-22,C002,"Hi team pls arrange 13 kg peppers grade B, substitution OK for 22/03; same delivery slot. Ref 02",hard,test,478bd02ab0bab51a8c11577637d22cf2dc4ea98464db87e72510c4418ce07c71
M000903,2025-03-22,C003,"Please deliver 16 kg cucumber grade A, substitution OK; also 24 kg broc grade A, no substitutes on 2025-03-22. Customer ref C003.",standard,test,8588fed22fa97fe849eb81713c676d6c4af49848190f483ae2deb0c8df7eaef3
M000904,2025-03-22,C004,"Morning, can u send 5 crate tomato grade A, no substitutes; also 8 kg peppers grade B, no substitutes; also 5 kg carrot grade A, no substitutes for 22/03; call if any issue. Ref 04",hard,test,e1de75aef4568ffbd90057df9d6529c44ba4ee1c05f50945708242e63df647ac
M000905,2025-03-22,C006,"Please deliver 41 kg lettuces grade A, substitution OK; also 3 kg spin grade A, no substitutes; also 5 crate car grade B, substitution OK; also 8 box broc grade A, substitution OK on 2025-03-22. Customer ref C006.",standard,test,5d477a357bacd63b5d11a277cfecb7acf3b24692a63839ae17c2d99bd19e3a47
M000906,2025-03-22,C007,"Please deliver 20 kg lettuces grade B, substitution OK; also 25 kg strawberries grade A, no substitutes; also 2 crate bell pepper grade B, substitution OK on 2025-03-22. Customer ref C007.",standard,test,784714fedf282a6cc08540ea69b857babd284644169e5189faf59a4369963715
M000907,2025-03-22,C008,"Please deliver 43 kg tomato grade A, no substitutes on 2025-03-22. Customer ref C008.",standard,test,d7cd77f899686f40166b09d9c49ba4d8a0705e03c3defb052157c70598651003
M000908,2025-03-22,C009,"Please deliver 8 kg tomato grade A, no substitutes; also 31 kg cuke grade A, substitution OK; also 10 kg leaf spinach grade A, substitution OK; also 31 kg carrot grade B, substitution OK on 2025-03-22. Customer ref C009.",standard,test,ee6fab56b7fb7b22874275d77572bb4f5c9a8c6cf776ebd3fdcb255c531ab82d
M000909,2025-03-22,C010,"Please deliver 14 kg bell pepper grade A, no substitutes; also 7 kg spin grade B, substitution OK on 2025-03-22. Customer ref C010.",standard,test,a8972c705219d9bd9859930b3627bb98f09fe7f259fda82366857a995ff48589
M000910,2025-03-22,C011,"Please deliver 3 crate toms grade B, no substitutes; also 6 box strawberries grade B, substitution OK; also 1 box leaf spinach grade A, no substitutes on 2025-03-22. Customer ref C011.",standard,test,d16c94abd3a13184f6684c899a1982d072db58624a05c3c0d188ecd2ff4bfccb
M000911,2025-03-22,C012,"Hi team pls arrange 2 box tomato grade A, substitution OK; also 6 kg peppers grade B, no substitutes; also 39 kg spinach grade A, substitution OK for 22/03; confirm asap. Ref 12",hard,test,5ce7e07fede29c75a2a048ef8ef44cbddbf54e6fa47fa02534a0fc0dc3d4d90d
M000912,2025-03-23,C001,"Please deliver 2 crate tomato grade A, no substitutes; also 4 box carrot grade A, no substitutes; also 18 kg broc grade A, no substitutes on 2025-03-23. Customer ref C001.",standard,test,151b16178bf92d83cfdb9c4aac28483fed1d9e2b299fe7dffb212cae40832c7b
M000913,2025-03-23,C002,"Please deliver 44 kg tomatoes grade B, no substitutes; also 48 kg lett grade A, no substitutes; also 53 kg cucumber grade A, substitution OK; also 34 kg bell pepper grade B, no substitutes; also 5 kg broccoli grade B, no substitutes on 2025-03-23. Customer ref C002.",standard,test,5570d22110655c249365bea5e475fa91cf9cc8cc2a39d525cd74894381995c6b
M000914,2025-03-23,C003,"Hi team pls arrange 28 kg cucumber grade B, no substitutes for 23/03; same delivery slot. Ref 03",hard,test,cd831bd933548e5202e3725ebb810867d80576d35ebe95352ac2d77045778754
M000915,2025-03-23,C004,"Please deliver 5 box peppers grade B, substitution OK; also 20 kg spinach grade B, no substitutes; also 8 kg broc grade A, no substitutes on 2025-03-23. Customer ref C004.",standard,test,5920efaa2d74af5de8b3999b7cfbe5eeb47197493ae53c9459dc13fe01738f6c
M000916,2025-03-23,C005,"Please deliver 13 kg berries grade B, substitution OK; also 23 kg car grade A, no substitutes on 2025-03-23. Customer ref C005.",standard,test,b63276391e8ff4e878bb499680cf765002c6736cbd696d6682ff4598b051b0e8
M000917,2025-03-23,C007,"Morning, can u send 7 box tomatoes grade A, no substitutes for 23/03; call if any issue. Ref 07",hard,test,fda7e4f092d5946c634b037a6e659ff22e3c27c1abc30fe5edaeb021206a95fe
M000918,2025-03-23,C008,"Please deliver 6 kg tomatoes grade B, substitution OK; also 18 kg lettuces grade A, no substitutes; also 26 kg broc grade B, substitution OK on 2025-03-23. Customer ref C008.",standard,test,b97dad6cb8a5299901c38b2ab938cd7ccf325f87f9c92eca4e69671008925a50
M000919,2025-03-23,C009,"Please deliver 5 kg spin grade B, substitution OK; also 41 kg carrot grade A, no substitutes on 2025-03-23. Customer ref C009.",standard,test,848159ca73978fdcfaf166ca20b9b17f614f002b5428442ec2bb1f473a1bb2a4
M000920,2025-03-23,C010,"Hi team pls arrange 2 box lettuce grade A, no substitutes for 23/03; same delivery slot. Ref 10",hard,test,3f33d9eb526c75249f59a3e2f74efdb913b83d69ad5e9543302db06a27b8adde
M000921,2025-03-23,C011,"Please deliver 16 kg strawberry grade B, substitution OK on 2025-03-23. Customer ref C011.",standard,test,67b2753f9eabc1b1a6363189d7fbb373b9b0f2c2226b3174872e2d9aefbebf54
M000922,2025-03-23,C012,"Please deliver 8 box spin grade A, no substitutes on 2025-03-23. Customer ref C012.",standard,test,e60de323a8739f30ba4070515d266896fe61735781aa4088f92dbf379e35090c
M000923,2025-03-24,C001,"Please deliver 21 kg lettuce grade A, no substitutes; also 1 box cucumber grade A, no substitutes; also 9 kg strawberry grade B, substitution OK; also 11 kg broc grade B, substitution OK on 2025-03-24. Customer ref C001.",standard,test,810b0bf17c7d0d974319dbbecade4b71476fe57ebf7d1df61e6fa56e416c8f17
M000924,2025-03-24,C002,"Please deliver 1 crate lettuces grade B, substitution OK; also 57 kg cuke grade A, no substitutes; also 5 kg strawberries grade B, substitution OK; also 56 kg carrot grade A, no substitutes on 2025-03-24. Customer ref C002.",standard,test,4fe44adda324dff8fc08c5350270dd1cecaf299abc29ae728aa83ffed15b3df2
M000925,2025-03-24,C003,"Morning, can u send 11 kg lettuce grade A, no substitutes; also 24 kg carrots grade B, substitution OK; also 4 box broccoli grade A, no substitutes for 24/03; same delivery slot. Ref 03",hard,test,093470839b3d67c062dd1a4c92fbd1cb4b29c6bf735f456cf4543635977c872e
M000926,2025-03-24,C005,"Please deliver 42 kg tomatoes grade B, no substitutes; also 8 box spin grade B, substitution OK; also 2 box car grade A, no substitutes on 2025-03-24. Customer ref C005.",standard,test,2a802848dae28e624fd7da4f3225adb9e938ebeed15f1d1d7edce828ef940988
M000927,2025-03-24,C006,"Please deliver 14 kg lettuce grade B, substitution OK; also 16 kg peppers grade A, no substitutes on 2025-03-24. Customer ref C006.",standard,test,2293036425234053dfdfa173113ce9fea469752765d6c746ac56a0cb5ee1bc5a
M000928,2025-03-24,C007,"Please deliver 1 crate cucumbers grade B, no substitutes on 2025-03-24. Customer ref C007.",standard,test,0881cf1562f8c43991dc38f15dbe94bd57d724eb4ea4f00054bf732bf1c90fa7
M000929,2025-03-24,C008,"Amendment - need 5 kg broccoli grade B, substitution OK for 24/03; same delivery slot. Ref 08",hard,test,654034674e2a9d442c9fb0820b730c66476f71d3ca4aa2934ee29cee4040f959
M000930,2025-03-24,C009,"Please deliver 1 crate lettuces grade B, substitution OK; also 3 kg berries grade A, no substitutes on 2025-03-24. Customer ref C009.",standard,test,ec9c62980475ed2a3cec72fd6d85e20eb5ac6213b8ad73c761bbc77c02ac1cc8
M000931,2025-03-24,C010,"Hi team pls arrange 9 kg strawberries grade B, no substitutes; also 3 kg peppers grade B, no substitutes for 24/03; call if any issue. Ref 10",hard,test,ba4220e12b35552d64ede60380687450c9796f9d19540ae93f4b5f8810c7449b
M000932,2025-03-24,C011,"Please deliver 10 box tomatoes grade A, no substitutes; also 1 crate cuke grade B, substitution OK; also 10 kg berries grade A, no substitutes; also 30 kg leaf spinach grade B, no substitutes on 2025-03-24. Customer ref C011.",standard,test,3e64011e58e4af1d17b6ea134a6fd05f806100b67162753e7d79866eb6de8fcd
M000933,2025-03-24,C012,"Please deliver 9 kg bell pepper grade B, no substitutes; also 3 box spinach grade A, no substitutes; also 18 kg broccoli grade B, substitution OK on 2025-03-24. Customer ref C012.",standard,test,d3924932b535ea5f6634e1989484a8051d2de105d0dfeca4ecc2f66cad353a1f
M000934,2025-03-25,C001,"Morning, can u send 48 kg strawberries grade B, substitution OK; also 8 kg capsicum grade B, substitution OK; also 5 kg leaf spinach grade B, substitution OK; also 3 kg car grade B, substitution OK for 25/03; call if any issue. Ref 01",hard,test,13634b97ead3964de8e30515fb3f0ba56968955acd7c5ae37e574b0095eadfd8
M000935,2025-03-25,C002,"Please deliver 32 kg tomato grade A, no substitutes; also 6 kg cuke grade A, no substitutes; also 2 box capsicum grade B, substitution OK; also 21 kg broc grade B, substitution OK on 2025-03-25. Customer ref C002.",standard,test,ff124a1413320bdb736d77f3d1a252a1edb8799b9c7d19a26bc1b8a6e1c092fd
M000936,2025-03-25,C003,"Please deliver 1 crate broc grade A, no substitutes on 2025-03-25. Customer ref C003.",standard,test,21454cf3904f8667dff5ea49b686489a8cf010a5fe3a3384df81cc8617197a3c
M000937,2025-03-25,C004,"Please deliver 52 kg tomatoes grade B, no substitutes; also 14 kg lettuce grade A, no substitutes; also 3 box brocc grade B, substitution OK on 2025-03-25. Customer ref C004.",standard,test,623408af1bedbabfc24e1eca0f0e87a37ec00a18628b676482ebe8c36a000cbf
M000938,2025-03-25,C005,"Please deliver 27 kg car grade A, no substitutes on 2025-03-25. Customer ref C005.",standard,test,053b9387c33facb57ac7042cb4e12f28fb0a9f19760a9a5a5172abf7ab64c71f
M000939,2025-03-25,C006,"Amendment - need 1 crate lettuce grade A, no substitutes; also 5 kg car grade B, substitution OK for 25/03; confirm asap. Ref 06",hard,test,99d8651af607126aa71402742ce20e08688928b133c8b1983c59a7f008cf23fe
M000940,2025-03-25,C007,"Please deliver 5 crate spinach grade A, no substitutes on 2025-03-25. Customer ref C007.",standard,test,679da7978fdc6585ba3b52b497a9ce76e97d2cc4eeadf98d0574dc1696505557
M000941,2025-03-25,C008,"Morning, can u send 1 crate lett grade B, no substitutes; also 18 box cuke grade B, substitution OK; also 10 kg capsicum grade A, no substitutes for 25/03; confirm asap. Ref 08",hard,test,f06bf8e38749533c43eeaceb9b69814dc4c28b44d44f68203e7e8321be10eedb
M000942,2025-03-25,C009,"Please deliver 17 kg lettuces grade B, no substitutes; also 1 box capsicum grade A, substitution OK on 2025-03-25. Customer ref C009.",standard,test,24ab36f3e8a37e61caead27ee62303778a33ceb5bf7cb6f6707e32e2f03a371c
M000943,2025-03-25,C010,"Please deliver 14 kg berries grade B, substitution OK; also 1 box spinach grade B, substitution OK; also 12 kg carrot grade A, no substitutes on 2025-03-25. Customer ref C010.",standard,test,a19f53ced07d76ee6b0a8bb58508a3dd4fa78b699f22be3691b1e906ed141fc5
M000944,2025-03-25,C012,"Morning, can u send 16 kg lettuce grade A, no substitutes; also 1 crate bell pepper grade A, no substitutes for 25/03; same delivery slot. Ref 12",hard,test,e191c2304d4881426a1867cb4671fab7b4d7267b48160a035632a96374b6df23
M000945,2025-03-26,C002,"Please deliver 8 box lettuces grade B, substitution OK; also 14 kg peppers grade A, substitution OK; also 7 box car grade B, substitution OK on 2025-03-26. Customer ref C002.",standard,test,1ae42391d26c093b11cb8cbd0eafc76a8461d8052c5c116da48e8101c9686649
M000946,2025-03-26,C003,"Morning, can u send 20 kg tomato grade B, no substitutes; also 61 kg cucumber grade A, no substitutes; also 21 kg bell pepper grade A, no substitutes; also 3 kg spin grade B, substitution OK; also 39 kg broccoli grade B, no substitutes for 26/03; confirm asap. Ref 03",hard,test,db6872a7658a025334c8404ca8e9008acf8cbb4b1ea7f1ba9454aa9c7ac4d0e0
M000947,2025-03-26,C004,"Morning, can u send 18 kg cucumber grade A, no substitutes; also 9 kg bell pepper grade B, substitution OK; also 30 kg carrots grade B, no substitutes for 26/03; call if any issue. Ref 04",hard,test,d30b82e9c4ecb2c649da661fe551205b4f128635d5c3d23cc7e9b6b88d62e898
M000948,2025-03-26,C005,"Hi team pls arrange 28 kg strawberries grade A, substitution OK; also 8 kg spinach grade A, no substitutes for 26/03; call if any issue. Ref 05",hard,test,6fc2db06f55915a04629f216ad8a879421fbbea484ba9c16fa9db7074c4f5c4d
M000949,2025-03-26,C006,"Please deliver 5 box leaf spinach grade B, substitution OK on 2025-03-26. Customer ref C006.",standard,test,f7b12474c366e35680a8a4b728de25c09463c21fee4259ab1e346f4cc48a7f30
M000950,2025-03-26,C007,"Amendment - need 6 kg strawberry grade A, no substitutes; also 21 kg peppers grade A, no substitutes; also 3 kg spinach grade A, no substitutes for 26/03; same delivery slot. Ref 07",hard,test,d0ba7741d72ef0ba40ddeb8d820821f4f2f3cfd6493774c19afa86cb81828fa1
M000951,2025-03-26,C008,"Please deliver 31 kg lettuces grade A, no substitutes on 2025-03-26. Customer ref C008.",standard,test,3ef92aea506c1ad2c97b475e6cefcf8c1fd5fb80f4426f6a69c8dd2a2f3716b4
M000952,2025-03-26,C009,"Please deliver 4 box berries grade B, substitution OK; also 35 kg carrot grade B, substitution OK on 2025-03-26. Customer ref C009.",standard,test,0decbad2aaca97f25e49571c1ab324a42531f6a91b260a269433932ecedfa900
M000953,2025-03-26,C010,"Please deliver 43 kg toms grade A, no substitutes; also 30 kg cuke grade A, no substitutes; also 31 kg strawberry grade A, no substitutes; also 2 crate broccoli grade B, substitution OK on 2025-03-26. Customer ref C010.",standard,test,30c867461371c1889b51a56e2fd2be246f86dff5689f7b7881f3583db19d3366
M000954,2025-03-26,C011,"Amendment - need 1 crate spin grade A, no substitutes for 26/03; call if any issue. Ref 11",hard,test,f2c8b01ce921c5ac7088bebe3033efc714625a0a55cec23eb7c1ae1d54741f01
M000955,2025-03-26,C012,"Hi team pls arrange 15 kg berries grade A, substitution OK for 26/03; confirm asap. Ref 12",hard,test,ead35b477227b60208d879daead6aab23e4a188b2e55336c3ee29ccb8f6b46af
M000956,2025-03-27,C001,"Morning, can u send 22 box spinach grade A, substitution OK for 27/03; call if any issue. Ref 01",hard,test,d8bda12d44cf47d7592aa4af6b37c8caf11dfd5e867295b0e2b6c3bc22baa119
M000957,2025-03-27,C002,"Amendment - need 9 kg cucumbers grade A, no substitutes; also 46 kg bell pepper grade A, no substitutes; also 47 kg carrot grade B, substitution OK for 27/03; same delivery slot. Ref 02",hard,test,073c17d7488fc6451b36365d82b90f78948e9eb93cdc761977d3240a22280cf0
M000958,2025-03-27,C003,"Please deliver 6 kg lett grade A, no substitutes; also 1 crate cuke grade A, no substitutes on 2025-03-27. Customer ref C003.",standard,test,62667cbb713aac115a3feced6864eb4575cf736596729d94fdc9954c37b45fa5
M000959,2025-03-27,C005,"Amendment - need 46 kg cuke grade A, no substitutes; also 19 kg leaf spinach grade A, no substitutes for 27/03; same delivery slot. Ref 05",hard,test,246bf95b8df38f91bc921baa14e083a7925f4f64b064ace9873cd779f1374afe
M000960,2025-03-27,C006,"Please deliver 4 crate tomato grade A, no substitutes; also 7 kg bell pepper grade A, no substitutes; also 25 kg broccoli grade B, substitution OK on 2025-03-27. Customer ref C006.",standard,test,3e253401ca18477bbd9080805185454fb334a5caf416b3f1acfb5d3482cb525a
M000961,2025-03-27,C008,"Please deliver 18 kg peppers grade A, no substitutes on 2025-03-27. Customer ref C008.",standard,test,6665104e712ff142cce85e270490baf4de8c50498da2c9c39c826b7551ae5b5e
M000962,2025-03-27,C009,"Amendment - need 30 kg strawberries grade A, no substitutes; also 23 kg bell pepper grade A, no substitutes; also 96 kg carrot grade A, no substitutes for 27/03; same delivery slot. Ref 09",hard,test,2ea397b839b5feb4520e347fbbccd69fd200db00cb3733f791f7202e56f1e833
M000963,2025-03-27,C010,"Please deliver 41 kg cucumbers grade B, substitution OK; also 4 kg berries grade A, no substitutes; also 9 kg brocc grade B, substitution OK on 2025-03-27. Customer ref C010.",standard,test,6be797470f5b5a340bacf0100cc38fc2eb2d99d181e113b055ca03783819d4ac
M000964,2025-03-27,C011,"Please deliver 54 kg lettuces grade A, no substitutes; also 4 crate strawberries grade A, no substitutes; also 1 box peppers grade A, substitution OK on 2025-03-27. Customer ref C011.",standard,test,e19bd17e00233373c2687545c351a31580c9be1070d5711ccb67a50da51d12ba
M000965,2025-03-27,C012,"Please deliver 5 box toms grade A, substitution OK; also 13 kg strawberry grade B, no substitutes; also 4 kg broc grade A, no substitutes on 2025-03-27. Customer ref C012.",standard,test,3501880f4e3156a1d312a8c7c4b8b1138c4f621d8a3f2d1ef65d34da711eb7f6
M000966,2025-03-28,C001,"Please deliver 5 box lett grade A, no substitutes on 2025-03-28. Customer ref C001.",standard,test,027a937c745f6445e837be334827bc0245174d2924d2a5ccd823eb3f36d5619e
M000967,2025-03-28,C002,"Please deliver 8 crate tomatoes grade B, substitution OK; also 9 kg strawberries grade B, substitution OK; also 7 kg brocc grade A, no substitutes on 2025-03-28. Customer ref C002.",standard,test,b3d85426e3215cafd515b7b68319d3e67acc5bba2e6e6124580c8969d025070e
M000968,2025-03-28,C003,"Please deliver 62 kg cucumbers grade A, no substitutes; also 13 kg carrot grade B, substitution OK; also 1 box broc grade B, substitution OK on 2025-03-28. Customer ref C003.",standard,test,495fd08c15ab73a2f83b5f6f4ee01e9a389ba4872ab57a6572f39cdb7958eb11
M000969,2025-03-28,C004,"Please deliver 15 box toms grade A, no substitutes; also 4 crate carrot grade A, substitution OK on 2025-03-28. Customer ref C004.",standard,test,21f7365ffa6ccbcaaf1a411e24bd8709083fd15a9347c3916b352117f1de2a31
M000970,2025-03-28,C005,"Hi team pls arrange 2 box car grade A, no substitutes; also 20 kg broc grade A, no substitutes for 28/03; confirm asap. Ref 05",hard,test,32c34b8f6af6f1c964f297c5ab91a9f072edd811d605f207802f3cfcda1d1c82
M000971,2025-03-28,C006,"Please deliver 9 kg cuke grade B, substitution OK; also 14 kg leaf spinach grade B, no substitutes on 2025-03-28. Customer ref C006.",standard,test,e03864a336267211c1a3139778e6d265af59fdd425a78b1fab6e0d3869df9e91
M000972,2025-03-28,C007,"Please deliver 41 kg capsicum grade A, no substitutes; also 18 kg carrots grade A, no substitutes on 2025-03-28. Customer ref C007.",standard,test,1882aa4ee4c930b8920de4d11c1adbefb56ca8a81fa80d827b4233dc1a709ff9
M000973,2025-03-28,C008,"Please deliver 3 kg bell pepper grade A, no substitutes; also 20 kg carrot grade A, no substitutes; also 3 crate broccoli grade B, no substitutes on 2025-03-28. Customer ref C008.",standard,test,60a86d5692b1d376faa40daa51ac2d884d048bfe789a7ab7a1dda19f0443d76a
M000974,2025-03-28,C009,"Please deliver 16 kg lettuces grade B, substitution OK; also 11 kg leaf spinach grade B, substitution OK on 2025-03-28. Customer ref C009.",standard,test,cb6c25a2a321c6353b24fa46fd13b31bf3453381f64d32b430ea9553790fbd70
M000975,2025-03-28,C010,"Please deliver 11 kg lettuces grade A, no substitutes; also 18 kg bell pepper grade B, substitution OK on 2025-03-28. Customer ref C010.",standard,test,4c0dcc7dc47ec5f1a10cb3a90bad4c6d2c13a81d17da522da333783f4f34e6e0
M000976,2025-03-28,C011,"Please deliver 2 crate capsicum grade B, substitution OK; also 7 kg spinach grade B, no substitutes on 2025-03-28. Customer ref C011.",standard,test,2a0a738f910f554f264016a0c47e6ab9e7bf3a590845a1982ecfd92fb04ef90d
M000977,2025-03-28,C012,"Morning, can u send 5 box lettuce grade B, substitution OK; also 44 kg strawberries grade B, no substitutes for 28/03; same delivery slot. Ref 12",hard,test,443d821ff5527e2a1ce888598313beca29c1482d48496aced3d45fc5e5474044
M000978,2025-03-29,C001,"Please deliver 20 kg toms grade A, substitution OK; also 9 kg lettuces grade B, substitution OK; also 9 box cucumber grade A, no substitutes; also 38 kg capsicum grade A, no substitutes; also 4 crate spin grade A, no substitutes on 2025-03-29. Customer ref C001.",standard,test,5fd158b09c5cf516e16478ba311f39b83126b9f709b7dd9f51baa7c614ac89f6
M000979,2025-03-29,C002,"Amendment - need 6 kg toms grade B, no substitutes; also 5 crate lettuces grade A, no substitutes; also 2 box strawberry grade B, substitution OK; also 8 box car grade A, no substitutes; also 39 kg broc grade A, no substitutes for 29/03; same delivery slot. Ref 02",hard,test,573e32c19cf6840ee470c21d50d00ae47aac117311795eb8df10486041e6e3d2
M000980,2025-03-29,C003,"Please deliver 1 crate lett grade B, substitution OK; also 25 kg carrot grade A, no substitutes; also 3 kg broc grade A, no substitutes on 2025-03-29. Customer ref C003.",standard,test,b50057bcf06901a1154c3394e47f2fbc504645452bfae0c6e5d41afe439405df
M000981,2025-03-29,C004,"Please deliver 6 crate tomatoes grade A, no substitutes; also 1 crate strawberry grade B, substitution OK; also 40 kg capsicum grade B, substitution OK; also 8 kg spinach grade A, substitution OK on 2025-03-29. Customer ref C004.",standard,test,08c7ce91461ffac70a706b424fbb033acf8e8e7bace192aa6041176b8aa9850e
M000982,2025-03-29,C005,"Please deliver 22 kg strawberries grade A, no substitutes on 2025-03-29. Customer ref C005.",standard,test,c1f1504439213f86a5e71e3033bb4193dcdacd5acab1f1d5d9657db6ba94de83
M000983,2025-03-29,C006,"Please deliver 2 crate cuke grade B, substitution OK on 2025-03-29. Customer ref C006.",standard,test,cf597373f366774ce47bd031462718dcdd6645479f5e124ddada3378b01e5a38
M000984,2025-03-29,C007,"Please deliver 13 kg tomato grade B, substitution OK; also 4 kg strawberry grade B, substitution OK; also 7 kg brocc grade A, no substitutes on 2025-03-29. Customer ref C007.",standard,test,e78c11f66ffa66689408e2a62a8d489e1b58490de74d06c98f78b50deea35c48
M000985,2025-03-29,C008,"Please deliver 42 kg cucumbers grade A, no substitutes; also 1 crate peppers grade A, no substitutes on 2025-03-29. Customer ref C008.",standard,test,e36312b88b5d66fa7fcbee9f6bb6faf50994a72c62d924fbfe34688a81417c83
M000986,2025-03-29,C009,"Hi team pls arrange 1 box bell pepper grade A, no substitutes; also 11 kg spinach grade B, substitution OK; also 28 kg carrots grade A, no substitutes; also 16 kg broccoli grade A, no substitutes for 29/03; same delivery slot. Ref 09",hard,test,3a55c6fc6c15a08255fc00be4c1a9118c3b28fed112004753cd40d42b72f7cf5
M000987,2025-03-29,C010,"Please deliver 1 crate leaf spinach grade A, no substitutes on 2025-03-29. Customer ref C010.",standard,test,b5c87e984068bdb5a5355a212ad2c7a57bba825774fd83fd7a3cd3f14b4ea271
M000988,2025-03-29,C011,"Morning, can u send 23 kg toms grade B, no substitutes; also 48 kg lett grade B, no substitutes for 29/03; call if any issue. Ref 11",hard,test,faa565130637411bd72bc094b6d2888b68abd933a237b6762e28b1c8891fbcf1
M000989,2025-03-29,C012,"Morning, can u send 3 crate strawberries grade B, substitution OK for 29/03; call if any issue. Ref 12",hard,test,568b08ad973006803ac78741b6e4c7268cc78ed1ce7c16f4d34d4354f9ab73e2
M000990,2025-03-30,C002,"Please deliver 13 kg tomatoes grade A, no substitutes; also 2 box cucumber grade A, no substitutes; also 18 kg broccoli grade B, substitution OK on 2025-03-30. Customer ref C002.",standard,test,68337de850a8525173a56c2d53ae210acd2cc04adfb710f52834317d555b3bfe
M000991,2025-03-30,C003,"Please deliver 5 kg peppers grade A, substitution OK on 2025-03-30. Customer ref C003.",standard,test,13c509f94228de7d668e1e35b2b7e12f2f8761bd1d6bb0826c28343e774ffe25
M000992,2025-03-30,C004,"Please deliver 5 box tomato grade A, no substitutes; also 77 kg cucumber grade B, no substitutes; also 6 kg bell pepper grade B, substitution OK; also 1 box broc grade B, no substitutes on 2025-03-30. Customer ref C004.",standard,test,0f774715ad013a55a467fe8f764a158ee1c90ffbc21ddf739f29dda898fae2f9
M000993,2025-03-30,C005,"Please deliver 33 kg tomato grade B, substitution OK; also 1 box lettuce grade A, no substitutes; also 13 kg strawberry grade B, substitution OK; also 6 kg spin grade A, no substitutes; also 1 crate carrots grade A, substitution OK on 2025-03-30. Customer ref C005.",standard,test,3e08bdcc3fd4863890de1af38a178c415bb555616d74e73b720473bc949c3bcc
M000994,2025-03-30,C006,"Please deliver 4 box peppers grade A, no substitutes; also 5 crate leaf spinach grade A, no substitutes on 2025-03-30. Customer ref C006.",standard,test,251c1d98f94d591f8596eec7091c610e33742dbdd02622d158c0d04c0f31118c
M000995,2025-03-30,C007,"Please deliver 2 box bell pepper grade A, no substitutes on 2025-03-30. Customer ref C007.",standard,test,c32a83801c84f289d1188982e0e2e4b138674bdee8f2aa21f6aa36d67ef4a1d4
M000996,2025-03-30,C008,"Please deliver 16 kg peppers grade A, no substitutes; also 24 kg leaf spinach grade B, substitution OK; also 1 crate broc grade B, no substitutes on 2025-03-30. Customer ref C008.",standard,test,94ce1db01e0cd2ae3eef9c881d0c6a70701fc4f6ec5d03fd65d564bcefc4f377
M000997,2025-03-30,C009,"Please deliver 9 box lett grade B, no substitutes; also 83 kg car grade A, no substitutes on 2025-03-30. Customer ref C009.",standard,test,94575d27c0ce9682ad2a3097f34378d6ae6fd2408ffbd50ee98800d33755a28e
M000998,2025-03-30,C010,"Please deliver 6 kg tomato grade A, no substitutes; also 3 box lettuce grade A, no substitutes; also 46 kg strawberries grade A, no substitutes; also 14 kg carrot grade A, no substitutes on 2025-03-30. Customer ref C010.",standard,test,361059f437989d04674dc5932c9bad1540d1f75c0e0c8e9944bc4a00af9622ee
M000999,2025-03-30,C011,"Please deliver 8 kg lettuces grade B, no substitutes; also 1 box brocc grade A, no substitutes on 2025-03-30. Customer ref C011.",standard,test,2927d9d856ffdf5385c923996aad5d926af5adeb7bb84aa51c07966a47e82d74
M001000,2025-03-30,C012,"Please deliver 1 box lettuce grade B, substitution OK; also 3 kg spinach grade A, no substitutes; also 2 box broccoli grade A, no substitutes on 2025-03-30. Customer ref C012.",standard,test,1f872976daf4c935839a46430cdf00f7fd196d4151a15f6205a295f763635f74
M001001,2025-03-31,C001,"Please deliver 39 kg tomatoes grade A, no substitutes; also 7 kg lettuces grade A, no substitutes; also 3 box peppers grade B, substitution OK; also 7 kg car grade A, no substitutes on 2025-03-31. Customer ref C001.",standard,test,cf6f506824882de956e8462e87f7b015ba3a1c523b1186413a74dc66ba267e8c
M001002,2025-03-31,C002,"Please deliver 56 kg cuke grade A, substitution OK on 2025-03-31. Customer ref C002.",standard,test,ee82a56c7b4582ddb98cc0db0d365c20dd5c390649fb51a9dc82a83f0e9f2a7b
M001003,2025-03-31,C003,"Hi team pls arrange 7 kg lett grade A, no substitutes; also 3 crate strawberries grade B, substitution OK; also 12 kg spin grade A, no substitutes; also 9 kg brocc grade B, substitution OK for 31/03; confirm asap. Ref 03",hard,test,6622916ac788e17ba950a481fda9caecb205836d3d51b33ad3037a6696b0421f
M001004,2025-03-31,C004,"Please deliver 48 kg berries grade A, no substitutes; also 2 box car grade B, substitution OK on 2025-03-31. Customer ref C004.",standard,test,533a576323bc18c835083b8182c4511906b0c4d2756492239e806d991e034783
M001005,2025-03-31,C005,"Please deliver 8 kg toms grade A, no substitutes; also 7 kg peppers grade A, substitution OK; also 8 kg leaf spinach grade B, substitution OK; also 18 kg carrot grade A, no substitutes; also 1 box brocc grade B, no substitutes on 2025-03-31. Customer ref C005.",standard,test,b4c4803a3998ace0ddae06a7667c6fe799ae41223241c5b964950da690fd8023
M001006,2025-03-31,C006,"Morning, can u send 51 kg cuke grade B, substitution OK; also 11 box berries grade A, no substitutes for 31/03; same delivery slot. Ref 06",hard,test,3c65b957c14d776aeb7bda3c03e8b4b93355f0efd01e731fd92b9acd25116cf7
M001007,2025-03-31,C007,"Please deliver 10 kg bell pepper grade B, substitution OK; also 12 kg car grade A, no substitutes on 2025-03-31. Customer ref C007.",standard,test,224b63520d7f5414409c92afbf9a198f8dca18cb34f348d29a03f2a61ec2f6cd
M001008,2025-03-31,C008,"Please deliver 17 kg toms grade A, no substitutes; also 34 kg lettuce grade A, no substitutes; also 8 box spinach grade B, substitution OK; also 24 kg broc grade A, substitution OK on 2025-03-31. Customer ref C008.",standard,test,929cbb9ce2b49dc502005581e94495911024bf114aa264b3b2a48f7cca63e37b
M001009,2025-03-31,C009,"Please deliver 11 kg tomatoes grade A, no substitutes; also 14 kg cucumbers grade A, no substitutes; also 14 kg car grade B, no substitutes; also 17 kg broccoli grade A, no substitutes on 2025-03-31. Customer ref C009.",standard,test,89e87eabf607de8d9cc83b07c00c84b06c38aee151aeca1d8a4f933255635c21
M001010,2025-03-31,C010,"Please deliver 4 box lett grade B, no substitutes; also 8 kg cucumber grade A, no substitutes; also 12 kg spin grade A, substitution OK; also 11 kg broc grade A, no substitutes on 2025-03-31. Customer ref C010.",standard,test,77bef7ca22b4255e3693ecd5a052b6faca908d8e09a188763f9ba37b0660a1b4
M001011,2025-03-31,C011,"Please deliver 9 kg tomato grade B, substitution OK; also 9 kg cuke grade A, no substitutes on 2025-03-31. Customer ref C011.",standard,test,4355c3beecde3c9fd7caebb2ad800a798428a8c448e03b01a3d174a57ddf70f0
M001012,2025-03-31,C012,"Please deliver 7 box peppers grade B, substitution OK on 2025-03-31. Customer ref C012.",standard,test,160f7897e3c74c4e9e30530cbf85c685cdabf84a856a7e57bb666c9d5c777ccc
