order_line_id,message_id,pred_customer_id,pred_product_id,pred_requested_quantity,pred_unit,pred_requested_quantity_kg,pred_requested_grade,pred_delivery_date,pred_substitution_allowed,json_valid,detected_issue_codes,injected_error_fields,prediction_source,needs_human_confirmation
O0000001,M000007,C007,P01,10.0,kg,10.0,B,2025-01-01,True,True,,,synthetic_error_model_not_real_llm,False
O0000002,M000005,C005,P01,6.0,box,30.0,B,2025-01-01,True,True,,,synthetic_error_model_not_real_llm,True
O0000003,M000009,C009,P01,12.0,box,60.0,A,2025-01-01,False,True,,,synthetic_error_model_not_real_llm,False
O0000004,M000001,C001,P01,12.0,box,60.0,A,2025-01-01,False,True,,,synthetic_error_model_not_real_llm,False
O0000005,M000001,C001,P02,8.0,kg,8.0,A,2025-01-01,False,True,,,synthetic_error_model_not_real_llm,False
O0000006,M000003,C003,P02,54.0,kg,54.0,B,2025-01-01,True,True,,,synthetic_error_model_not_real_llm,False
O0000007,M000008,C008,P03,26.0,kg,26.0,B,,False,True,MISSING_DATE,DATE|GRADE|QUANTITY,synthetic_error_model_not_real_llm,True
O0000008,M000002,,,,,,,,,False,INVALID_JSON,INVALID_JSON,synthetic_error_model_not_real_llm,True
O0000009,M000011,C011,P05,58.0,kg,58.0,A,2025-01-01,False,True,LOW_CONFIDENCE_PRODUCT,PRODUCT,synthetic_error_model_not_real_llm,True
O0000010,M000010,C010,P04,16.0,kg,16.0,A,2025-01-01,False,True,,,synthetic_error_model_not_real_llm,False
O0000011,M000002,,,,,,,,,False,INVALID_JSON,INVALID_JSON,synthetic_error_model_not_real_llm,True
O0000012,M000001,C001,P04,9.0,box,27.0,A,2025-01-01,False,True,,,synthetic_error_model_not_real_llm,False
O0000013,M000012,C012,P05,20.0,kg,20.0,B,2025-01-01,True,True,,,synthetic_error_model_not_real_llm,True
O0000014,M000006,C006,P05,4.0,kg,4.0,A,2025-01-01,False,True,,,synthetic_error_model_not_real_llm,False
O0000015,M000002,,,,,,,,,False,INVALID_JSON,INVALID_JSON,synthetic_error_model_not_real_llm,True
O0000016,M000004,C004,P05,23.0,kg,23.0,A,2025-01-01,False,True,,,synthetic_error_model_not_real_llm,True
O0000017,M000001,C001,P05,15.0,kg,15.0,B,2025-01-01,False,True,,,synthetic_error_model_not_real_llm,False
O0000018,M000003,C003,P06,8.0,kg,8.0,B,2025-01-01,True,True,,,synthetic_error_model_not_real_llm,False
O0000019,M000005,C005,P06,25.0,kg,25.0,A,2025-01-01,False,True,,,synthetic_error_model_not_real_llm,True
O0000020,M000010,C010,P06,11.0,kg,11.0,A,2025-01-01,False,True,,,synthetic_error_model_not_real_llm,False
O0000021,M000012,,P07,19.0,kg,19.0,A,2025-01-01,False,True,MISSING_CUSTOMER,CUSTOMER,synthetic_error_model_not_real_llm,True
O0000022,M000005,C005,,69.0,kg,,A,2025-01-01,False,True,MISSING_PRODUCT,PRODUCT,synthetic_error_model_not_real_llm,True
O0000023,M000002,,,,,,,,,False,INVALID_JSON,INVALID_JSON,synthetic_error_model_not_real_llm,True
O0000024,M000003,C003,P08,45.0,kg,45.0,A,2025-01-01,False,True,,,synthetic_error_model_not_real_llm,False
O0000025,M000008,C008,P08,3.0,kg,3.0,A,2025-01-01,True,True,,QUANTITY,synthetic_error_model_not_real_llm,True
O0000026,M000010,C010,P08,18.0,kg,18.0,A,2025-01-01,False,True,,,synthetic_error_model_not_real_llm,False
O0000027,M000012,C012,P08,1.0,box,5.0,A,2025-01-01,True,True,,,synthetic_error_model_not_real_llm,True
O0000028,M000022,C011,P01,17.0,kg,17.0,B,2025-01-02,False,True,,,synthetic_error_model_not_real_llm,False
O0000029,M000014,C003,P01,3.0,box,15.0,A,2025-01-02,False,True,,,synthetic_error_model_not_real_llm,False
O0000030,M000015,C004,P01,19.0,kg,19.0,A,2025-01-02,False,True,,,synthetic_error_model_not_real_llm,False
O0000031,M000021,C010,P01,106.0,kg,106.0,A,2025-01-02,False,True,,,synthetic_error_model_not_real_llm,False
O0000032,M000018,C007,P02,66.0,kg,66.0,A,2025-01-02,False,True,,,synthetic_error_model_not_real_llm,False
O0000033,M000013,C002,P02,39.0,kg,39.0,B,2025-01-02,True,True,,,synthetic_error_model_not_real_llm,True
O0000034,M000016,C005,P03,91.0,kg,91.0,A,2025-01-02,False,True,,,synthetic_error_model_not_real_llm,False
O0000035,M000021,C010,P03,3.0,crate,36.0,A,2025-01-02,False,True,,,synthetic_error_model_not_real_llm,False
O0000036,M000023,C012,P04,12.0,kg,12.0,A,2025-01-02,False,True,,,synthetic_error_model_not_real_llm,False
O0000037,M000013,C002,P04,3.0,kg,3.0,A,2025-01-02,False,True,,,synthetic_error_model_not_real_llm,True
O0000038,M000016,C005,P04,14.0,kg,14.0,B,2025-01-02,True,True,,,synthetic_error_model_not_real_llm,False
O0000039,M000014,C003,P04,10.0,kg,10.0,A,2025-01-02,False,True,,,synthetic_error_model_not_real_llm,False
O0000040,M000019,C008,P04,1.0,crate,6.0,B,2025-01-02,False,True,,,synthetic_error_model_not_real_llm,False
O0000041,M000020,C009,P05,16.0,kg,16.0,A,2025-01-02,False,True,,,synthetic_error_model_not_real_llm,False
O0000042,M000014,C003,P05,10.0,kg,10.0,B,2025-01-02,False,True,,GRADE,synthetic_error_model_not_real_llm,False
O0000043,M000018,C007,P05,3.0,box,15.0,B,2025-01-02,False,True,,,synthetic_error_model_not_real_llm,False
O0000044,M000013,C002,P05,12.0,kg,12.0,B,2025-01-02,True,True,,,synthetic_error_model_not_real_llm,True
O0000045,M000013,C002,P06,2.0,box,6.0,A,2025-01-02,False,True,,,synthetic_error_model_not_real_llm,True
O0000046,M000019,C008,P06,2.0,crate,12.0,B,2025-01-02,True,True,,,synthetic_error_model_not_real_llm,False
O0000047,M000017,C006,P06,24.0,kg,24.0,A,2025-01-02,False,True,,,synthetic_error_model_not_real_llm,False
O0000048,M000013,C002,P07,12.0,crate,192.0,B,2025-01-02,False,True,LOW_CONFIDENCE_UNIT,UNIT,synthetic_error_model_not_real_llm,True
O0000049,M000022,C011,P07,34.0,kg,34.0,B,2025-01-02,False,True,,,synthetic_error_model_not_real_llm,False
O0000050,M000014,C003,P07,1.0,box,8.0,A,2025-01-02,False,True,,,synthetic_error_model_not_real_llm,False
O0000051,M000016,C005,P07,20.0,kg,20.0,A,2025-01-02,True,True,,,synthetic_error_model_not_real_llm,False
O0000052,M000017,C006,P07,2.0,kg,2.0,B,2025-01-02,True,True,,UNIT,synthetic_error_model_not_real_llm,False
O0000053,M000018,C007,P08,20.0,kg,20.0,B,2025-01-02,False,True,,,synthetic_error_model_not_real_llm,False
O0000054,M000015,C004,P08,15.0,kg,15.0,B,2025-01-02,True,True,,,synthetic_error_model_not_real_llm,False
O0000055,M000033,C010,P01,13.0,kg,13.0,B,2025-01-03,True,True,LOW_CONFIDENCE_GRADE|LOW_CONFIDENCE_SUBSTITUTION,GRADE|SUBSTITUTION,synthetic_error_model_not_real_llm,True
O0000056,M000028,C005,P07,17.0,box,136.0,A,2025-01-03,False,True,,PRODUCT,synthetic_error_model_not_real_llm,False
O0000057,M000028,C005,P02,15.0,box,60.0,A,2025-01-03,False,True,,,synthetic_error_model_not_real_llm,False
O0000058,M000029,C006,P02,3.0,crate,24.0,B,2025-01-03,True,True,,,synthetic_error_model_not_real_llm,False
O0000059,M000024,C001,P02,27.0,kg,27.0,B,2025-01-03,False,True,,,synthetic_error_model_not_real_llm,False
O0000060,M000035,C012,P03,49.0,kg,49.0,A,2025-01-03,False,True,,,synthetic_error_model_not_real_llm,False
O0000061,M000033,C010,P03,1.0,crate,12.0,B,2025-01-03,True,True,,,synthetic_error_model_not_real_llm,True
O0000062,M000032,C009,P03,21.0,kg,21.0,A,2025-01-03,False,True,,,synthetic_error_model_not_real_llm,True
O0000063,M000034,C011,P03,1.0,crate,12.0,B,2025-01-03,False,True,,,synthetic_error_model_not_real_llm,False
O0000064,M000025,C002,P03,4.0,box,24.0,B,2025-01-03,True,True,,,synthetic_error_model_not_real_llm,False
O0000065,M000033,C010,P04,20.0,kg,20.0,A,2025-01-03,False,True,,,synthetic_error_model_not_real_llm,True
O0000066,M000032,C009,P04,39.0,kg,39.0,B,2025-01-03,True,True,,,synthetic_error_model_not_real_llm,True
O0000067,M000025,C002,P05,16.0,kg,16.0,A,2025-01-03,False,True,,,synthetic_error_model_not_real_llm,False
O0000068,M000026,C003,P05,4.0,crate,40.0,A,2025-01-03,False,True,,,synthetic_error_model_not_real_llm,True
O0000069,M000035,C012,P05,12.0,kg,12.0,A,2025-01-03,True,True,,,synthetic_error_model_not_real_llm,False
O0000070,M000032,C009,P06,1.0,box,3.0,B,2025-01-03,True,True,,,synthetic_error_model_not_real_llm,True
O0000071,M000029,C006,P06,3.0,kg,3.0,B,2025-01-03,True,True,,,synthetic_error_model_not_real_llm,False
O0000072,M000035,C012,P06,6.0,kg,6.0,A,2025-01-03,False,True,,,synthetic_error_model_not_real_llm,False
O0000073,M000027,C004,P06,6.0,crate,36.0,A,2025-01-03,False,True,,,synthetic_error_model_not_real_llm,False
O0000074,M000030,C007,P06,2.0,crate,12.0,B,2025-01-03,True,True,,,synthetic_error_model_not_real_llm,False
O0000075,M000032,C009,P07,19.0,kg,19.0,A,2025-01-03,False,True,LOW_CONFIDENCE_QUANTITY,QUANTITY,synthetic_error_model_not_real_llm,True
O0000076,M000029,C006,P07,2.0,box,16.0,B,2025-01-03,True,True,,,synthetic_error_model_not_real_llm,False
O0000077,M000027,C004,P07,15.0,kg,15.0,B,2025-01-03,True,True,,,synthetic_error_model_not_real_llm,False
O0000078,M000035,C012,P07,3.0,box,24.0,B,2025-01-03,False,True,,,synthetic_error_model_not_real_llm,False
O0000079,M000033,C010,P07,40.0,kg,40.0,B,2025-01-03,False,True,,,synthetic_error_model_not_real_llm,True
O0000080,M000033,C010,P08,74.0,kg,74.0,A,2025-01-03,True,True,,,synthetic_error_model_not_real_llm,True
O0000081,M000031,C008,P08,1.0,box,5.0,A,2025-01-03,False,True,,,synthetic_error_model_not_real_llm,False
O0000082,M000027,C004,P08,14.0,kg,14.0,B,2025-01-03,False,True,,,synthetic_error_model_not_real_llm,False
O0000083,M000039,C004,P01,15.0,kg,15.0,A,2025-01-04,False,True,,,synthetic_error_model_not_real_llm,False
O0000084,M000046,C011,P01,1.0,box,5.0,B,2025-01-04,True,True,,,synthetic_error_model_not_real_llm,False
O0000085,M000038,C003,P01,38.0,kg,38.0,A,2025-01-04,True,True,,,synthetic_error_model_not_real_llm,False
O0000086,M000037,C002,P01,14.0,kg,14.0,A,2025-01-04,False,True,,,synthetic_error_model_not_real_llm,False
O0000087,M000042,C007,P01,10.0,box,50.0,A,2025-01-04,False,True,,,synthetic_error_model_not_real_llm,False
O0000088,M000042,C007,P02,7.0,kg,7.0,A,2025-01-04,False,True,,,synthetic_error_model_not_real_llm,False
O0000089,M000036,C001,P02,36.0,kg,36.0,B,2025-01-04,True,True,,,synthetic_error_model_not_real_llm,False
O0000090,M000036,C001,P03,6.0,crate,72.0,A,2025-01-04,True,True,,,synthetic_error_model_not_real_llm,False
O0000091,M000044,C009,P03,46.0,kg,46.0,A,2025-01-04,False,True,,,synthetic_error_model_not_real_llm,False
O0000092,M000042,C007,P04,26.0,kg,26.0,A,2025-01-04,False,True,,,synthetic_error_model_not_real_llm,False
O0000093,M000043,C008,P04,67.0,kg,67.0,A,2025-01-04,False,True,,,synthetic_error_model_not_real_llm,True
O0000094,M000042,C007,P05,3.0,crate,30.0,B,2025-01-04,True,True,,,synthetic_error_model_not_real_llm,False
O0000095,M000041,C006,P05,12.0,box,60.0,A,2025-01-04,False,True,,,synthetic_error_model_not_real_llm,False
O0000096,M000043,C008,P06,33.0,kg,33.0,A,2025-01-05,,True,LOW_CONFIDENCE_DATE|MISSING_SUBSTITUTION,DATE|QUANTITY|SUBSTITUTION,synthetic_error_model_not_real_llm,True
O0000097,M000044,C009,P06,15.0,box,45.0,B,2025-01-04,True,True,,,synthetic_error_model_not_real_llm,False
O0000098,M000047,C012,P04,26.0,,,B,2025-01-04,True,True,LOW_CONFIDENCE_PRODUCT|MISSING_UNIT,PRODUCT|UNIT,synthetic_error_model_not_real_llm,True
O0000099,M000038,C003,P07,55.0,kg,55.0,A,2025-01-04,True,True,,,synthetic_error_model_not_real_llm,False
O0000100,M000045,C010,P07,4.0,box,32.0,A,2025-01-04,False,True,,,synthetic_error_model_not_real_llm,False
O0000101,M000036,C001,P08,28.0,kg,28.0,A,2025-01-04,False,True,,QUANTITY,synthetic_error_model_not_real_llm,False
O0000102,M000040,C005,P08,4.0,kg,4.0,A,2025-01-04,True,True,,,synthetic_error_model_not_real_llm,False
O0000103,M000039,C004,P08,29.0,kg,29.0,A,2025-01-04,False,True,,,synthetic_error_model_not_real_llm,False
O0000104,M000051,C004,P01,4.0,box,20.0,B,2025-01-05,True,True,,,synthetic_error_model_not_real_llm,False
O0000105,M000055,C008,P01,33.0,kg,33.0,B,2025-01-05,False,True,,,synthetic_error_model_not_real_llm,False
O0000106,M000050,C003,P01,3.0,kg,3.0,B,2025-01-05,True,True,,,synthetic_error_model_not_real_llm,False
O0000107,M000057,C011,P01,19.0,kg,19.0,B,2025-01-05,True,True,,,synthetic_error_model_not_real_llm,True
O0000108,M000056,C009,P06,1.0,crate,6.0,B,2025-01-05,False,True,LOW_CONFIDENCE_PRODUCT,PRODUCT,synthetic_error_model_not_real_llm,True
O0000109,M000050,C003,P02,6.0,box,24.0,A,2025-01-05,False,True,,,synthetic_error_model_not_real_llm,False
O0000110,M000058,C012,P02,13.0,kg,13.0,A,2025-01-05,False,True,,,synthetic_error_model_not_real_llm,True
O0000111,M000056,C009,P02,16.0,kg,16.0,B,2025-01-05,True,True,,,synthetic_error_model_not_real_llm,True
O0000112,M000048,C001,P02,25.0,kg,25.0,B,2025-01-05,True,True,,,synthetic_error_model_not_real_llm,False
O0000113,M000051,C004,P02,22.0,kg,22.0,A,2025-01-05,False,True,,,synthetic_error_model_not_real_llm,False
O0000114,M000055,C008,P03,63.0,kg,63.0,B,2025-01-05,True,True,,,synthetic_error_model_not_real_llm,False
O0000115,M000058,C012,P03,3.0,kg,3.0,B,2025-01-05,,True,MISSING_SUBSTITUTION,SUBSTITUTION,synthetic_error_model_not_real_llm,True
O0000116,M000057,C011,P03,14.0,box,84.0,B,2025-01-05,False,True,,,synthetic_error_model_not_real_llm,True
O0000117,M000056,C009,P03,20.0,kg,20.0,B,2025-01-05,False,True,LOW_CONFIDENCE_GRADE,GRADE,synthetic_error_model_not_real_llm,True
O0000118,M000050,C003,P03,25.0,kg,25.0,B,2025-01-05,False,True,,,synthetic_error_model_not_real_llm,False
O0000119,M000048,C001,P04,15.0,kg,15.0,A,2025-01-05,False,True,,,synthetic_error_model_not_real_llm,False
O0000120,M000050,C003,P04,13.0,crate,78.0,B,2025-01-05,True,True,,,synthetic_error_model_not_real_llm,False
O0000121,M000053,C006,P04,3.0,kg,3.0,A,2025-01-05,True,True,,,synthetic_error_model_not_real_llm,False
O0000122,M000054,C007,P05,3.0,kg,3.0,A,2025-01-05,False,True,,,synthetic_error_model_not_real_llm,False
O0000123,M000053,C006,P05,32.0,kg,32.0,A,2025-01-05,True,True,,,synthetic_error_model_not_real_llm,False
O0000124,M000055,C008,P05,12.0,kg,12.0,B,2025-01-05,True,True,,,synthetic_error_model_not_real_llm,False
O0000125,M000048,C001,P05,1.0,box,5.0,B,2025-01-05,True,True,,,synthetic_error_model_not_real_llm,False
O0000126,M000058,C012,P05,13.0,kg,13.0,A,2025-01-05,False,True,,,synthetic_error_model_not_real_llm,True
O0000127,M000054,C007,P06,8.0,box,24.0,B,2025-01-05,True,True,,,synthetic_error_model_not_real_llm,False
O0000128,M000058,C012,P06,7.0,kg,7.0,A,2025-01-05,False,True,,,synthetic_error_model_not_real_llm,True
O0000129,M000048,C001,P06,8.0,kg,8.0,A,2025-01-05,False,True,,,synthetic_error_model_not_real_llm,False
O0000130,M000049,C002,P07,3.0,box,24.0,A,2025-01-05,,True,MISSING_SUBSTITUTION,SUBSTITUTION,synthetic_error_model_not_real_llm,True
O0000131,M000058,C012,P07,5.0,box,40.0,B,2025-01-05,True,True,,,synthetic_error_model_not_real_llm,True
O0000132,M000048,C001,P07,5.0,kg,5.0,A,2025-01-05,False,True,,,synthetic_error_model_not_real_llm,False
O0000133,M000052,C005,P07,5.0,kg,5.0,B,2025-01-05,True,True,,,synthetic_error_model_not_real_llm,False
O0000134,M000057,C011,P07,25.0,kg,25.0,A,2025-01-05,True,True,LOW_CONFIDENCE_QUANTITY,QUANTITY,synthetic_error_model_not_real_llm,True
O0000135,M000054,C007,P08,18.0,kg,18.0,B,2025-01-05,True,True,,,synthetic_error_model_not_real_llm,False
O0000136,M000055,C008,P08,66.0,kg,66.0,B,2025-01-05,True,True,,,synthetic_error_model_not_real_llm,False
O0000137,M000049,C002,P08,51.0,kg,51.0,B,2025-01-05,False,True,,,synthetic_error_model_not_real_llm,True
O0000138,M000062,C004,P01,1.0,box,5.0,A,2025-01-06,False,True,,,synthetic_error_model_not_real_llm,False
O0000139,M000061,C003,P01,32.0,kg,32.0,A,2025-01-06,False,True,,,synthetic_error_model_not_real_llm,False
O0000140,M000065,C007,P01,20.0,kg,20.0,A,2025-01-06,False,True,,,synthetic_error_model_not_real_llm,True
O0000141,M000070,C012,P01,25.0,kg,25.0,A,2025-01-06,False,True,,,synthetic_error_model_not_real_llm,False
O0000142,M000067,C009,P01,6.0,kg,6.0,A,2025-01-06,False,True,,,synthetic_error_model_not_real_llm,False
O0000143,M000066,C008,P02,20.0,kg,20.0,B,2025-01-06,True,True,,,synthetic_error_model_not_real_llm,False
O0000144,M000070,C012,P02,3.0,box,12.0,A,2025-01-06,False,True,,,synthetic_error_model_not_real_llm,False
O0000145,M000069,C011,P02,66.0,kg,66.0,A,2025-01-06,False,True,,,synthetic_error_model_not_real_llm,False
O0000146,M000068,C010,P03,37.0,kg,37.0,B,2025-01-06,True,True,,,synthetic_error_model_not_real_llm,False
O0000147,M000066,C008,P03,42.0,kg,42.0,B,2025-01-06,False,True,,,synthetic_error_model_not_real_llm,False
O0000148,M000062,C004,P03,3.0,box,18.0,B,2025-01-06,False,True,,,synthetic_error_model_not_real_llm,False
O0000149,M000061,C003,P03,28.0,kg,28.0,A,2025-01-06,False,True,,,synthetic_error_model_not_real_llm,False
O0000150,M000063,C005,P03,19.0,kg,19.0,B,2025-01-06,True,True,,,synthetic_error_model_not_real_llm,False
O0000151,M000069,C011,P04,15.0,kg,15.0,A,2025-01-06,False,True,,,synthetic_error_model_not_real_llm,False
O0000152,M000061,C003,P04,15.0,crate,90.0,B,2025-01-06,True,True,,UNIT,synthetic_error_model_not_real_llm,False
O0000153,M000064,C006,P04,3.0,kg,3.0,A,2025-01-06,False,True,,,synthetic_error_model_not_real_llm,False
O0000154,M000059,C001,P05,13.0,kg,13.0,B,2025-01-06,True,True,,,synthetic_error_model_not_real_llm,False
O0000155,M000061,C003,P05,2.0,crate,20.0,A,2025-01-06,False,True,,,synthetic_error_model_not_real_llm,False
O0000156,M000062,C004,P05,9.0,kg,9.0,B,2025-01-06,False,True,,,synthetic_error_model_not_real_llm,False
O0000157,M000067,C009,P06,5.0,crate,30.0,B,2025-01-06,True,True,,QUANTITY,synthetic_error_model_not_real_llm,False
O0000158,M000065,C007,P06,13.0,kg,13.0,A,2025-01-06,True,True,LOW_CONFIDENCE_SUBSTITUTION,SUBSTITUTION,synthetic_error_model_not_real_llm,True
O0000159,M000067,C009,P07,7.0,kg,7.0,A,2025-01-06,False,True,,,synthetic_error_model_not_real_llm,False
O0000160,M000061,C003,P07,23.0,kg,23.0,A,2025-01-06,False,True,,,synthetic_error_model_not_real_llm,False
O0000161,M000063,C005,P07,5.0,crate,80.0,B,2025-01-06,True,True,,,synthetic_error_model_not_real_llm,False
O0000162,M000062,C004,P08,17.0,kg,17.0,B,2025-01-06,True,True,,,synthetic_error_model_not_real_llm,False
O0000163,M000068,C010,P08,22.0,kg,22.0,B,2025-01-06,True,True,,,synthetic_error_model_not_real_llm,False
O0000164,M000060,C002,P08,29.0,kg,29.0,B,2025-01-06,False,True,,,synthetic_error_model_not_real_llm,False
O0000165,M000061,C003,P08,34.0,kg,34.0,A,2025-01-06,False,True,,,synthetic_error_model_not_real_llm,False
O0000166,M000065,C007,P08,6.0,kg,6.0,B,2025-01-06,True,True,,,synthetic_error_model_not_real_llm,True
O0000167,M000080,C010,P01,10.0,kg,10.0,B,2025-01-07,False,True,,,synthetic_error_model_not_real_llm,True
O0000168,M000079,C009,P01,4.0,kg,4.0,B,2025-01-07,False,True,,,synthetic_error_model_not_real_llm,False
O0000169,M000078,C008,P01,14.0,kg,14.0,A,2025-01-07,False,True,,,synthetic_error_model_not_real_llm,False
O0000170,M000071,C001,P01,54.0,kg,54.0,B,2025-01-07,False,True,,,synthetic_error_model_not_real_llm,False
O0000171,M000081,C011,P02,13.0,kg,13.0,B,2025-01-07,True,True,,,synthetic_error_model_not_real_llm,False
O0000172,M000079,C009,P02,6.0,kg,6.0,A,2025-01-07,False,True,,,synthetic_error_model_not_real_llm,False
O0000173,M000076,C006,P02,20.0,kg,20.0,A,2025-01-07,False,True,,,synthetic_error_model_not_real_llm,False
O0000174,M000080,C010,P02,21.0,kg,21.0,B,2025-01-07,True,True,,,synthetic_error_model_not_real_llm,True
O0000175,M000073,C003,P02,3.0,kg,3.0,A,2025-01-07,False,True,,,synthetic_error_model_not_real_llm,True
O0000176,M000071,C001,P03,58.0,kg,58.0,B,2025-01-07,False,True,,,synthetic_error_model_not_real_llm,False
O0000177,M000072,C002,P03,17.0,kg,17.0,A,2025-01-07,True,True,,GRADE,synthetic_error_model_not_real_llm,False
O0000178,M000078,C008,P03,23.0,kg,23.0,B,2025-01-07,False,True,,,synthetic_error_model_not_real_llm,False
O0000179,M000080,C010,P03,2.0,kg,2.0,A,2025-01-07,False,True,LOW_CONFIDENCE_UNIT,UNIT,synthetic_error_model_not_real_llm,True
O0000180,M000078,C008,P04,7.0,kg,7.0,A,2025-01-07,False,True,,,synthetic_error_model_not_real_llm,False
O0000181,M000076,C006,P04,1.0,crate,6.0,B,2025-01-07,True,True,,,synthetic_error_model_not_real_llm,False
O0000182,M000080,C010,P04,3.0,box,9.0,A,2025-01-07,False,True,,,synthetic_error_model_not_real_llm,True
O0000183,M000071,C001,P04,13.0,kg,13.0,B,2025-01-07,True,True,,,synthetic_error_model_not_real_llm,False
O0000184,M000072,C002,P04,6.0,kg,6.0,B,2025-01-07,True,True,,,synthetic_error_model_not_real_llm,False
O0000185,M000077,C007,P05,4.0,crate,40.0,A,2025-01-07,False,True,,,synthetic_error_model_not_real_llm,False
O0000186,M000073,C003,P01,1.0,crate,10.0,B,2025-01-07,True,True,LOW_CONFIDENCE_PRODUCT,PRODUCT,synthetic_error_model_not_real_llm,True
O0000187,M000076,C006,P05,2.0,box,10.0,A,2025-01-07,False,True,,,synthetic_error_model_not_real_llm,False
O0000188,M000074,C004,P06,9.0,kg,9.0,A,2025-01-07,,True,MISSING_SUBSTITUTION,SUBSTITUTION,synthetic_error_model_not_real_llm,True
O0000189,M000075,C005,P06,15.0,kg,15.0,B,2025-01-07,False,True,,,synthetic_error_model_not_real_llm,False
O0000190,M000071,C001,P06,28.0,kg,28.0,B,2025-01-07,False,True,,,synthetic_error_model_not_real_llm,False
O0000191,M000080,C010,P06,7.0,kg,7.0,B,2025-01-07,True,True,,,synthetic_error_model_not_real_llm,True
O0000192,M000079,C009,P06,3.0,crate,18.0,B,2025-01-07,False,True,,,synthetic_error_model_not_real_llm,False
O0000193,M000081,C011,P07,7.0,box,56.0,A,2025-01-07,False,True,,,synthetic_error_model_not_real_llm,False
O0000194,M000076,C006,P07,4.0,crate,64.0,B,2025-01-07,True,True,,,synthetic_error_model_not_real_llm,False
O0000195,M000078,C008,P08,1.0,crate,10.0,A,2025-01-07,False,True,,,synthetic_error_model_not_real_llm,False
O0000196,M000074,C004,P08,13.0,kg,13.0,A,2025-01-07,True,True,,,synthetic_error_model_not_real_llm,True
O0000197,M000077,C007,P08,19.0,kg,19.0,B,2025-01-07,True,True,,,synthetic_error_model_not_real_llm,False
O0000198,M000073,C003,P08,8.0,kg,8.0,B,2025-01-07,True,True,,,synthetic_error_model_not_real_llm,True
O0000199,M000076,C006,P08,14.0,kg,14.0,A,2025-01-07,False,True,,,synthetic_error_model_not_real_llm,False
O0000200,M000088,C008,P01,17.0,kg,17.0,B,2025-01-08,False,True,,,synthetic_error_model_not_real_llm,False
O0000201,M000086,C012,P01,19.0,,,B,2025-01-08,False,True,LOW_CONFIDENCE_SUBSTITUTION|MISSING_UNIT,CUSTOMER|SUBSTITUTION|UNIT,synthetic_error_model_not_real_llm,True
O0000202,M000087,C006,P01,12.0,box,60.0,A,2025-01-08,True,True,,SUBSTITUTION,synthetic_error_model_not_real_llm,True
O0000203,M000089,C009,P01,45.0,kg,45.0,A,2025-01-08,False,True,,,synthetic_error_model_not_real_llm,False
O0000204,M000090,C010,P01,11.0,kg,11.0,A,2025-01-08,False,True,,,synthetic_error_model_not_real_llm,False
O0000205,M000082,C001,P02,4.0,box,16.0,B,2025-01-08,True,True,,,synthetic_error_model_not_real_llm,False
O0000206,M000087,C006,P02,27.0,kg,27.0,A,2025-01-08,False,True,,,synthetic_error_model_not_real_llm,True
O0000207,M000092,C012,P02,11.0,kg,11.0,B,2025-01-08,False,True,,,synthetic_error_model_not_real_llm,True
O0000208,M000082,C001,P03,7.0,kg,7.0,B,2025-01-08,True,True,,,synthetic_error_model_not_real_llm,False
O0000209,M000090,C010,P03,27.0,kg,27.0,B,2025-01-08,True,True,,,synthetic_error_model_not_real_llm,False
O0000210,M000091,C011,P03,4.0,crate,48.0,B,2025-01-08,False,True,,SUBSTITUTION,synthetic_error_model_not_real_llm,False
O0000211,M000088,C008,P03,2.0,box,12.0,A,2025-01-08,False,True,,,synthetic_error_model_not_real_llm,False
O0000212,M000086,C005,P03,12.0,kg,12.0,A,2025-01-08,False,True,,,synthetic_error_model_not_real_llm,True
O0000213,M000086,C005,P04,5.0,box,15.0,B,2025-01-08,,True,MISSING_SUBSTITUTION,QUANTITY|SUBSTITUTION,synthetic_error_model_not_real_llm,True
O0000214,M000083,C002,P04,1.0,crate,6.0,B,2025-01-08,False,True,,,synthetic_error_model_not_real_llm,True
O0000215,M000091,C011,P04,6.0,kg,6.0,B,2025-01-08,True,True,,,synthetic_error_model_not_real_llm,False
O0000216,M000092,C012,P05,15.0,kg,15.0,A,2025-01-08,False,True,,,synthetic_error_model_not_real_llm,True
O0000217,M000085,C004,P05,19.0,kg,19.0,B,2025-01-08,False,True,,,synthetic_error_model_not_real_llm,True
O0000218,M000084,C003,P05,71.0,kg,71.0,B,2025-01-08,True,True,,,synthetic_error_model_not_real_llm,False
O0000219,M000086,C005,P06,6.0,box,18.0,B,2025-01-08,True,True,,,synthetic_error_model_not_real_llm,True
O0000220,M000084,C003,P06,12.0,kg,12.0,A,2025-01-08,False,True,,,synthetic_error_model_not_real_llm,False
O0000221,M000092,C012,P06,8.0,box,24.0,,2025-01-08,False,True,MISSING_GRADE,GRADE,synthetic_error_model_not_real_llm,True
O0000222,M000089,C009,P06,7.0,kg,7.0,B,2025-01-08,True,True,,,synthetic_error_model_not_real_llm,False
O0000223,M000087,C006,P06,6.0,box,18.0,B,2025-01-08,True,True,LOW_CONFIDENCE_UNIT,UNIT,synthetic_error_model_not_real_llm,True
O0000224,M000085,C004,P07,8.0,kg,8.0,A,2025-01-08,True,True,LOW_CONFIDENCE_GRADE,GRADE,synthetic_error_model_not_real_llm,True
O0000225,M000087,C006,P07,38.0,kg,38.0,B,2025-01-08,False,True,,,synthetic_error_model_not_real_llm,True
O0000226,M000083,C002,P07,3.0,box,24.0,A,2025-01-08,True,True,LOW_CONFIDENCE_SUBSTITUTION,SUBSTITUTION,synthetic_error_model_not_real_llm,True
O0000227,M000091,C011,P07,88.0,kg,88.0,A,2025-01-08,False,True,,,synthetic_error_model_not_real_llm,False
O0000228,M000088,C008,P08,4.0,box,20.0,B,2025-01-08,True,True,,,synthetic_error_model_not_real_llm,False
O0000229,M000090,C010,P08,15.0,kg,15.0,A,2025-01-08,False,True,,,synthetic_error_model_not_real_llm,False
O0000230,M000085,C004,P08,3.0,box,15.0,A,2025-01-08,False,True,,,synthetic_error_model_not_real_llm,True
O0000231,M000083,C002,P08,21.0,kg,21.0,A,2025-01-08,False,True,,,synthetic_error_model_not_real_llm,True
O0000232,M000094,C002,P01,8.0,crate,80.0,A,2025-01-09,False,True,,,synthetic_error_model_not_real_llm,False
O0000233,M000097,C005,P01,59.0,kg,59.0,A,2025-01-09,False,True,,,synthetic_error_model_not_real_llm,True
O0000234,M000097,C005,,31.0,kg,,A,2025-01-09,False,True,MISSING_PRODUCT,PRODUCT,synthetic_error_model_not_real_llm,True
O0000235,M000098,C006,P02,26.0,kg,26.0,A,2025-01-09,False,True,,,synthetic_error_model_not_real_llm,False
O0000236,M000094,C002,P02,6.0,box,24.0,A,2025-01-09,False,True,,,synthetic_error_model_not_real_llm,False
O0000237,M000102,C010,P02,8.0,kg,8.0,B,2025-01-09,True,True,,,synthetic_error_model_not_real_llm,False
O0000238,M000100,C008,P02,16.0,kg,16.0,B,2025-01-09,False,True,,QUANTITY,synthetic_error_model_not_real_llm,False
O0000239,M000104,C012,P03,39.0,kg,39.0,A,2025-01-09,False,True,,,synthetic_error_model_not_real_llm,False
O0000240,M000100,C008,P03,55.0,kg,55.0,B,2025-01-09,True,True,,,synthetic_error_model_not_real_llm,False
O0000241,M000102,C010,P04,3.0,crate,18.0,A,2025-01-09,False,True,,,synthetic_error_model_not_real_llm,False
O0000242,M000093,C001,P04,2.0,box,6.0,B,2025-01-09,True,True,,,synthetic_error_model_not_real_llm,True
O0000243,M000099,C007,P04,24.0,kg,24.0,A,2025-01-09,False,True,,,synthetic_error_model_not_real_llm,False
O0000244,M000096,C004,P04,3.0,kg,3.0,A,2025-01-09,True,True,,,synthetic_error_model_not_real_llm,False
O0000245,M000100,C008,P04,2.0,box,6.0,B,2025-01-09,True,True,,,synthetic_error_model_not_real_llm,False
O0000246,M000095,C003,P05,31.0,kg,31.0,B,2025-01-09,True,True,,QUANTITY,synthetic_error_model_not_real_llm,True
O0000247,M000103,C011,P05,14.0,kg,14.0,B,2025-01-09,True,True,,,synthetic_error_model_not_real_llm,False
O0000248,M000099,C007,P05,19.0,kg,19.0,A,2025-01-09,False,True,,,synthetic_error_model_not_real_llm,False
O0000249,M000096,C004,P05,19.0,kg,19.0,B,2025-01-09,True,True,,,synthetic_error_model_not_real_llm,False
O0000250,M000099,C007,P06,21.0,kg,21.0,A,2025-01-09,False,True,,,synthetic_error_model_not_real_llm,False
O0000251,M000095,C003,P06,6.0,box,18.0,B,2025-01-09,True,True,,,synthetic_error_model_not_real_llm,True
O0000252,M000093,C001,P06,24.0,kg,24.0,B,2025-01-09,False,True,LOW_CONFIDENCE_SUBSTITUTION,SUBSTITUTION,synthetic_error_model_not_real_llm,True
O0000253,M000099,C007,P07,3.0,crate,48.0,A,2025-01-09,False,True,,,synthetic_error_model_not_real_llm,False
O0000254,M000095,C003,P07,48.0,kg,48.0,B,2025-01-09,,True,MISSING_SUBSTITUTION,SUBSTITUTION,synthetic_error_model_not_real_llm,True
O0000255,M000094,C002,P07,23.0,kg,23.0,A,2025-01-09,False,True,,,synthetic_error_model_not_real_llm,False
O0000256,M000094,C002,P08,35.0,kg,35.0,A,2025-01-09,False,True,,,synthetic_error_model_not_real_llm,False
O0000257,M000097,C005,P08,5.0,box,25.0,B,2025-01-09,True,True,,,synthetic_error_model_not_real_llm,True
O0000258,M000101,C009,P08,10.0,kg,10.0,B,2025-01-09,False,True,,,synthetic_error_model_not_real_llm,False
O0000259,M000106,C002,P01,63.0,kg,63.0,B,2025-01-10,True,True,,,synthetic_error_model_not_real_llm,False
O0000260,M000109,C006,P01,44.0,kg,44.0,A,2025-01-10,False,True,,,synthetic_error_model_not_real_llm,False
O0000261,M000111,C009,P02,9.0,box,36.0,A,2025-01-10,False,True,,,synthetic_error_model_not_real_llm,False
O0000262,M000108,C004,P02,3.0,box,12.0,B,2025-01-10,True,True,,,synthetic_error_model_not_real_llm,False
O0000263,M000106,C002,P02,27.0,kg,27.0,B,2025-01-10,True,True,,,synthetic_error_model_not_real_llm,False
O0000264,M000110,C008,P03,14.0,box,84.0,B,2025-01-10,True,True,,UNIT,synthetic_error_model_not_real_llm,True
O0000265,M000112,C010,P03,48.0,kg,48.0,B,2025-01-10,True,True,,,synthetic_error_model_not_real_llm,False
O0000266,M000106,C002,P03,18.0,kg,18.0,A,2025-01-10,False,True,,,synthetic_error_model_not_real_llm,False
O0000267,M000108,C004,P04,11.0,kg,11.0,B,2025-01-10,True,True,,,synthetic_error_model_not_real_llm,False
O0000268,M000105,C001,P04,8.0,box,24.0,A,2025-01-10,False,True,,,synthetic_error_model_not_real_llm,False
O0000269,M000112,C010,P04,36.0,kg,36.0,A,2025-01-10,False,True,,,synthetic_error_model_not_real_llm,False
O0000270,M000110,C008,P05,50.0,kg,50.0,,2025-01-10,False,True,MISSING_GRADE,GRADE,synthetic_error_model_not_real_llm,True
O0000271,M000109,C006,P05,36.0,kg,36.0,A,2025-01-10,False,True,,,synthetic_error_model_not_real_llm,False
O0000272,M000113,C011,P06,4.0,box,12.0,A,2025-01-10,True,True,,,synthetic_error_model_not_real_llm,False
O0000273,M000110,C008,P06,30.0,box,90.0,A,2025-01-10,False,True,LOW_CONFIDENCE_UNIT,UNIT,synthetic_error_model_not_real_llm,True
O0000274,M000107,C003,P06,19.0,kg,19.0,A,2025-01-10,False,True,,,synthetic_error_model_not_real_llm,False
O0000275,M000108,C004,P06,13.0,kg,13.0,B,2025-01-10,True,True,,,synthetic_error_model_not_real_llm,False
O0000276,M000111,C009,P07,22.0,kg,22.0,A,2025-01-10,True,True,,SUBSTITUTION,synthetic_error_model_not_real_llm,False
O0000277,M000113,C011,P07,82.0,kg,82.0,A,2025-01-10,False,True,,,synthetic_error_model_not_real_llm,False
O0000278,M000107,C003,P07,19.0,kg,19.0,B,2025-01-10,True,True,,,synthetic_error_model_not_real_llm,False
O0000279,M000108,C004,P07,26.0,kg,26.0,B,2025-01-10,False,True,,,synthetic_error_model_not_real_llm,False
O0000280,M000113,C011,P08,32.0,kg,32.0,B,2025-01-10,True,True,,,synthetic_error_model_not_real_llm,False
O0000281,M000110,C008,P08,10.0,box,50.0,A,2025-01-10,False,True,,,synthetic_error_model_not_real_llm,True
O0000282,M000123,C010,P01,13.0,kg,13.0,A,2025-01-11,False,True,,,synthetic_error_model_not_real_llm,False
O0000283,M000119,C006,P01,24.0,kg,24.0,A,2025-01-11,False,True,,,synthetic_error_model_not_real_llm,False
O0000284,M000115,C002,P01,12.0,kg,12.0,A,2025-01-11,False,True,,,synthetic_error_model_not_real_llm,False
O0000285,M000114,C001,P01,25.0,kg,25.0,A,2025-01-11,False,True,,,synthetic_error_model_not_real_llm,True
O0000286,M000122,C009,P01,61.0,,,B,2025-01-11,True,True,MISSING_UNIT,UNIT,synthetic_error_model_not_real_llm,True
O0000287,M000125,C012,P02,55.0,kg,55.0,A,2025-01-11,False,True,,,synthetic_error_model_not_real_llm,False
O0000288,M000115,C002,P02,5.0,kg,5.0,B,2025-01-11,True,True,,,synthetic_error_model_not_real_llm,False
O0000289,M000124,C011,P02,72.0,kg,72.0,B,2025-01-11,True,True,,,synthetic_error_model_not_real_llm,False
O0000290,M000116,C003,P03,55.0,kg,55.0,B,2025-01-11,True,True,,,synthetic_error_model_not_real_llm,False
O0000291,M000114,C001,P03,44.0,kg,44.0,A,2025-01-11,False,True,,,synthetic_error_model_not_real_llm,True
O0000292,M000117,,,,,,,,,False,INVALID_JSON,INVALID_JSON,synthetic_error_model_not_real_llm,True
O0000293,M000123,C010,P04,8.0,box,24.0,A,2025-01-11,False,True,,,synthetic_error_model_not_real_llm,False
O0000294,M000117,,,,,,,,,False,INVALID_JSON,INVALID_JSON,synthetic_error_model_not_real_llm,True
O0000295,M000118,C005,P05,10.0,kg,10.0,B,2025-01-11,True,True,,,synthetic_error_model_not_real_llm,True
O0000296,M000115,C002,P05,3.0,kg,3.0,B,2025-01-11,False,True,,,synthetic_error_model_not_real_llm,False
O0000297,M000120,C007,P05,,kg,,B,2025-01-11,True,True,MISSING_QUANTITY,QUANTITY,synthetic_error_model_not_real_llm,True
O0000298,M000120,C007,P06,14.0,kg,14.0,A,2025-01-11,True,True,,,synthetic_error_model_not_real_llm,True
O0000299,M000119,C006,P06,1.0,crate,6.0,A,2025-01-11,False,True,,,synthetic_error_model_not_real_llm,False
O0000300,M000114,C001,P06,5.0,,,B,2025-01-11,True,True,MISSING_UNIT,UNIT,synthetic_error_model_not_real_llm,True
O0000301,M000117,,,,,,,,,False,INVALID_JSON,INVALID_JSON,synthetic_error_model_not_real_llm,True
O0000302,M000121,C008,P06,13.0,kg,13.0,A,2025-01-11,True,True,,,synthetic_error_model_not_real_llm,False
O0000303,M000118,C005,P07,29.0,kg,29.0,A,2025-01-11,False,True,,,synthetic_error_model_not_real_llm,True
O0000304,M000124,C011,P07,9.0,box,72.0,B,2025-01-11,False,True,,,synthetic_error_model_not_real_llm,False
O0000305,M000121,C008,P07,10.0,kg,10.0,B,2025-01-11,True,True,,,synthetic_error_model_not_real_llm,False
O0000306,M000122,C009,P07,30.0,kg,30.0,B,2025-01-11,True,True,,,synthetic_error_model_not_real_llm,True
O0000307,M000125,C012,P08,3.0,kg,3.0,B,2025-01-11,False,True,,,synthetic_error_model_not_real_llm,False
O0000308,M000117,,,,,,,,,False,INVALID_JSON,INVALID_JSON,synthetic_error_model_not_real_llm,True
O0000309,M000115,C002,P08,4.0,box,20.0,B,2025-01-11,True,True,,,synthetic_error_model_not_real_llm,False
O0000310,M000120,C007,P08,3.0,box,15.0,B,2025-01-11,True,True,,,synthetic_error_model_not_real_llm,True
O0000311,M000129,C004,P01,45.0,kg,45.0,A,2025-01-12,False,True,,,synthetic_error_model_not_real_llm,False
O0000312,M000131,C006,P01,20.0,kg,20.0,,2025-01-12,False,True,MISSING_GRADE,GRADE,synthetic_error_model_not_real_llm,True
O0000313,M000128,C003,P01,46.0,kg,46.0,,2025-01-12,False,True,MISSING_GRADE,GRADE,synthetic_error_model_not_real_llm,True
O0000314,M000133,C008,P01,11.0,kg,11.0,B,2025-01-12,False,True,,,synthetic_error_model_not_real_llm,False
O0000315,M000127,C002,P01,27.0,kg,27.0,A,2025-01-12,False,True,,,synthetic_error_model_not_real_llm,False
O0000316,M000132,C007,P02,60.0,kg,60.0,B,2025-01-12,True,True,,,synthetic_error_model_not_real_llm,False
O0000317,M000135,C010,P02,37.0,kg,37.0,A,2025-01-12,True,True,,,synthetic_error_model_not_real_llm,False
O0000318,M000128,C003,P02,34.0,kg,34.0,B,2025-01-12,False,True,,,synthetic_error_model_not_real_llm,True
O0000319,M000130,C005,P03,19.0,kg,19.0,A,2025-01-12,False,True,,,synthetic_error_model_not_real_llm,False
O0000320,M000131,C006,P03,4.0,crate,48.0,A,2025-01-12,False,True,,,synthetic_error_model_not_real_llm,True
O0000321,M000128,C003,P03,14.0,kg,14.0,B,2025-01-12,False,True,,,synthetic_error_model_not_real_llm,True
O0000322,M000137,C012,P03,6.0,kg,6.0,B,2025-01-12,True,True,,,synthetic_error_model_not_real_llm,False
O0000323,M000134,C009,P03,45.0,kg,45.0,A,2025-01-12,True,True,,,synthetic_error_model_not_real_llm,False
O0000324,M000126,C001,P04,5.0,kg,5.0,A,2025-01-12,False,True,,,synthetic_error_model_not_real_llm,False
O0000325,M000128,C003,P04,20.0,kg,20.0,B,2025-01-12,True,True,,QUANTITY,synthetic_error_model_not_real_llm,True
O0000326,M000134,C009,P04,13.0,kg,13.0,A,2025-01-12,False,True,,,synthetic_error_model_not_real_llm,False
O0000327,M000135,C010,P04,3.0,kg,3.0,B,2025-01-12,False,True,,,synthetic_error_model_not_real_llm,False
O0000328,M000131,C006,P04,7.0,box,21.0,A,2025-01-12,True,True,,,synthetic_error_model_not_real_llm,True
O0000329,M000135,C010,P05,1.0,crate,10.0,A,2025-01-12,False,True,,,synthetic_error_model_not_real_llm,False
O0000330,M000132,C007,P05,15.0,kg,15.0,B,2025-01-13,True,True,,DATE,synthetic_error_model_not_real_llm,False
O0000331,M000126,C001,P05,11.0,kg,11.0,B,2025-01-12,False,True,,,synthetic_error_model_not_real_llm,False
O0000332,M000131,C006,P05,6.0,kg,6.0,A,2025-01-12,False,True,,,synthetic_error_model_not_real_llm,True
O0000333,M000134,C009,P05,17.0,kg,17.0,A,2025-01-12,False,True,,,synthetic_error_model_not_real_llm,False
O0000334,M000126,C001,P06,18.0,kg,18.0,A,2025-01-12,False,True,,,synthetic_error_model_not_real_llm,False
O0000335,M000129,C004,P06,4.0,crate,24.0,A,2025-01-12,True,True,,,synthetic_error_model_not_real_llm,False
O0000336,M000131,C006,P06,3.0,kg,3.0,A,2025-01-12,False,True,,,synthetic_error_model_not_real_llm,True
O0000337,M000133,C008,P06,20.0,kg,20.0,A,2025-01-12,False,True,,,synthetic_error_model_not_real_llm,False
O0000338,M000129,C004,P07,37.0,kg,37.0,B,2025-01-12,True,True,,,synthetic_error_model_not_real_llm,False
O0000339,M000137,C012,P07,7.0,box,56.0,B,2025-01-12,False,True,,,synthetic_error_model_not_real_llm,False
O0000340,M000127,C002,P07,5.0,crate,80.0,B,2025-01-12,True,True,,,synthetic_error_model_not_real_llm,False
O0000341,M000133,C008,P08,3.0,kg,3.0,A,2025-01-12,True,True,,,synthetic_error_model_not_real_llm,False
O0000342,M000135,C010,P08,32.0,kg,32.0,B,2025-01-12,False,True,,,synthetic_error_model_not_real_llm,False
O0000343,M000128,C003,,6.0,kg,,A,2025-01-12,False,True,MISSING_PRODUCT,PRODUCT,synthetic_error_model_not_real_llm,True
O0000344,M000136,C011,P08,3.0,,,B,2025-01-12,True,True,MISSING_UNIT,UNIT,synthetic_error_model_not_real_llm,True
O0000345,M000140,C003,P01,5.0,kg,5.0,A,2025-01-13,False,True,,,synthetic_error_model_not_real_llm,True
O0000346,M000144,C007,P01,16.0,kg,16.0,A,2025-01-13,False,True,,,synthetic_error_model_not_real_llm,False
O0000347,M000143,C006,P01,15.0,kg,15.0,B,2025-01-13,True,True,,,synthetic_error_model_not_real_llm,False
O0000348,M000147,C011,P01,9.0,kg,9.0,B,2025-01-13,True,True,,,synthetic_error_model_not_real_llm,True
O0000349,M000141,C004,P01,19.0,kg,19.0,B,2025-01-13,False,True,,,synthetic_error_model_not_real_llm,False
O0000350,M000142,C005,P02,4.0,crate,32.0,A,2025-01-13,False,True,,,synthetic_error_model_not_real_llm,False
O0000351,M000147,C011,P02,3.0,crate,24.0,B,2025-01-13,,True,MISSING_SUBSTITUTION,SUBSTITUTION,synthetic_error_model_not_real_llm,True
O0000352,M000140,C003,P03,12.0,kg,12.0,A,2025-01-13,False,True,,,synthetic_error_model_not_real_llm,True
O0000353,M000146,C010,P03,21.0,kg,21.0,A,2025-01-13,False,True,,,synthetic_error_model_not_real_llm,False
O0000354,M000148,C012,P03,9.0,box,54.0,A,2025-01-13,False,True,,,synthetic_error_model_not_real_llm,False
O0000355,M000147,C011,P04,5.0,kg,5.0,A,2025-01-13,True,True,,SUBSTITUTION,synthetic_error_model_not_real_llm,True
O0000356,M000141,C004,P04,53.0,kg,53.0,B,2025-01-13,True,True,,,synthetic_error_model_not_real_llm,False
O0000357,M000138,C001,P05,20.0,kg,20.0,B,2025-01-13,True,True,,,synthetic_error_model_not_real_llm,True
O0000358,M000144,C007,P05,9.0,kg,9.0,A,2025-01-13,False,True,,,synthetic_error_model_not_real_llm,False
O0000359,M000142,C005,P05,5.0,box,25.0,A,2025-01-13,False,True,,,synthetic_error_model_not_real_llm,False
O0000360,M000145,C008,P05,27.0,kg,27.0,B,2025-01-13,True,True,,,synthetic_error_model_not_real_llm,False
O0000361,M000145,C008,P06,4.0,crate,24.0,A,2025-01-13,False,True,,QUANTITY,synthetic_error_model_not_real_llm,False
O0000362,M000139,C002,P06,6.0,kg,6.0,B,2025-01-13,True,True,,,synthetic_error_model_not_real_llm,False
O0000363,M000142,C005,P06,10.0,kg,10.0,A,2025-01-13,False,True,,,synthetic_error_model_not_real_llm,False
O0000364,M000138,C001,,2.0,crate,,A,2025-01-13,False,True,MISSING_PRODUCT,PRODUCT,synthetic_error_model_not_real_llm,True
O0000365,M000138,C001,P07,2.0,crate,32.0,A,2025-01-13,True,True,,,synthetic_error_model_not_real_llm,True
O0000366,M000147,C011,P07,21.0,kg,21.0,B,2025-01-13,False,True,,,synthetic_error_model_not_real_llm,True
O0000367,M000139,C002,P07,22.0,kg,22.0,B,2025-01-13,False,True,,SUBSTITUTION,synthetic_error_model_not_real_llm,False
O0000368,M000147,C011,P08,1.0,box,5.0,A,2025-01-13,False,True,,,synthetic_error_model_not_real_llm,True
O0000369,M000141,C004,P08,9.0,box,45.0,B,2025-01-13,True,True,,,synthetic_error_model_not_real_llm,False
O0000370,M000139,C002,P08,7.0,kg,7.0,B,2025-01-13,True,True,,,synthetic_error_model_not_real_llm,False
O0000371,M000153,C005,,44.0,kg,,A,2025-01-14,False,True,MISSING_PRODUCT,PRODUCT,synthetic_error_model_not_real_llm,True
O0000372,M000159,C011,P01,7.0,kg,7.0,A,2025-01-14,False,True,,,synthetic_error_model_not_real_llm,False
O0000373,M000151,C003,P01,29.0,kg,29.0,A,2025-01-14,True,True,,,synthetic_error_model_not_real_llm,False
O0000374,M000157,C009,P02,3.0,crate,24.0,A,2025-01-14,True,True,LOW_CONFIDENCE_SUBSTITUTION,SUBSTITUTION,synthetic_error_model_not_real_llm,True
O0000375,M000156,C008,P02,43.0,kg,43.0,B,,False,True,MISSING_DATE,DATE,synthetic_error_model_not_real_llm,True
O0000376,M000157,C009,P03,10.0,kg,10.0,A,2025-01-14,False,True,LOW_CONFIDENCE_QUANTITY,QUANTITY,synthetic_error_model_not_real_llm,True
O0000377,M000158,C010,P03,3.0,crate,36.0,A,2025-01-14,False,True,,,synthetic_error_model_not_real_llm,False
O0000378,M000159,C011,P03,49.0,kg,49.0,A,2025-01-14,False,True,,,synthetic_error_model_not_real_llm,False
O0000379,M000151,C003,P03,28.0,kg,28.0,A,2025-01-14,False,True,,,synthetic_error_model_not_real_llm,False
O0000380,M000149,C001,P04,11.0,kg,11.0,B,2025-01-14,True,True,,,synthetic_error_model_not_real_llm,True
O0000381,M000151,C003,P04,8.0,kg,8.0,B,2025-01-14,False,True,,,synthetic_error_model_not_real_llm,False
O0000382,M000152,C004,P04,8.0,kg,8.0,A,2025-01-14,False,True,,,synthetic_error_model_not_real_llm,False
O0000383,M000155,C007,P05,1.0,box,5.0,A,2025-01-14,,True,LOW_CONFIDENCE_PRODUCT|MISSING_SUBSTITUTION,PRODUCT|SUBSTITUTION,synthetic_error_model_not_real_llm,True
O0000384,M000158,C010,P05,33.0,kg,33.0,A,2025-01-14,False,True,,,synthetic_error_model_not_real_llm,False
O0000385,M000151,C003,P05,1.0,crate,10.0,A,2025-01-14,False,True,,,synthetic_error_model_not_real_llm,False
O0000386,M000150,C002,P05,1.0,box,5.0,B,2025-01-14,True,True,,,synthetic_error_model_not_real_llm,False
O0000387,M000149,C001,P05,14.0,kg,14.0,B,2025-01-14,False,True,,,synthetic_error_model_not_real_llm,True
O0000388,M000156,C008,P06,39.0,kg,39.0,A,2025-01-14,False,True,,,synthetic_error_model_not_real_llm,True
O0000389,M000154,C006,P06,54.0,kg,54.0,A,2025-01-14,True,True,,,synthetic_error_model_not_real_llm,False
O0000390,M000153,C005,P07,7.0,kg,7.0,A,2025-01-14,True,True,,,synthetic_error_model_not_real_llm,True
O0000391,M000149,C001,P07,3.0,box,24.0,A,2025-01-14,False,True,,,synthetic_error_model_not_real_llm,True
O0000392,M000160,C012,P07,64.0,kg,64.0,A,2025-01-14,False,True,,,synthetic_error_model_not_real_llm,False
O0000393,M000154,C006,P07,10.0,kg,10.0,B,2025-01-14,False,True,,SUBSTITUTION,synthetic_error_model_not_real_llm,False
O0000394,M000150,C002,P07,17.0,kg,17.0,A,2025-01-13,False,True,,DATE,synthetic_error_model_not_real_llm,False
O0000395,M000151,C003,P08,20.0,kg,20.0,B,2025-01-14,False,True,,SUBSTITUTION,synthetic_error_model_not_real_llm,False
O0000396,M000158,C010,P08,14.0,kg,14.0,B,2025-01-14,True,True,,,synthetic_error_model_not_real_llm,False
O0000397,M000159,C011,P08,15.0,kg,15.0,A,2025-01-14,False,True,,,synthetic_error_model_not_real_llm,False
O0000398,M000149,C001,P08,7.0,kg,7.0,B,2025-01-14,,True,MISSING_SUBSTITUTION,SUBSTITUTION,synthetic_error_model_not_real_llm,True
O0000399,M000162,C002,P01,8.0,box,40.0,A,2025-01-15,False,True,,,synthetic_error_model_not_real_llm,False
O0000400,M000172,C012,P01,20.0,kg,20.0,A,2025-01-15,False,True,,,synthetic_error_model_not_real_llm,True
O0000401,M000166,C006,P01,81.0,kg,81.0,A,2025-01-15,False,True,,,synthetic_error_model_not_real_llm,False
O0000402,M000165,C005,P02,3.0,kg,3.0,B,2025-01-15,True,True,,,synthetic_error_model_not_real_llm,False
O0000403,M000172,C012,P02,60.0,kg,60.0,B,2025-01-14,False,True,LOW_CONFIDENCE_DATE,DATE,synthetic_error_model_not_real_llm,True
O0000404,M000164,C004,P02,19.0,kg,19.0,B,2025-01-15,False,True,,,synthetic_error_model_not_real_llm,False
O0000405,M000166,C006,P03,10.0,box,60.0,A,2025-01-15,False,True,,,synthetic_error_model_not_real_llm,False
O0000406,M000163,C003,P03,1.0,box,6.0,B,2025-01-15,False,True,,,synthetic_error_model_not_real_llm,False
O0000407,M000169,C009,P03,3.0,crate,36.0,A,2025-01-15,False,True,,,synthetic_error_model_not_real_llm,False
O0000408,M000171,C011,P03,20.0,kg,20.0,A,2025-01-15,False,True,,,synthetic_error_model_not_real_llm,True
O0000409,M000164,C004,P04,3.0,crate,18.0,B,2025-01-15,True,True,,,synthetic_error_model_not_real_llm,False
O0000410,M000172,C012,P04,7.0,crate,42.0,A,2025-01-15,True,True,LOW_CONFIDENCE_SUBSTITUTION,SUBSTITUTION,synthetic_error_model_not_real_llm,True
O0000411,M000165,C005,P05,3.0,crate,30.0,A,2025-01-15,False,True,,,synthetic_error_model_not_real_llm,False
O0000412,M000172,C012,P05,38.0,kg,38.0,A,2025-01-15,False,True,,,synthetic_error_model_not_real_llm,True
O0000413,M000170,C010,P06,4.0,,,A,2025-01-15,False,True,MISSING_UNIT,UNIT,synthetic_error_model_not_real_llm,True
O0000414,M000168,C008,P06,28.0,kg,28.0,A,2025-01-15,False,True,,,synthetic_error_model_not_real_llm,False
O0000415,M000161,C001,P06,17.0,kg,17.0,A,2025-01-15,False,True,LOW_CONFIDENCE_GRADE,GRADE,synthetic_error_model_not_real_llm,True
O0000416,M000169,C009,P07,48.0,kg,48.0,A,2025-01-15,False,True,,,synthetic_error_model_not_real_llm,False
O0000417,M000167,C007,P07,3.0,kg,3.0,A,2025-01-15,False,True,,,synthetic_error_model_not_real_llm,False
O0000418,M000172,C012,P07,36.0,kg,36.0,A,2025-01-15,True,True,,,synthetic_error_model_not_real_llm,True
O0000419,M000172,C012,P08,14.0,kg,14.0,A,2025-01-15,False,True,,,synthetic_error_model_not_real_llm,True
O0000420,M000163,C003,P08,36.0,kg,36.0,A,2025-01-15,False,True,,,synthetic_error_model_not_real_llm,False
O0000421,M000182,C010,P01,26.0,kg,26.0,B,2025-01-16,True,True,,,synthetic_error_model_not_real_llm,False
O0000422,M000184,C012,P01,56.0,kg,56.0,A,2025-01-16,False,True,,,synthetic_error_model_not_real_llm,False
O0000423,M000177,C005,P01,39.0,kg,39.0,B,2025-01-16,True,True,,,synthetic_error_model_not_real_llm,False
O0000424,M000175,C003,P01,31.0,kg,31.0,B,2025-01-16,False,True,,,synthetic_error_model_not_real_llm,True
O0000425,M000183,C011,P01,2.0,box,10.0,A,2025-01-16,False,True,,,synthetic_error_model_not_real_llm,False
O0000426,M000178,C006,P02,54.0,kg,54.0,A,2025-01-16,False,True,,,synthetic_error_model_not_real_llm,False
O0000427,M000177,C005,P02,10.0,kg,10.0,B,2025-01-16,True,True,,,synthetic_error_model_not_real_llm,False
O0000428,M000174,C002,P03,3.0,kg,3.0,A,2025-01-16,True,True,,,synthetic_error_model_not_real_llm,False
O0000429,M000175,C003,P03,1.0,crate,12.0,A,2025-01-16,False,True,LOW_CONFIDENCE_QUANTITY,QUANTITY,synthetic_error_model_not_real_llm,True
O0000430,M000177,C005,P03,20.0,kg,20.0,B,2025-01-16,True,True,,,synthetic_error_model_not_real_llm,False
O0000431,M000183,C011,P03,23.0,kg,23.0,A,2025-01-16,False,True,,,synthetic_error_model_not_real_llm,False
O0000432,M000182,C010,P03,22.0,kg,22.0,B,2025-01-16,True,True,,,synthetic_error_model_not_real_llm,False
O0000433,M000179,C007,P04,24.0,kg,24.0,B,2025-01-16,True,True,,,synthetic_error_model_not_real_llm,False
O0000434,M000173,C001,P04,2.0,crate,12.0,B,2025-01-16,True,True,,,synthetic_error_model_not_real_llm,False
O0000435,M000176,C004,P04,2.0,crate,12.0,A,2025-01-16,False,True,,,synthetic_error_model_not_real_llm,False
O0000436,M000177,C005,P04,27.0,kg,27.0,B,2025-01-16,True,True,,,synthetic_error_model_not_real_llm,False
O0000437,M000182,C010,P04,3.0,box,9.0,B,2025-01-16,True,True,,,synthetic_error_model_not_real_llm,False
O0000438,M000180,C008,P05,23.0,kg,23.0,B,2025-01-16,True,True,,,synthetic_error_model_not_real_llm,True
O0000439,M000179,C007,P05,5.0,kg,5.0,A,2025-01-16,True,True,,,synthetic_error_model_not_real_llm,False
O0000440,M000174,C002,P05,1.0,box,5.0,B,2025-01-16,True,True,,,synthetic_error_model_not_real_llm,False
O0000441,M000178,C006,P05,1.0,box,5.0,A,2025-01-16,False,True,,,synthetic_error_model_not_real_llm,False
O0000442,M000181,C009,P05,11.0,kg,11.0,A,2025-01-16,False,True,,,synthetic_error_model_not_real_llm,False
O0000443,M000176,C004,P06,4.0,kg,4.0,A,2025-01-16,False,True,,,synthetic_error_model_not_real_llm,False
O0000444,M000181,C009,P06,5.0,box,15.0,B,2025-01-16,True,True,,,synthetic_error_model_not_real_llm,False
O0000445,M000178,C006,P06,28.0,kg,28.0,B,2025-01-16,False,True,,,synthetic_error_model_not_real_llm,False
O0000446,M000175,C003,P06,17.0,kg,17.0,A,2025-01-16,True,True,,GRADE,synthetic_error_model_not_real_llm,True
O0000447,M000180,C008,P07,43.0,kg,43.0,B,2025-01-16,True,True,,,synthetic_error_model_not_real_llm,True
O0000448,M000175,C003,P07,7.0,box,56.0,A,2025-01-16,False,True,,,synthetic_error_model_not_real_llm,True
O0000449,M000181,C009,P08,4.0,kg,4.0,A,2025-01-16,False,True,,,synthetic_error_model_not_real_llm,False
O0000450,M000179,C007,P08,18.0,kg,18.0,A,2025-01-16,False,True,,,synthetic_error_model_not_real_llm,False
O0000451,M000180,C008,P08,11.0,kg,11.0,A,2025-01-16,False,True,LOW_CONFIDENCE_QUANTITY,QUANTITY,synthetic_error_model_not_real_llm,True
O0000452,M000173,C001,P08,12.0,kg,12.0,A,2025-01-16,True,True,,SUBSTITUTION,synthetic_error_model_not_real_llm,False
O0000453,M000196,C012,P01,101.0,kg,101.0,B,2025-01-17,True,True,,,synthetic_error_model_not_real_llm,True
O0000454,M000191,C007,P01,8.0,box,40.0,A,2025-01-17,False,True,,,synthetic_error_model_not_real_llm,False
O0000455,M000185,C001,P01,8.0,kg,8.0,A,2025-01-17,True,True,,,synthetic_error_model_not_real_llm,True
O0000456,M000195,C011,P02,4.0,crate,32.0,A,2025-01-18,False,True,,DATE,synthetic_error_model_not_real_llm,False
O0000457,M000193,C009,P02,2.0,box,8.0,A,2025-01-17,False,True,,,synthetic_error_model_not_real_llm,False
O0000458,M000192,C008,P02,3.0,box,12.0,B,2025-01-17,True,True,,,synthetic_error_model_not_real_llm,True
O0000459,M000186,C002,P03,1.0,box,6.0,B,2025-01-17,True,True,,,synthetic_error_model_not_real_llm,True
O0000460,M000190,C006,P03,12.0,kg,12.0,B,2025-01-17,True,True,,,synthetic_error_model_not_real_llm,True
O0000461,M000189,C005,P03,4.0,box,24.0,B,2025-01-17,False,True,,,synthetic_error_model_not_real_llm,False
O0000462,M000195,C011,P03,3.0,crate,36.0,A,2025-01-17,True,True,,SUBSTITUTION,synthetic_error_model_not_real_llm,False
O0000463,M000189,C005,P04,5.0,box,15.0,B,2025-01-17,True,True,,,synthetic_error_model_not_real_llm,False
O0000464,M000191,C007,P04,8.0,kg,8.0,A,2025-01-17,False,True,,,synthetic_error_model_not_real_llm,False
O0000465,M000192,C008,P04,8.0,kg,8.0,A,2025-01-17,False,True,,,synthetic_error_model_not_real_llm,True
O0000466,M000196,C012,P04,4.0,box,12.0,B,2025-01-17,,True,MISSING_SUBSTITUTION,SUBSTITUTION,synthetic_error_model_not_real_llm,True
O0000467,M000188,C004,,5.0,box,,A,2025-01-17,False,True,LOW_CONFIDENCE_QUANTITY|MISSING_PRODUCT,PRODUCT|QUANTITY,synthetic_error_model_not_real_llm,True
O0000468,M000188,C004,P05,30.0,,,,2025-01-17,False,True,MISSING_GRADE|MISSING_UNIT,GRADE|UNIT,synthetic_error_model_not_real_llm,True
O0000469,M000194,C010,P03,16.0,kg,16.0,A,2025-01-17,False,True,,PRODUCT,synthetic_error_model_not_real_llm,False
O0000470,M000189,C005,P05,1.0,box,5.0,B,2025-01-17,True,True,,,synthetic_error_model_not_real_llm,False
O0000471,M000185,C001,P05,1.0,crate,10.0,A,2025-01-17,True,True,,,synthetic_error_model_not_real_llm,True
O0000472,M000195,C011,P06,9.0,kg,9.0,B,2025-01-17,False,True,,,synthetic_error_model_not_real_llm,False
O0000473,M000196,C012,P06,1.0,box,3.0,B,2025-01-17,True,True,,,synthetic_error_model_not_real_llm,True
O0000474,M000187,C003,P06,3.0,kg,3.0,A,2025-01-17,False,True,,,synthetic_error_model_not_real_llm,False
O0000475,M000185,C001,,2.0,crate,,A,2025-01-17,False,True,MISSING_PRODUCT,PRODUCT,synthetic_error_model_not_real_llm,True
O0000476,M000190,C006,P06,29.0,,,A,2025-01-17,False,True,MISSING_UNIT,UNIT,synthetic_error_model_not_real_llm,True
O0000477,M000189,C005,P07,44.0,kg,44.0,A,2025-01-17,False,True,,,synthetic_error_model_not_real_llm,False
O0000478,M000186,C002,P07,1.0,crate,16.0,A,2025-01-17,False,True,LOW_CONFIDENCE_QUANTITY,QUANTITY,synthetic_error_model_not_real_llm,True
O0000479,M000195,C011,P07,25.0,kg,25.0,A,2025-01-17,False,True,,QUANTITY,synthetic_error_model_not_real_llm,False
O0000480,M000192,C008,P08,60.0,kg,60.0,A,2025-01-17,False,True,LOW_CONFIDENCE_QUANTITY,QUANTITY,synthetic_error_model_not_real_llm,True
O0000481,M000188,C004,P08,15.0,,,B,2025-01-17,False,True,MISSING_UNIT,UNIT,synthetic_error_model_not_real_llm,True
O0000482,M000198,C002,P01,63.0,kg,63.0,A,2025-01-18,False,True,,,synthetic_error_model_not_real_llm,True
O0000483,M000200,C005,P01,32.0,kg,32.0,A,2025-01-18,False,True,,,synthetic_error_model_not_real_llm,False
O0000484,M000206,C012,P02,33.0,kg,33.0,A,2025-01-18,False,True,,,synthetic_error_model_not_real_llm,False
O0000485,M000204,C010,P02,11.0,kg,11.0,B,2025-01-18,True,True,,,synthetic_error_model_not_real_llm,False
O0000486,M000200,C005,P02,1.0,box,4.0,A,2025-01-18,False,True,,,synthetic_error_model_not_real_llm,False
O0000487,M000200,C005,P03,21.0,kg,21.0,A,2025-01-18,False,True,,,synthetic_error_model_not_real_llm,False
O0000488,M000199,C004,P03,2.0,box,12.0,A,2025-01-18,True,True,,,synthetic_error_model_not_real_llm,False
O0000489,M000198,C002,P03,6.0,box,36.0,B,2025-01-18,True,True,,,synthetic_error_model_not_real_llm,True
O0000490,M000197,C001,P04,33.0,kg,33.0,A,2025-01-18,False,True,,,synthetic_error_model_not_real_llm,False
O0000491,M000200,C005,P04,14.0,kg,14.0,B,2025-01-18,True,True,,,synthetic_error_model_not_real_llm,False
O0000492,M000204,C010,P04,17.0,kg,17.0,B,2025-01-18,False,True,,,synthetic_error_model_not_real_llm,False
O0000493,M000206,C012,P05,2.0,box,10.0,B,2025-01-18,True,True,,,synthetic_error_model_not_real_llm,False
O0000494,M000203,C009,P05,14.0,kg,14.0,A,2025-01-18,False,True,,,synthetic_error_model_not_real_llm,False
O0000495,M000202,C008,P05,1.0,crate,10.0,B,2025-01-18,False,True,,,synthetic_error_model_not_real_llm,False
O0000496,M000200,C005,P05,1.0,box,5.0,B,2025-01-18,True,True,,,synthetic_error_model_not_real_llm,False
O0000497,M000205,C011,P05,54.0,kg,54.0,B,2025-01-18,False,True,,QUANTITY,synthetic_error_model_not_real_llm,True
O0000498,M000203,C009,P06,3.0,kg,3.0,B,2025-01-18,True,True,,,synthetic_error_model_not_real_llm,False
O0000499,M000201,C007,P06,6.0,box,18.0,A,2025-01-18,False,True,,,synthetic_error_model_not_real_llm,False
O0000500,M000197,C001,P06,16.0,kg,16.0,A,2025-01-18,False,True,,,synthetic_error_model_not_real_llm,False
O0000501,M000198,C002,P06,6.0,kg,6.0,A,2025-01-18,True,True,LOW_CONFIDENCE_SUBSTITUTION,SUBSTITUTION,synthetic_error_model_not_real_llm,True
O0000502,M000199,C004,P06,3.0,crate,18.0,B,2025-01-18,False,True,,,synthetic_error_model_not_real_llm,False
O0000503,M000202,C008,P07,15.0,kg,15.0,B,2025-01-18,True,True,,,synthetic_error_model_not_real_llm,False
O0000504,M000197,C001,P07,4.0,box,32.0,A,2025-01-18,False,True,,,synthetic_error_model_not_real_llm,False
O0000505,M000201,C007,P07,28.0,kg,28.0,B,2025-01-18,True,True,,,synthetic_error_model_not_real_llm,False
O0000506,M000205,C011,P07,3.0,crate,48.0,A,2025-01-18,False,True,LOW_CONFIDENCE_UNIT,UNIT,synthetic_error_model_not_real_llm,True
O0000507,M000202,C008,P08,3.0,box,15.0,A,2025-01-18,False,True,,,synthetic_error_model_not_real_llm,False
O0000508,M000198,C002,P02,47.0,kg,47.0,A,2025-01-18,False,True,LOW_CONFIDENCE_PRODUCT,PRODUCT,synthetic_error_model_not_real_llm,True
O0000509,M000211,C005,P01,10.0,kg,10.0,B,2025-01-19,True,True,,,synthetic_error_model_not_real_llm,False
O0000510,M000218,C012,P01,5.0,crate,50.0,B,2025-01-19,True,True,,UNIT,synthetic_error_model_not_real_llm,False
O0000511,M000213,C007,P01,7.0,kg,7.0,B,2025-01-19,True,True,,,synthetic_error_model_not_real_llm,False
O0000512,M000214,C008,P01,14.0,kg,14.0,A,2025-01-19,True,True,,,synthetic_error_model_not_real_llm,False
O0000513,M000212,C006,P02,7.0,kg,7.0,B,2025-01-19,True,True,,,synthetic_error_model_not_real_llm,False
O0000514,M000215,C009,P02,22.0,kg,22.0,A,2025-01-19,False,True,,,synthetic_error_model_not_real_llm,True
O0000515,M000210,C004,P02,5.0,box,20.0,A,2025-01-19,False,True,,,synthetic_error_model_not_real_llm,False
O0000516,M000217,C011,P03,7.0,box,42.0,A,2025-01-19,False,True,,,synthetic_error_model_not_real_llm,True
O0000517,M000215,C009,P03,3.0,,,A,2025-01-19,False,True,MISSING_UNIT,UNIT,synthetic_error_model_not_real_llm,True
O0000518,M000213,C007,P03,14.0,kg,14.0,A,2025-01-19,False,True,,,synthetic_error_model_not_real_llm,False
O0000519,M000208,C002,P03,,kg,,A,2025-01-19,False,True,MISSING_QUANTITY,QUANTITY,synthetic_error_model_not_real_llm,True
O0000520,M000212,C006,P03,7.0,kg,7.0,A,2025-01-19,False,True,,,synthetic_error_model_not_real_llm,False
O0000521,M000213,C007,P04,28.0,kg,28.0,B,2025-01-19,True,True,,,synthetic_error_model_not_real_llm,False
O0000522,M000218,C012,P04,22.0,box,66.0,B,2025-01-19,True,True,,UNIT,synthetic_error_model_not_real_llm,False
O0000523,M000209,C003,P04,9.0,kg,9.0,A,2025-01-19,False,True,,,synthetic_error_model_not_real_llm,False
O0000524,M000217,C011,P05,1.0,crate,10.0,B,2025-01-19,True,True,,,synthetic_error_model_not_real_llm,True
O0000525,M000216,C010,P05,7.0,kg,7.0,B,2025-01-19,False,True,,,synthetic_error_model_not_real_llm,False
O0000526,M000207,C001,P05,1.0,box,5.0,B,2025-01-18,True,True,,DATE,synthetic_error_model_not_real_llm,False
O0000527,M000211,C005,P05,4.0,kg,4.0,B,2025-01-19,True,True,,,synthetic_error_model_not_real_llm,False
O0000528,M000209,C003,P05,9.0,kg,9.0,B,2025-01-19,True,True,,,synthetic_error_model_not_real_llm,False
O0000529,M000213,C007,P06,8.0,kg,8.0,B,2025-01-19,True,True,,,synthetic_error_model_not_real_llm,False
O0000530,M000211,C005,P06,3.0,box,9.0,B,2025-01-19,True,True,,,synthetic_error_model_not_real_llm,False
O0000531,M000217,C011,P06,12.0,kg,12.0,A,2025-01-19,False,True,,,synthetic_error_model_not_real_llm,True
O0000532,M000214,C008,P06,4.0,kg,4.0,B,2025-01-19,True,True,,,synthetic_error_model_not_real_llm,False
O0000533,M000209,C003,P06,3.0,kg,3.0,A,2025-01-19,False,True,,,synthetic_error_model_not_real_llm,False
O0000534,M000215,C009,P07,25.0,kg,25.0,A,2025-01-19,True,True,,,synthetic_error_model_not_real_llm,True
O0000535,M000207,C001,P07,20.0,kg,20.0,B,2025-01-19,False,True,,SUBSTITUTION,synthetic_error_model_not_real_llm,False
O0000536,M000213,C007,P07,19.0,kg,19.0,A,2025-01-19,False,True,,,synthetic_error_model_not_real_llm,False
O0000537,M000214,C008,P07,4.0,box,32.0,B,2025-01-19,True,True,,,synthetic_error_model_not_real_llm,False
O0000538,M000217,C011,P08,10.0,box,50.0,A,,False,True,MISSING_DATE,DATE,synthetic_error_model_not_real_llm,True
O0000539,M000210,C004,P08,30.0,kg,30.0,A,2025-01-19,False,True,,,synthetic_error_model_not_real_llm,False
O0000540,M000221,C003,P01,21.0,kg,21.0,B,2025-01-20,True,True,,,synthetic_error_model_not_real_llm,False
O0000541,M000219,C001,P01,40.0,kg,40.0,A,2025-01-20,True,True,LOW_CONFIDENCE_SUBSTITUTION,SUBSTITUTION,synthetic_error_model_not_real_llm,True
O0000542,M000227,C009,P01,1.0,crate,10.0,A,2025-01-20,False,True,,,synthetic_error_model_not_real_llm,False
O0000543,M000223,C005,P02,9.0,kg,9.0,A,2025-01-20,False,True,,,synthetic_error_model_not_real_llm,False
O0000544,M000225,C007,P02,6.0,kg,6.0,B,2025-01-20,False,True,LOW_CONFIDENCE_QUANTITY,GRADE|QUANTITY,synthetic_error_model_not_real_llm,True
O0000545,M000230,C012,P02,39.0,kg,39.0,B,2025-01-20,True,True,,,synthetic_error_model_not_real_llm,False
O0000546,M000222,C004,P03,2.0,box,12.0,A,2025-01-20,False,True,,,synthetic_error_model_not_real_llm,False
O0000547,M000220,C002,P03,8.0,box,48.0,A,2025-01-20,True,True,,,synthetic_error_model_not_real_llm,False
O0000548,M000228,C010,P03,9.0,kg,9.0,A,2025-01-20,False,True,,,synthetic_error_model_not_real_llm,False
O0000549,M000223,C005,P03,24.0,kg,24.0,A,2025-01-20,False,True,,,synthetic_error_model_not_real_llm,False
O0000550,M000225,C007,P04,7.0,kg,7.0,A,2025-01-20,False,True,,,synthetic_error_model_not_real_llm,True
O0000551,M000229,C011,P04,11.0,kg,11.0,A,2025-01-20,False,True,,,synthetic_error_model_not_real_llm,False
O0000552,M000228,C010,P04,3.0,kg,3.0,B,2025-01-20,True,True,,,synthetic_error_model_not_real_llm,False
O0000553,M000226,C008,P03,16.0,kg,16.0,B,2025-01-20,False,True,LOW_CONFIDENCE_PRODUCT,PRODUCT,synthetic_error_model_not_real_llm,True
O0000554,M000224,C006,P04,5.0,box,15.0,A,2025-01-20,False,True,,,synthetic_error_model_not_real_llm,False
O0000555,M000221,C003,P05,1.0,box,5.0,B,2025-01-20,True,True,,,synthetic_error_model_not_real_llm,False
O0000556,M000227,C009,P05,13.0,kg,13.0,B,2025-01-20,False,True,,,synthetic_error_model_not_real_llm,False
O0000557,M000229,C011,P05,7.0,kg,7.0,A,2025-01-20,False,True,,,synthetic_error_model_not_real_llm,False
O0000558,M000228,C010,P05,37.0,kg,37.0,A,2025-01-20,False,True,,,synthetic_error_model_not_real_llm,False
O0000559,M000229,C011,P06,5.0,box,15.0,A,2025-01-20,True,True,,,synthetic_error_model_not_real_llm,False
O0000560,M000225,C007,P06,14.0,kg,14.0,A,2025-01-20,True,True,,,synthetic_error_model_not_real_llm,True
O0000561,M000226,C008,P06,1.0,box,3.0,A,2025-01-20,False,True,,,synthetic_error_model_not_real_llm,True
O0000562,M000229,C011,P07,21.0,kg,21.0,A,2025-01-20,False,True,,,synthetic_error_model_not_real_llm,False
O0000563,M000225,C007,P07,21.0,kg,21.0,B,2025-01-20,True,True,,,synthetic_error_model_not_real_llm,True
O0000564,M000219,C001,P07,34.0,kg,34.0,A,2025-01-20,False,True,,,synthetic_error_model_not_real_llm,True
O0000565,M000224,C006,P07,1.0,box,8.0,B,2025-01-20,True,True,,,synthetic_error_model_not_real_llm,False
O0000566,M000223,C005,P08,8.0,kg,8.0,A,2025-01-20,False,True,,,synthetic_error_model_not_real_llm,False
O0000567,M000226,C008,P08,12.0,kg,12.0,A,2025-01-20,False,True,,,synthetic_error_model_not_real_llm,True
O0000568,M000220,C002,P08,4.0,box,20.0,A,2025-01-20,True,True,,,synthetic_error_model_not_real_llm,False
O0000569,M000225,C007,P08,3.0,box,15.0,B,2025-01-20,True,True,,,synthetic_error_model_not_real_llm,True
O0000570,M000234,C004,P01,51.0,kg,51.0,B,2025-01-21,,True,MISSING_SUBSTITUTION,SUBSTITUTION,synthetic_error_model_not_real_llm,True
O0000571,M000232,C002,P01,15.0,kg,15.0,B,2025-01-21,True,True,,,synthetic_error_model_not_real_llm,False
O0000572,M000242,C012,P01,4.0,box,20.0,A,2025-01-21,True,True,,,synthetic_error_model_not_real_llm,False
O0000573,M000236,C006,P01,4.0,box,20.0,A,2025-01-21,False,True,,,synthetic_error_model_not_real_llm,True
O0000574,M000231,C001,P01,5.0,box,25.0,A,2025-01-21,False,True,,,synthetic_error_model_not_real_llm,False
O0000575,M000237,C007,P02,11.0,kg,11.0,A,2025-01-21,False,True,,,synthetic_error_model_not_real_llm,False
O0000576,M000232,C002,P02,2.0,box,8.0,A,2025-01-21,False,True,,,synthetic_error_model_not_real_llm,False
O0000577,M000233,C003,P02,20.0,kg,20.0,A,2025-01-21,True,True,,SUBSTITUTION,synthetic_error_model_not_real_llm,False
O0000578,M000235,C005,P02,8.0,kg,8.0,B,2025-01-21,True,True,,,synthetic_error_model_not_real_llm,False
O0000579,M000238,C008,P03,3.0,box,18.0,A,2025-01-21,False,True,,,synthetic_error_model_not_real_llm,False
O0000580,M000236,C006,P03,1.0,crate,12.0,A,2025-01-21,False,True,,,synthetic_error_model_not_real_llm,True
O0000581,M000239,,,,,,,,,False,INVALID_JSON,INVALID_JSON,synthetic_error_model_not_real_llm,True
O0000582,M000242,C012,P03,8.0,kg,8.0,A,2025-01-21,False,True,,UNIT,synthetic_error_model_not_real_llm,False
O0000583,M000240,C010,P03,12.0,kg,12.0,B,2025-01-21,False,True,,,synthetic_error_model_not_real_llm,False
O0000584,M000238,C008,P04,9.0,kg,9.0,A,2025-01-21,False,True,,,synthetic_error_model_not_real_llm,False
O0000585,M000236,C006,P04,11.0,box,33.0,A,2025-01-21,True,True,LOW_CONFIDENCE_SUBSTITUTION,SUBSTITUTION|UNIT,synthetic_error_model_not_real_llm,True
O0000586,M000235,C005,P04,6.0,kg,6.0,A,2025-01-21,False,True,,,synthetic_error_model_not_real_llm,False
O0000587,M000240,C010,P04,1.0,crate,6.0,A,2025-01-21,True,True,,,synthetic_error_model_not_real_llm,False
O0000588,M000237,C007,P04,3.0,kg,3.0,B,2025-01-21,True,True,,,synthetic_error_model_not_real_llm,False
O0000589,M000238,C008,P05,45.0,kg,45.0,A,2025-01-21,False,True,,,synthetic_error_model_not_real_llm,False
O0000590,M000234,C004,P05,22.0,kg,22.0,B,2025-01-21,False,True,,,synthetic_error_model_not_real_llm,True
O0000591,M000235,C005,P06,30.0,kg,30.0,A,2025-01-21,False,True,,,synthetic_error_model_not_real_llm,False
O0000592,M000242,C012,P06,4.0,kg,4.0,B,2025-01-21,True,True,,,synthetic_error_model_not_real_llm,False
O0000593,M000237,C007,P06,3.0,box,9.0,A,2025-01-21,False,True,,,synthetic_error_model_not_real_llm,False
O0000594,M000236,C006,P06,1.0,box,3.0,A,2025-01-21,True,True,,,synthetic_error_model_not_real_llm,True
O0000595,M000232,C002,P04,15.0,kg,15.0,A,2025-01-21,False,True,,PRODUCT,synthetic_error_model_not_real_llm,False
O0000596,M000241,C011,P07,23.0,kg,23.0,A,2025-01-21,True,True,,,synthetic_error_model_not_real_llm,False
O0000597,M000242,C012,P07,28.0,kg,28.0,A,2025-01-21,False,True,,,synthetic_error_model_not_real_llm,False
O0000598,M000239,,,,,,,,,False,INVALID_JSON,INVALID_JSON,synthetic_error_model_not_real_llm,True
O0000599,M000237,C007,P07,30.0,kg,30.0,A,2025-01-21,False,True,,,synthetic_error_model_not_real_llm,False
O0000600,M000235,C005,P07,19.0,kg,19.0,B,2025-01-21,True,True,,,synthetic_error_model_not_real_llm,False
O0000601,M000233,C003,P08,5.0,kg,5.0,A,2025-01-21,False,True,,,synthetic_error_model_not_real_llm,False
O0000602,M000234,C004,P08,5.0,box,25.0,A,2025-01-21,False,True,,,synthetic_error_model_not_real_llm,True
O0000603,M000236,C006,P08,15.0,kg,15.0,A,2025-01-21,False,True,,,synthetic_error_model_not_real_llm,True
O0000604,M000248,C006,P01,35.0,kg,35.0,A,2025-01-22,False,True,,,synthetic_error_model_not_real_llm,False
O0000605,M000245,C003,P01,12.0,box,60.0,A,2025-01-22,True,True,LOW_CONFIDENCE_SUBSTITUTION,SUBSTITUTION,synthetic_error_model_not_real_llm,True
O0000606,M000251,C009,P02,19.0,kg,19.0,B,2025-01-22,False,True,,,synthetic_error_model_not_real_llm,False
O0000607,M000253,C011,P02,3.0,crate,24.0,A,2025-01-22,False,True,,,synthetic_error_model_not_real_llm,False
O0000608,M000249,C007,P02,33.0,kg,33.0,A,2025-01-22,False,True,,,synthetic_error_model_not_real_llm,True
O0000609,M000244,C002,P02,11.0,kg,11.0,B,2025-01-22,True,True,,,synthetic_error_model_not_real_llm,False
O0000610,M000243,C001,P03,12.0,kg,12.0,A,2025-01-22,False,True,,,synthetic_error_model_not_real_llm,False
O0000611,M000251,C009,P03,6.0,box,36.0,B,2025-01-22,True,True,,,synthetic_error_model_not_real_llm,False
O0000612,M000249,C007,P03,28.0,box,168.0,A,2025-01-22,False,True,,UNIT,synthetic_error_model_not_real_llm,True
O0000613,M000244,C002,P03,9.0,kg,9.0,A,2025-01-22,False,True,,,synthetic_error_model_not_real_llm,False
O0000614,M000252,C010,P03,25.0,kg,25.0,A,2025-01-22,False,True,,,synthetic_error_model_not_real_llm,True
O0000615,M000251,C009,P04,15.0,kg,15.0,A,2025-01-22,True,True,,,synthetic_error_model_not_real_llm,False
O0000616,M000253,C011,P04,13.0,kg,13.0,A,2025-01-22,True,True,,,synthetic_error_model_not_real_llm,False
O0000617,M000245,C003,P04,3.0,kg,3.0,B,2025-01-22,True,True,,,synthetic_error_model_not_real_llm,True
O0000618,M000243,C001,P04,2.0,box,6.0,A,2025-01-22,False,True,,,synthetic_error_model_not_real_llm,False
O0000619,M000248,C006,P04,1.0,crate,6.0,A,2025-01-22,True,True,,,synthetic_error_model_not_real_llm,False
O0000620,M000246,C004,P05,2.0,box,10.0,A,2025-01-22,False,True,,,synthetic_error_model_not_real_llm,False
O0000621,M000250,C008,P05,16.0,kg,16.0,A,2025-01-22,False,True,,,synthetic_error_model_not_real_llm,True
O0000622,M000251,C009,P05,35.0,kg,35.0,A,2025-01-22,False,True,,,synthetic_error_model_not_real_llm,False
O0000623,M000246,C004,P06,45.0,kg,45.0,A,2025-01-22,True,True,,GRADE,synthetic_error_model_not_real_llm,False
O0000624,M000252,C010,P06,1.0,crate,6.0,A,2025-01-22,False,True,,,synthetic_error_model_not_real_llm,True
O0000625,M000244,C002,P06,1.0,crate,6.0,A,2025-01-22,False,True,,,synthetic_error_model_not_real_llm,False
O0000626,M000243,C001,P07,32.0,kg,32.0,B,2025-01-22,False,True,,,synthetic_error_model_not_real_llm,False
O0000627,M000245,C003,P07,37.0,kg,37.0,B,2025-01-22,True,True,,,synthetic_error_model_not_real_llm,True
O0000628,M000250,C002,P07,12.0,,,A,2025-01-22,False,True,LOW_CONFIDENCE_CUSTOMER|MISSING_UNIT,CUSTOMER|UNIT,synthetic_error_model_not_real_llm,True
O0000629,M000252,C010,,19.0,kg,,B,2025-01-22,False,True,MISSING_PRODUCT,PRODUCT,synthetic_error_model_not_real_llm,True
O0000630,M000249,C007,P08,,kg,,B,2025-01-22,True,True,MISSING_QUANTITY,QUANTITY,synthetic_error_model_not_real_llm,True
O0000631,M000244,C002,P08,12.0,kg,12.0,A,2025-01-22,False,True,,,synthetic_error_model_not_real_llm,False
O0000632,M000247,C005,P08,1.0,box,5.0,A,2025-01-22,False,True,,,synthetic_error_model_not_real_llm,False
O0000633,M000254,C012,P08,20.0,kg,20.0,B,2025-01-22,False,True,,,synthetic_error_model_not_real_llm,False
O0000634,M000245,C003,P01,1.0,box,5.0,A,2025-01-22,True,True,LOW_CONFIDENCE_SUBSTITUTION,PRODUCT|SUBSTITUTION,synthetic_error_model_not_real_llm,True
O0000635,M000265,C011,P01,40.0,kg,40.0,B,2025-01-23,True,True,,,synthetic_error_model_not_real_llm,True
O0000636,M000261,C007,P01,41.0,kg,41.0,A,2025-01-23,False,True,,,synthetic_error_model_not_real_llm,True
O0000637,M000258,C004,P01,86.0,kg,86.0,A,2025-01-23,False,True,,,synthetic_error_model_not_real_llm,False
O0000638,M000255,C001,P02,29.0,kg,29.0,A,2025-01-23,False,True,,,synthetic_error_model_not_real_llm,False
O0000639,M000260,C006,P02,47.0,kg,47.0,B,2025-01-23,True,True,,,synthetic_error_model_not_real_llm,False
O0000640,M000266,,,,,,,,,False,INVALID_JSON,INVALID_JSON,synthetic_error_model_not_real_llm,True
O0000641,M000259,C005,P03,3.0,kg,3.0,B,2025-01-23,False,True,,,synthetic_error_model_not_real_llm,False
O0000642,M000260,C006,P04,13.0,kg,13.0,A,2025-01-23,False,True,,,synthetic_error_model_not_real_llm,False
O0000643,M000261,C007,P04,25.0,kg,25.0,,2025-01-23,True,True,MISSING_GRADE,GRADE,synthetic_error_model_not_real_llm,True
O0000644,M000256,C002,P04,24.0,kg,24.0,B,2025-01-23,True,True,,,synthetic_error_model_not_real_llm,False
O0000645,M000265,C011,P05,6.0,box,30.0,A,2025-01-23,False,True,,,synthetic_error_model_not_real_llm,True
O0000646,M000257,C003,P05,1.0,box,5.0,A,2025-01-23,False,True,,,synthetic_error_model_not_real_llm,True
O0000647,M000257,C003,P06,3.0,kg,3.0,A,2025-01-23,False,True,,,synthetic_error_model_not_real_llm,True
O0000648,M000266,,,,,,,,,False,INVALID_JSON,INVALID_JSON,synthetic_error_model_not_real_llm,True
O0000649,M000255,C001,P06,9.0,kg,9.0,A,2025-01-23,False,True,,,synthetic_error_model_not_real_llm,False
O0000650,M000264,C010,P06,9.0,kg,9.0,A,2025-01-23,False,True,,,synthetic_error_model_not_real_llm,False
O0000651,M000263,C009,,9.0,kg,,A,2025-01-23,False,True,MISSING_PRODUCT,PRODUCT,synthetic_error_model_not_real_llm,True
O0000652,M000262,C008,P07,1.0,box,8.0,B,2025-01-23,True,True,,,synthetic_error_model_not_real_llm,False
O0000653,M000266,,,,,,,,,False,INVALID_JSON,INVALID_JSON,synthetic_error_model_not_real_llm,True
O0000654,M000259,C005,P07,1.0,box,8.0,A,2025-01-23,False,True,,,synthetic_error_model_not_real_llm,False
O0000655,M000261,C007,P07,2.0,box,16.0,A,2025-01-23,False,True,,,synthetic_error_model_not_real_llm,True
O0000656,M000262,C008,P08,3.0,kg,3.0,A,2025-01-23,False,True,,,synthetic_error_model_not_real_llm,False
O0000657,M000257,C003,P08,14.0,kg,14.0,A,2025-01-23,True,True,LOW_CONFIDENCE_SUBSTITUTION,SUBSTITUTION,synthetic_error_model_not_real_llm,True
O0000658,M000258,C004,P08,3.0,crate,30.0,A,2025-01-23,True,True,,,synthetic_error_model_not_real_llm,False
O0000659,M000270,C004,P01,1.0,crate,10.0,B,2025-01-24,False,True,,,synthetic_error_model_not_real_llm,False
O0000660,M000269,C003,P01,48.0,kg,48.0,A,2025-01-24,False,True,,,synthetic_error_model_not_real_llm,True
O0000661,M000275,C009,P01,29.0,kg,29.0,A,2025-01-24,False,True,,,synthetic_error_model_not_real_llm,False
O0000662,M000276,C010,P02,42.0,kg,42.0,B,2025-01-24,True,True,,,synthetic_error_model_not_real_llm,False
O0000663,M000275,C009,P02,11.0,crate,88.0,A,2025-01-24,True,True,,UNIT,synthetic_error_model_not_real_llm,False
O0000664,M000275,C009,P03,31.0,kg,31.0,B,2025-01-24,False,True,,,synthetic_error_model_not_real_llm,False
O0000665,M000267,C001,P03,33.0,kg,33.0,A,2025-01-24,False,True,,,synthetic_error_model_not_real_llm,False
O0000666,M000276,C010,P04,31.0,kg,31.0,A,2025-01-24,False,True,,,synthetic_error_model_not_real_llm,False
O0000667,M000270,C004,P04,3.0,kg,3.0,B,2025-01-24,False,True,,SUBSTITUTION,synthetic_error_model_not_real_llm,False
O0000668,M000275,C009,P04,3.0,kg,3.0,B,2025-01-24,True,True,,,synthetic_error_model_not_real_llm,False
O0000669,M000273,C007,P04,3.0,kg,3.0,A,2025-01-24,False,True,,,synthetic_error_model_not_real_llm,False
O0000670,M000272,C006,P04,1.0,crate,6.0,B,2025-01-24,True,True,,,synthetic_error_model_not_real_llm,False
O0000671,M000271,C005,P05,1.0,crate,10.0,B,2025-01-24,False,True,,,synthetic_error_model_not_real_llm,False
O0000672,M000274,C008,P05,1.0,crate,10.0,B,2025-01-24,True,True,,,synthetic_error_model_not_real_llm,False
O0000673,M000277,C011,P05,2.0,crate,20.0,A,2025-01-24,False,True,,,synthetic_error_model_not_real_llm,False
O0000674,M000269,C003,P05,1.0,crate,10.0,A,2025-01-24,False,True,,,synthetic_error_model_not_real_llm,True
O0000675,M000271,C005,P06,6.0,kg,6.0,B,2025-01-24,True,True,,,synthetic_error_model_not_real_llm,False
O0000676,M000277,C011,P06,13.0,kg,13.0,B,2025-01-24,False,True,,,synthetic_error_model_not_real_llm,False
O0000677,M000269,C003,P06,5.0,box,15.0,A,2025-01-24,True,True,LOW_CONFIDENCE_GRADE,GRADE,synthetic_error_model_not_real_llm,True
O0000678,M000276,C010,P06,10.0,kg,10.0,A,2025-01-24,False,True,,,synthetic_error_model_not_real_llm,False
O0000679,M000269,C003,P07,39.0,kg,39.0,B,2025-01-24,True,True,,,synthetic_error_model_not_real_llm,True
O0000680,M000268,C002,P07,27.0,kg,27.0,A,2025-01-24,False,True,,,synthetic_error_model_not_real_llm,False
O0000681,M000275,C009,P07,36.0,kg,36.0,A,2025-01-24,False,True,,,synthetic_error_model_not_real_llm,False
O0000682,M000267,C001,P03,10.0,kg,10.0,B,2025-01-24,False,True,,PRODUCT|SUBSTITUTION,synthetic_error_model_not_real_llm,False
O0000683,M000271,C005,P08,4.0,box,20.0,B,2025-01-24,True,True,,,synthetic_error_model_not_real_llm,False
O0000684,M000277,C011,P08,4.0,kg,4.0,A,2025-01-24,False,True,,,synthetic_error_model_not_real_llm,False
O0000685,M000278,C012,P08,15.0,kg,15.0,A,2025-01-24,True,True,,,synthetic_error_model_not_real_llm,False
O0000686,M000273,C007,P08,3.0,kg,3.0,A,2025-01-24,False,True,,,synthetic_error_model_not_real_llm,False
O0000687,M000282,C004,P01,58.0,kg,58.0,A,2025-01-25,False,True,,SUBSTITUTION,synthetic_error_model_not_real_llm,False
O0000688,M000283,C005,P01,5.0,box,25.0,A,2025-01-25,False,True,,,synthetic_error_model_not_real_llm,False
O0000689,M000287,C009,P01,3.0,box,15.0,B,2025-01-25,True,True,,,synthetic_error_model_not_real_llm,False
O0000690,M000290,C012,P01,17.0,kg,17.0,B,2025-01-25,True,True,,,synthetic_error_model_not_real_llm,False
O0000691,M000279,C001,P02,23.0,kg,23.0,A,2025-01-25,False,True,,,synthetic_error_model_not_real_llm,False
O0000692,M000287,C009,P02,14.0,kg,14.0,A,2025-01-25,False,True,,,synthetic_error_model_not_real_llm,False
O0000693,M000289,C011,P02,76.0,kg,76.0,B,2025-01-25,False,True,,,synthetic_error_model_not_real_llm,True
O0000694,M000280,C002,P02,8.0,kg,8.0,A,2025-01-25,False,True,,,synthetic_error_model_not_real_llm,False
O0000695,M000288,C010,P02,3.0,kg,3.0,A,2025-01-25,False,True,,,synthetic_error_model_not_real_llm,False
O0000696,M000281,C003,P03,11.0,kg,11.0,A,2025-01-25,False,True,,,synthetic_error_model_not_real_llm,False
O0000697,M000285,C007,P03,29.0,kg,29.0,B,2025-01-25,False,True,,,synthetic_error_model_not_real_llm,True
O0000698,M000279,C001,P03,14.0,kg,14.0,A,2025-01-25,False,True,,,synthetic_error_model_not_real_llm,False
O0000699,M000286,C008,P03,3.0,kg,3.0,B,2025-01-25,True,True,,,synthetic_error_model_not_real_llm,True
O0000700,M000282,C004,P04,1.0,box,3.0,B,2025-01-25,False,True,,,synthetic_error_model_not_real_llm,False
O0000701,M000279,C001,P04,3.0,box,9.0,B,2025-01-25,False,True,,,synthetic_error_model_not_real_llm,False
O0000702,M000287,C009,P04,3.0,crate,18.0,B,2025-01-25,True,True,,,synthetic_error_model_not_real_llm,False
O0000703,M000283,C005,P04,1.0,box,3.0,B,2025-01-25,False,True,,,synthetic_error_model_not_real_llm,False
O0000704,M000282,C004,P05,1.0,crate,10.0,B,2025-01-25,True,True,,,synthetic_error_model_not_real_llm,False
O0000705,M000286,C008,P05,49.0,kg,49.0,A,2025-01-25,False,True,,,synthetic_error_model_not_real_llm,True
O0000706,M000289,C011,P05,24.0,kg,24.0,B,2025-01-25,False,True,,,synthetic_error_model_not_real_llm,True
O0000707,M000286,C008,P06,12.0,kg,12.0,B,2025-01-25,True,True,LOW_CONFIDENCE_QUANTITY,QUANTITY,synthetic_error_model_not_real_llm,True
O0000708,M000289,C011,P06,18.0,kg,18.0,A,2025-01-25,False,True,,SUBSTITUTION,synthetic_error_model_not_real_llm,True
O0000709,M000279,C001,P06,15.0,kg,15.0,A,2025-01-25,False,True,,,synthetic_error_model_not_real_llm,False
O0000710,M000284,C006,P06,5.0,kg,5.0,B,2025-01-25,True,True,,,synthetic_error_model_not_real_llm,False
O0000711,M000288,C010,P07,3.0,box,24.0,B,2025-01-25,True,True,,,synthetic_error_model_not_real_llm,False
O0000712,M000279,C001,P07,20.0,kg,20.0,B,2025-01-25,True,True,,,synthetic_error_model_not_real_llm,False
O0000713,M000280,C002,P07,18.0,kg,18.0,B,2025-01-25,True,True,,,synthetic_error_model_not_real_llm,False
O0000714,M000289,C011,P07,35.0,kg,35.0,A,2025-01-25,False,True,,,synthetic_error_model_not_real_llm,True
O0000715,M000286,C008,P08,12.0,kg,12.0,A,2025-01-25,False,True,,,synthetic_error_model_not_real_llm,True
O0000716,M000289,C011,P08,,kg,,B,2025-01-25,False,True,MISSING_QUANTITY,QUANTITY,synthetic_error_model_not_real_llm,True
O0000717,M000285,C007,P08,4.0,crate,40.0,B,,False,True,MISSING_DATE,DATE,synthetic_error_model_not_real_llm,True
O0000718,M000292,C002,P01,1.0,box,5.0,B,2025-01-26,True,True,,,synthetic_error_model_not_real_llm,False
O0000719,M000299,C010,P01,76.0,kg,76.0,B,2025-01-26,False,True,,,synthetic_error_model_not_real_llm,False
O0000720,M000300,C011,P01,91.0,kg,91.0,A,2025-01-26,False,True,,,synthetic_error_model_not_real_llm,False
O0000721,M000300,C011,P02,44.0,kg,44.0,A,2025-01-26,True,True,,,synthetic_error_model_not_real_llm,False
O0000722,M000299,C010,P02,8.0,box,32.0,B,2025-01-26,True,True,,,synthetic_error_model_not_real_llm,False
O0000723,M000301,C012,P03,5.0,kg,5.0,B,2025-01-26,True,True,,,synthetic_error_model_not_real_llm,False
O0000724,M000292,C002,P03,5.0,kg,5.0,A,2025-01-26,False,True,,,synthetic_error_model_not_real_llm,False
O0000725,M000299,C010,P03,34.0,kg,34.0,A,2025-01-26,False,True,,,synthetic_error_model_not_real_llm,False
O0000726,M000296,C007,P04,11.0,kg,11.0,B,2025-01-26,True,True,,,synthetic_error_model_not_real_llm,False
O0000727,M000300,C011,P04,35.0,kg,35.0,A,2025-01-26,True,True,,,synthetic_error_model_not_real_llm,False
O0000728,M000299,C010,P05,25.0,kg,25.0,A,2025-01-26,False,True,,,synthetic_error_model_not_real_llm,False
O0000729,M000298,C009,P05,8.0,kg,8.0,B,2025-01-26,True,True,,,synthetic_error_model_not_real_llm,False
O0000730,M000301,C012,P05,17.0,kg,17.0,A,2025-01-26,False,True,,,synthetic_error_model_not_real_llm,False
O0000731,M000292,C002,P05,31.0,kg,31.0,B,2025-01-26,True,True,,,synthetic_error_model_not_real_llm,False
O0000732,M000294,C004,P06,8.0,kg,8.0,A,2025-01-25,False,True,LOW_CONFIDENCE_DATE,DATE,synthetic_error_model_not_real_llm,True
O0000733,M000293,C003,P06,11.0,kg,11.0,A,2025-01-26,True,True,,,synthetic_error_model_not_real_llm,False
O0000734,M000301,C012,P06,3.0,crate,18.0,B,2025-01-26,True,True,,,synthetic_error_model_not_real_llm,False
O0000735,M000300,C011,P06,5.0,kg,5.0,B,2025-01-26,True,True,,,synthetic_error_model_not_real_llm,False
O0000736,M000299,C010,P06,3.0,kg,3.0,A,2025-01-26,False,True,,,synthetic_error_model_not_real_llm,False
O0000737,M000294,C004,P07,38.0,kg,38.0,A,2025-01-26,False,True,,,synthetic_error_model_not_real_llm,True
O0000738,M000297,C008,P07,2.0,box,16.0,A,2025-01-26,True,True,,,synthetic_error_model_not_real_llm,False
O0000739,M000301,C012,P08,10.0,kg,10.0,A,2025-01-26,False,True,,,synthetic_error_model_not_real_llm,False
O0000740,M000295,C006,P08,26.0,kg,26.0,A,2025-01-27,False,True,,DATE,synthetic_error_model_not_real_llm,False
O0000741,M000291,C001,P08,3.0,kg,3.0,B,2025-01-26,True,True,,,synthetic_error_model_not_real_llm,False
O0000742,M000297,C002,P08,7.0,kg,7.0,A,2025-01-26,False,True,,CUSTOMER,synthetic_error_model_not_real_llm,False
O0000743,M000310,C010,P01,6.0,box,30.0,B,2025-01-27,,True,MISSING_SUBSTITUTION,SUBSTITUTION,synthetic_error_model_not_real_llm,True
O0000744,M000304,C004,P01,20.0,kg,20.0,B,2025-01-27,True,True,,,synthetic_error_model_not_real_llm,True
O0000745,M000306,C006,P01,24.0,kg,24.0,B,2025-01-27,False,True,,SUBSTITUTION,synthetic_error_model_not_real_llm,False
O0000746,M000311,C011,P02,23.0,kg,23.0,A,2025-01-27,False,True,,,synthetic_error_model_not_real_llm,True
O0000747,M000305,C005,P02,49.0,kg,49.0,A,2025-01-27,False,True,,,synthetic_error_model_not_real_llm,False
O0000748,M000303,C003,P02,7.0,kg,7.0,A,2025-01-27,False,True,,,synthetic_error_model_not_real_llm,False
O0000749,M000305,C005,P03,16.0,kg,16.0,A,2025-01-27,False,True,,,synthetic_error_model_not_real_llm,False
O0000750,M000303,C003,P03,13.0,crate,156.0,A,2025-01-27,False,True,,UNIT,synthetic_error_model_not_real_llm,False
O0000751,M000309,C009,P03,9.0,kg,9.0,B,2025-01-27,True,True,,,synthetic_error_model_not_real_llm,False
O0000752,M000308,C008,P03,12.0,kg,12.0,B,2025-01-27,False,True,,,synthetic_error_model_not_real_llm,False
O0000753,M000307,C007,P03,6.0,box,36.0,B,2025-01-27,True,True,,,synthetic_error_model_not_real_llm,False
O0000754,M000303,C003,P04,7.0,kg,7.0,A,2025-01-27,False,True,,,synthetic_error_model_not_real_llm,False
O0000755,M000311,C011,P04,3.0,kg,3.0,A,2025-01-27,False,True,LOW_CONFIDENCE_QUANTITY,QUANTITY,synthetic_error_model_not_real_llm,True
O0000756,M000306,C006,P04,36.0,kg,36.0,B,2025-01-27,True,True,,,synthetic_error_model_not_real_llm,False
O0000757,M000312,C012,P04,1.0,crate,6.0,B,2025-01-27,True,True,,,synthetic_error_model_not_real_llm,False
O0000758,M000311,C011,P05,9.0,kg,9.0,A,2025-01-27,False,True,,,synthetic_error_model_not_real_llm,True
O0000759,M000304,C004,P05,4.0,crate,40.0,B,2025-01-27,False,True,,,synthetic_error_model_not_real_llm,True
O0000760,M000302,C002,P06,16.0,kg,16.0,A,2025-01-27,False,True,,,synthetic_error_model_not_real_llm,False
O0000761,M000312,C012,P06,3.0,kg,3.0,B,2025-01-27,True,True,,,synthetic_error_model_not_real_llm,False
O0000762,M000303,C003,P06,13.0,kg,13.0,A,2025-01-27,False,True,,,synthetic_error_model_not_real_llm,False
O0000763,M000311,C011,P07,29.0,kg,29.0,A,2025-01-27,False,True,,,synthetic_error_model_not_real_llm,True
O0000764,M000304,C004,P07,,box,,B,2025-01-27,False,True,MISSING_QUANTITY,QUANTITY,synthetic_error_model_not_real_llm,True
O0000765,M000303,C003,P07,21.0,kg,21.0,B,2025-01-27,True,True,,,synthetic_error_model_not_real_llm,False
O0000766,M000306,C006,P05,2.0,crate,20.0,B,2025-01-27,True,True,,PRODUCT,synthetic_error_model_not_real_llm,False
O0000767,M000302,C002,P08,14.0,kg,14.0,A,2025-01-27,True,True,,,synthetic_error_model_not_real_llm,False
O0000768,M000305,C005,P08,3.0,kg,3.0,B,2025-01-27,True,True,,,synthetic_error_model_not_real_llm,False
O0000769,M000308,C008,P08,4.0,kg,4.0,B,2025-01-27,True,True,,,synthetic_error_model_not_real_llm,False
O0000770,M000303,C003,P08,5.0,kg,5.0,A,2025-01-27,False,True,,,synthetic_error_model_not_real_llm,False
O0000771,M000314,C003,P01,39.0,kg,39.0,A,2025-01-28,False,True,,,synthetic_error_model_not_real_llm,False
O0000772,M000322,C011,P01,56.0,kg,56.0,A,2025-01-28,False,True,,,synthetic_error_model_not_real_llm,False
O0000773,M000320,C009,P02,10.0,kg,10.0,B,2025-01-28,True,True,,,synthetic_error_model_not_real_llm,False
O0000774,M000316,C005,P02,17.0,kg,17.0,A,2025-01-28,False,True,,,synthetic_error_model_not_real_llm,False
O0000775,M000321,C010,P02,21.0,kg,21.0,,2025-01-28,False,True,MISSING_GRADE,GRADE,synthetic_error_model_not_real_llm,True
O0000776,M000322,C011,P02,18.0,kg,18.0,A,2025-01-28,False,True,,,synthetic_error_model_not_real_llm,False
O0000777,M000317,C006,P02,1.0,box,4.0,B,2025-01-28,False,True,,GRADE,synthetic_error_model_not_real_llm,False
O0000778,M000322,C011,P03,8.0,box,48.0,B,2025-01-28,True,True,,,synthetic_error_model_not_real_llm,False
O0000779,M000313,C001,P03,11.0,crate,132.0,B,2025-01-28,True,True,,UNIT,synthetic_error_model_not_real_llm,False
O0000780,M000314,C003,P03,21.0,kg,21.0,B,2025-01-28,False,True,,,synthetic_error_model_not_real_llm,False
O0000781,M000323,C012,P04,29.0,kg,29.0,A,2025-01-28,False,True,,,synthetic_error_model_not_real_llm,False
O0000782,M000322,C011,P04,21.0,kg,21.0,B,2025-01-28,True,True,,,synthetic_error_model_not_real_llm,False
O0000783,M000321,C010,P05,1.0,crate,10.0,A,2025-01-28,False,True,,,synthetic_error_model_not_real_llm,True
O0000784,M000316,C005,P05,3.0,kg,3.0,B,2025-01-28,True,True,,,synthetic_error_model_not_real_llm,False
O0000785,M000315,C004,P05,27.0,kg,27.0,A,2025-01-28,False,True,,,synthetic_error_model_not_real_llm,False
O0000786,M000319,C008,P05,17.0,kg,17.0,A,2025-01-28,False,True,,,synthetic_error_model_not_real_llm,False
O0000787,M000315,C004,P06,7.0,kg,7.0,B,2025-01-28,False,True,,,synthetic_error_model_not_real_llm,False
O0000788,M000321,C010,P06,19.0,kg,19.0,A,2025-01-28,,True,MISSING_SUBSTITUTION,SUBSTITUTION,synthetic_error_model_not_real_llm,True
O0000789,M000323,C012,P07,28.0,kg,28.0,A,2025-01-28,False,True,,,synthetic_error_model_not_real_llm,False
O0000790,M000316,C005,P07,24.0,kg,24.0,B,2025-01-28,True,True,,,synthetic_error_model_not_real_llm,False
O0000791,M000314,C003,P07,18.0,kg,18.0,A,2025-01-28,False,True,,,synthetic_error_model_not_real_llm,False
O0000792,M000316,C005,P08,27.0,kg,27.0,A,2025-01-28,False,True,,,synthetic_error_model_not_real_llm,False
O0000793,M000321,C002,P08,10.0,kg,10.0,A,2025-01-28,False,True,,CUSTOMER,synthetic_error_model_not_real_llm,True
O0000794,M000318,C007,P08,1.0,box,5.0,A,2025-01-28,False,True,,,synthetic_error_model_not_real_llm,False
O0000795,M000330,C007,P01,31.0,kg,31.0,B,2025-01-29,False,True,,,synthetic_error_model_not_real_llm,False
O0000796,M000328,C005,P01,79.0,kg,79.0,B,2025-01-29,True,True,,,synthetic_error_model_not_real_llm,False
O0000797,M000331,C008,P01,10.0,kg,10.0,B,2025-01-29,True,True,,,synthetic_error_model_not_real_llm,False
O0000798,M000331,C008,P02,5.0,crate,40.0,B,2025-01-29,True,True,,,synthetic_error_model_not_real_llm,False
O0000799,M000329,C006,P02,48.0,kg,48.0,A,2025-01-29,False,True,,,synthetic_error_model_not_real_llm,False
O0000800,M000325,C002,P03,5.0,crate,60.0,A,2025-01-29,False,True,,,synthetic_error_model_not_real_llm,True
O0000801,M000326,C003,P03,35.0,kg,35.0,A,2025-01-29,False,True,,,synthetic_error_model_not_real_llm,False
O0000802,M000327,C004,P04,9.0,kg,9.0,A,2025-01-29,False,True,,,synthetic_error_model_not_real_llm,False
O0000803,M000324,C001,P04,2.0,crate,12.0,B,2025-01-29,True,True,,,synthetic_error_model_not_real_llm,False
O0000804,M000326,C003,P04,5.0,crate,30.0,B,2025-01-29,False,True,,UNIT,synthetic_error_model_not_real_llm,False
O0000805,M000330,C007,P04,7.0,kg,7.0,A,2025-01-29,True,True,,,synthetic_error_model_not_real_llm,False
O0000806,M000332,C009,P05,3.0,kg,3.0,A,2025-01-29,False,True,,,synthetic_error_model_not_real_llm,True
O0000807,M000328,C005,P05,10.0,kg,10.0,B,2025-01-29,False,True,,,synthetic_error_model_not_real_llm,False
O0000808,M000331,C008,P05,1.0,box,5.0,B,2025-01-29,False,True,,GRADE,synthetic_error_model_not_real_llm,False
O0000809,M000327,C004,P05,15.0,kg,15.0,A,2025-01-29,False,True,,GRADE,synthetic_error_model_not_real_llm,False
O0000810,M000330,C007,P02,3.0,kg,3.0,A,2025-01-29,False,True,,PRODUCT,synthetic_error_model_not_real_llm,False
O0000811,M000328,C005,P06,2.0,crate,12.0,A,2025-01-29,False,True,,,synthetic_error_model_not_real_llm,False
O0000812,M000326,C003,P06,15.0,box,45.0,B,2025-01-29,True,True,,,synthetic_error_model_not_real_llm,False
O0000813,M000325,C002,P06,12.0,,,A,2025-01-29,False,True,MISSING_UNIT,UNIT,synthetic_error_model_not_real_llm,True
O0000814,M000335,C012,,2.0,crate,,B,2025-01-29,False,True,MISSING_PRODUCT,PRODUCT,synthetic_error_model_not_real_llm,True
O0000815,M000326,C003,P07,1.0,crate,16.0,A,2025-01-29,False,True,,,synthetic_error_model_not_real_llm,False
O0000816,M000325,C002,P07,38.0,kg,38.0,B,2025-01-29,True,True,,,synthetic_error_model_not_real_llm,True
O0000817,M000332,C009,P07,,kg,,B,2025-01-29,,True,MISSING_QUANTITY|MISSING_SUBSTITUTION,QUANTITY|SUBSTITUTION,synthetic_error_model_not_real_llm,True
O0000818,M000334,C011,P07,58.0,kg,58.0,A,2025-01-29,False,True,,,synthetic_error_model_not_real_llm,False
O0000819,M000330,C007,P07,2.0,box,16.0,A,2025-01-29,False,True,,,synthetic_error_model_not_real_llm,False
O0000820,M000331,C008,P08,3.0,kg,3.0,A,2025-01-29,False,True,,,synthetic_error_model_not_real_llm,False
O0000821,M000333,C010,P08,3.0,kg,3.0,A,2025-01-29,,True,MISSING_SUBSTITUTION,SUBSTITUTION,synthetic_error_model_not_real_llm,True
O0000822,M000324,C001,P08,3.0,kg,3.0,A,2025-01-29,False,True,,,synthetic_error_model_not_real_llm,False
O0000823,M000334,C011,P08,17.0,kg,17.0,B,2025-01-29,False,True,,,synthetic_error_model_not_real_llm,False
O0000824,M000332,C009,P08,4.0,kg,4.0,A,2025-01-29,False,True,,,synthetic_error_model_not_real_llm,True
O0000825,M000344,C010,P01,11.0,box,55.0,B,2025-01-30,True,True,,,synthetic_error_model_not_real_llm,False
O0000826,M000339,C005,P01,12.0,box,60.0,B,2025-01-30,False,True,LOW_CONFIDENCE_GRADE,GRADE,synthetic_error_model_not_real_llm,True
O0000827,M000337,C003,P02,15.0,kg,15.0,B,2025-01-30,True,True,,,synthetic_error_model_not_real_llm,False
O0000828,M000344,C010,P02,8.0,box,32.0,A,2025-01-30,False,True,,,synthetic_error_model_not_real_llm,False
O0000829,M000340,C006,P02,5.0,kg,5.0,B,2025-01-30,True,True,,,synthetic_error_model_not_real_llm,False
O0000830,M000338,C004,P02,3.0,kg,3.0,B,2025-01-30,False,True,,,synthetic_error_model_not_real_llm,False
O0000831,M000342,C008,P03,30.0,kg,30.0,B,2025-01-30,True,True,,,synthetic_error_model_not_real_llm,True
O0000832,M000345,C011,P03,4.0,crate,48.0,A,2025-01-30,True,True,,GRADE,synthetic_error_model_not_real_llm,True
O0000833,M000340,C006,P04,3.0,box,9.0,A,2025-01-30,True,True,,SUBSTITUTION,synthetic_error_model_not_real_llm,False
O0000834,M000342,C008,P04,2.0,crate,12.0,B,2025-01-30,False,True,,,synthetic_error_model_not_real_llm,True
O0000835,M000339,C005,P04,24.0,kg,24.0,B,2025-01-30,True,True,,,synthetic_error_model_not_real_llm,True
O0000836,M000346,C012,P04,8.0,kg,8.0,B,2025-01-30,True,True,,,synthetic_error_model_not_real_llm,False
O0000837,M000346,C012,P05,24.0,kg,24.0,B,2025-01-30,True,True,,,synthetic_error_model_not_real_llm,False
O0000838,M000342,C008,P05,1.0,crate,10.0,A,2025-01-30,True,True,LOW_CONFIDENCE_GRADE,GRADE,synthetic_error_model_not_real_llm,True
O0000839,M000344,C010,P05,27.0,kg,27.0,A,2025-01-30,False,True,,,synthetic_error_model_not_real_llm,False
O0000840,M000336,C001,P05,11.0,kg,11.0,B,2025-01-30,True,True,,,synthetic_error_model_not_real_llm,False
O0000841,M000340,C006,P05,19.0,kg,19.0,B,2025-01-30,True,True,,,synthetic_error_model_not_real_llm,False
O0000842,M000345,C011,P06,58.0,kg,58.0,A,2025-01-29,False,True,LOW_CONFIDENCE_DATE,DATE,synthetic_error_model_not_real_llm,True
O0000843,M000337,C003,P06,5.0,box,15.0,B,2025-01-30,True,True,,,synthetic_error_model_not_real_llm,False
O0000844,M000343,C009,P07,32.0,kg,32.0,B,2025-01-30,False,True,LOW_CONFIDENCE_QUANTITY,QUANTITY,synthetic_error_model_not_real_llm,True
O0000845,M000340,C006,P07,15.0,kg,15.0,A,2025-01-30,False,True,,,synthetic_error_model_not_real_llm,False
O0000846,M000342,C008,P08,12.0,kg,12.0,B,2025-01-30,False,True,,,synthetic_error_model_not_real_llm,True
O0000847,M000341,C007,P08,1.0,crate,10.0,B,2025-01-30,True,True,LOW_CONFIDENCE_UNIT,UNIT,synthetic_error_model_not_real_llm,True
O0000848,M000344,C010,P08,8.0,kg,8.0,A,2025-01-30,False,True,,,synthetic_error_model_not_real_llm,False
O0000849,M000337,C003,P08,3.0,kg,3.0,A,2025-01-30,False,True,,,synthetic_error_model_not_real_llm,False
O0000850,M000336,C001,P08,5.0,box,25.0,B,2025-01-30,True,True,,,synthetic_error_model_not_real_llm,False
O0000851,M000347,C001,P01,6.0,box,30.0,B,2025-01-31,True,True,,,synthetic_error_model_not_real_llm,False
O0000852,M000353,C007,P01,2.0,box,10.0,A,2025-01-31,False,True,,,synthetic_error_model_not_real_llm,True
O0000853,M000351,C005,P01,13.0,kg,13.0,A,2025-01-31,False,True,,,synthetic_error_model_not_real_llm,False
O0000854,M000352,C006,P01,14.0,kg,14.0,A,2025-01-31,True,True,,,synthetic_error_model_not_real_llm,False
O0000855,M000351,C005,P02,12.0,kg,12.0,A,2025-01-31,False,True,,,synthetic_error_model_not_real_llm,False
O0000856,M000354,C008,P02,13.0,kg,13.0,A,2025-01-31,False,True,,,synthetic_error_model_not_real_llm,False
O0000857,M000356,C010,P02,3.0,kg,3.0,A,2025-01-31,True,True,,SUBSTITUTION,synthetic_error_model_not_real_llm,False
O0000858,M000347,C001,P02,47.0,kg,47.0,B,2025-01-31,False,True,,,synthetic_error_model_not_real_llm,False
O0000859,M000350,C004,P03,35.0,kg,35.0,B,2025-01-31,True,True,,,synthetic_error_model_not_real_llm,True
O0000860,M000358,C012,P03,17.0,kg,17.0,A,2025-01-31,False,True,,,synthetic_error_model_not_real_llm,False
O0000861,M000355,C009,P04,21.0,kg,21.0,B,2025-01-31,True,True,,,synthetic_error_model_not_real_llm,True
O0000862,M000348,C008,P04,20.0,kg,20.0,A,2025-01-31,False,True,LOW_CONFIDENCE_CUSTOMER,CUSTOMER,synthetic_error_model_not_real_llm,True
O0000863,M000352,C006,P04,8.0,kg,8.0,B,2025-01-31,False,True,,,synthetic_error_model_not_real_llm,False
O0000864,M000351,C005,P05,1.0,box,5.0,A,2025-01-31,False,True,,,synthetic_error_model_not_real_llm,False
O0000865,M000353,C007,P05,48.0,kg,48.0,B,2025-01-31,True,True,,,synthetic_error_model_not_real_llm,True
O0000866,M000354,C008,P05,5.0,kg,5.0,B,2025-01-31,False,True,,,synthetic_error_model_not_real_llm,False
O0000867,M000352,C006,P05,12.0,kg,12.0,B,2025-01-31,True,True,,,synthetic_error_model_not_real_llm,False
O0000868,M000358,C012,P05,12.0,kg,12.0,B,2025-01-31,True,True,,,synthetic_error_model_not_real_llm,False
O0000869,M000353,C007,P06,,box,,A,2025-01-31,False,True,MISSING_QUANTITY,QUANTITY,synthetic_error_model_not_real_llm,True
O0000870,M000357,C011,P06,5.0,box,15.0,A,2025-01-31,False,True,,,synthetic_error_model_not_real_llm,False
O0000871,M000356,C010,P06,9.0,kg,9.0,B,2025-01-31,True,True,,,synthetic_error_model_not_real_llm,False
O0000872,M000350,C004,P05,31.0,kg,31.0,B,2025-01-31,True,True,LOW_CONFIDENCE_PRODUCT,PRODUCT,synthetic_error_model_not_real_llm,True
O0000873,M000355,C009,P07,12.0,kg,12.0,B,,True,True,MISSING_DATE,DATE,synthetic_error_model_not_real_llm,True
O0000874,M000353,C007,P07,1.0,box,8.0,A,2025-01-31,True,True,,,synthetic_error_model_not_real_llm,True
O0000875,M000357,C011,P07,3.0,kg,3.0,A,2025-01-31,False,True,,,synthetic_error_model_not_real_llm,False
O0000876,M000349,C003,P07,2.0,box,16.0,B,2025-01-31,True,True,,,synthetic_error_model_not_real_llm,False
O0000877,M000356,C010,P08,2.0,crate,20.0,B,2025-01-31,True,True,,,synthetic_error_model_not_real_llm,False
O0000878,M000358,C012,P08,73.0,kg,73.0,B,2025-01-31,False,True,,,synthetic_error_model_not_real_llm,False
O0000879,M000359,C001,P01,45.0,kg,45.0,B,2025-02-01,True,True,,,synthetic_error_model_not_real_llm,False
O0000880,M000370,,,,,,,,,False,INVALID_JSON,INVALID_JSON,synthetic_error_model_not_real_llm,True
O0000881,M000359,C001,P02,28.0,kg,28.0,A,2025-02-01,False,True,,,synthetic_error_model_not_real_llm,False
O0000882,M000364,C006,P02,5.0,box,20.0,B,2025-02-01,True,True,,,synthetic_error_model_not_real_llm,False
O0000883,M000361,C003,P02,7.0,kg,7.0,B,2025-02-01,True,True,,,synthetic_error_model_not_real_llm,False
O0000884,M000359,C001,P03,2.0,crate,24.0,B,2025-02-01,True,True,,,synthetic_error_model_not_real_llm,False
O0000885,M000369,C003,P03,49.0,kg,49.0,B,2025-02-01,True,True,LOW_CONFIDENCE_CUSTOMER,CUSTOMER,synthetic_error_model_not_real_llm,True
O0000886,M000360,C002,P03,28.0,kg,28.0,B,2025-02-01,True,True,,,synthetic_error_model_not_real_llm,False
O0000887,M000370,,,,,,,,,False,INVALID_JSON,INVALID_JSON,synthetic_error_model_not_real_llm,True
O0000888,M000365,C007,P03,1.0,crate,12.0,A,2025-02-01,False,True,,,synthetic_error_model_not_real_llm,False
O0000889,M000365,C007,P04,8.0,box,24.0,B,2025-02-01,True,True,,,synthetic_error_model_not_real_llm,False
O0000890,M000363,C005,P04,33.0,kg,33.0,B,2025-02-01,False,True,,,synthetic_error_model_not_real_llm,False
O0000891,M000368,C010,P05,9.0,kg,9.0,A,2025-02-01,False,True,,,synthetic_error_model_not_real_llm,False
O0000892,M000367,C009,P05,13.0,box,65.0,B,2025-02-01,True,True,,,synthetic_error_model_not_real_llm,False
O0000893,M000365,C007,P06,11.0,kg,11.0,A,2025-02-01,False,True,,,synthetic_error_model_not_real_llm,False
O0000894,M000359,C001,P06,2.0,crate,12.0,B,2025-02-01,False,True,,,synthetic_error_model_not_real_llm,False
O0000895,M000362,C004,P06,8.0,kg,8.0,A,2025-02-01,False,True,,,synthetic_error_model_not_real_llm,False
O0000896,M000361,C003,P07,3.0,box,24.0,A,2025-02-01,False,True,,UNIT,synthetic_error_model_not_real_llm,False
O0000897,M000370,,,,,,,,,False,INVALID_JSON,INVALID_JSON,synthetic_error_model_not_real_llm,True
O0000898,M000368,C010,P07,36.0,kg,36.0,A,2025-02-01,False,True,,,synthetic_error_model_not_real_llm,False
O0000899,M000364,C006,P08,49.0,kg,49.0,B,2025-02-01,True,True,,,synthetic_error_model_not_real_llm,False
O0000900,M000359,C001,P08,3.0,kg,3.0,A,2025-02-01,False,True,,,synthetic_error_model_not_real_llm,False
O0000901,M000366,C008,P08,16.0,kg,16.0,B,2025-02-01,True,True,,,synthetic_error_model_not_real_llm,False
O0000902,M000378,C010,P01,40.0,box,200.0,B,2025-02-02,True,True,,UNIT,synthetic_error_model_not_real_llm,False
O0000903,M000375,C006,P01,153.0,kg,153.0,B,2025-02-02,True,True,,,synthetic_error_model_not_real_llm,False
O0000904,M000374,C004,,,kg,,B,2025-02-02,False,True,MISSING_PRODUCT|MISSING_QUANTITY,PRODUCT|QUANTITY,synthetic_error_model_not_real_llm,True
O0000905,M000377,C008,P02,6.0,kg,6.0,B,2025-02-02,True,True,,,synthetic_error_model_not_real_llm,False
O0000906,M000373,C003,P02,17.0,kg,17.0,A,2025-02-02,False,True,,,synthetic_error_model_not_real_llm,False
O0000907,M000372,C003,P02,5.0,box,20.0,B,2025-02-02,True,True,LOW_CONFIDENCE_CUSTOMER,CUSTOMER,synthetic_error_model_not_real_llm,True
O0000908,M000376,C007,P02,7.0,kg,7.0,A,2025-02-02,False,True,,,synthetic_error_model_not_real_llm,False
O0000909,M000378,C010,P03,4.0,kg,4.0,A,2025-02-02,False,True,,,synthetic_error_model_not_real_llm,False
O0000910,M000371,C001,P03,,,,A,2025-02-02,False,True,MISSING_QUANTITY|MISSING_UNIT,QUANTITY|UNIT,synthetic_error_model_not_real_llm,True
O0000911,M000372,C002,P03,9.0,kg,9.0,A,2025-02-02,False,True,,,synthetic_error_model_not_real_llm,True
O0000912,M000376,C007,P03,3.0,kg,3.0,B,2025-02-02,True,True,,,synthetic_error_model_not_real_llm,False
O0000913,M000379,C011,P03,14.0,kg,14.0,B,2025-02-02,True,True,,,synthetic_error_model_not_real_llm,False
O0000914,M000379,C011,P04,17.0,kg,17.0,A,2025-02-02,True,True,,,synthetic_error_model_not_real_llm,False
O0000915,M000372,C002,P04,11.0,kg,11.0,B,2025-02-02,False,True,,,synthetic_error_model_not_real_llm,True
O0000916,M000373,C003,P05,43.0,kg,43.0,A,2025-02-02,False,True,,,synthetic_error_model_not_real_llm,False
O0000917,M000375,C006,P05,29.0,kg,29.0,A,2025-02-02,False,True,,,synthetic_error_model_not_real_llm,False
O0000918,M000372,C002,P06,7.0,kg,7.0,B,2025-02-02,True,True,LOW_CONFIDENCE_QUANTITY,QUANTITY,synthetic_error_model_not_real_llm,True
O0000919,M000377,C008,P06,7.0,crate,42.0,A,2025-02-02,True,True,,,synthetic_error_model_not_real_llm,False
O0000920,M000378,C010,P06,7.0,box,21.0,A,2025-02-02,False,True,,,synthetic_error_model_not_real_llm,False
O0000921,M000375,C006,P07,39.0,kg,39.0,B,2025-02-02,True,True,,,synthetic_error_model_not_real_llm,False
O0000922,M000379,C011,P07,53.0,kg,53.0,B,2025-02-02,False,True,,,synthetic_error_model_not_real_llm,False
O0000923,M000371,C001,,4.0,crate,,B,2025-02-02,True,True,MISSING_PRODUCT,PRODUCT,synthetic_error_model_not_real_llm,True
O0000924,M000378,C010,P08,4.0,crate,40.0,A,2025-02-02,False,True,,,synthetic_error_model_not_real_llm,False
O0000925,M000390,C011,P01,35.0,kg,35.0,A,2025-02-03,False,True,,,synthetic_error_model_not_real_llm,False
O0000926,M000380,C001,P01,38.0,kg,38.0,A,2025-02-03,False,True,,,synthetic_error_model_not_real_llm,False
O0000927,M000387,C008,P01,32.0,kg,32.0,B,2025-02-03,True,True,,,synthetic_error_model_not_real_llm,False
O0000928,M000383,C004,P01,29.0,kg,29.0,B,2025-02-03,True,True,,,synthetic_error_model_not_real_llm,False
O0000929,M000386,C007,P02,41.0,kg,41.0,A,2025-02-03,False,True,,,synthetic_error_model_not_real_llm,False
O0000930,M000385,C006,P02,2.0,crate,16.0,A,2025-02-03,False,True,,,synthetic_error_model_not_real_llm,False
O0000931,M000380,C001,P02,13.0,kg,13.0,B,2025-02-03,True,True,,,synthetic_error_model_not_real_llm,False
O0000932,M000384,C005,P02,39.0,kg,39.0,A,2025-02-03,False,True,,,synthetic_error_model_not_real_llm,False
O0000933,M000386,C007,P03,2.0,crate,24.0,A,2025-02-03,False,True,,,synthetic_error_model_not_real_llm,False
O0000934,M000388,C009,P03,78.0,kg,78.0,B,2025-02-03,False,True,,,synthetic_error_model_not_real_llm,True
O0000935,M000390,C011,P03,10.0,kg,10.0,A,2025-02-03,False,True,,,synthetic_error_model_not_real_llm,False
O0000936,M000388,C009,P04,14.0,kg,14.0,A,2025-02-03,False,True,,,synthetic_error_model_not_real_llm,True
O0000937,M000389,,,,,,,,,False,INVALID_JSON,INVALID_JSON,synthetic_error_model_not_real_llm,True
O0000938,M000381,C002,P04,3.0,crate,18.0,A,2025-02-03,False,True,,,synthetic_error_model_not_real_llm,False
O0000939,M000380,C001,P04,3.0,kg,3.0,A,2025-02-03,False,True,,,synthetic_error_model_not_real_llm,False
O0000940,M000391,C012,P04,3.0,crate,18.0,A,2025-02-03,False,True,,,synthetic_error_model_not_real_llm,False
O0000941,M000389,,,,,,,,,False,INVALID_JSON,INVALID_JSON,synthetic_error_model_not_real_llm,True
O0000942,M000383,C004,P05,5.0,box,25.0,A,2025-02-03,True,True,,,synthetic_error_model_not_real_llm,False
O0000943,M000383,C004,P06,3.0,box,9.0,A,2025-02-03,False,True,,,synthetic_error_model_not_real_llm,False
O0000944,M000388,C009,P06,4.0,box,12.0,A,2025-02-03,False,True,,,synthetic_error_model_not_real_llm,True
O0000945,M000386,C007,P06,43.0,kg,43.0,A,2025-02-03,False,True,,,synthetic_error_model_not_real_llm,False
O0000946,M000383,C004,P07,2.0,box,16.0,B,2025-02-03,True,True,,,synthetic_error_model_not_real_llm,False
O0000947,M000388,C009,P07,2.0,box,16.0,B,2025-02-03,True,True,,,synthetic_error_model_not_real_llm,True
O0000948,M000391,C012,P07,18.0,kg,18.0,A,2025-02-03,True,True,,,synthetic_error_model_not_real_llm,False
O0000949,M000390,C011,P07,1.0,box,8.0,A,2025-02-03,False,True,,GRADE,synthetic_error_model_not_real_llm,False
O0000950,M000389,,,,,,,,,False,INVALID_JSON,INVALID_JSON,synthetic_error_model_not_real_llm,True
O0000951,M000382,C003,P08,32.0,kg,32.0,A,2025-02-03,False,True,,,synthetic_error_model_not_real_llm,False
O0000952,M000388,C009,P08,,kg,,A,2025-02-02,True,True,MISSING_QUANTITY,DATE|QUANTITY|SUBSTITUTION,synthetic_error_model_not_real_llm,True
O0000953,M000389,,,,,,,,,False,INVALID_JSON,INVALID_JSON,synthetic_error_model_not_real_llm,True
O0000954,M000387,C008,P08,1.0,box,5.0,B,2025-02-03,True,True,,,synthetic_error_model_not_real_llm,False
O0000955,M000393,C002,P01,7.0,crate,70.0,B,2025-02-04,True,True,,,synthetic_error_model_not_real_llm,True
O0000956,M000401,C011,P01,32.0,kg,32.0,A,2025-02-04,False,True,,,synthetic_error_model_not_real_llm,True
O0000957,M000399,C009,P01,9.0,box,45.0,B,2025-02-04,True,True,,,synthetic_error_model_not_real_llm,False
O0000958,M000395,C005,P01,68.0,kg,68.0,B,2025-02-04,False,True,,,synthetic_error_model_not_real_llm,False
O0000959,M000396,C006,P02,10.0,kg,10.0,B,2025-02-04,False,True,,,synthetic_error_model_not_real_llm,False
O0000960,M000392,C001,P02,21.0,kg,21.0,A,2025-02-04,False,True,,,synthetic_error_model_not_real_llm,False
O0000961,M000397,C007,P02,7.0,box,28.0,A,2025-02-04,False,True,,,synthetic_error_model_not_real_llm,False
O0000962,M000394,C003,P02,6.0,box,24.0,B,2025-02-04,True,True,,,synthetic_error_model_not_real_llm,False
O0000963,M000393,C002,P03,38.0,kg,38.0,B,2025-02-04,True,True,,,synthetic_error_model_not_real_llm,True
O0000964,M000401,C011,P03,1.0,crate,12.0,A,2025-02-04,False,True,,,synthetic_error_model_not_real_llm,True
O0000965,M000397,C007,P03,2.0,box,12.0,A,2025-02-04,False,True,,,synthetic_error_model_not_real_llm,False
O0000966,M000392,C001,P03,23.0,kg,23.0,B,2025-02-04,False,True,,,synthetic_error_model_not_real_llm,False
O0000967,M000399,C009,P04,12.0,kg,12.0,A,2025-02-04,False,True,,,synthetic_error_model_not_real_llm,False
O0000968,M000398,C008,P01,6.0,box,30.0,B,2025-02-04,True,True,,PRODUCT,synthetic_error_model_not_real_llm,True
O0000969,M000394,C003,P04,14.0,kg,14.0,A,2025-02-04,True,True,,,synthetic_error_model_not_real_llm,False
O0000970,M000400,C010,P04,7.0,kg,7.0,B,2025-02-04,True,True,,,synthetic_error_model_not_real_llm,False
O0000971,M000401,C011,P04,2.0,crate,12.0,A,2025-02-04,False,True,,,synthetic_error_model_not_real_llm,True
O0000972,M000395,C005,P05,2.0,crate,20.0,B,2025-02-04,True,True,,,synthetic_error_model_not_real_llm,False
O0000973,M000400,C010,P05,27.0,kg,27.0,A,2025-02-04,False,True,,,synthetic_error_model_not_real_llm,False
O0000974,M000402,C004,P05,3.0,box,15.0,A,2025-02-04,True,True,LOW_CONFIDENCE_CUSTOMER,CUSTOMER|SUBSTITUTION,synthetic_error_model_not_real_llm,True
O0000975,M000401,C011,P06,2.0,crate,12.0,B,2025-02-04,False,True,LOW_CONFIDENCE_SUBSTITUTION,SUBSTITUTION,synthetic_error_model_not_real_llm,True
O0000976,M000398,C008,P06,3.0,kg,3.0,A,2025-02-04,False,True,LOW_CONFIDENCE_GRADE,GRADE|SUBSTITUTION,synthetic_error_model_not_real_llm,True
O0000977,M000393,C002,P06,19.0,kg,19.0,A,2025-02-04,False,True,,,synthetic_error_model_not_real_llm,True
O0000978,M000399,C009,P06,12.0,kg,12.0,B,2025-02-04,True,True,,,synthetic_error_model_not_real_llm,False
O0000979,M000393,C002,P07,5.0,box,40.0,B,2025-02-04,True,True,,,synthetic_error_model_not_real_llm,True
O0000980,M000398,C008,P07,27.0,kg,27.0,A,2025-02-04,True,True,,,synthetic_error_model_not_real_llm,True
O0000981,M000399,C009,P07,2.0,box,16.0,A,2025-02-04,True,True,,,synthetic_error_model_not_real_llm,False
O0000982,M000397,C007,P08,3.0,crate,30.0,B,2025-02-04,True,True,,,synthetic_error_model_not_real_llm,False
O0000983,M000399,C009,P08,19.0,kg,19.0,A,2025-02-04,False,True,,,synthetic_error_model_not_real_llm,False
O0000984,M000393,C002,P08,2.0,crate,20.0,,2025-02-04,False,True,MISSING_GRADE,GRADE,synthetic_error_model_not_real_llm,True
O0000985,M000407,C005,P01,14.0,kg,14.0,A,2025-02-05,False,True,,,synthetic_error_model_not_real_llm,False
O0000986,M000413,C011,P01,32.0,kg,32.0,A,2025-02-05,False,True,,,synthetic_error_model_not_real_llm,True
O0000987,M000412,C010,P01,115.0,,,A,2025-02-05,False,True,MISSING_UNIT,UNIT,synthetic_error_model_not_real_llm,True
O0000988,M000404,C002,P02,33.0,kg,33.0,B,2025-02-05,True,True,,,synthetic_error_model_not_real_llm,False
O0000989,M000407,C005,P02,5.0,crate,40.0,B,2025-02-05,False,True,,,synthetic_error_model_not_real_llm,False
O0000990,M000406,,,,,,,,,False,INVALID_JSON,INVALID_JSON,synthetic_error_model_not_real_llm,True
O0000991,M000408,C006,P03,17.0,kg,17.0,A,2025-02-05,False,True,,,synthetic_error_model_not_real_llm,False
O0000992,M000406,,,,,,,,,False,INVALID_JSON,INVALID_JSON,synthetic_error_model_not_real_llm,True
O0000993,M000404,C002,P03,26.0,kg,26.0,B,2025-02-05,True,True,,,synthetic_error_model_not_real_llm,False
O0000994,M000411,C009,P03,,crate,,B,2025-02-05,True,True,MISSING_QUANTITY,QUANTITY,synthetic_error_model_not_real_llm,True
O0000995,M000403,C001,P03,4.0,box,24.0,B,2025-02-05,False,True,,,synthetic_error_model_not_real_llm,False
O0000996,M000403,C001,P04,64.0,kg,64.0,A,2025-02-05,False,True,,,synthetic_error_model_not_real_llm,False
O0000997,M000409,C007,P04,3.0,kg,3.0,B,2025-02-05,True,True,,,synthetic_error_model_not_real_llm,False
O0000998,M000412,C010,P04,34.0,kg,34.0,B,2025-02-05,True,True,,,synthetic_error_model_not_real_llm,True
O0000999,M000414,C012,P05,4.0,box,20.0,A,2025-02-05,False,True,,,synthetic_error_model_not_real_llm,False
O0001000,M000413,C011,P05,3.0,kg,3.0,A,2025-02-05,,True,MISSING_SUBSTITUTION,SUBSTITUTION,synthetic_error_model_not_real_llm,True
O0001001,M000406,,,,,,,,,False,INVALID_JSON,INVALID_JSON,synthetic_error_model_not_real_llm,True
O0001002,M000411,C009,P05,22.0,kg,22.0,A,2025-02-05,False,True,,,synthetic_error_model_not_real_llm,True
O0001003,M000410,C008,P06,6.0,kg,6.0,B,2025-02-05,False,True,,,synthetic_error_model_not_real_llm,False
O0001004,M000413,C011,P06,21.0,kg,21.0,B,2025-02-05,True,True,,,synthetic_error_model_not_real_llm,True
O0001005,M000409,C007,P06,10.0,kg,10.0,A,2025-02-05,False,True,,,synthetic_error_model_not_real_llm,False
O0001006,M000406,,,,,,,,,False,INVALID_JSON,INVALID_JSON,synthetic_error_model_not_real_llm,True
O0001007,M000405,C003,P06,7.0,kg,7.0,A,2025-02-05,False,True,,,synthetic_error_model_not_real_llm,False
O0001008,M000408,C006,P07,11.0,kg,11.0,A,2025-02-05,False,True,,,synthetic_error_model_not_real_llm,False
O0001009,M000403,C001,P07,180.0,kg,180.0,A,2025-02-05,False,True,,,synthetic_error_model_not_real_llm,False
O0001010,M000408,C006,P08,2.0,box,10.0,A,2025-02-05,False,True,,,synthetic_error_model_not_real_llm,False
O0001011,M000410,C008,P08,4.0,kg,4.0,A,2025-02-05,False,True,,,synthetic_error_model_not_real_llm,False
O0001012,M000409,C007,P08,16.0,kg,16.0,B,2025-02-05,True,True,,,synthetic_error_model_not_real_llm,False
O0001013,M000403,C001,P08,5.0,kg,5.0,B,2025-02-05,True,True,,,synthetic_error_model_not_real_llm,False
O0001014,M000418,C005,P01,6.0,kg,6.0,A,2025-02-07,False,True,LOW_CONFIDENCE_DATE,DATE,synthetic_error_model_not_real_llm,True
O0001015,M000416,C003,P01,53.0,kg,53.0,A,2025-02-06,False,True,,,synthetic_error_model_not_real_llm,False
O0001016,M000415,C002,P01,56.0,kg,56.0,B,2025-02-06,True,True,,,synthetic_error_model_not_real_llm,True
O0001017,M000423,C010,P01,5.0,box,25.0,A,2025-02-06,False,True,,,synthetic_error_model_not_real_llm,False
O0001018,M000416,C003,P02,13.0,box,52.0,B,2025-02-06,False,True,,,synthetic_error_model_not_real_llm,False
O0001019,M000424,C011,P02,6.0,kg,6.0,B,2025-02-06,False,True,LOW_CONFIDENCE_QUANTITY,QUANTITY,synthetic_error_model_not_real_llm,True
O0001020,M000425,C012,P02,5.0,box,20.0,A,2025-02-06,True,True,,GRADE,synthetic_error_model_not_real_llm,True
O0001021,M000415,C002,,14.0,kg,,B,2025-02-06,True,True,MISSING_PRODUCT,PRODUCT,synthetic_error_model_not_real_llm,True
O0001022,M000422,C009,P03,53.0,kg,53.0,B,2025-02-06,True,True,,,synthetic_error_model_not_real_llm,True
O0001023,M000417,C004,P03,2.0,crate,24.0,B,2025-02-06,True,True,,,synthetic_error_model_not_real_llm,False
O0001024,M000425,C012,P03,9.0,kg,9.0,B,2025-02-06,True,True,,,synthetic_error_model_not_real_llm,True
O0001025,M000422,C009,,21.0,kg,,B,2025-02-06,True,True,MISSING_PRODUCT,PRODUCT,synthetic_error_model_not_real_llm,True
O0001026,M000423,C010,P04,7.0,kg,7.0,A,2025-02-06,False,True,,,synthetic_error_model_not_real_llm,False
O0001027,M000424,C011,,3.0,box,,A,2025-02-06,False,True,MISSING_PRODUCT,PRODUCT,synthetic_error_model_not_real_llm,True
O0001028,M000419,C006,P04,10.0,kg,10.0,B,,False,True,MISSING_DATE,DATE,synthetic_error_model_not_real_llm,True
O0001029,M000420,C007,P04,3.0,kg,3.0,B,2025-02-06,False,True,,,synthetic_error_model_not_real_llm,True
O0001030,M000424,C011,P05,3.0,kg,3.0,B,2025-02-06,True,True,,,synthetic_error_model_not_real_llm,True
O0001031,M000420,C007,,4.0,kg,,A,2025-02-06,True,True,MISSING_PRODUCT,PRODUCT|SUBSTITUTION,synthetic_error_model_not_real_llm,True
O0001032,M000421,C008,P05,2.0,box,10.0,A,2025-02-06,False,True,,,synthetic_error_model_not_real_llm,False
O0001033,M000425,C012,P05,4.0,box,20.0,B,2025-02-06,,True,MISSING_SUBSTITUTION,SUBSTITUTION,synthetic_error_model_not_real_llm,True
O0001034,M000422,C009,P06,36.0,kg,36.0,A,2025-02-06,False,True,,,synthetic_error_model_not_real_llm,True
O0001035,M000417,C004,P06,6.0,crate,36.0,A,2025-02-06,False,True,,,synthetic_error_model_not_real_llm,False
O0001036,M000422,C009,P07,2.0,box,16.0,A,2025-02-06,True,True,,GRADE,synthetic_error_model_not_real_llm,True
O0001037,M000421,C008,P07,5.0,box,40.0,A,2025-02-06,False,True,,,synthetic_error_model_not_real_llm,False
O0001038,M000415,C002,P07,26.0,kg,26.0,A,2025-02-05,False,True,LOW_CONFIDENCE_DATE,DATE,synthetic_error_model_not_real_llm,True
O0001039,M000415,C002,P08,16.0,kg,16.0,B,2025-02-07,True,True,,DATE,synthetic_error_model_not_real_llm,True
O0001040,M000420,C007,P08,4.0,box,20.0,A,2025-02-06,True,True,LOW_CONFIDENCE_GRADE,GRADE,synthetic_error_model_not_real_llm,True
O0001041,M000419,C006,P08,5.0,box,25.0,A,,True,True,MISSING_DATE,DATE,synthetic_error_model_not_real_llm,True
O0001042,M000424,C011,P08,5.0,kg,5.0,B,2025-02-06,True,True,,,synthetic_error_model_not_real_llm,True
O0001043,M000432,C007,P01,4.0,crate,40.0,A,,False,True,MISSING_DATE,DATE|QUANTITY|UNIT,synthetic_error_model_not_real_llm,True
O0001044,M000427,C002,P01,9.0,kg,9.0,A,2025-02-07,False,True,,,synthetic_error_model_not_real_llm,False
O0001045,M000437,C012,P01,41.0,,,A,2025-02-07,False,True,MISSING_UNIT,UNIT,synthetic_error_model_not_real_llm,True
O0001046,M000426,C001,P01,16.0,kg,16.0,B,2025-02-07,True,True,,,synthetic_error_model_not_real_llm,False
O0001047,M000430,C005,P01,10.0,kg,10.0,A,2025-02-07,False,True,,,synthetic_error_model_not_real_llm,False
O0001048,M000434,C009,P02,9.0,box,36.0,A,2025-02-07,False,True,,,synthetic_error_model_not_real_llm,False
O0001049,M000429,C004,P02,34.0,kg,34.0,B,2025-02-07,True,True,,,synthetic_error_model_not_real_llm,False
O0001050,M000431,C006,P02,6.0,box,24.0,B,2025-02-07,False,True,,,synthetic_error_model_not_real_llm,False
O0001051,M000430,C005,P03,58.0,kg,58.0,B,2025-02-07,True,True,,,synthetic_error_model_not_real_llm,False
O0001052,M000432,C007,P03,16.0,kg,16.0,A,2025-02-07,False,True,,,synthetic_error_model_not_real_llm,True
O0001053,M000433,C008,P03,45.0,kg,45.0,A,2025-02-07,False,True,,,synthetic_error_model_not_real_llm,False
O0001054,M000433,C008,P04,3.0,box,9.0,A,2025-02-07,False,True,,,synthetic_error_model_not_real_llm,False
O0001055,M000435,C010,P04,4.0,box,12.0,A,2025-02-07,False,True,,,synthetic_error_model_not_real_llm,False
O0001056,M000437,C012,P04,15.0,box,45.0,A,2025-02-07,False,True,,,synthetic_error_model_not_real_llm,True
O0001057,M000430,C005,P04,2.0,crate,12.0,B,2025-02-07,True,True,,,synthetic_error_model_not_real_llm,False
O0001058,M000433,C008,P05,5.0,box,25.0,B,2025-02-07,True,True,,,synthetic_error_model_not_real_llm,False
O0001059,M000429,C004,P05,20.0,kg,20.0,A,2025-02-07,False,True,,,synthetic_error_model_not_real_llm,False
O0001060,M000437,C012,P05,17.0,crate,170.0,A,2025-02-07,False,True,,UNIT,synthetic_error_model_not_real_llm,True
O0001061,M000428,C003,P06,9.0,box,27.0,A,2025-02-07,False,True,,,synthetic_error_model_not_real_llm,False
O0001062,M000434,C009,P06,7.0,crate,42.0,A,2025-02-07,False,True,,,synthetic_error_model_not_real_llm,False
O0001063,M000434,C009,P07,28.0,kg,28.0,A,2025-02-07,True,True,,,synthetic_error_model_not_real_llm,False
O0001064,M000433,C008,P07,105.0,kg,105.0,B,2025-02-07,False,True,,,synthetic_error_model_not_real_llm,False
O0001065,M000431,C006,P08,2.0,crate,20.0,B,2025-02-07,True,True,,,synthetic_error_model_not_real_llm,False
O0001066,M000436,C011,P08,5.0,box,25.0,A,2025-02-07,True,True,,,synthetic_error_model_not_real_llm,False
O0001067,M000437,C012,P08,8.0,kg,8.0,A,2025-02-07,False,True,,GRADE,synthetic_error_model_not_real_llm,True
O0001068,M000440,C003,P01,49.0,kg,49.0,A,2025-02-08,False,True,,,synthetic_error_model_not_real_llm,False
O0001069,M000448,C012,P01,21.0,kg,21.0,A,2025-02-08,False,True,,,synthetic_error_model_not_real_llm,False
O0001070,M000439,C002,P01,11.0,kg,11.0,A,2025-02-08,False,True,,,synthetic_error_model_not_real_llm,False
O0001071,M000442,C005,P01,34.0,kg,34.0,B,2025-02-08,True,True,,,synthetic_error_model_not_real_llm,False
O0001072,M000438,C001,P02,18.0,kg,18.0,A,2025-02-08,False,True,,,synthetic_error_model_not_real_llm,False
O0001073,M000440,C003,P02,70.0,kg,70.0,A,2025-02-08,False,True,,,synthetic_error_model_not_real_llm,False
O0001074,M000447,C011,P03,16.0,kg,16.0,B,2025-02-08,True,True,,,synthetic_error_model_not_real_llm,True
O0001075,M000448,C012,P03,18.0,kg,18.0,A,2025-02-08,False,True,,,synthetic_error_model_not_real_llm,False
O0001076,M000443,C006,P03,3.0,box,18.0,A,2025-02-08,False,True,,,synthetic_error_model_not_real_llm,False
O0001077,M000439,C002,P03,67.0,kg,67.0,A,2025-02-08,False,True,,,synthetic_error_model_not_real_llm,False
O0001078,M000441,C004,P03,1.0,box,6.0,B,2025-02-08,True,True,,,synthetic_error_model_not_real_llm,False
O0001079,M000448,C012,P04,47.0,kg,47.0,A,2025-02-08,True,True,,,synthetic_error_model_not_real_llm,False
O0001080,M000446,,,,,,,,,False,INVALID_JSON,INVALID_JSON,synthetic_error_model_not_real_llm,True
O0001081,M000438,C001,P04,24.0,kg,24.0,B,2025-02-08,True,True,,QUANTITY,synthetic_error_model_not_real_llm,False
O0001082,M000444,C007,P05,5.0,box,25.0,A,2025-02-08,False,True,,,synthetic_error_model_not_real_llm,False
O0001083,M000448,C012,P05,17.0,kg,17.0,B,2025-02-08,True,True,,,synthetic_error_model_not_real_llm,False
O0001084,M000445,C008,P05,29.0,kg,29.0,A,2025-02-08,False,True,,,synthetic_error_model_not_real_llm,False
O0001085,M000443,C006,P06,20.0,kg,20.0,A,2025-02-08,False,True,,,synthetic_error_model_not_real_llm,False
O0001086,M000444,C007,P06,14.0,kg,14.0,A,2025-02-08,False,True,,,synthetic_error_model_not_real_llm,False
O0001087,M000442,C005,P06,8.0,kg,8.0,A,2025-02-08,False,True,,,synthetic_error_model_not_real_llm,False
O0001088,M000448,C012,P06,16.0,kg,16.0,A,2025-02-08,False,True,,,synthetic_error_model_not_real_llm,False
O0001089,M000440,C003,P06,3.0,kg,3.0,B,2025-02-08,False,True,,,synthetic_error_model_not_real_llm,False
O0001090,M000447,C011,P07,1.0,,,B,2025-02-08,False,True,MISSING_UNIT,UNIT,synthetic_error_model_not_real_llm,True
O0001091,M000445,C008,P07,55.0,kg,55.0,A,2025-02-08,False,True,,,synthetic_error_model_not_real_llm,False
O0001092,M000444,C007,P08,6.0,kg,6.0,B,2025-02-08,False,True,,,synthetic_error_model_not_real_llm,False
O0001093,M000442,C005,P08,24.0,kg,24.0,B,2025-02-08,True,True,,,synthetic_error_model_not_real_llm,False
O0001094,M000445,C008,P08,58.0,kg,58.0,B,2025-02-08,False,True,,,synthetic_error_model_not_real_llm,False
O0001095,M000457,C010,P01,19.0,box,95.0,A,2025-02-09,False,True,,,synthetic_error_model_not_real_llm,False
O0001096,M000455,C007,P01,20.0,kg,20.0,A,2025-02-09,False,True,,,synthetic_error_model_not_real_llm,False
O0001097,M000453,C005,P02,53.0,kg,53.0,A,2025-02-09,False,True,,,synthetic_error_model_not_real_llm,False
O0001098,M000459,C012,P02,6.0,box,24.0,A,2025-02-09,False,True,,,synthetic_error_model_not_real_llm,False
O0001099,M000450,C002,P03,19.0,kg,19.0,B,2025-02-09,False,True,,,synthetic_error_model_not_real_llm,False
O0001100,M000455,C007,P03,1.0,crate,12.0,A,2025-02-09,False,True,,,synthetic_error_model_not_real_llm,False
O0001101,M000451,C003,P03,28.0,kg,28.0,B,2025-02-09,True,True,,,synthetic_error_model_not_real_llm,False
O0001102,M000456,C008,P03,2.0,box,12.0,B,2025-02-09,True,True,,,synthetic_error_model_not_real_llm,True
O0001103,M000455,C007,P04,5.0,kg,5.0,B,2025-02-09,True,True,,,synthetic_error_model_not_real_llm,False
O0001104,M000452,C004,P04,3.0,kg,3.0,B,2025-02-09,False,True,,,synthetic_error_model_not_real_llm,False
O0001105,M000454,C006,P04,30.0,kg,30.0,B,2025-02-09,True,True,,,synthetic_error_model_not_real_llm,True
O0001106,M000449,C001,P04,3.0,kg,3.0,A,2025-02-09,False,True,,,synthetic_error_model_not_real_llm,True
O0001107,M000453,C005,P04,4.0,crate,24.0,A,2025-02-09,False,True,,,synthetic_error_model_not_real_llm,False
O0001108,M000458,C011,P05,22.0,,,B,2025-02-09,False,True,MISSING_UNIT,GRADE|UNIT,synthetic_error_model_not_real_llm,True
O0001109,M000451,C003,P05,36.0,kg,36.0,B,2025-02-09,False,True,,,synthetic_error_model_not_real_llm,False
O0001110,M000456,C008,P05,4.0,kg,4.0,,2025-02-09,False,True,MISSING_GRADE,GRADE,synthetic_error_model_not_real_llm,True
O0001111,M000450,C002,P06,7.0,kg,7.0,B,2025-02-09,True,True,,,synthetic_error_model_not_real_llm,False
O0001112,M000451,C003,P06,12.0,kg,12.0,A,2025-02-09,True,True,,,synthetic_error_model_not_real_llm,False
O0001113,M000449,C001,P06,7.0,kg,7.0,B,2025-02-08,False,True,LOW_CONFIDENCE_QUANTITY,DATE|QUANTITY,synthetic_error_model_not_real_llm,True
O0001114,M000459,C012,P06,8.0,kg,8.0,A,2025-02-09,False,True,,,synthetic_error_model_not_real_llm,False
O0001115,M000454,C006,P06,3.0,kg,3.0,B,2025-02-10,True,True,LOW_CONFIDENCE_DATE,DATE,synthetic_error_model_not_real_llm,True
O0001116,M000452,C004,P07,7.0,kg,7.0,A,2025-02-09,False,True,,,synthetic_error_model_not_real_llm,False
O0001117,M000456,C008,P07,8.0,kg,8.0,,2025-02-09,True,True,MISSING_GRADE,GRADE,synthetic_error_model_not_real_llm,True
O0001118,M000454,C001,P07,3.0,crate,48.0,B,2025-02-09,True,True,,CUSTOMER,synthetic_error_model_not_real_llm,True
O0001119,M000459,C012,P07,2.0,box,16.0,A,2025-02-09,False,True,,,synthetic_error_model_not_real_llm,False
O0001120,M000453,C005,P08,7.0,box,35.0,A,2025-02-09,False,True,,,synthetic_error_model_not_real_llm,False
O0001121,M000457,C010,P08,28.0,kg,28.0,B,2025-02-09,False,True,,,synthetic_error_model_not_real_llm,False
O0001122,M000462,C003,P01,2.0,box,10.0,B,2025-02-10,False,True,LOW_CONFIDENCE_QUANTITY,QUANTITY,synthetic_error_model_not_real_llm,True
O0001123,M000468,C009,P01,103.0,kg,103.0,B,2025-02-10,True,True,,,synthetic_error_model_not_real_llm,False
O0001124,M000466,C007,P02,3.0,crate,24.0,B,2025-02-10,True,True,,,synthetic_error_model_not_real_llm,False
O0001125,M000470,C011,P02,6.0,kg,6.0,A,2025-02-09,True,True,,DATE|SUBSTITUTION,synthetic_error_model_not_real_llm,True
O0001126,M000464,C005,P02,20.0,box,80.0,B,2025-02-10,False,True,,,synthetic_error_model_not_real_llm,False
O0001127,M000465,C006,P03,1.0,crate,12.0,B,2025-02-10,False,True,,,synthetic_error_model_not_real_llm,True
O0001128,M000463,C004,P03,1.0,box,6.0,B,2025-02-10,True,True,,,synthetic_error_model_not_real_llm,False
O0001129,M000469,C010,P03,36.0,kg,36.0,A,2025-02-10,False,True,,,synthetic_error_model_not_real_llm,True
O0001130,M000470,C011,P03,12.0,kg,12.0,A,2025-02-10,False,True,,,synthetic_error_model_not_real_llm,True
O0001131,M000460,C001,P04,16.0,kg,16.0,A,2025-02-10,True,True,,,synthetic_error_model_not_real_llm,False
O0001132,M000462,C003,P04,12.0,kg,12.0,A,2025-02-10,False,True,,,synthetic_error_model_not_real_llm,True
O0001133,M000469,C010,P04,,kg,,A,2025-02-10,False,True,MISSING_QUANTITY,QUANTITY,synthetic_error_model_not_real_llm,True
O0001134,M000471,C012,P04,3.0,crate,18.0,A,2025-02-10,False,True,,,synthetic_error_model_not_real_llm,False
O0001135,M000470,C011,P05,,kg,,A,2025-02-10,False,True,MISSING_QUANTITY,QUANTITY,synthetic_error_model_not_real_llm,True
O0001136,M000467,C008,P05,1.0,box,5.0,B,2025-02-10,True,True,,,synthetic_error_model_not_real_llm,False
O0001137,M000465,C006,P05,3.0,kg,3.0,B,2025-02-10,True,True,,,synthetic_error_model_not_real_llm,True
O0001138,M000464,C005,P05,3.0,kg,3.0,A,2025-02-10,True,True,,,synthetic_error_model_not_real_llm,False
O0001139,M000471,C012,P05,5.0,crate,50.0,B,2025-02-10,True,True,,,synthetic_error_model_not_real_llm,False
O0001140,M000464,C005,P06,1.0,crate,6.0,B,2025-02-10,True,True,,,synthetic_error_model_not_real_llm,False
O0001141,M000468,C009,P06,8.0,kg,8.0,A,2025-02-10,True,True,,,synthetic_error_model_not_real_llm,False
O0001142,M000460,C001,P06,2.0,box,6.0,B,2025-02-10,False,True,,,synthetic_error_model_not_real_llm,False
O0001143,M000470,C011,P06,14.0,box,42.0,B,2025-02-10,True,True,,,synthetic_error_model_not_real_llm,True
O0001144,M000462,C003,P06,5.0,kg,5.0,B,2025-02-10,True,True,,,synthetic_error_model_not_real_llm,True
O0001145,M000468,C009,P07,10.0,box,80.0,B,2025-02-10,False,True,,,synthetic_error_model_not_real_llm,False
O0001146,M000460,C001,P07,12.0,kg,12.0,A,2025-02-10,False,True,,,synthetic_error_model_not_real_llm,False
O0001147,M000461,C007,P07,56.0,kg,56.0,A,2025-02-10,False,True,LOW_CONFIDENCE_CUSTOMER,CUSTOMER,synthetic_error_model_not_real_llm,True
O0001148,M000465,C006,P07,4.0,crate,64.0,A,2025-02-10,True,True,LOW_CONFIDENCE_UNIT,UNIT,synthetic_error_model_not_real_llm,True
O0001149,M000464,C005,P07,2.0,crate,32.0,B,2025-02-10,True,True,,,synthetic_error_model_not_real_llm,False
O0001150,M000468,C009,P08,9.0,kg,9.0,A,2025-02-10,True,True,,,synthetic_error_model_not_real_llm,False
O0001151,M000469,C010,P08,7.0,box,35.0,B,2025-02-10,False,True,,,synthetic_error_model_not_real_llm,True
O0001152,M000464,C005,P08,11.0,kg,11.0,A,2025-02-10,False,True,,,synthetic_error_model_not_real_llm,False
O0001153,M000476,C007,P01,11.0,box,55.0,B,2025-02-11,True,True,,,synthetic_error_model_not_real_llm,False
O0001154,M000473,C002,P01,33.0,kg,33.0,A,2025-02-11,False,True,,,synthetic_error_model_not_real_llm,False
O0001155,M000481,C012,P01,9.0,kg,9.0,A,2025-02-11,False,True,,,synthetic_error_model_not_real_llm,True
O0001156,M000478,C008,P01,11.0,kg,11.0,B,2025-02-11,True,True,,CUSTOMER,synthetic_error_model_not_real_llm,False
O0001157,M000479,C010,P02,24.0,kg,24.0,,2025-02-11,True,True,MISSING_GRADE,GRADE,synthetic_error_model_not_real_llm,True
O0001158,M000480,C011,P02,17.0,kg,17.0,A,2025-02-11,False,True,,,synthetic_error_model_not_real_llm,True
O0001159,M000477,C008,P02,4.0,kg,4.0,A,2025-02-11,False,True,,,synthetic_error_model_not_real_llm,False
O0001160,M000472,C001,P02,13.0,kg,13.0,A,2025-02-11,True,True,,,synthetic_error_model_not_real_llm,False
O0001161,M000478,C009,P02,16.0,kg,16.0,B,2025-02-11,False,True,,,synthetic_error_model_not_real_llm,False
O0001162,M000478,C009,P03,2.0,box,12.0,A,2025-02-11,False,True,,,synthetic_error_model_not_real_llm,False
O0001163,M000474,C004,P03,12.0,box,72.0,B,2025-02-11,True,True,,,synthetic_error_model_not_real_llm,False
O0001164,M000481,C012,P03,26.0,kg,26.0,B,2025-02-11,True,True,,,synthetic_error_model_not_real_llm,True
O0001165,M000476,C007,P04,10.0,kg,10.0,A,2025-02-11,False,True,,,synthetic_error_model_not_real_llm,False
O0001166,M000475,C006,P04,50.0,kg,50.0,A,2025-02-11,False,True,,,synthetic_error_model_not_real_llm,False
O0001167,M000472,C001,P05,50.0,kg,50.0,B,2025-02-11,False,True,,,synthetic_error_model_not_real_llm,False
O0001168,M000473,C002,P05,15.0,kg,15.0,A,2025-02-11,False,True,,,synthetic_error_model_not_real_llm,False
O0001169,M000481,C012,P05,4.0,kg,4.0,B,2025-02-11,True,True,,,synthetic_error_model_not_real_llm,True
O0001170,M000476,C007,P03,7.0,kg,7.0,B,2025-02-11,False,True,,PRODUCT,synthetic_error_model_not_real_llm,False
O0001171,M000480,C011,P05,10.0,kg,10.0,A,2025-02-11,False,True,,,synthetic_error_model_not_real_llm,True
O0001172,M000476,C007,P06,12.0,crate,72.0,A,2025-02-11,True,True,,GRADE,synthetic_error_model_not_real_llm,False
O0001173,M000473,C002,P06,9.0,kg,9.0,B,2025-02-11,True,True,,,synthetic_error_model_not_real_llm,False
O0001174,M000472,C001,P02,18.0,kg,18.0,B,2025-02-11,True,True,,PRODUCT,synthetic_error_model_not_real_llm,False
O0001175,M000480,C011,P07,14.0,kg,14.0,B,2025-02-11,False,True,LOW_CONFIDENCE_SUBSTITUTION,SUBSTITUTION,synthetic_error_model_not_real_llm,True
O0001176,M000481,C012,P07,,kg,,A,2025-02-11,False,True,MISSING_QUANTITY,QUANTITY,synthetic_error_model_not_real_llm,True
O0001177,M000480,C011,P08,50.0,kg,50.0,B,2025-02-10,True,True,LOW_CONFIDENCE_DATE|LOW_CONFIDENCE_QUANTITY,DATE|QUANTITY,synthetic_error_model_not_real_llm,True
O0001178,M000478,C009,P08,6.0,box,30.0,A,2025-02-11,False,True,,,synthetic_error_model_not_real_llm,False
O0001179,M000488,C008,P01,43.0,kg,43.0,A,2025-02-12,False,True,,,synthetic_error_model_not_real_llm,False
O0001180,M000485,C004,P01,,box,,A,2025-02-12,True,True,MISSING_QUANTITY,QUANTITY|SUBSTITUTION,synthetic_error_model_not_real_llm,True
O0001181,M000484,C003,P01,8.0,kg,8.0,A,2025-02-12,False,True,,,synthetic_error_model_not_real_llm,False
O0001182,M000491,C011,P02,8.0,box,32.0,B,2025-02-12,True,True,,,synthetic_error_model_not_real_llm,True
O0001183,M000484,C003,P02,14.0,kg,14.0,B,2025-02-12,True,True,,,synthetic_error_model_not_real_llm,False
O0001184,M000488,C008,P02,30.0,kg,30.0,A,2025-02-12,False,True,,,synthetic_error_model_not_real_llm,False
O0001185,M000486,C005,P02,21.0,kg,21.0,B,2025-02-13,True,True,,DATE,synthetic_error_model_not_real_llm,True
O0001186,M000483,C002,P02,3.0,kg,3.0,A,2025-02-12,False,True,,,synthetic_error_model_not_real_llm,False
O0001187,M000491,C011,P03,4.0,box,24.0,A,2025-02-13,False,True,LOW_CONFIDENCE_DATE,DATE,synthetic_error_model_not_real_llm,True
O0001188,M000484,C003,P03,14.0,kg,14.0,A,2025-02-12,False,True,,,synthetic_error_model_not_real_llm,False
O0001189,M000488,C008,P03,6.0,crate,72.0,A,2025-02-12,False,True,,,synthetic_error_model_not_real_llm,False
O0001190,M000492,C012,P03,30.0,kg,30.0,A,2025-02-12,False,True,,,synthetic_error_model_not_real_llm,False
O0001191,M000483,C002,P04,2.0,crate,12.0,B,2025-02-12,True,True,,,synthetic_error_model_not_real_llm,False
O0001192,M000484,C003,P04,13.0,kg,13.0,B,2025-02-12,True,True,,,synthetic_error_model_not_real_llm,False
O0001193,M000491,C011,P04,8.0,kg,8.0,A,2025-02-12,False,True,,,synthetic_error_model_not_real_llm,True
O0001194,M000487,C007,P04,7.0,kg,7.0,B,2025-02-12,True,True,,,synthetic_error_model_not_real_llm,False
O0001195,M000483,C002,P05,23.0,kg,23.0,B,2025-02-12,True,True,,,synthetic_error_model_not_real_llm,False
O0001196,M000488,C008,P05,1.0,box,5.0,B,2025-02-12,True,True,,,synthetic_error_model_not_real_llm,False
O0001197,M000489,C009,P05,3.0,crate,30.0,A,2025-02-12,False,True,,,synthetic_error_model_not_real_llm,False
O0001198,M000490,C010,P06,3.0,kg,3.0,A,2025-02-12,False,True,,,synthetic_error_model_not_real_llm,True
O0001199,M000484,C003,P06,7.0,box,21.0,A,2025-02-12,False,True,,,synthetic_error_model_not_real_llm,False
O0001200,M000486,C005,P06,17.0,kg,17.0,B,2025-02-12,True,True,,,synthetic_error_model_not_real_llm,True
O0001201,M000485,C004,P07,19.0,kg,19.0,B,2025-02-12,True,True,,SUBSTITUTION,synthetic_error_model_not_real_llm,True
O0001202,M000482,C001,P07,9.0,crate,144.0,A,2025-02-12,False,True,,,synthetic_error_model_not_real_llm,False
O0001203,M000490,C010,P08,22.0,kg,22.0,A,2025-02-12,True,True,LOW_CONFIDENCE_GRADE,GRADE,synthetic_error_model_not_real_llm,True
O0001204,M000491,C011,P08,4.0,kg,4.0,B,2025-02-12,True,True,LOW_CONFIDENCE_QUANTITY,QUANTITY,synthetic_error_model_not_real_llm,True
O0001205,M000486,C005,P08,20.0,kg,20.0,A,2025-02-12,,True,MISSING_SUBSTITUTION,SUBSTITUTION,synthetic_error_model_not_real_llm,True
O0001206,M000497,C005,P01,68.0,kg,68.0,B,2025-02-13,False,True,,GRADE,synthetic_error_model_not_real_llm,False
O0001207,M000503,C012,P01,2.0,crate,20.0,A,2025-02-13,False,True,,,synthetic_error_model_not_real_llm,False
O0001208,M000493,C001,P01,1.0,box,5.0,B,2025-02-13,True,True,,,synthetic_error_model_not_real_llm,False
O0001209,M000494,C002,P02,15.0,kg,15.0,A,2025-02-13,False,True,,,synthetic_error_model_not_real_llm,True
O0001210,M000495,C003,P02,8.0,kg,8.0,A,2025-02-13,False,True,,,synthetic_error_model_not_real_llm,False
O0001211,M000498,C006,P02,12.0,kg,12.0,B,2025-02-13,False,True,,,synthetic_error_model_not_real_llm,False
O0001212,M000497,C005,P02,1.0,box,4.0,A,2025-02-13,False,True,,,synthetic_error_model_not_real_llm,False
O0001213,M000496,C004,P02,25.0,kg,25.0,A,2025-02-13,False,True,,,synthetic_error_model_not_real_llm,False
O0001214,M000494,C002,P03,4.0,,,B,2025-02-13,True,True,MISSING_UNIT,UNIT,synthetic_error_model_not_real_llm,True
O0001215,M000495,C003,P03,3.0,box,18.0,B,2025-02-13,False,True,,,synthetic_error_model_not_real_llm,False
O0001216,M000502,C011,P03,3.0,box,18.0,A,2025-02-13,False,True,,,synthetic_error_model_not_real_llm,False
O0001217,M000496,C004,P03,51.0,kg,51.0,A,2025-02-13,False,True,,,synthetic_error_model_not_real_llm,False
O0001218,M000496,C004,P04,22.0,kg,22.0,B,2025-02-13,True,True,,,synthetic_error_model_not_real_llm,False
O0001219,M000502,C011,P04,59.0,kg,59.0,B,2025-02-13,True,True,,,synthetic_error_model_not_real_llm,False
O0001220,M000498,C006,P05,32.0,kg,32.0,A,2025-02-13,False,True,,,synthetic_error_model_not_real_llm,False
O0001221,M000497,C005,P05,12.0,kg,12.0,B,2025-02-13,False,True,,,synthetic_error_model_not_real_llm,False
O0001222,M000495,C003,P05,14.0,kg,14.0,B,2025-02-13,False,True,,,synthetic_error_model_not_real_llm,False
O0001223,M000494,,P05,1.0,box,5.0,A,2025-02-13,,True,MISSING_CUSTOMER|MISSING_SUBSTITUTION,CUSTOMER|SUBSTITUTION,synthetic_error_model_not_real_llm,True
O0001224,M000502,C011,P06,8.0,box,24.0,A,2025-02-13,False,True,,,synthetic_error_model_not_real_llm,False
O0001225,M000499,C007,,12.0,kg,,A,2025-02-13,False,True,MISSING_PRODUCT,PRODUCT,synthetic_error_model_not_real_llm,True
O0001226,M000500,C009,P06,3.0,kg,3.0,B,2025-02-13,False,True,,,synthetic_error_model_not_real_llm,False
O0001227,M000497,C005,P06,7.0,kg,7.0,B,2025-02-13,True,True,,,synthetic_error_model_not_real_llm,False
O0001228,M000499,C007,P07,2.0,crate,32.0,A,2025-02-13,True,True,,GRADE,synthetic_error_model_not_real_llm,True
O0001229,M000502,C011,P07,77.0,kg,77.0,A,2025-02-13,False,True,,,synthetic_error_model_not_real_llm,False
O0001230,M000493,C001,P08,16.0,kg,16.0,B,2025-02-13,True,True,,,synthetic_error_model_not_real_llm,False
O0001231,M000501,C010,P08,33.0,kg,33.0,B,2025-02-13,False,True,,,synthetic_error_model_not_real_llm,False
O0001232,M000514,C012,P01,4.0,crate,40.0,,2025-02-14,True,True,MISSING_GRADE,GRADE,synthetic_error_model_not_real_llm,True
O0001233,M000512,C010,P01,13.0,box,65.0,B,2025-02-14,True,True,,,synthetic_error_model_not_real_llm,False
O0001234,M000509,C007,P02,14.0,box,56.0,A,2025-02-14,False,True,,,synthetic_error_model_not_real_llm,False
O0001235,M000504,C001,P02,10.0,kg,10.0,A,2025-02-14,False,True,,,synthetic_error_model_not_real_llm,False
O0001236,M000505,C001,P02,18.0,kg,18.0,A,2025-02-14,False,True,,CUSTOMER,synthetic_error_model_not_real_llm,False
O0001237,M000507,C005,P02,30.0,kg,30.0,A,2025-02-14,False,True,,,synthetic_error_model_not_real_llm,True
O0001238,M000511,C009,P03,57.0,kg,57.0,B,2025-02-14,True,True,,,synthetic_error_model_not_real_llm,False
O0001239,M000514,C012,P03,22.0,kg,22.0,A,2025-02-14,False,True,,,synthetic_error_model_not_real_llm,True
O0001240,M000504,C001,P03,12.0,kg,12.0,A,2025-02-14,True,True,,,synthetic_error_model_not_real_llm,False
O0001241,M000510,C008,P04,3.0,crate,18.0,A,2025-02-14,False,True,,,synthetic_error_model_not_real_llm,False
O0001242,M000504,C001,P04,10.0,kg,10.0,B,2025-02-14,True,True,,,synthetic_error_model_not_real_llm,False
O0001243,M000514,C012,P04,5.0,box,15.0,B,2025-02-14,True,True,,,synthetic_error_model_not_real_llm,True
O0001244,M000507,C005,P05,2.0,box,10.0,A,2025-02-14,False,True,,,synthetic_error_model_not_real_llm,True
O0001245,M000511,C009,P05,65.0,kg,65.0,B,2025-02-14,True,True,,,synthetic_error_model_not_real_llm,False
O0001246,M000506,C003,P05,18.0,,,B,2025-02-15,True,True,MISSING_UNIT,DATE|UNIT,synthetic_error_model_not_real_llm,True
O0001247,M000507,C005,P06,19.0,kg,19.0,B,2025-02-14,True,True,,,synthetic_error_model_not_real_llm,True
O0001248,M000508,C006,P06,16.0,kg,16.0,A,2025-02-14,False,True,,,synthetic_error_model_not_real_llm,True
O0001249,M000513,C011,P06,8.0,box,24.0,A,2025-02-14,False,True,,,synthetic_error_model_not_real_llm,False
O0001250,M000509,C007,P06,29.0,kg,29.0,A,2025-02-14,False,True,,,synthetic_error_model_not_real_llm,False
O0001251,M000504,C001,P07,1.0,crate,16.0,A,2025-02-14,False,True,,,synthetic_error_model_not_real_llm,False
O0001252,M000508,C006,P07,23.0,box,184.0,A,2025-02-14,False,True,LOW_CONFIDENCE_UNIT,UNIT,synthetic_error_model_not_real_llm,True
O0001253,M000505,C002,P07,6.0,box,48.0,A,2025-02-14,False,True,,GRADE,synthetic_error_model_not_real_llm,False
O0001254,M000509,C007,P07,31.0,kg,31.0,A,2025-02-14,False,True,,,synthetic_error_model_not_real_llm,False
O0001255,M000507,C005,P07,62.0,kg,62.0,A,2025-02-14,,True,MISSING_SUBSTITUTION,SUBSTITUTION,synthetic_error_model_not_real_llm,True
O0001256,M000507,C005,P08,8.0,kg,8.0,A,2025-02-14,False,True,,,synthetic_error_model_not_real_llm,True
O0001257,M000512,C010,P06,12.0,kg,12.0,A,2025-02-14,False,True,,PRODUCT,synthetic_error_model_not_real_llm,False
O0001258,M000506,C003,P08,7.0,kg,7.0,B,,True,True,MISSING_DATE,DATE,synthetic_error_model_not_real_llm,True
O0001259,M000520,C007,P01,34.0,kg,34.0,A,2025-02-15,False,True,,,synthetic_error_model_not_real_llm,False
O0001260,M000525,C012,P01,108.0,kg,108.0,A,2025-02-15,False,True,,,synthetic_error_model_not_real_llm,False
O0001261,M000515,C001,P01,6.0,crate,60.0,B,2025-02-15,False,True,,,synthetic_error_model_not_real_llm,True
O0001262,M000516,C003,P02,6.0,kg,6.0,B,2025-02-15,True,True,,,synthetic_error_model_not_real_llm,False
O0001263,M000522,C009,P02,76.0,kg,76.0,B,2025-02-15,True,True,LOW_CONFIDENCE_QUANTITY,QUANTITY,synthetic_error_model_not_real_llm,True
O0001264,M000515,C001,P02,11.0,kg,11.0,,2025-02-15,False,True,MISSING_GRADE,GRADE,synthetic_error_model_not_real_llm,True
O0001265,M000520,C007,P02,1.0,box,4.0,A,2025-02-15,False,True,,,synthetic_error_model_not_real_llm,False
O0001266,M000516,C003,P03,3.0,kg,3.0,A,2025-02-15,False,True,,,synthetic_error_model_not_real_llm,False
O0001267,M000515,C001,P03,16.0,kg,16.0,A,2025-02-15,False,True,,,synthetic_error_model_not_real_llm,True
O0001268,M000518,C005,P03,3.0,crate,36.0,A,2025-02-15,False,True,,,synthetic_error_model_not_real_llm,False
O0001269,M000523,C010,P03,51.0,kg,51.0,A,2025-02-15,False,True,,,synthetic_error_model_not_real_llm,False
O0001270,M000519,C006,P04,4.0,kg,4.0,A,2025-02-15,False,True,,,synthetic_error_model_not_real_llm,False
O0001271,M000522,C009,P04,27.0,kg,27.0,A,2025-02-15,False,True,,,synthetic_error_model_not_real_llm,True
O0001272,M000516,C003,P04,6.0,kg,6.0,B,2025-02-15,True,True,,,synthetic_error_model_not_real_llm,False
O0001273,M000520,C007,P04,28.0,kg,28.0,A,2025-02-15,False,True,,,synthetic_error_model_not_real_llm,False
O0001274,M000525,C012,P05,44.0,kg,44.0,B,2025-02-15,True,True,,,synthetic_error_model_not_real_llm,False
O0001275,M000520,C007,P05,3.0,crate,30.0,B,2025-02-15,True,True,,,synthetic_error_model_not_real_llm,False
O0001276,M000521,C008,P06,22.0,kg,22.0,A,2025-02-15,False,True,,,synthetic_error_model_not_real_llm,False
O0001277,M000522,C009,P06,43.0,kg,43.0,B,2025-02-15,False,True,,,synthetic_error_model_not_real_llm,True
O0001278,M000524,C011,P06,15.0,kg,15.0,A,2025-02-15,False,True,,,synthetic_error_model_not_real_llm,False
O0001279,M000515,C001,P07,1.0,crate,16.0,B,2025-02-15,False,True,,,synthetic_error_model_not_real_llm,True
O0001280,M000520,C007,P07,1.0,box,8.0,B,2025-02-15,False,True,,,synthetic_error_model_not_real_llm,False
O0001281,M000523,C010,P07,30.0,kg,30.0,A,2025-02-15,False,True,,,synthetic_error_model_not_real_llm,False
O0001282,M000525,C012,P07,46.0,kg,46.0,B,2025-02-15,True,True,,,synthetic_error_model_not_real_llm,False
O0001283,M000518,C005,P07,9.0,kg,9.0,A,2025-02-15,False,True,,,synthetic_error_model_not_real_llm,False
O0001284,M000517,C004,P08,7.0,kg,7.0,A,2025-02-15,False,True,,,synthetic_error_model_not_real_llm,False
O0001285,M000516,C003,P08,35.0,kg,35.0,A,2025-02-15,False,True,,,synthetic_error_model_not_real_llm,False
O0001286,M000532,C008,P01,72.0,kg,72.0,A,2025-02-16,True,True,,,synthetic_error_model_not_real_llm,False
O0001287,M000536,C012,P01,65.0,kg,65.0,B,2025-02-16,True,True,,,synthetic_error_model_not_real_llm,False
O0001288,M000534,C010,P02,29.0,kg,29.0,B,2025-02-16,True,True,,,synthetic_error_model_not_real_llm,True
O0001289,M000526,C001,P02,30.0,kg,30.0,A,2025-02-16,True,True,,GRADE,synthetic_error_model_not_real_llm,False
O0001290,M000531,C006,P03,19.0,kg,19.0,B,2025-02-16,True,True,,,synthetic_error_model_not_real_llm,False
O0001291,M000529,C004,P03,63.0,kg,63.0,B,2025-02-16,False,True,,,synthetic_error_model_not_real_llm,False
O0001292,M000529,C004,P04,4.0,box,12.0,A,2025-02-16,False,True,,,synthetic_error_model_not_real_llm,False
O0001293,M000534,C010,,3.0,crate,,A,2025-02-16,True,True,MISSING_PRODUCT,PRODUCT|SUBSTITUTION,synthetic_error_model_not_real_llm,True
O0001294,M000528,C003,P04,19.0,kg,19.0,A,2025-02-16,False,True,,,synthetic_error_model_not_real_llm,False
O0001295,M000530,C005,P04,13.0,kg,13.0,A,2025-02-16,True,True,,,synthetic_error_model_not_real_llm,False
O0001296,M000535,C011,P04,1.0,crate,6.0,A,2025-02-16,False,True,,,synthetic_error_model_not_real_llm,False
O0001297,M000527,C002,P05,5.0,kg,5.0,B,2025-02-16,True,True,,,synthetic_error_model_not_real_llm,False
O0001298,M000536,C012,P05,5.0,box,25.0,B,2025-02-16,True,True,,,synthetic_error_model_not_real_llm,False
O0001299,M000528,C003,P05,48.0,kg,48.0,A,2025-02-16,True,True,,,synthetic_error_model_not_real_llm,False
O0001300,M000533,C009,P05,3.0,box,15.0,A,2025-02-16,False,True,,,synthetic_error_model_not_real_llm,False
O0001301,M000535,C011,P05,21.0,kg,21.0,B,2025-02-16,True,True,,,synthetic_error_model_not_real_llm,False
O0001302,M000528,C003,P06,2.0,box,6.0,B,2025-02-16,True,True,,,synthetic_error_model_not_real_llm,False
O0001303,M000529,C004,P06,3.0,box,9.0,B,2025-02-16,False,True,,,synthetic_error_model_not_real_llm,False
O0001304,M000526,C001,P06,42.0,kg,42.0,A,2025-02-16,False,True,,,synthetic_error_model_not_real_llm,False
O0001305,M000527,C002,P06,9.0,kg,9.0,B,2025-02-16,True,True,,,synthetic_error_model_not_real_llm,False
O0001306,M000536,C012,P07,71.0,kg,71.0,B,2025-02-16,False,True,,,synthetic_error_model_not_real_llm,False
O0001307,M000534,C010,P07,33.0,kg,33.0,B,2025-02-16,False,True,,,synthetic_error_model_not_real_llm,True
O0001308,M000535,C011,P07,21.0,kg,21.0,A,2025-02-16,False,True,,,synthetic_error_model_not_real_llm,False
O0001309,M000529,C004,P07,14.0,kg,14.0,B,2025-02-16,True,True,,,synthetic_error_model_not_real_llm,False
O0001310,M000526,C001,P08,5.0,crate,50.0,B,2025-02-16,True,True,,,synthetic_error_model_not_real_llm,False
O0001311,M000534,C010,P08,35.0,kg,35.0,A,2025-02-16,True,True,,,synthetic_error_model_not_real_llm,True
O0001312,M000536,C012,P08,1.0,box,5.0,B,2025-02-16,True,True,,,synthetic_error_model_not_real_llm,False
O0001313,M000539,C003,P01,33.0,box,165.0,A,2025-02-17,False,True,LOW_CONFIDENCE_UNIT,UNIT,synthetic_error_model_not_real_llm,True
O0001314,M000542,C006,P01,1.0,box,5.0,B,2025-02-17,False,True,,,synthetic_error_model_not_real_llm,False
O0001315,M000541,C005,P01,17.0,kg,17.0,A,2025-02-17,False,True,,,synthetic_error_model_not_real_llm,False
O0001316,M000545,C010,P01,3.0,box,15.0,A,2025-02-17,False,True,,,synthetic_error_model_not_real_llm,True
O0001317,M000543,C008,P01,37.0,kg,37.0,B,2025-02-17,True,True,,,synthetic_error_model_not_real_llm,True
O0001318,M000537,C001,P02,,box,,B,2025-02-17,False,True,MISSING_QUANTITY,QUANTITY,synthetic_error_model_not_real_llm,True
O0001319,M000544,C009,P02,22.0,kg,22.0,A,2025-02-17,False,True,,,synthetic_error_model_not_real_llm,True
O0001320,M000538,C002,P02,85.0,kg,85.0,B,2025-02-17,True,True,,,synthetic_error_model_not_real_llm,False
O0001321,M000541,C005,P02,27.0,kg,27.0,B,2025-02-17,True,True,,,synthetic_error_model_not_real_llm,False
O0001322,M000538,C002,P03,6.0,crate,72.0,A,2025-02-17,False,True,,,synthetic_error_model_not_real_llm,False
O0001323,M000543,C008,P06,6.0,crate,36.0,A,2025-02-17,False,True,,PRODUCT,synthetic_error_model_not_real_llm,True
O0001324,M000540,C004,P04,32.0,kg,32.0,A,2025-02-17,True,True,,,synthetic_error_model_not_real_llm,False
O0001325,M000545,C010,P04,2.0,,,A,2025-02-17,False,True,MISSING_UNIT,UNIT,synthetic_error_model_not_real_llm,True
O0001326,M000540,C004,P05,4.0,kg,4.0,B,2025-02-17,True,True,,,synthetic_error_model_not_real_llm,False
O0001327,M000537,C001,P05,32.0,kg,32.0,A,2025-02-17,True,True,,,synthetic_error_model_not_real_llm,True
O0001328,M000542,C006,P05,4.0,crate,40.0,B,2025-02-17,False,True,,,synthetic_error_model_not_real_llm,False
O0001329,M000544,C009,P05,6.0,kg,6.0,A,,False,True,MISSING_DATE,DATE,synthetic_error_model_not_real_llm,True
O0001330,M000546,C011,P06,6.0,kg,6.0,A,2025-02-17,True,True,,,synthetic_error_model_not_real_llm,False
O0001331,M000539,C003,P06,2.0,crate,12.0,A,2025-02-16,False,True,LOW_CONFIDENCE_DATE,DATE,synthetic_error_model_not_real_llm,True
O0001332,M000547,C012,P06,11.0,crate,66.0,A,2025-02-17,False,True,,UNIT,synthetic_error_model_not_real_llm,False
O0001333,M000541,C005,P06,10.0,kg,10.0,B,2025-02-17,False,True,,,synthetic_error_model_not_real_llm,False
O0001334,M000541,C005,P07,61.0,kg,61.0,B,2025-02-17,False,True,,,synthetic_error_model_not_real_llm,False
O0001335,M000542,C006,P07,26.0,kg,26.0,A,2025-02-17,False,True,,,synthetic_error_model_not_real_llm,False
O0001336,M000544,C009,P07,37.0,kg,37.0,B,2025-02-17,False,True,,,synthetic_error_model_not_real_llm,True
O0001337,M000547,C012,P08,7.0,kg,7.0,B,2025-02-17,False,True,,,synthetic_error_model_not_real_llm,False
O0001338,M000546,C011,P08,21.0,kg,21.0,B,2025-02-17,False,True,,,synthetic_error_model_not_real_llm,False
O0001339,M000543,C008,P08,2.0,kg,2.0,B,2025-02-17,False,True,LOW_CONFIDENCE_UNIT,UNIT,synthetic_error_model_not_real_llm,True
O0001340,M000540,C004,P08,2.0,box,10.0,B,2025-02-17,False,True,,GRADE,synthetic_error_model_not_real_llm,False
O0001341,M000537,C001,P08,40.0,kg,40.0,A,2025-02-17,True,True,,,synthetic_error_model_not_real_llm,True
O0001342,M000548,C001,P01,29.0,kg,29.0,B,2025-02-18,False,True,,,synthetic_error_model_not_real_llm,False
O0001343,M000551,C004,P01,20.0,kg,20.0,A,2025-02-18,False,True,,,synthetic_error_model_not_real_llm,False
O0001344,M000549,C002,P01,14.0,kg,14.0,A,2025-02-18,False,True,,,synthetic_error_model_not_real_llm,False
O0001345,M000557,C011,P01,50.0,kg,50.0,A,2025-02-18,False,True,,,synthetic_error_model_not_real_llm,False
O0001346,M000553,C007,P01,1.0,crate,10.0,A,2025-02-18,False,True,,,synthetic_error_model_not_real_llm,False
O0001347,M000550,C003,P02,37.0,kg,37.0,B,2025-02-18,True,True,,,synthetic_error_model_not_real_llm,False
O0001348,M000555,C009,P02,15.0,kg,15.0,A,2025-02-18,True,True,,,synthetic_error_model_not_real_llm,False
O0001349,M000551,C004,P02,21.0,kg,21.0,B,2025-02-18,False,True,,,synthetic_error_model_not_real_llm,False
O0001350,M000554,C008,P02,1.0,box,4.0,A,2025-02-18,False,True,,,synthetic_error_model_not_real_llm,False
O0001351,M000552,C006,P02,2.0,crate,16.0,B,2025-02-18,True,True,,,synthetic_error_model_not_real_llm,False
O0001352,M000556,C010,P03,26.0,kg,26.0,A,2025-02-18,False,True,,,synthetic_error_model_not_real_llm,False
O0001353,M000549,C002,P03,46.0,kg,46.0,B,2025-02-18,True,True,,,synthetic_error_model_not_real_llm,False
O0001354,M000552,C006,P03,1.0,crate,12.0,B,2025-02-18,True,True,,,synthetic_error_model_not_real_llm,False
O0001355,M000550,C003,P04,11.0,kg,11.0,A,2025-02-18,False,True,,,synthetic_error_model_not_real_llm,False
O0001356,M000548,C001,P04,28.0,kg,28.0,B,2025-02-18,False,True,,,synthetic_error_model_not_real_llm,False
O0001357,M000551,C004,P04,11.0,kg,11.0,B,2025-02-18,False,True,,,synthetic_error_model_not_real_llm,False
O0001358,M000558,C012,P05,3.0,kg,3.0,A,2025-02-18,False,True,,,synthetic_error_model_not_real_llm,False
O0001359,M000550,C003,P05,4.0,kg,4.0,A,2025-02-18,False,True,,,synthetic_error_model_not_real_llm,False
O0001360,M000553,C007,P05,11.0,kg,11.0,A,2025-02-18,True,True,,,synthetic_error_model_not_real_llm,False
O0001361,M000551,C004,P05,3.0,box,15.0,A,2025-02-17,False,True,,DATE,synthetic_error_model_not_real_llm,False
O0001362,M000551,C004,P06,14.0,kg,14.0,B,2025-02-18,True,True,,,synthetic_error_model_not_real_llm,False
O0001363,M000554,C008,P06,7.0,box,21.0,A,2025-02-18,False,True,,,synthetic_error_model_not_real_llm,False
O0001364,M000552,C006,P06,16.0,kg,16.0,A,2025-02-18,False,True,,,synthetic_error_model_not_real_llm,False
O0001365,M000548,C001,P07,1.0,box,8.0,A,2025-02-18,False,True,,,synthetic_error_model_not_real_llm,False
O0001366,M000557,C011,P07,16.0,kg,16.0,A,2025-02-18,False,True,,,synthetic_error_model_not_real_llm,False
O0001367,M000552,C006,P07,1.0,box,8.0,A,2025-02-18,True,True,,,synthetic_error_model_not_real_llm,False
O0001368,M000556,C010,P07,1.0,box,8.0,B,2025-02-19,False,True,,DATE|SUBSTITUTION,synthetic_error_model_not_real_llm,False
O0001369,M000549,C002,P07,1.0,crate,16.0,B,2025-02-18,True,True,,,synthetic_error_model_not_real_llm,False
O0001370,M000554,C008,P08,22.0,kg,22.0,A,2025-02-18,False,True,,,synthetic_error_model_not_real_llm,False
O0001371,M000553,C007,P08,1.0,box,5.0,A,2025-02-18,False,True,,,synthetic_error_model_not_real_llm,False
O0001372,M000555,C009,P08,4.0,kg,4.0,A,2025-02-18,False,True,,,synthetic_error_model_not_real_llm,False
O0001373,M000549,C002,P08,49.0,kg,49.0,A,2025-02-18,False,True,,SUBSTITUTION,synthetic_error_model_not_real_llm,False
O0001374,M000562,C004,P01,4.0,box,20.0,B,2025-02-19,True,True,,,synthetic_error_model_not_real_llm,False
O0001375,M000563,C005,P01,7.0,box,35.0,A,2025-02-19,False,True,,,synthetic_error_model_not_real_llm,False
O0001376,M000565,C007,P01,26.0,kg,26.0,B,2025-02-19,False,True,,,synthetic_error_model_not_real_llm,True
O0001377,M000559,C001,P02,26.0,kg,26.0,B,2025-02-19,False,True,,,synthetic_error_model_not_real_llm,True
O0001378,M000565,C007,P02,9.0,box,36.0,B,2025-02-19,True,True,,,synthetic_error_model_not_real_llm,True
O0001379,M000566,C009,P03,21.0,kg,21.0,B,2025-02-19,True,True,,,synthetic_error_model_not_real_llm,False
O0001380,M000560,C002,P03,5.0,kg,5.0,A,2025-02-19,False,True,,,synthetic_error_model_not_real_llm,False
O0001381,M000565,,P03,32.0,kg,32.0,A,2025-02-19,False,True,MISSING_CUSTOMER,CUSTOMER,synthetic_error_model_not_real_llm,True
O0001382,M000559,C001,P03,40.0,kg,40.0,A,2025-02-19,False,True,,,synthetic_error_model_not_real_llm,True
O0001383,M000561,C003,P03,16.0,kg,16.0,B,2025-02-19,False,True,LOW_CONFIDENCE_GRADE,GRADE,synthetic_error_model_not_real_llm,True
O0001384,M000568,C012,P04,17.0,kg,17.0,B,2025-02-19,True,True,,,synthetic_error_model_not_real_llm,False
O0001385,M000564,C006,P04,20.0,kg,20.0,A,2025-02-19,False,True,,,synthetic_error_model_not_real_llm,False
O0001386,M000559,C001,P04,26.0,kg,26.0,B,2025-02-19,True,True,,,synthetic_error_model_not_real_llm,True
O0001387,M000563,C005,P04,9.0,kg,9.0,B,2025-02-19,True,True,,,synthetic_error_model_not_real_llm,False
O0001388,M000561,C003,P05,,kg,,B,2025-02-19,True,True,MISSING_QUANTITY,QUANTITY,synthetic_error_model_not_real_llm,True
O0001389,M000559,C001,P03,11.0,kg,11.0,A,2025-02-19,False,True,,PRODUCT,synthetic_error_model_not_real_llm,True
O0001390,M000565,C007,P05,44.0,kg,44.0,A,2025-02-19,False,True,,,synthetic_error_model_not_real_llm,True
O0001391,M000568,C012,P06,1.0,crate,6.0,B,2025-02-19,True,True,,,synthetic_error_model_not_real_llm,False
O0001392,M000559,C001,P06,22.0,box,66.0,A,2025-02-19,False,True,,,synthetic_error_model_not_real_llm,True
O0001393,M000567,C011,P07,61.0,kg,61.0,A,2025-02-19,False,True,,,synthetic_error_model_not_real_llm,False
O0001394,M000565,C007,P07,20.0,kg,20.0,A,2025-02-19,False,True,,,synthetic_error_model_not_real_llm,True
O0001395,M000564,C006,P07,14.0,kg,14.0,A,2025-02-19,True,True,,,synthetic_error_model_not_real_llm,False
O0001396,M000561,C003,P07,3.0,kg,3.0,A,2025-02-19,False,True,,,synthetic_error_model_not_real_llm,True
O0001397,M000562,C004,P07,26.0,kg,26.0,A,2025-02-19,False,True,,,synthetic_error_model_not_real_llm,False
O0001398,M000568,C012,P08,2.0,crate,20.0,B,2025-02-19,True,True,,,synthetic_error_model_not_real_llm,False
O0001399,M000567,C011,P08,9.0,kg,9.0,B,2025-02-19,False,True,,,synthetic_error_model_not_real_llm,False
O0001400,M000559,C001,P08,2.0,box,10.0,,2025-02-19,False,True,MISSING_GRADE,GRADE,synthetic_error_model_not_real_llm,True
O0001401,M000565,C007,P08,4.0,box,20.0,B,2025-02-19,True,True,,,synthetic_error_model_not_real_llm,True
O0001402,M000572,C004,P01,34.0,kg,34.0,B,2025-02-20,False,True,,,synthetic_error_model_not_real_llm,False
O0001403,M000578,C010,P01,45.0,crate,450.0,B,2025-02-20,True,True,LOW_CONFIDENCE_UNIT,UNIT,synthetic_error_model_not_real_llm,True
O0001404,M000570,C002,P01,32.0,kg,32.0,A,2025-02-20,True,True,,,synthetic_error_model_not_real_llm,False
O0001405,M000579,C011,P01,29.0,kg,29.0,B,2025-02-20,True,True,,,synthetic_error_model_not_real_llm,False
O0001406,M000579,C011,P02,26.0,kg,26.0,B,2025-02-20,True,True,,,synthetic_error_model_not_real_llm,False
O0001407,M000569,C001,P02,10.0,box,40.0,A,2025-02-20,False,True,,,synthetic_error_model_not_real_llm,False
O0001408,M000578,C010,P03,37.0,kg,37.0,A,2025-02-20,False,True,,,synthetic_error_model_not_real_llm,True
O0001409,M000580,C012,P03,6.0,kg,6.0,A,2025-02-20,False,True,,,synthetic_error_model_not_real_llm,False
O0001410,M000576,C008,P03,16.0,kg,16.0,B,2025-02-20,True,True,,,synthetic_error_model_not_real_llm,False
O0001411,M000569,C001,P03,16.0,kg,16.0,B,2025-02-20,False,True,,,synthetic_error_model_not_real_llm,False
O0001412,M000572,C004,P03,27.0,kg,27.0,A,2025-02-20,True,True,,,synthetic_error_model_not_real_llm,False
O0001413,M000573,C005,P04,4.0,crate,24.0,A,2025-02-20,False,True,,,synthetic_error_model_not_real_llm,False
O0001414,M000575,C007,P04,21.0,kg,21.0,B,2025-02-20,,True,MISSING_SUBSTITUTION,SUBSTITUTION,synthetic_error_model_not_real_llm,True
O0001415,M000571,C003,P05,2.0,crate,20.0,A,2025-02-20,False,True,,,synthetic_error_model_not_real_llm,False
O0001416,M000577,C009,,2.0,crate,,B,,True,True,MISSING_DATE|MISSING_PRODUCT,DATE|PRODUCT,synthetic_error_model_not_real_llm,True
O0001417,M000569,C001,P05,2.0,crate,20.0,A,2025-02-20,False,True,,,synthetic_error_model_not_real_llm,False
O0001418,M000573,C005,P05,7.0,kg,7.0,A,2025-02-20,False,True,,,synthetic_error_model_not_real_llm,False
O0001419,M000569,C001,P06,14.0,kg,14.0,B,2025-02-20,True,True,,QUANTITY,synthetic_error_model_not_real_llm,False
O0001420,M000571,C003,P06,7.0,kg,7.0,A,2025-02-20,False,True,,,synthetic_error_model_not_real_llm,False
O0001421,M000574,C006,P06,7.0,box,21.0,B,2025-02-20,True,True,,,synthetic_error_model_not_real_llm,False
O0001422,M000572,C004,P07,23.0,kg,23.0,A,2025-02-20,True,True,,,synthetic_error_model_not_real_llm,False
O0001423,M000577,C009,P07,53.0,kg,53.0,A,2025-02-20,True,True,LOW_CONFIDENCE_GRADE,GRADE,synthetic_error_model_not_real_llm,True
O0001424,M000573,C005,P07,7.0,box,56.0,B,2025-02-20,True,True,,,synthetic_error_model_not_real_llm,False
O0001425,M000579,C011,P07,19.0,kg,19.0,A,2025-02-20,False,True,,,synthetic_error_model_not_real_llm,False
O0001426,M000580,C012,P08,11.0,kg,11.0,A,2025-02-20,False,True,,,synthetic_error_model_not_real_llm,False
O0001427,M000571,C003,P08,25.0,kg,25.0,B,2025-02-20,True,True,,,synthetic_error_model_not_real_llm,False
O0001428,M000582,C002,P01,6.0,box,30.0,B,2025-02-21,True,True,,,synthetic_error_model_not_real_llm,False
O0001429,M000581,C001,P01,63.0,kg,63.0,B,2025-02-21,False,True,,,synthetic_error_model_not_real_llm,False
O0001430,M000586,C006,P02,15.0,kg,15.0,B,2025-02-21,True,True,,,synthetic_error_model_not_real_llm,False
O0001431,M000592,C012,P02,18.0,kg,18.0,B,2025-02-21,False,True,,,synthetic_error_model_not_real_llm,False
O0001432,M000588,C008,P02,9.0,kg,9.0,A,2025-02-21,False,True,,,synthetic_error_model_not_real_llm,False
O0001433,M000581,C001,P02,2.0,crate,16.0,B,2025-02-21,True,True,,,synthetic_error_model_not_real_llm,False
O0001434,M000589,C009,P03,50.0,kg,50.0,A,2025-02-21,False,True,LOW_CONFIDENCE_QUANTITY,QUANTITY,synthetic_error_model_not_real_llm,True
O0001435,M000592,C012,P03,3.0,box,18.0,B,2025-02-21,True,True,,,synthetic_error_model_not_real_llm,False
O0001436,M000588,C008,P03,1.0,crate,12.0,B,2025-02-21,True,True,,,synthetic_error_model_not_real_llm,False
O0001437,M000582,C002,P03,76.0,kg,76.0,A,2025-02-21,False,True,,,synthetic_error_model_not_real_llm,False
O0001438,M000583,C003,P04,4.0,kg,4.0,A,2025-02-21,False,True,,,synthetic_error_model_not_real_llm,False
O0001439,M000587,C007,P04,3.0,kg,3.0,B,2025-02-21,True,True,,,synthetic_error_model_not_real_llm,True
O0001440,M000591,C011,P03,12.0,kg,12.0,A,2025-02-21,False,True,LOW_CONFIDENCE_PRODUCT,PRODUCT,synthetic_error_model_not_real_llm,True
O0001441,M000590,C010,P04,2.0,box,6.0,B,2025-02-21,True,True,,,synthetic_error_model_not_real_llm,False
O0001442,M000592,C012,P04,8.0,kg,8.0,A,2025-02-21,True,True,,,synthetic_error_model_not_real_llm,False
O0001443,M000591,C011,P05,13.0,kg,13.0,A,2025-02-21,False,True,,,synthetic_error_model_not_real_llm,True
O0001444,M000584,C004,P05,9.0,kg,9.0,A,2025-02-21,False,True,,,synthetic_error_model_not_real_llm,False
O0001445,M000582,C002,P05,22.0,kg,22.0,B,2025-02-21,True,True,,,synthetic_error_model_not_real_llm,False
O0001446,M000587,C007,P05,16.0,kg,16.0,A,2025-02-21,,True,MISSING_SUBSTITUTION,SUBSTITUTION,synthetic_error_model_not_real_llm,True
O0001447,M000582,C002,P06,1.0,box,3.0,A,2025-02-21,False,True,,,synthetic_error_model_not_real_llm,False
O0001448,M000581,C001,P06,1.0,crate,6.0,B,2025-02-21,False,True,,,synthetic_error_model_not_real_llm,False
O0001449,M000591,C011,P06,12.0,kg,12.0,B,,False,True,MISSING_DATE,DATE,synthetic_error_model_not_real_llm,True
O0001450,M000584,C004,P06,1.0,crate,6.0,A,2025-02-21,False,True,,,synthetic_error_model_not_real_llm,False
O0001451,M000590,C010,P06,2.0,crate,12.0,B,2025-02-21,True,True,,,synthetic_error_model_not_real_llm,False
O0001452,M000585,C005,P07,1.0,box,8.0,A,2025-02-21,False,True,,,synthetic_error_model_not_real_llm,False
O0001453,M000586,C006,P07,25.0,kg,25.0,A,2025-02-21,False,True,,,synthetic_error_model_not_real_llm,False
O0001454,M000582,C002,P07,13.0,kg,13.0,B,2025-02-21,True,True,,,synthetic_error_model_not_real_llm,False
O0001455,M000588,C008,P07,1.0,crate,16.0,B,2025-02-21,True,True,,,synthetic_error_model_not_real_llm,False
O0001456,M000584,C004,P07,1.0,crate,16.0,B,2025-02-21,True,True,,,synthetic_error_model_not_real_llm,False
O0001457,M000582,C002,P08,6.0,kg,6.0,B,2025-02-21,False,True,,,synthetic_error_model_not_real_llm,False
O0001458,M000586,C006,P08,2.0,crate,20.0,A,2025-02-21,False,True,,,synthetic_error_model_not_real_llm,False
O0001459,M000591,C011,P08,1.0,crate,10.0,B,2025-02-21,False,True,,,synthetic_error_model_not_real_llm,True
O0001460,M000589,C009,P08,1.0,box,5.0,B,2025-02-21,True,True,,,synthetic_error_model_not_real_llm,True
O0001461,M000584,C004,P08,2.0,crate,20.0,A,2025-02-21,False,True,,,synthetic_error_model_not_real_llm,False
O0001462,M000595,C003,P01,9.0,,,A,2025-02-22,False,True,MISSING_UNIT,UNIT,synthetic_error_model_not_real_llm,True
O0001463,M000597,C005,P01,21.0,,,B,2025-02-22,True,True,MISSING_UNIT,UNIT,synthetic_error_model_not_real_llm,True
O0001464,M000602,,,,,,,,,False,INVALID_JSON,INVALID_JSON,synthetic_error_model_not_real_llm,True
O0001465,M000603,C011,P01,35.0,kg,35.0,B,2025-02-22,True,True,,,synthetic_error_model_not_real_llm,False
O0001466,M000603,C011,P02,11.0,kg,11.0,A,2025-02-22,False,True,,,synthetic_error_model_not_real_llm,False
O0001467,M000602,,,,,,,,,False,INVALID_JSON,INVALID_JSON,synthetic_error_model_not_real_llm,True
O0001468,M000594,C002,P02,4.0,crate,32.0,A,2025-02-22,False,True,,,synthetic_error_model_not_real_llm,False
O0001469,M000603,C011,P03,66.0,kg,66.0,A,2025-02-22,False,True,,,synthetic_error_model_not_real_llm,False
O0001470,M000594,C002,P03,24.0,kg,24.0,B,2025-02-22,True,True,,,synthetic_error_model_not_real_llm,False
O0001471,M000598,C006,P04,10.0,box,30.0,B,2025-02-22,True,True,,,synthetic_error_model_not_real_llm,False
O0001472,M000597,C005,P04,21.0,kg,21.0,A,2025-02-22,False,True,,,synthetic_error_model_not_real_llm,True
O0001473,M000601,C009,P04,3.0,kg,3.0,A,2025-02-22,True,True,,GRADE,synthetic_error_model_not_real_llm,False
O0001474,M000596,C004,P04,9.0,kg,9.0,A,2025-02-22,False,True,,,synthetic_error_model_not_real_llm,False
O0001475,M000593,C001,P04,2.0,kg,2.0,A,2025-02-22,True,True,LOW_CONFIDENCE_QUANTITY,QUANTITY,synthetic_error_model_not_real_llm,True
O0001476,M000604,C012,P05,3.0,box,15.0,A,2025-02-22,False,True,,,synthetic_error_model_not_real_llm,False
O0001477,M000594,C002,P05,17.0,kg,17.0,A,2025-02-22,True,True,,,synthetic_error_model_not_real_llm,False
O0001478,M000602,,,,,,,,,False,INVALID_JSON,INVALID_JSON,synthetic_error_model_not_real_llm,True
O0001479,M000593,C001,P05,14.0,kg,14.0,A,2025-02-23,False,True,LOW_CONFIDENCE_DATE,DATE,synthetic_error_model_not_real_llm,True
O0001480,M000603,C011,P05,1.0,box,5.0,A,2025-02-22,False,True,,,synthetic_error_model_not_real_llm,False
O0001481,M000600,C008,P06,2.0,kg,2.0,B,2025-02-22,,True,MISSING_SUBSTITUTION,QUANTITY|SUBSTITUTION,synthetic_error_model_not_real_llm,True
O0001482,M000596,C004,P06,39.0,kg,39.0,A,2025-02-22,False,True,,,synthetic_error_model_not_real_llm,False
O0001483,M000604,C012,P07,83.0,kg,83.0,A,2025-02-22,False,True,,,synthetic_error_model_not_real_llm,False
O0001484,M000603,C011,P07,1.0,box,8.0,A,2025-02-22,False,True,,,synthetic_error_model_not_real_llm,False
O0001485,M000597,C005,P07,26.0,kg,26.0,A,2025-02-22,False,True,,,synthetic_error_model_not_real_llm,True
O0001486,M000597,C005,P08,11.0,kg,11.0,A,2025-02-22,False,True,,,synthetic_error_model_not_real_llm,True
O0001487,M000599,C007,P08,43.0,kg,43.0,B,2025-02-22,True,True,,,synthetic_error_model_not_real_llm,False
O0001488,M000604,C012,P08,3.0,kg,3.0,B,2025-02-22,True,True,,,synthetic_error_model_not_real_llm,False
O0001489,M000595,C003,P08,10.0,kg,10.0,B,2025-02-22,True,True,,,synthetic_error_model_not_real_llm,True
O0001490,M000607,C004,P01,4.0,box,20.0,A,2025-02-23,False,True,,,synthetic_error_model_not_real_llm,False
O0001491,M000614,C011,P01,8.0,box,40.0,B,2025-02-23,True,True,,,synthetic_error_model_not_real_llm,True
O0001492,M000608,C005,P01,6.0,kg,6.0,A,2025-02-23,False,True,,,synthetic_error_model_not_real_llm,False
O0001493,M000606,C003,P02,21.0,kg,21.0,,2025-02-23,False,True,MISSING_GRADE,GRADE,synthetic_error_model_not_real_llm,True
O0001494,M000612,C009,P02,13.0,kg,13.0,A,2025-02-23,False,True,,,synthetic_error_model_not_real_llm,False
O0001495,M000609,C004,P02,22.0,kg,22.0,B,2025-02-23,True,True,,CUSTOMER|SUBSTITUTION,synthetic_error_model_not_real_llm,False
O0001496,M000609,C006,P03,3.0,kg,3.0,A,2025-02-23,False,True,,,synthetic_error_model_not_real_llm,False
O0001497,M000605,C001,P03,23.0,kg,23.0,B,2025-02-23,True,True,,QUANTITY,synthetic_error_model_not_real_llm,False
O0001498,M000612,C009,P03,11.0,kg,11.0,A,2025-02-23,False,True,,,synthetic_error_model_not_real_llm,False
O0001499,M000611,C008,P04,25.0,kg,25.0,A,2025-02-23,False,True,,,synthetic_error_model_not_real_llm,False
O0001500,M000606,C003,P04,2.0,crate,12.0,A,2025-02-23,True,True,,,synthetic_error_model_not_real_llm,True
O0001501,M000612,C009,P05,4.0,kg,4.0,B,2025-02-23,True,True,,,synthetic_error_model_not_real_llm,False
O0001502,M000614,C011,P05,3.0,kg,3.0,B,2025-02-23,False,True,LOW_CONFIDENCE_GRADE,GRADE,synthetic_error_model_not_real_llm,True
O0001503,M000605,C001,P05,8.0,kg,8.0,A,2025-02-23,False,True,,,synthetic_error_model_not_real_llm,False
O0001504,M000606,C003,P05,31.0,kg,31.0,A,2025-02-23,True,True,,SUBSTITUTION,synthetic_error_model_not_real_llm,True
O0001505,M000606,C003,P06,22.0,kg,22.0,A,2025-02-23,False,True,,QUANTITY,synthetic_error_model_not_real_llm,True
O0001506,M000612,C009,P06,13.0,kg,13.0,A,2025-02-23,False,True,,,synthetic_error_model_not_real_llm,False
O0001507,M000614,C011,P07,32.0,kg,32.0,A,2025-02-23,False,True,,,synthetic_error_model_not_real_llm,True
O0001508,M000610,C007,P07,11.0,kg,11.0,A,2025-02-23,False,True,,,synthetic_error_model_not_real_llm,False
O0001509,M000615,C012,P07,37.0,kg,37.0,A,2025-02-23,False,True,,,synthetic_error_model_not_real_llm,False
O0001510,M000613,C010,P08,35.0,kg,35.0,B,2025-02-23,False,True,,,synthetic_error_model_not_real_llm,True
O0001511,M000612,C009,P08,8.0,kg,8.0,A,2025-02-23,False,True,,,synthetic_error_model_not_real_llm,False
O0001512,M000608,C005,P08,4.0,crate,40.0,B,2025-02-23,True,True,,,synthetic_error_model_not_real_llm,False
O0001513,M000621,C009,P01,38.0,kg,38.0,B,2025-02-24,True,True,,SUBSTITUTION,synthetic_error_model_not_real_llm,False
O0001514,M000623,C011,P01,42.0,kg,42.0,A,2025-02-24,True,True,,,synthetic_error_model_not_real_llm,False
O0001515,M000619,C007,P02,35.0,kg,35.0,B,2025-02-24,False,True,,GRADE,synthetic_error_model_not_real_llm,False
O0001516,M000622,C010,P02,3.0,crate,24.0,B,2025-02-24,True,True,,,synthetic_error_model_not_real_llm,False
O0001517,M000619,C007,P03,12.0,kg,12.0,B,2025-02-24,False,True,,,synthetic_error_model_not_real_llm,False
O0001518,M000622,C010,P03,7.0,box,42.0,A,2025-02-24,False,True,,,synthetic_error_model_not_real_llm,False
O0001519,M000622,C010,P04,9.0,box,27.0,B,2025-02-24,True,True,,,synthetic_error_model_not_real_llm,False
O0001520,M000621,C009,P04,15.0,kg,15.0,B,2025-02-24,False,True,,,synthetic_error_model_not_real_llm,False
O0001521,M000623,C011,P04,19.0,kg,19.0,B,2025-02-24,True,True,,,synthetic_error_model_not_real_llm,False
O0001522,M000617,C005,P04,2.0,box,6.0,B,2025-02-24,True,True,,,synthetic_error_model_not_real_llm,False
O0001523,M000619,C007,P05,4.0,box,20.0,A,2025-02-24,False,True,,,synthetic_error_model_not_real_llm,False
O0001524,M000621,C009,P05,5.0,kg,5.0,B,2025-02-24,True,True,,,synthetic_error_model_not_real_llm,False
O0001525,M000622,C010,P05,4.0,box,20.0,A,2025-02-24,True,True,,SUBSTITUTION,synthetic_error_model_not_real_llm,False
O0001526,M000623,C011,P05,6.0,kg,6.0,A,2025-02-24,False,True,,,synthetic_error_model_not_real_llm,False
O0001527,M000619,C007,P06,8.0,box,24.0,B,2025-02-24,True,True,,,synthetic_error_model_not_real_llm,False
O0001528,M000616,C003,P06,18.0,kg,18.0,B,2025-02-24,True,True,,,synthetic_error_model_not_real_llm,False
O0001529,M000620,C008,P07,5.0,kg,5.0,B,2025-02-24,False,True,,,synthetic_error_model_not_real_llm,False
O0001530,M000623,C011,P07,23.0,kg,23.0,A,2025-02-24,False,True,,,synthetic_error_model_not_real_llm,False
O0001531,M000618,C006,P07,17.0,kg,17.0,A,2025-02-24,False,True,,,synthetic_error_model_not_real_llm,False
O0001532,M000624,C012,P07,5.0,kg,5.0,B,2025-02-24,True,True,,,synthetic_error_model_not_real_llm,False
O0001533,M000621,C009,P08,43.0,kg,43.0,B,2025-02-24,False,True,,,synthetic_error_model_not_real_llm,False
O0001534,M000620,C008,P08,14.0,kg,14.0,A,2025-02-24,False,True,,,synthetic_error_model_not_real_llm,False
O0001535,M000629,C005,P01,54.0,kg,54.0,A,2025-02-25,False,True,,,synthetic_error_model_not_real_llm,False
O0001536,M000631,C007,P01,47.0,kg,47.0,B,2025-02-25,False,True,,,synthetic_error_model_not_real_llm,False
O0001537,M000636,C012,P02,12.0,kg,12.0,B,2025-02-25,True,True,,,synthetic_error_model_not_real_llm,False
O0001538,M000634,C010,P02,20.0,kg,20.0,B,2025-02-25,True,True,,,synthetic_error_model_not_real_llm,False
O0001539,M000627,C003,P02,17.0,kg,17.0,B,2025-02-25,True,True,,,synthetic_error_model_not_real_llm,False
O0001540,M000625,C001,P02,11.0,kg,11.0,B,2025-02-25,True,True,,,synthetic_error_model_not_real_llm,False
O0001541,M000635,C011,P02,10.0,kg,10.0,B,2025-02-25,True,True,,,synthetic_error_model_not_real_llm,False
O0001542,M000625,C001,P03,70.0,kg,70.0,B,2025-02-25,True,True,,,synthetic_error_model_not_real_llm,False
O0001543,M000630,C006,P03,1.0,box,6.0,A,2025-02-25,False,True,LOW_CONFIDENCE_QUANTITY,QUANTITY,synthetic_error_model_not_real_llm,True
O0001544,M000628,C004,P04,6.0,kg,6.0,A,2025-02-25,False,True,,,synthetic_error_model_not_real_llm,True
O0001545,M000627,C003,P04,3.0,kg,3.0,B,2025-02-25,False,True,,,synthetic_error_model_not_real_llm,False
O0001546,M000636,C012,P04,20.0,kg,20.0,B,2025-02-25,True,True,,,synthetic_error_model_not_real_llm,False
O0001547,M000635,C011,P04,12.0,kg,12.0,A,2025-02-25,False,True,,,synthetic_error_model_not_real_llm,False
O0001548,M000632,C008,P05,3.0,box,15.0,B,2025-02-25,False,True,,,synthetic_error_model_not_real_llm,False
O0001549,M000628,C004,P05,9.0,kg,9.0,B,2025-02-25,False,True,,,synthetic_error_model_not_real_llm,True
O0001550,M000627,C003,P05,3.0,box,15.0,A,2025-02-25,False,True,,,synthetic_error_model_not_real_llm,False
O0001551,M000633,C009,P05,10.0,kg,10.0,A,2025-02-25,True,True,,,synthetic_error_model_not_real_llm,False
O0001552,M000630,C006,P06,10.0,kg,10.0,A,2025-02-25,False,True,,,synthetic_error_model_not_real_llm,True
O0001553,M000628,C004,P06,,kg,,A,2025-02-25,False,True,MISSING_QUANTITY,QUANTITY,synthetic_error_model_not_real_llm,True
O0001554,M000632,C008,P06,9.0,box,27.0,A,2025-02-25,True,True,,,synthetic_error_model_not_real_llm,False
O0001555,M000626,C002,P07,35.0,kg,35.0,B,2025-02-25,True,True,,,synthetic_error_model_not_real_llm,False
O0001556,M000630,C006,P07,4.0,crate,64.0,A,2025-02-25,True,True,,,synthetic_error_model_not_real_llm,True
O0001557,M000628,C004,P08,11.0,kg,11.0,A,2025-02-25,True,True,,,synthetic_error_model_not_real_llm,True
O0001558,M000630,C006,P08,4.0,kg,4.0,A,2025-02-25,False,True,,,synthetic_error_model_not_real_llm,True
O0001559,M000629,C005,P08,14.0,kg,14.0,A,2025-02-25,False,True,,,synthetic_error_model_not_real_llm,False
O0001560,M000646,C010,P01,19.0,kg,19.0,B,2025-02-26,True,True,,,synthetic_error_model_not_real_llm,False
O0001561,M000647,C011,P01,35.0,kg,35.0,A,2025-02-26,False,True,,,synthetic_error_model_not_real_llm,True
O0001562,M000638,C002,P01,6.0,box,30.0,B,2025-02-26,False,True,,,synthetic_error_model_not_real_llm,False
O0001563,M000648,C012,P02,33.0,kg,33.0,B,2025-02-26,True,True,,,synthetic_error_model_not_real_llm,True
O0001564,M000640,C004,P02,9.0,kg,9.0,B,2025-02-26,False,True,,,synthetic_error_model_not_real_llm,False
O0001565,M000642,C006,P02,6.0,box,24.0,A,2025-02-26,False,True,,,synthetic_error_model_not_real_llm,False
O0001566,M000648,C012,P03,14.0,kg,14.0,,2025-02-26,False,True,MISSING_GRADE,GRADE,synthetic_error_model_not_real_llm,True
O0001567,M000637,C001,P03,3.0,box,18.0,B,2025-02-26,True,True,,,synthetic_error_model_not_real_llm,False
O0001568,M000643,C007,P03,40.0,kg,40.0,B,2025-02-26,True,True,,,synthetic_error_model_not_real_llm,False
O0001569,M000640,C004,P03,6.0,kg,6.0,A,2025-02-26,False,True,,,synthetic_error_model_not_real_llm,False
O0001570,M000644,C008,P04,12.0,kg,12.0,A,2025-02-26,False,True,,,synthetic_error_model_not_real_llm,False
O0001571,M000637,C001,P04,27.0,kg,27.0,A,2025-02-26,False,True,,,synthetic_error_model_not_real_llm,False
O0001572,M000646,C010,P05,13.0,kg,13.0,A,2025-02-26,False,True,,QUANTITY,synthetic_error_model_not_real_llm,False
O0001573,M000647,C011,P05,,kg,,B,2025-02-26,False,True,MISSING_QUANTITY,QUANTITY|SUBSTITUTION,synthetic_error_model_not_real_llm,True
O0001574,M000642,C006,P05,9.0,kg,9.0,B,2025-02-26,True,True,,,synthetic_error_model_not_real_llm,False
O0001575,M000648,C012,P05,1.0,crate,10.0,B,2025-02-26,True,True,,,synthetic_error_model_not_real_llm,True
O0001576,M000639,C003,P05,28.0,kg,28.0,B,2025-02-26,False,True,,,synthetic_error_model_not_real_llm,False
O0001577,M000637,C001,P06,8.0,kg,8.0,B,2025-02-26,True,True,,,synthetic_error_model_not_real_llm,False
O0001578,M000638,C002,P06,25.0,kg,25.0,B,2025-02-26,True,True,,,synthetic_error_model_not_real_llm,False
O0001579,M000645,C009,P06,4.0,crate,24.0,B,2025-02-26,True,True,,,synthetic_error_model_not_real_llm,False
O0001580,M000645,C004,P07,3.0,box,24.0,B,2025-02-26,True,True,,CUSTOMER,synthetic_error_model_not_real_llm,False
O0001581,M000642,C006,P07,12.0,kg,12.0,B,2025-02-26,True,True,,,synthetic_error_model_not_real_llm,False
O0001582,M000643,C007,P07,18.0,kg,18.0,B,2025-02-26,False,True,,,synthetic_error_model_not_real_llm,False
O0001583,M000641,C005,P07,10.0,kg,10.0,B,2025-02-26,False,True,LOW_CONFIDENCE_GRADE,GRADE,synthetic_error_model_not_real_llm,True
O0001584,M000648,C012,P07,28.0,kg,28.0,B,2025-02-26,True,True,,,synthetic_error_model_not_real_llm,True
O0001585,M000648,C012,P08,42.0,kg,42.0,B,2025-02-26,True,True,,,synthetic_error_model_not_real_llm,True
O0001586,M000642,C006,P08,1.0,crate,10.0,A,2025-02-26,False,True,,,synthetic_error_model_not_real_llm,False
O0001587,M000657,C011,P01,24.0,kg,24.0,B,2025-02-27,True,True,,,synthetic_error_model_not_real_llm,False
O0001588,M000655,C009,P01,35.0,kg,35.0,B,2025-02-27,True,True,,,synthetic_error_model_not_real_llm,False
O0001589,M000653,C007,P01,15.0,kg,15.0,A,2025-02-27,False,True,,,synthetic_error_model_not_real_llm,False
O0001590,M000656,C010,P01,46.0,kg,46.0,A,2025-02-27,False,True,,,synthetic_error_model_not_real_llm,False
O0001591,M000653,C007,P02,10.0,kg,10.0,A,2025-02-27,False,True,,,synthetic_error_model_not_real_llm,False
O0001592,M000651,C003,P02,35.0,kg,35.0,B,2025-02-27,False,True,,,synthetic_error_model_not_real_llm,False
O0001593,M000654,C008,P03,37.0,kg,37.0,A,2025-02-27,True,True,,,synthetic_error_model_not_real_llm,True
O0001594,M000658,C012,P03,38.0,kg,38.0,A,2025-02-27,False,True,,,synthetic_error_model_not_real_llm,False
O0001595,M000655,C009,P04,21.0,kg,21.0,B,2025-02-27,False,True,,,synthetic_error_model_not_real_llm,False
O0001596,M000649,C001,P04,4.0,box,12.0,A,2025-02-27,False,True,,,synthetic_error_model_not_real_llm,False
O0001597,M000656,C010,P04,19.0,kg,19.0,A,2025-02-27,False,True,,,synthetic_error_model_not_real_llm,False
O0001598,M000654,C008,P04,3.0,kg,3.0,A,2025-02-27,False,True,,,synthetic_error_model_not_real_llm,True
O0001599,M000657,C011,P05,3.0,kg,3.0,B,2025-02-27,True,True,,,synthetic_error_model_not_real_llm,False
O0001600,M000652,C005,P05,5.0,box,25.0,A,2025-02-27,False,True,,,synthetic_error_model_not_real_llm,False
O0001601,M000651,C003,P05,2.0,box,10.0,A,2025-02-27,False,True,,,synthetic_error_model_not_real_llm,False
O0001602,M000654,C008,P05,17.0,kg,17.0,A,,True,True,MISSING_DATE,DATE|SUBSTITUTION,synthetic_error_model_not_real_llm,True
O0001603,M000650,C002,P05,12.0,kg,12.0,B,2025-02-27,True,True,,,synthetic_error_model_not_real_llm,False
O0001604,M000651,C003,P06,4.0,kg,4.0,B,2025-02-27,False,True,,,synthetic_error_model_not_real_llm,False
O0001605,M000655,C009,P06,5.0,kg,5.0,A,2025-02-27,False,True,,,synthetic_error_model_not_real_llm,False
O0001606,M000653,C007,P06,16.0,kg,16.0,A,2025-02-27,False,True,,,synthetic_error_model_not_real_llm,False
O0001607,M000649,C001,P06,3.0,box,9.0,B,2025-02-27,True,True,,,synthetic_error_model_not_real_llm,False
O0001608,M000658,C012,P07,3.0,kg,3.0,A,2025-02-27,False,True,,,synthetic_error_model_not_real_llm,False
O0001609,M000657,C011,P07,17.0,kg,17.0,A,2025-02-27,False,True,,,synthetic_error_model_not_real_llm,False
O0001610,M000652,C005,P07,34.0,kg,34.0,A,2025-02-27,True,True,,SUBSTITUTION,synthetic_error_model_not_real_llm,False
O0001611,M000649,C001,P08,20.0,kg,20.0,B,2025-02-27,True,True,,,synthetic_error_model_not_real_llm,False
O0001612,M000650,C002,P08,27.0,kg,27.0,A,2025-02-27,False,True,,,synthetic_error_model_not_real_llm,False
O0001613,M000658,C012,P08,2.0,box,10.0,A,2025-02-27,False,True,,,synthetic_error_model_not_real_llm,False
O0001614,M000665,C007,P01,3.0,box,15.0,B,2025-02-28,True,True,,,synthetic_error_model_not_real_llm,False
O0001615,M000663,C005,P01,13.0,kg,13.0,A,2025-02-28,True,True,LOW_CONFIDENCE_GRADE,GRADE,synthetic_error_model_not_real_llm,True
O0001616,M000664,C006,P01,11.0,kg,11.0,A,2025-03-01,False,True,LOW_CONFIDENCE_DATE,DATE,synthetic_error_model_not_real_llm,True
O0001617,M000659,C001,P01,,kg,,A,2025-02-28,True,True,MISSING_QUANTITY,QUANTITY,synthetic_error_model_not_real_llm,True
O0001618,M000667,C009,P01,39.0,kg,39.0,B,,True,True,MISSING_DATE,DATE,synthetic_error_model_not_real_llm,True
O0001619,M000661,C003,P02,13.0,kg,13.0,A,2025-02-28,False,True,,,synthetic_error_model_not_real_llm,False
O0001620,M000666,C008,P02,,kg,,A,2025-02-28,True,True,LOW_CONFIDENCE_SUBSTITUTION|MISSING_QUANTITY,QUANTITY|SUBSTITUTION,synthetic_error_model_not_real_llm,True
O0001621,M000660,,,,,,,,,False,INVALID_JSON,INVALID_JSON,synthetic_error_model_not_real_llm,True
O0001622,M000665,C007,P03,13.0,kg,13.0,A,2025-02-28,False,True,,,synthetic_error_model_not_real_llm,False
O0001623,M000663,C005,P03,52.0,kg,52.0,A,2025-02-28,False,True,,,synthetic_error_model_not_real_llm,True
O0001624,M000670,C012,P03,19.0,kg,19.0,,2025-02-28,True,True,MISSING_GRADE,GRADE,synthetic_error_model_not_real_llm,True
O0001625,M000662,C004,P03,11.0,kg,11.0,B,2025-02-28,,True,MISSING_SUBSTITUTION,SUBSTITUTION,synthetic_error_model_not_real_llm,True
O0001626,M000669,C011,P03,1.0,box,6.0,B,2025-02-28,True,True,,,synthetic_error_model_not_real_llm,False
O0001627,M000668,C010,P04,21.0,kg,21.0,A,2025-02-28,True,True,,,synthetic_error_model_not_real_llm,False
O0001628,M000666,C008,P04,1.0,crate,6.0,B,2025-02-28,True,True,,,synthetic_error_model_not_real_llm,True
O0001629,M000670,C012,P04,4.0,kg,4.0,A,2025-02-28,False,True,,,synthetic_error_model_not_real_llm,True
O0001630,M000665,C007,P05,18.0,kg,18.0,A,2025-02-28,False,True,,,synthetic_error_model_not_real_llm,False
O0001631,M000670,C012,P05,24.0,kg,24.0,A,2025-02-28,False,True,,,synthetic_error_model_not_real_llm,True
O0001632,M000666,C003,P06,37.0,kg,37.0,B,2025-02-28,True,True,,CUSTOMER,synthetic_error_model_not_real_llm,True
O0001633,M000667,C009,P06,13.0,kg,13.0,A,2025-02-27,False,True,LOW_CONFIDENCE_DATE,DATE,synthetic_error_model_not_real_llm,True
O0001634,M000663,C005,P07,1.0,crate,16.0,B,2025-02-28,True,True,,,synthetic_error_model_not_real_llm,True
O0001635,M000659,C001,P07,100.0,kg,100.0,A,2025-02-28,False,True,,,synthetic_error_model_not_real_llm,True
O0001636,M000670,C012,P07,56.0,kg,56.0,B,2025-02-28,True,True,,GRADE,synthetic_error_model_not_real_llm,True
O0001637,M000667,C009,P07,1.0,crate,16.0,B,2025-02-28,True,True,,,synthetic_error_model_not_real_llm,True
O0001638,M000668,C010,P08,35.0,kg,35.0,B,2025-02-28,True,True,,,synthetic_error_model_not_real_llm,False
O0001639,M000662,C004,P08,,kg,,A,2025-02-28,,True,MISSING_QUANTITY|MISSING_SUBSTITUTION,QUANTITY|SUBSTITUTION,synthetic_error_model_not_real_llm,True
O0001640,M000682,C012,P01,49.0,kg,49.0,B,2025-03-01,False,True,,,synthetic_error_model_not_real_llm,False
O0001641,M000679,C009,P01,3.0,box,15.0,A,2025-03-01,False,True,,,synthetic_error_model_not_real_llm,False
O0001642,M000681,C011,P01,1.0,box,5.0,B,2025-03-01,True,True,,QUANTITY,synthetic_error_model_not_real_llm,True
O0001643,M000678,C008,P01,15.0,kg,15.0,B,2025-03-01,False,True,,GRADE,synthetic_error_model_not_real_llm,False
O0001644,M000673,C003,P06,16.0,kg,16.0,B,2025-03-01,True,True,,PRODUCT,synthetic_error_model_not_real_llm,False
O0001645,M000675,C005,P02,8.0,kg,8.0,A,2025-03-01,False,True,,,synthetic_error_model_not_real_llm,False
O0001646,M000682,C012,P02,3.0,kg,3.0,A,2025-03-01,False,True,,,synthetic_error_model_not_real_llm,False
O0001647,M000671,C001,P02,29.0,kg,29.0,B,2025-03-01,True,True,,,synthetic_error_model_not_real_llm,False
O0001648,M000681,C011,P02,1.0,box,4.0,B,2025-03-01,True,True,,,synthetic_error_model_not_real_llm,True
O0001649,M000676,C006,P02,12.0,kg,12.0,A,2025-03-01,False,True,,,synthetic_error_model_not_real_llm,False
O0001650,M000677,C007,P03,2.0,box,12.0,B,2025-03-01,True,True,,,synthetic_error_model_not_real_llm,False
O0001651,M000676,C006,P03,51.0,kg,51.0,A,2025-03-01,False,True,,,synthetic_error_model_not_real_llm,False
O0001652,M000675,C005,P04,3.0,kg,3.0,B,2025-03-01,True,True,,,synthetic_error_model_not_real_llm,False
O0001653,M000674,C004,P04,17.0,crate,102.0,B,2025-03-01,True,True,,UNIT,synthetic_error_model_not_real_llm,False
O0001654,M000676,C006,P04,27.0,kg,27.0,A,2025-03-01,False,True,,,synthetic_error_model_not_real_llm,False
O0001655,M000677,C007,P04,6.0,box,18.0,B,2025-03-01,False,True,,,synthetic_error_model_not_real_llm,False
O0001656,M000674,C004,P05,17.0,kg,17.0,B,2025-03-01,False,True,,,synthetic_error_model_not_real_llm,False
O0001657,M000672,C002,P05,3.0,crate,30.0,A,2025-03-01,False,True,,,synthetic_error_model_not_real_llm,False
O0001658,M000673,C003,P05,1.0,crate,10.0,B,2025-03-01,False,True,,,synthetic_error_model_not_real_llm,False
O0001659,M000680,C010,P05,3.0,kg,3.0,B,2025-03-01,False,True,LOW_CONFIDENCE_GRADE,GRADE,synthetic_error_model_not_real_llm,True
O0001660,M000682,C012,P06,20.0,kg,20.0,A,2025-03-01,False,True,,,synthetic_error_model_not_real_llm,False
O0001661,M000681,C011,P06,6.0,box,18.0,,2025-03-01,False,True,MISSING_GRADE,GRADE,synthetic_error_model_not_real_llm,True
O0001662,M000680,C010,P06,10.0,kg,10.0,A,2025-03-01,False,True,,,synthetic_error_model_not_real_llm,True
O0001663,M000671,C001,P06,13.0,kg,13.0,A,2025-03-01,False,True,,,synthetic_error_model_not_real_llm,False
O0001664,M000675,C005,P06,11.0,kg,11.0,A,2025-03-01,False,True,,,synthetic_error_model_not_real_llm,False
O0001665,M000679,C009,P07,17.0,kg,17.0,B,2025-03-01,True,True,,,synthetic_error_model_not_real_llm,False
O0001666,M000680,C010,P07,26.0,kg,26.0,B,2025-03-01,True,True,,SUBSTITUTION,synthetic_error_model_not_real_llm,True
O0001667,M000672,C002,P07,1.0,crate,16.0,A,2025-03-01,False,True,,,synthetic_error_model_not_real_llm,False
O0001668,M000676,C006,P07,44.0,kg,44.0,A,2025-03-01,False,True,,,synthetic_error_model_not_real_llm,False
O0001669,M000675,C005,P08,27.0,kg,27.0,B,2025-03-01,False,True,,,synthetic_error_model_not_real_llm,False
O0001670,M000681,C003,P08,1.0,crate,10.0,A,2025-03-02,False,True,LOW_CONFIDENCE_CUSTOMER,CUSTOMER|DATE,synthetic_error_model_not_real_llm,True
O0001671,M000679,C009,P08,26.0,kg,26.0,B,2025-03-01,False,True,,,synthetic_error_model_not_real_llm,False
O0001672,M000676,C006,P08,6.0,kg,6.0,A,2025-03-01,False,True,,,synthetic_error_model_not_real_llm,False
O0001673,M000691,,,,,,,,,False,INVALID_JSON,INVALID_JSON,synthetic_error_model_not_real_llm,True
O0001674,M000690,,,,,,,,,False,INVALID_JSON,INVALID_JSON,synthetic_error_model_not_real_llm,True
O0001675,M000692,C010,P01,41.0,kg,41.0,A,2025-03-02,False,True,,,synthetic_error_model_not_real_llm,False
O0001676,M000687,C005,P02,7.0,crate,56.0,A,2025-03-02,False,True,,,synthetic_error_model_not_real_llm,False
O0001677,M000689,C007,P02,14.0,box,56.0,B,2025-03-02,True,True,,UNIT,synthetic_error_model_not_real_llm,False
O0001678,M000685,C003,P02,2.0,box,8.0,A,2025-03-02,False,True,,,synthetic_error_model_not_real_llm,True
O0001679,M000692,C010,P02,3.0,box,12.0,B,2025-03-02,True,True,,,synthetic_error_model_not_real_llm,False
O0001680,M000684,C002,P03,1.0,box,6.0,A,2025-03-02,True,True,,GRADE,synthetic_error_model_not_real_llm,False
O0001681,M000683,C001,P03,109.0,kg,109.0,B,2025-03-02,False,True,,,synthetic_error_model_not_real_llm,False
O0001682,M000686,C004,P03,1.0,crate,12.0,A,2025-03-02,False,True,,,synthetic_error_model_not_real_llm,False
O0001683,M000684,C002,P04,12.0,box,36.0,B,2025-03-02,True,True,,,synthetic_error_model_not_real_llm,False
O0001684,M000685,C003,P04,,kg,,A,2025-03-02,False,True,MISSING_QUANTITY,QUANTITY,synthetic_error_model_not_real_llm,True
O0001685,M000686,C004,P05,44.0,kg,44.0,B,2025-03-02,True,True,,,synthetic_error_model_not_real_llm,False
O0001686,M000683,C001,P05,45.0,kg,45.0,B,2025-03-02,True,True,,,synthetic_error_model_not_real_llm,False
O0001687,M000685,C003,P06,19.0,kg,19.0,B,2025-03-02,False,True,,,synthetic_error_model_not_real_llm,True
O0001688,M000691,,,,,,,,,False,INVALID_JSON,INVALID_JSON,synthetic_error_model_not_real_llm,True
O0001689,M000688,C006,P06,8.0,kg,8.0,B,2025-03-02,False,True,,,synthetic_error_model_not_real_llm,True
O0001690,M000684,C002,P06,4.0,box,12.0,A,2025-03-02,False,True,,,synthetic_error_model_not_real_llm,False
O0001691,M000693,C012,P06,6.0,kg,6.0,A,2025-03-02,True,True,,,synthetic_error_model_not_real_llm,False
O0001692,M000688,C006,P07,66.0,kg,66.0,B,2025-03-02,,True,MISSING_SUBSTITUTION,SUBSTITUTION,synthetic_error_model_not_real_llm,True
O0001693,M000689,C007,P07,23.0,kg,23.0,A,2025-03-02,False,True,,,synthetic_error_model_not_real_llm,False
O0001694,M000693,C012,P07,1.0,box,8.0,A,2025-03-02,False,True,,,synthetic_error_model_not_real_llm,False
O0001695,M000692,C010,P08,3.0,kg,3.0,A,2025-03-02,True,True,,,synthetic_error_model_not_real_llm,False
O0001696,M000685,C003,P08,3.0,box,15.0,A,2025-03-02,False,True,,,synthetic_error_model_not_real_llm,True
O0001697,M000684,C002,P08,15.0,kg,15.0,B,2025-03-02,False,True,,GRADE,synthetic_error_model_not_real_llm,False
O0001698,M000695,C002,P01,74.0,kg,74.0,A,2025-03-03,False,True,,,synthetic_error_model_not_real_llm,False
O0001699,M000696,C004,P01,42.0,kg,42.0,A,2025-03-03,False,True,,,synthetic_error_model_not_real_llm,False
O0001700,M000699,C007,P01,12.0,kg,12.0,B,2025-03-03,,True,MISSING_SUBSTITUTION,SUBSTITUTION,synthetic_error_model_not_real_llm,True
O0001701,M000696,C004,P02,3.0,kg,3.0,B,2025-03-03,False,True,,,synthetic_error_model_not_real_llm,False
O0001702,M000702,C010,P02,6.0,kg,6.0,,2025-03-03,True,True,MISSING_GRADE,GRADE,synthetic_error_model_not_real_llm,True
O0001703,M000697,,,,,,,,,False,INVALID_JSON,INVALID_JSON,synthetic_error_model_not_real_llm,True
O0001704,M000704,C012,P02,15.0,kg,15.0,B,2025-03-03,True,True,,,synthetic_error_model_not_real_llm,False
O0001705,M000701,C009,P03,17.0,kg,17.0,B,2025-03-03,True,True,,,synthetic_error_model_not_real_llm,False
O0001706,M000695,C002,P03,1.0,crate,12.0,B,2025-03-03,True,True,,,synthetic_error_model_not_real_llm,False
O0001707,M000696,C004,P03,25.0,kg,25.0,A,2025-03-03,False,True,,,synthetic_error_model_not_real_llm,False
O0001708,M000698,C006,P03,11.0,kg,11.0,A,2025-03-03,False,True,LOW_CONFIDENCE_QUANTITY,QUANTITY,synthetic_error_model_not_real_llm,True
O0001709,M000697,,,,,,,,,False,INVALID_JSON,INVALID_JSON,synthetic_error_model_not_real_llm,True
O0001710,M000698,C006,P04,23.0,kg,23.0,A,2025-03-03,True,True,,,synthetic_error_model_not_real_llm,True
O0001711,M000702,C010,P04,20.0,kg,20.0,A,2025-03-03,True,True,,SUBSTITUTION,synthetic_error_model_not_real_llm,True
O0001712,M000700,C008,P04,3.0,kg,3.0,B,2025-03-03,True,True,,,synthetic_error_model_not_real_llm,False
O0001713,M000694,C001,P04,12.0,kg,12.0,B,2025-03-03,True,True,,,synthetic_error_model_not_real_llm,False
O0001714,M000697,,,,,,,,,False,INVALID_JSON,INVALID_JSON,synthetic_error_model_not_real_llm,True
O0001715,M000702,C010,P05,4.0,kg,4.0,B,2025-03-03,True,True,,,synthetic_error_model_not_real_llm,True
O0001716,M000697,,,,,,,,,False,INVALID_JSON,INVALID_JSON,synthetic_error_model_not_real_llm,True
O0001717,M000694,C001,P05,34.0,kg,34.0,B,2025-03-03,True,True,,,synthetic_error_model_not_real_llm,False
O0001718,M000699,C007,P05,19.0,kg,19.0,B,2025-03-03,,True,MISSING_SUBSTITUTION,SUBSTITUTION,synthetic_error_model_not_real_llm,True
O0001719,M000695,C002,P05,12.0,kg,12.0,B,2025-03-03,True,True,,,synthetic_error_model_not_real_llm,False
O0001720,M000703,C011,P06,19.0,box,57.0,A,2025-03-03,False,True,LOW_CONFIDENCE_UNIT,UNIT,synthetic_error_model_not_real_llm,True
O0001721,M000699,C007,P06,7.0,box,21.0,A,2025-03-03,False,True,,,synthetic_error_model_not_real_llm,True
O0001722,M000695,C002,P06,14.0,kg,14.0,B,2025-03-03,False,True,,,synthetic_error_model_not_real_llm,False
O0001723,M000697,,,,,,,,,False,INVALID_JSON,INVALID_JSON,synthetic_error_model_not_real_llm,True
O0001724,M000699,C007,P07,12.0,kg,12.0,B,2025-03-03,True,True,,,synthetic_error_model_not_real_llm,True
O0001725,M000700,C008,P07,8.0,box,64.0,B,2025-03-03,True,True,,,synthetic_error_model_not_real_llm,False
O0001726,M000698,C006,P07,1.0,crate,16.0,B,2025-03-03,True,True,,,synthetic_error_model_not_real_llm,True
O0001727,M000702,C010,P08,14.0,kg,14.0,B,2025-03-03,True,True,,,synthetic_error_model_not_real_llm,True
O0001728,M000698,C006,P08,15.0,kg,15.0,B,2025-03-03,False,True,,,synthetic_error_model_not_real_llm,True
O0001729,M000695,C002,P08,1.0,box,5.0,B,2025-03-03,True,True,,,synthetic_error_model_not_real_llm,False
O0001730,M000699,C007,P08,4.0,kg,4.0,A,2025-03-03,False,True,,,synthetic_error_model_not_real_llm,True
O0001731,M000708,C004,P01,3.0,crate,30.0,A,2025-03-04,False,True,,,synthetic_error_model_not_real_llm,False
O0001732,M000714,C010,P01,35.0,kg,35.0,A,2025-03-04,False,True,,,synthetic_error_model_not_real_llm,False
O0001733,M000712,C008,P01,6.0,box,30.0,B,2025-03-04,True,True,,,synthetic_error_model_not_real_llm,False
O0001734,M000707,C003,P01,40.0,kg,40.0,A,2025-03-04,False,True,,,synthetic_error_model_not_real_llm,False
O0001735,M000711,C007,P02,,kg,,A,2025-03-04,False,True,MISSING_QUANTITY,QUANTITY,synthetic_error_model_not_real_llm,True
O0001736,M000713,C009,P02,16.0,kg,16.0,B,2025-03-04,True,True,,,synthetic_error_model_not_real_llm,False
O0001737,M000712,C008,P03,12.0,box,72.0,A,2025-03-04,False,True,,,synthetic_error_model_not_real_llm,False
O0001738,M000713,C009,P03,21.0,kg,21.0,A,2025-03-04,False,True,,,synthetic_error_model_not_real_llm,False
O0001739,M000706,C002,P03,3.0,kg,3.0,A,2025-03-04,True,True,,,synthetic_error_model_not_real_llm,False
O0001740,M000714,C010,P03,15.0,kg,15.0,A,2025-03-04,False,True,,,synthetic_error_model_not_real_llm,False
O0001741,M000708,C004,P03,5.0,box,30.0,B,2025-03-04,True,True,,,synthetic_error_model_not_real_llm,False
O0001742,M000706,C002,P04,5.0,kg,5.0,A,2025-03-04,True,True,,,synthetic_error_model_not_real_llm,False
O0001743,M000709,C005,P04,1.0,box,3.0,A,2025-03-04,True,True,,,synthetic_error_model_not_real_llm,False
O0001744,M000713,C009,P04,10.0,kg,10.0,B,2025-03-04,True,True,,,synthetic_error_model_not_real_llm,False
O0001745,M000715,C011,P04,8.0,box,24.0,B,2025-03-04,,True,MISSING_SUBSTITUTION,SUBSTITUTION,synthetic_error_model_not_real_llm,True
O0001746,M000710,C006,P04,1.0,crate,6.0,,2025-03-04,True,True,MISSING_GRADE,GRADE,synthetic_error_model_not_real_llm,True
O0001747,M000710,C006,P05,18.0,kg,18.0,B,2025-03-04,True,True,,,synthetic_error_model_not_real_llm,True
O0001748,M000706,C002,P05,5.0,box,25.0,B,2025-03-04,True,True,,,synthetic_error_model_not_real_llm,False
O0001749,M000705,C001,P05,1.0,box,5.0,A,2025-03-04,False,True,,,synthetic_error_model_not_real_llm,False
O0001750,M000709,C005,P05,18.0,kg,18.0,B,2025-03-04,False,True,,,synthetic_error_model_not_real_llm,False
O0001751,M000713,C009,P05,2.0,box,10.0,B,2025-03-04,True,True,,,synthetic_error_model_not_real_llm,False
O0001752,M000706,C002,P06,37.0,kg,37.0,A,2025-03-04,False,True,,,synthetic_error_model_not_real_llm,False
O0001753,M000710,C006,P06,15.0,kg,15.0,A,2025-03-04,False,True,,,synthetic_error_model_not_real_llm,True
O0001754,M000708,C004,P06,15.0,kg,15.0,A,2025-03-04,False,True,,,synthetic_error_model_not_real_llm,False
O0001755,M000711,C007,P06,13.0,kg,13.0,A,2025-03-04,False,True,,,synthetic_error_model_not_real_llm,True
O0001756,M000714,C010,P07,3.0,box,24.0,B,2025-03-04,True,True,,,synthetic_error_model_not_real_llm,False
O0001757,M000710,C006,P07,6.0,box,48.0,A,2025-03-04,False,True,,,synthetic_error_model_not_real_llm,True
O0001758,M000707,C003,P07,28.0,kg,28.0,B,2025-03-04,False,True,,,synthetic_error_model_not_real_llm,False
O0001759,M000705,C001,P07,22.0,kg,22.0,A,2025-03-04,False,True,,,synthetic_error_model_not_real_llm,False
O0001760,M000705,C001,P08,5.0,box,25.0,B,2025-03-04,True,True,,,synthetic_error_model_not_real_llm,False
O0001761,M000714,C010,P08,4.0,kg,4.0,A,2025-03-04,False,True,,,synthetic_error_model_not_real_llm,False
O0001762,M000712,C008,P08,41.0,kg,41.0,B,2025-03-04,False,True,,,synthetic_error_model_not_real_llm,False
O0001763,M000726,C012,P01,28.0,box,140.0,B,2025-03-05,True,True,,,synthetic_error_model_not_real_llm,False
O0001764,M000719,C005,P01,,kg,,A,2025-03-05,False,True,MISSING_QUANTITY,QUANTITY,synthetic_error_model_not_real_llm,True
O0001765,M000723,C009,P02,19.0,kg,19.0,A,2025-03-05,False,True,,,synthetic_error_model_not_real_llm,False
O0001766,M000725,C011,P02,30.0,kg,30.0,B,2025-03-05,True,True,,,synthetic_error_model_not_real_llm,True
O0001767,M000721,C007,P02,21.0,kg,21.0,A,2025-03-05,False,True,,,synthetic_error_model_not_real_llm,True
O0001768,M000719,C005,P02,27.0,kg,27.0,B,2025-03-05,True,True,,,synthetic_error_model_not_real_llm,True
O0001769,M000716,C002,P02,7.0,kg,7.0,A,2025-03-05,False,True,,,synthetic_error_model_not_real_llm,False
O0001770,M000724,C010,P03,23.0,kg,23.0,B,2025-03-05,False,True,,,synthetic_error_model_not_real_llm,False
O0001771,M000717,C003,P03,10.0,kg,10.0,B,2025-03-05,True,True,,,synthetic_error_model_not_real_llm,False
O0001772,M000723,C009,P03,15.0,kg,15.0,A,2025-03-05,True,True,,GRADE,synthetic_error_model_not_real_llm,False
O0001773,M000721,C007,P03,37.0,kg,37.0,B,2025-03-05,,True,MISSING_SUBSTITUTION,SUBSTITUTION,synthetic_error_model_not_real_llm,True
O0001774,M000724,C010,P04,3.0,box,9.0,A,2025-03-05,False,True,,,synthetic_error_model_not_real_llm,False
O0001775,M000721,C007,P04,17.0,kg,17.0,A,2025-03-05,True,True,,GRADE,synthetic_error_model_not_real_llm,True
O0001776,M000717,C003,P04,16.0,kg,16.0,A,2025-03-05,False,True,,,synthetic_error_model_not_real_llm,False
O0001777,M000721,C007,,22.0,kg,,B,2025-03-05,False,True,MISSING_PRODUCT,PRODUCT|SUBSTITUTION,synthetic_error_model_not_real_llm,True
O0001778,M000718,C004,P05,18.0,kg,18.0,A,2025-03-05,False,True,,,synthetic_error_model_not_real_llm,False
O0001779,M000722,C008,P05,39.0,kg,39.0,B,2025-03-05,True,True,,,synthetic_error_model_not_real_llm,False
O0001780,M000723,C009,P06,54.0,kg,54.0,B,2025-03-05,True,True,,,synthetic_error_model_not_real_llm,False
O0001781,M000720,C006,P06,2.0,crate,12.0,B,2025-03-05,True,True,,,synthetic_error_model_not_real_llm,True
O0001782,M000725,C011,P07,2.0,crate,32.0,A,2025-03-05,False,True,,,synthetic_error_model_not_real_llm,True
O0001783,M000716,C002,P01,2.0,crate,20.0,B,2025-03-05,True,True,,PRODUCT,synthetic_error_model_not_real_llm,False
O0001784,M000720,C006,P07,2.0,crate,32.0,A,,False,True,MISSING_DATE,DATE,synthetic_error_model_not_real_llm,True
O0001785,M000721,C007,P05,26.0,kg,26.0,A,2025-03-05,False,True,LOW_CONFIDENCE_PRODUCT,PRODUCT,synthetic_error_model_not_real_llm,True
O0001786,M000717,C003,P08,35.0,kg,35.0,A,2025-03-05,False,True,,,synthetic_error_model_not_real_llm,False
O0001787,M000719,C005,P01,12.0,kg,12.0,B,2025-03-05,False,True,,PRODUCT,synthetic_error_model_not_real_llm,True
O0001788,M000725,C011,P08,71.0,kg,71.0,B,2025-03-05,True,True,LOW_CONFIDENCE_GRADE,GRADE|SUBSTITUTION,synthetic_error_model_not_real_llm,True
O0001789,M000722,C008,P08,3.0,kg,3.0,B,2025-03-05,True,True,,,synthetic_error_model_not_real_llm,False
O0001790,M000733,C010,P01,1.0,crate,10.0,A,2025-03-06,False,True,,,synthetic_error_model_not_real_llm,False
O0001791,M000731,C007,P01,7.0,box,35.0,B,2025-03-06,True,True,,,synthetic_error_model_not_real_llm,False
O0001792,M000734,C011,P04,36.0,kg,36.0,B,2025-03-06,True,True,,PRODUCT,synthetic_error_model_not_real_llm,False
O0001793,M000728,C003,P01,3.0,kg,3.0,B,,False,True,MISSING_DATE,DATE,synthetic_error_model_not_real_llm,True
O0001794,M000732,C009,P03,11.0,box,66.0,A,2025-03-06,False,True,LOW_CONFIDENCE_PRODUCT,PRODUCT,synthetic_error_model_not_real_llm,True
O0001795,M000735,C012,P02,11.0,box,44.0,A,2025-03-06,False,True,,,synthetic_error_model_not_real_llm,True
O0001796,M000729,C005,P03,4.0,box,24.0,A,2025-03-06,False,True,,,synthetic_error_model_not_real_llm,False
O0001797,M000735,C012,P03,14.0,box,84.0,A,2025-03-06,True,True,LOW_CONFIDENCE_GRADE,GRADE,synthetic_error_model_not_real_llm,True
O0001798,M000734,C011,P04,40.0,kg,40.0,A,2025-03-06,False,True,,,synthetic_error_model_not_real_llm,False
O0001799,M000732,C009,P04,7.0,box,21.0,B,2025-03-06,,True,MISSING_SUBSTITUTION,SUBSTITUTION,synthetic_error_model_not_real_llm,True
O0001800,M000732,C009,P05,2.0,box,10.0,A,2025-03-06,False,True,,,synthetic_error_model_not_real_llm,True
O0001801,M000733,C010,P05,1.0,crate,10.0,B,2025-03-06,True,True,,,synthetic_error_model_not_real_llm,False
O0001802,M000728,C003,P05,5.0,kg,5.0,A,2025-03-06,False,True,,,synthetic_error_model_not_real_llm,True
O0001803,M000729,C005,P05,3.0,kg,3.0,B,2025-03-06,False,True,,,synthetic_error_model_not_real_llm,False
O0001804,M000734,C011,P05,16.0,kg,16.0,B,2025-03-06,False,True,,,synthetic_error_model_not_real_llm,False
O0001805,M000734,C011,P06,10.0,kg,10.0,A,2025-03-06,False,True,,,synthetic_error_model_not_real_llm,False
O0001806,M000729,C005,P06,46.0,kg,46.0,A,2025-03-06,False,True,,,synthetic_error_model_not_real_llm,False
O0001807,M000730,C006,P07,98.0,kg,98.0,B,2025-03-06,True,True,,,synthetic_error_model_not_real_llm,False
O0001808,M000735,C012,P07,27.0,kg,27.0,B,2025-03-06,True,True,,,synthetic_error_model_not_real_llm,True
O0001809,M000734,C011,P08,58.0,kg,58.0,A,2025-03-06,False,True,,,synthetic_error_model_not_real_llm,False
O0001810,M000727,C002,P08,32.0,kg,32.0,B,2025-03-06,False,True,,,synthetic_error_model_not_real_llm,False
O0001811,M000738,C004,,1.0,crate,,B,2025-03-07,,True,MISSING_PRODUCT|MISSING_SUBSTITUTION,PRODUCT|SUBSTITUTION,synthetic_error_model_not_real_llm,True
O0001812,M000740,C006,P01,51.0,kg,51.0,A,2025-03-07,False,True,,,synthetic_error_model_not_real_llm,False
O0001813,M000745,C011,P01,30.0,kg,30.0,A,2025-03-07,False,True,,,synthetic_error_model_not_real_llm,False
O0001814,M000746,C012,P02,19.0,kg,19.0,A,2025-03-07,False,True,LOW_CONFIDENCE_GRADE,GRADE,synthetic_error_model_not_real_llm,True
O0001815,M000745,C011,P02,13.0,kg,13.0,B,2025-03-07,True,True,,,synthetic_error_model_not_real_llm,False
O0001816,M000737,C002,P02,24.0,kg,24.0,A,2025-03-07,False,True,,,synthetic_error_model_not_real_llm,False
O0001817,M000740,C006,P02,9.0,kg,9.0,A,2025-03-07,False,True,,,synthetic_error_model_not_real_llm,False
O0001818,M000743,C009,P03,45.0,crate,540.0,B,2025-03-07,False,True,LOW_CONFIDENCE_UNIT,SUBSTITUTION|UNIT,synthetic_error_model_not_real_llm,True
O0001819,M000739,C005,P03,78.0,kg,78.0,A,2025-03-07,False,True,,,synthetic_error_model_not_real_llm,False
O0001820,M000739,C005,P04,6.0,kg,6.0,A,2025-03-07,True,True,,,synthetic_error_model_not_real_llm,False
O0001821,M000744,C010,P04,5.0,box,15.0,B,2025-03-07,True,True,,,synthetic_error_model_not_real_llm,False
O0001822,M000737,C002,P04,18.0,kg,18.0,B,2025-03-07,True,True,,,synthetic_error_model_not_real_llm,False
O0001823,M000740,C006,P04,6.0,box,18.0,A,2025-03-07,False,True,,,synthetic_error_model_not_real_llm,False
O0001824,M000736,C001,P05,23.0,kg,23.0,A,2025-03-07,False,True,,,synthetic_error_model_not_real_llm,False
O0001825,M000738,C003,P05,12.0,kg,12.0,A,2025-03-07,False,True,,CUSTOMER,synthetic_error_model_not_real_llm,True
O0001826,M000742,C008,P05,3.0,box,15.0,B,2025-03-07,True,True,,,synthetic_error_model_not_real_llm,False
O0001827,M000743,C009,P06,5.0,box,15.0,A,2025-03-07,False,True,,,synthetic_error_model_not_real_llm,True
O0001828,M000744,C010,P06,7.0,kg,7.0,A,2025-03-07,False,True,,,synthetic_error_model_not_real_llm,False
O0001829,M000741,C007,P06,3.0,kg,3.0,B,2025-03-07,True,True,,,synthetic_error_model_not_real_llm,True
O0001830,M000736,C001,P06,10.0,kg,10.0,A,2025-03-07,False,True,,,synthetic_error_model_not_real_llm,False
O0001831,M000737,C002,P06,14.0,kg,14.0,A,2025-03-07,False,True,,,synthetic_error_model_not_real_llm,False
O0001832,M000740,C006,P07,1.0,crate,16.0,B,2025-03-07,True,True,,,synthetic_error_model_not_real_llm,False
O0001833,M000738,C004,P07,28.0,kg,28.0,A,2025-03-07,True,True,,,synthetic_error_model_not_real_llm,True
O0001834,M000737,C002,P07,35.0,kg,35.0,A,2025-03-07,False,True,,,synthetic_error_model_not_real_llm,False
O0001835,M000746,C012,P08,12.0,kg,12.0,B,2025-03-07,True,True,,QUANTITY,synthetic_error_model_not_real_llm,True
O0001836,M000737,C002,P08,12.0,box,60.0,A,2025-03-07,True,True,,,synthetic_error_model_not_real_llm,False
O0001837,M000756,C010,P01,3.0,box,15.0,B,2025-03-08,True,True,,,synthetic_error_model_not_real_llm,False
O0001838,M000753,C007,P01,3.0,kg,3.0,B,2025-03-08,True,True,,,synthetic_error_model_not_real_llm,True
O0001839,M000748,C002,P01,4.0,box,20.0,A,2025-03-08,False,True,,,synthetic_error_model_not_real_llm,True
O0001840,M000751,C005,P01,29.0,kg,29.0,A,2025-03-08,True,True,,,synthetic_error_model_not_real_llm,False
O0001841,M000752,C006,P02,1.0,box,4.0,A,2025-03-08,False,True,,,synthetic_error_model_not_real_llm,True
O0001842,M000747,C001,P02,15.0,kg,15.0,A,2025-03-08,True,True,,,synthetic_error_model_not_real_llm,False
O0001843,M000748,C010,P02,25.0,kg,25.0,A,2025-03-08,True,True,LOW_CONFIDENCE_CUSTOMER,CUSTOMER|GRADE,synthetic_error_model_not_real_llm,True
O0001844,M000750,C004,P02,9.0,kg,9.0,A,2025-03-08,False,True,,,synthetic_error_model_not_real_llm,False
O0001845,M000756,C010,P02,11.0,kg,11.0,A,2025-03-08,False,True,,,synthetic_error_model_not_real_llm,False
O0001846,M000752,C006,P03,16.0,kg,16.0,B,2025-03-08,False,True,,,synthetic_error_model_not_real_llm,True
O0001847,M000750,C004,P03,33.0,kg,33.0,A,2025-03-08,False,True,,,synthetic_error_model_not_real_llm,False
O0001848,M000751,C005,P03,40.0,kg,40.0,A,2025-03-08,True,True,,,synthetic_error_model_not_real_llm,False
O0001849,M000755,C009,P04,18.0,kg,18.0,A,2025-03-08,False,True,,,synthetic_error_model_not_real_llm,False
O0001850,M000754,C008,P04,3.0,crate,18.0,A,2025-03-08,True,True,,,synthetic_error_model_not_real_llm,False
O0001851,M000757,C012,P05,57.0,kg,57.0,A,2025-03-08,False,True,,,synthetic_error_model_not_real_llm,False
O0001852,M000752,C006,P05,6.0,box,30.0,A,2025-03-08,False,True,,,synthetic_error_model_not_real_llm,True
O0001853,M000755,C009,P05,8.0,kg,8.0,A,2025-03-08,False,True,,,synthetic_error_model_not_real_llm,False
O0001854,M000752,C006,P06,3.0,kg,3.0,A,2025-03-08,False,True,,,synthetic_error_model_not_real_llm,True
O0001855,M000747,C001,P06,22.0,kg,22.0,B,2025-03-08,True,True,,,synthetic_error_model_not_real_llm,False
O0001856,M000751,C005,P06,17.0,kg,17.0,A,2025-03-08,False,True,,,synthetic_error_model_not_real_llm,False
O0001857,M000750,C004,P06,17.0,kg,17.0,B,2025-03-08,True,True,,,synthetic_error_model_not_real_llm,False
O0001858,M000754,C008,P06,4.0,kg,4.0,B,2025-03-08,False,True,,SUBSTITUTION,synthetic_error_model_not_real_llm,False
O0001859,M000749,C003,P07,1.0,crate,16.0,B,2025-03-08,False,True,,,synthetic_error_model_not_real_llm,False
O0001860,M000751,C005,P07,2.0,box,16.0,B,2025-03-08,True,True,,,synthetic_error_model_not_real_llm,False
O0001861,M000748,C002,P07,43.0,kg,43.0,A,2025-03-08,False,True,,,synthetic_error_model_not_real_llm,True
O0001862,M000753,C007,P04,15.0,kg,15.0,A,2025-03-08,False,True,LOW_CONFIDENCE_PRODUCT,PRODUCT,synthetic_error_model_not_real_llm,True
O0001863,M000752,C006,P07,,kg,,B,2025-03-08,True,True,MISSING_QUANTITY,QUANTITY,synthetic_error_model_not_real_llm,True
O0001864,M000750,C004,P08,7.0,box,35.0,B,2025-03-08,True,True,,,synthetic_error_model_not_real_llm,False
O0001865,M000753,C007,P08,27.0,kg,27.0,A,2025-03-08,False,True,,,synthetic_error_model_not_real_llm,True
O0001866,M000751,C005,P08,12.0,kg,12.0,A,2025-03-08,False,True,,,synthetic_error_model_not_real_llm,False
O0001867,M000755,C009,P08,3.0,box,15.0,B,2025-03-08,False,True,,,synthetic_error_model_not_real_llm,False
O0001868,M000765,C001,P01,37.0,kg,37.0,A,2025-03-10,False,True,LOW_CONFIDENCE_CUSTOMER|LOW_CONFIDENCE_DATE,CUSTOMER|DATE,synthetic_error_model_not_real_llm,True
O0001869,M000766,C009,P01,1.0,crate,10.0,A,2025-03-09,False,True,,,synthetic_error_model_not_real_llm,False
O0001870,M000763,C006,P01,6.0,box,30.0,A,2025-03-09,False,True,,,synthetic_error_model_not_real_llm,False
O0001871,M000768,C012,P01,21.0,kg,21.0,A,2025-03-09,False,True,,,synthetic_error_model_not_real_llm,False
O0001872,M000763,C006,P02,10.0,kg,10.0,B,2025-03-09,True,True,,,synthetic_error_model_not_real_llm,False
O0001873,M000760,C003,P02,59.0,kg,59.0,A,2025-03-09,True,True,,,synthetic_error_model_not_real_llm,False
O0001874,M000768,C012,P03,10.0,kg,10.0,A,2025-03-09,True,True,,,synthetic_error_model_not_real_llm,False
O0001875,M000760,C003,P03,3.0,box,18.0,A,2025-03-09,True,True,,SUBSTITUTION,synthetic_error_model_not_real_llm,False
O0001876,M000764,C007,P03,18.0,kg,18.0,B,2025-03-09,,True,MISSING_SUBSTITUTION,SUBSTITUTION,synthetic_error_model_not_real_llm,True
O0001877,M000762,C005,P03,11.0,kg,11.0,A,2025-03-09,False,True,,,synthetic_error_model_not_real_llm,False
O0001878,M000760,C003,P04,11.0,box,33.0,B,2025-03-09,False,True,,,synthetic_error_model_not_real_llm,False
O0001879,M000758,C001,P04,25.0,kg,25.0,B,2025-03-09,False,True,,,synthetic_error_model_not_real_llm,False
O0001880,M000758,C001,P05,12.0,box,60.0,A,2025-03-09,True,True,,,synthetic_error_model_not_real_llm,False
O0001881,M000761,C004,P05,68.0,kg,68.0,B,2025-03-09,True,True,,,synthetic_error_model_not_real_llm,False
O0001882,M000767,C011,P06,22.0,box,66.0,A,2025-03-09,True,True,,,synthetic_error_model_not_real_llm,False
O0001883,M000761,C004,P06,4.0,crate,24.0,B,2025-03-09,True,True,,,synthetic_error_model_not_real_llm,False
O0001884,M000759,C002,P07,112.0,kg,112.0,A,2025-03-09,False,True,,,synthetic_error_model_not_real_llm,False
O0001885,M000760,C003,P07,73.0,kg,73.0,A,2025-03-09,True,True,,SUBSTITUTION,synthetic_error_model_not_real_llm,False
O0001886,M000766,C009,P08,31.0,kg,31.0,A,2025-03-09,False,True,,,synthetic_error_model_not_real_llm,False
O0001887,M000768,C012,P08,15.0,kg,15.0,A,2025-03-09,True,True,,,synthetic_error_model_not_real_llm,False
O0001888,M000762,C005,P08,3.0,kg,3.0,A,2025-03-09,False,True,,,synthetic_error_model_not_real_llm,False
O0001889,M000760,C003,P08,18.0,kg,18.0,B,2025-03-09,False,True,,,synthetic_error_model_not_real_llm,False
O0001890,M000758,C001,P08,3.0,kg,3.0,B,2025-03-09,True,True,,,synthetic_error_model_not_real_llm,False
O0001891,M000777,C009,P01,16.0,kg,16.0,A,2025-03-10,False,True,,,synthetic_error_model_not_real_llm,False
O0001892,M000775,C007,P01,46.0,kg,46.0,B,2025-03-10,True,True,,,synthetic_error_model_not_real_llm,False
O0001893,M000776,C008,P01,5.0,crate,50.0,B,2025-03-10,True,True,,,synthetic_error_model_not_real_llm,False
O0001894,M000779,C011,P01,4.0,box,20.0,B,2025-03-10,True,True,,,synthetic_error_model_not_real_llm,False
O0001895,M000772,C004,P02,16.0,box,64.0,A,2025-03-10,False,True,,,synthetic_error_model_not_real_llm,False
O0001896,M000775,C007,P02,8.0,crate,64.0,A,2025-03-10,True,True,,,synthetic_error_model_not_real_llm,False
O0001897,M000779,C011,P02,5.0,kg,5.0,A,2025-03-10,True,True,,,synthetic_error_model_not_real_llm,False
O0001898,M000769,C001,P03,7.0,kg,7.0,B,2025-03-10,False,True,,,synthetic_error_model_not_real_llm,True
O0001899,M000773,C005,P03,35.0,kg,35.0,A,2025-03-10,False,True,,,synthetic_error_model_not_real_llm,True
O0001900,M000778,C010,P03,19.0,kg,19.0,B,2025-03-10,True,True,,,synthetic_error_model_not_real_llm,False
O0001901,M000777,C009,P03,1.0,crate,12.0,A,2025-03-10,False,True,,,synthetic_error_model_not_real_llm,False
O0001902,M000772,C004,P03,40.0,kg,40.0,A,2025-03-10,False,True,,,synthetic_error_model_not_real_llm,False
O0001903,M000775,C007,P04,13.0,kg,13.0,B,2025-03-10,True,True,,,synthetic_error_model_not_real_llm,False
O0001904,M000770,C002,P04,2.0,crate,12.0,A,2025-03-10,False,True,,,synthetic_error_model_not_real_llm,False
O0001905,M000773,C005,P04,4.0,box,12.0,B,2025-03-10,True,True,,,synthetic_error_model_not_real_llm,True
O0001906,M000780,C012,P04,31.0,kg,31.0,B,2025-03-10,False,True,,,synthetic_error_model_not_real_llm,True
O0001907,M000776,C008,P04,6.0,box,18.0,B,2025-03-10,True,True,,,synthetic_error_model_not_real_llm,False
O0001908,M000780,C012,P05,30.0,box,150.0,B,2025-03-10,True,True,LOW_CONFIDENCE_UNIT,UNIT,synthetic_error_model_not_real_llm,True
O0001909,M000769,,P05,1.0,crate,10.0,A,2025-03-10,False,True,MISSING_CUSTOMER,CUSTOMER,synthetic_error_model_not_real_llm,True
O0001910,M000771,C003,P05,37.0,kg,37.0,B,2025-03-10,False,True,,,synthetic_error_model_not_real_llm,False
O0001911,M000774,C006,P06,3.0,crate,18.0,B,2025-03-10,True,True,,,synthetic_error_model_not_real_llm,True
O0001912,M000779,C011,P06,13.0,kg,13.0,A,2025-03-10,False,True,,,synthetic_error_model_not_real_llm,False
O0001913,M000774,C006,P07,5.0,box,40.0,,2025-03-10,False,True,MISSING_GRADE,GRADE,synthetic_error_model_not_real_llm,True
O0001914,M000775,C007,P07,10.0,kg,10.0,A,2025-03-10,False,True,,,synthetic_error_model_not_real_llm,False
O0001915,M000773,C005,P07,1.0,box,8.0,A,2025-03-10,False,True,,,synthetic_error_model_not_real_llm,True
O0001916,M000772,C004,P07,1.0,crate,16.0,A,2025-03-10,False,True,,,synthetic_error_model_not_real_llm,False
O0001917,M000780,C012,,14.0,kg,,B,2025-03-10,True,True,MISSING_PRODUCT,PRODUCT,synthetic_error_model_not_real_llm,True
O0001918,M000771,C003,P08,25.0,kg,25.0,A,2025-03-10,False,True,,,synthetic_error_model_not_real_llm,False
O0001919,M000776,C008,P08,2.0,box,10.0,A,2025-03-10,False,True,,,synthetic_error_model_not_real_llm,False
O0001920,M000773,C005,P08,35.0,kg,35.0,A,2025-03-10,,True,MISSING_SUBSTITUTION,SUBSTITUTION,synthetic_error_model_not_real_llm,True
O0001921,M000769,C001,P08,16.0,kg,16.0,B,2025-03-10,True,True,,,synthetic_error_model_not_real_llm,True
O0001922,M000787,C008,P01,18.0,kg,18.0,A,2025-03-11,False,True,,,synthetic_error_model_not_real_llm,False
O0001923,M000784,C004,P01,4.0,box,20.0,B,2025-03-11,False,True,,,synthetic_error_model_not_real_llm,False
O0001924,M000788,C009,P01,26.0,kg,26.0,B,2025-03-11,True,True,,,synthetic_error_model_not_real_llm,False
O0001925,M000782,C002,P01,2.0,crate,20.0,B,2025-03-11,False,True,,,synthetic_error_model_not_real_llm,False
O0001926,M000781,C001,P01,1.0,crate,10.0,A,2025-03-11,True,True,,,synthetic_error_model_not_real_llm,False
O0001927,M000791,C012,P02,25.0,kg,25.0,A,2025-03-11,False,True,,,synthetic_error_model_not_real_llm,False
O0001928,M000784,C004,P02,70.0,kg,70.0,A,2025-03-11,False,True,,,synthetic_error_model_not_real_llm,False
O0001929,M000781,C001,P03,44.0,kg,44.0,B,2025-03-11,True,True,,,synthetic_error_model_not_real_llm,False
O0001930,M000787,C008,P03,3.0,box,18.0,B,2025-03-11,True,True,,,synthetic_error_model_not_real_llm,False
O0001931,M000785,C006,P03,47.0,kg,47.0,A,2025-03-11,False,True,,,synthetic_error_model_not_real_llm,False
O0001932,M000782,C002,P03,21.0,kg,21.0,A,2025-03-11,False,True,,,synthetic_error_model_not_real_llm,False
O0001933,M000785,C001,P04,16.0,kg,16.0,A,2025-03-11,False,True,,CUSTOMER,synthetic_error_model_not_real_llm,False
O0001934,M000788,C009,P04,10.0,kg,10.0,A,2025-03-11,False,True,,,synthetic_error_model_not_real_llm,False
O0001935,M000784,C004,P04,4.0,crate,24.0,A,2025-03-11,False,True,,,synthetic_error_model_not_real_llm,False
O0001936,M000781,C001,P05,46.0,kg,46.0,B,2025-03-11,True,True,,,synthetic_error_model_not_real_llm,False
O0001937,M000786,C007,P05,3.0,kg,3.0,A,2025-03-11,False,True,,,synthetic_error_model_not_real_llm,True
O0001938,M000791,C012,P05,18.0,kg,18.0,A,2025-03-11,False,True,,,synthetic_error_model_not_real_llm,False
O0001939,M000791,C012,P06,2.0,box,6.0,A,2025-03-11,False,True,,,synthetic_error_model_not_real_llm,False
O0001940,M000785,C006,P06,32.0,kg,32.0,B,2025-03-11,True,True,,,synthetic_error_model_not_real_llm,False
O0001941,M000781,C001,P06,7.0,kg,7.0,A,2025-03-11,True,True,,,synthetic_error_model_not_real_llm,False
O0001942,M000789,C010,P06,1.0,box,3.0,B,2025-03-11,True,True,,,synthetic_error_model_not_real_llm,False
O0001943,M000784,C004,P06,14.0,kg,14.0,B,2025-03-11,False,True,,,synthetic_error_model_not_real_llm,False
O0001944,M000781,C001,P07,2.0,crate,32.0,B,2025-03-11,True,True,,,synthetic_error_model_not_real_llm,False
O0001945,M000785,C006,P07,36.0,kg,36.0,A,2025-03-11,False,True,,,synthetic_error_model_not_real_llm,False
O0001946,M000786,C007,P07,14.0,kg,14.0,B,,False,True,LOW_CONFIDENCE_SUBSTITUTION|MISSING_DATE,DATE|SUBSTITUTION,synthetic_error_model_not_real_llm,True
O0001947,M000787,C008,P07,26.0,kg,26.0,A,2025-03-11,False,True,,,synthetic_error_model_not_real_llm,False
O0001948,M000789,C010,P07,11.0,kg,11.0,A,2025-03-11,False,True,,,synthetic_error_model_not_real_llm,False
O0001949,M000788,C009,P08,16.0,kg,16.0,B,2025-03-11,True,True,,,synthetic_error_model_not_real_llm,False
O0001950,M000790,C011,P08,14.0,kg,14.0,A,2025-03-11,False,True,,,synthetic_error_model_not_real_llm,False
O0001951,M000783,C003,P08,7.0,kg,7.0,A,2025-03-11,False,True,,,synthetic_error_model_not_real_llm,False
O0001952,M000795,C004,P01,1.0,crate,10.0,B,2025-03-12,False,True,,GRADE,synthetic_error_model_not_real_llm,False
O0001953,M000792,C001,P01,9.0,crate,90.0,,2025-03-12,True,True,MISSING_GRADE,GRADE,synthetic_error_model_not_real_llm,True
O0001954,M000792,C001,P02,1.0,crate,8.0,B,2025-03-12,True,True,,,synthetic_error_model_not_real_llm,True
O0001955,M000800,C011,P02,3.0,kg,3.0,A,2025-03-12,False,True,,,synthetic_error_model_not_real_llm,True
O0001956,M000798,C009,P02,8.0,kg,8.0,A,2025-03-12,False,True,,,synthetic_error_model_not_real_llm,False
O0001957,M000796,C007,P02,4.0,crate,32.0,A,2025-03-12,False,True,,,synthetic_error_model_not_real_llm,False
O0001958,M000793,,,,,,,,,False,INVALID_JSON,INVALID_JSON,synthetic_error_model_not_real_llm,True
O0001959,M000800,C011,P03,54.0,kg,54.0,,2025-03-12,False,True,MISSING_GRADE,GRADE,synthetic_error_model_not_real_llm,True
O0001960,M000799,C010,P03,4.0,crate,48.0,A,2025-03-12,False,True,,,synthetic_error_model_not_real_llm,False
O0001961,M000797,C008,P04,3.0,kg,3.0,B,2025-03-12,True,True,,,synthetic_error_model_not_real_llm,True
O0001962,M000795,C004,P04,6.0,crate,36.0,A,2025-03-12,True,True,,,synthetic_error_model_not_real_llm,False
O0001963,M000798,C009,P04,10.0,box,30.0,A,2025-03-12,False,True,,,synthetic_error_model_not_real_llm,False
O0001964,M000792,C001,P05,14.0,kg,14.0,B,2025-03-12,True,True,,,synthetic_error_model_not_real_llm,True
O0001965,M000799,C010,P05,26.0,kg,26.0,A,2025-03-12,False,True,,,synthetic_error_model_not_real_llm,False
O0001966,M000800,C011,P05,11.0,kg,11.0,A,2025-03-12,False,True,,,synthetic_error_model_not_real_llm,True
O0001967,M000793,,,,,,,,,False,INVALID_JSON,INVALID_JSON,synthetic_error_model_not_real_llm,True
O0001968,M000795,C004,P06,16.0,kg,16.0,A,2025-03-12,False,True,,,synthetic_error_model_not_real_llm,False
O0001969,M000798,C009,P06,6.0,kg,6.0,A,2025-03-12,False,True,,,synthetic_error_model_not_real_llm,False
O0001970,M000792,C001,P06,2.0,box,6.0,A,2025-03-12,False,True,,,synthetic_error_model_not_real_llm,True
O0001971,M000801,C012,P06,17.0,kg,17.0,A,2025-03-12,False,True,,,synthetic_error_model_not_real_llm,False
O0001972,M000794,C003,P07,86.0,kg,86.0,A,2025-03-12,False,True,,,synthetic_error_model_not_real_llm,False
O0001973,M000799,C010,P07,4.0,crate,64.0,A,2025-03-12,True,True,,,synthetic_error_model_not_real_llm,False
O0001974,M000792,C001,P08,4.0,box,20.0,A,2025-03-12,False,True,LOW_CONFIDENCE_SUBSTITUTION,SUBSTITUTION,synthetic_error_model_not_real_llm,True
O0001975,M000797,C008,P08,25.0,kg,25.0,B,2025-03-12,,True,MISSING_SUBSTITUTION,SUBSTITUTION,synthetic_error_model_not_real_llm,True
O0001976,M000799,C010,P08,1.0,crate,10.0,B,2025-03-12,True,True,,,synthetic_error_model_not_real_llm,False
O0001977,M000796,C007,P08,4.0,crate,40.0,B,2025-03-12,True,True,,GRADE|SUBSTITUTION,synthetic_error_model_not_real_llm,False
O0001978,M000806,C005,P01,25.0,kg,25.0,A,2025-03-13,False,True,,,synthetic_error_model_not_real_llm,False
O0001979,M000811,C010,P01,7.0,box,35.0,A,2025-03-13,False,True,,,synthetic_error_model_not_real_llm,False
O0001980,M000802,C001,P01,45.0,kg,45.0,A,2025-03-13,False,True,,,synthetic_error_model_not_real_llm,False
O0001981,M000807,C006,P02,4.0,kg,4.0,A,2025-03-13,False,True,,,synthetic_error_model_not_real_llm,False
O0001982,M000804,C003,P02,4.0,kg,4.0,B,2025-03-13,True,True,,,synthetic_error_model_not_real_llm,False
O0001983,M000808,C007,P02,5.0,kg,5.0,B,2025-03-13,True,True,,,synthetic_error_model_not_real_llm,True
O0001984,M000810,C009,P02,65.0,kg,65.0,B,2025-03-13,,True,MISSING_SUBSTITUTION,SUBSTITUTION,synthetic_error_model_not_real_llm,True
O0001985,M000803,C002,P02,73.0,kg,73.0,B,2025-03-13,False,True,,,synthetic_error_model_not_real_llm,False
O0001986,M000802,C001,P03,13.0,kg,13.0,B,2025-03-13,True,True,,,synthetic_error_model_not_real_llm,False
O0001987,M000805,C004,P03,4.0,crate,48.0,A,2025-03-13,False,True,,,synthetic_error_model_not_real_llm,False
O0001988,M000813,C012,P03,24.0,kg,24.0,A,2025-03-13,True,True,LOW_CONFIDENCE_SUBSTITUTION,SUBSTITUTION,synthetic_error_model_not_real_llm,True
O0001989,M000804,C003,P04,3.0,kg,3.0,B,2025-03-13,True,True,,,synthetic_error_model_not_real_llm,False
O0001990,M000802,C001,P04,28.0,kg,28.0,A,2025-03-13,False,True,,,synthetic_error_model_not_real_llm,False
O0001991,M000808,C007,P04,10.0,kg,10.0,A,2025-03-13,False,True,,,synthetic_error_model_not_real_llm,True
O0001992,M000813,C012,P04,6.0,kg,6.0,B,2025-03-13,True,True,,,synthetic_error_model_not_real_llm,True
O0001993,M000805,C004,P04,17.0,kg,17.0,A,2025-03-13,False,True,,,synthetic_error_model_not_real_llm,False
O0001994,M000809,C008,P05,8.0,box,40.0,A,2025-03-13,False,True,,,synthetic_error_model_not_real_llm,False
O0001995,M000806,C005,P05,1.0,crate,10.0,A,2025-03-13,False,True,,,synthetic_error_model_not_real_llm,False
O0001996,M000808,C007,P05,4.0,crate,40.0,B,2025-03-13,True,True,,,synthetic_error_model_not_real_llm,True
O0001997,M000812,C011,P06,5.0,box,15.0,B,2025-03-13,False,True,,SUBSTITUTION,synthetic_error_model_not_real_llm,False
O0001998,M000804,C003,P06,13.0,kg,13.0,A,2025-03-13,False,True,,,synthetic_error_model_not_real_llm,False
O0001999,M000810,C009,P06,3.0,kg,3.0,A,2025-03-13,False,True,,,synthetic_error_model_not_real_llm,True
O0002000,M000808,C007,P06,14.0,kg,14.0,B,2025-03-13,False,True,LOW_CONFIDENCE_SUBSTITUTION,SUBSTITUTION,synthetic_error_model_not_real_llm,True
O0002001,M000809,C008,P06,5.0,box,15.0,A,2025-03-13,False,True,,,synthetic_error_model_not_real_llm,False
O0002002,M000802,C001,P07,3.0,kg,3.0,B,2025-03-13,False,True,,,synthetic_error_model_not_real_llm,False
O0002003,M000804,C003,P07,10.0,kg,10.0,A,2025-03-13,False,True,,,synthetic_error_model_not_real_llm,False
O0002004,M000813,C012,P07,8.0,box,64.0,A,2025-03-13,False,True,,,synthetic_error_model_not_real_llm,True
O0002005,M000804,C003,P08,6.0,box,30.0,A,2025-03-13,False,True,,,synthetic_error_model_not_real_llm,False
O0002006,M000806,C005,P08,13.0,kg,13.0,A,2025-03-13,False,True,,,synthetic_error_model_not_real_llm,False
O0002007,M000802,C001,P08,9.0,kg,9.0,A,2025-03-13,False,True,,,synthetic_error_model_not_real_llm,False
O0002008,M000808,C007,P08,12.0,kg,12.0,A,2025-03-13,True,True,,,synthetic_error_model_not_real_llm,True
O0002009,M000821,C010,P01,32.0,kg,32.0,B,2025-03-14,True,True,,,synthetic_error_model_not_real_llm,False
O0002010,M000820,C009,P01,14.0,kg,14.0,A,2025-03-14,False,True,,,synthetic_error_model_not_real_llm,True
O0002011,M000814,C003,P01,3.0,box,15.0,B,2025-03-14,False,True,,,synthetic_error_model_not_real_llm,False
O0002012,M000816,C005,P01,7.0,box,35.0,B,2025-03-14,True,True,,,synthetic_error_model_not_real_llm,False
O0002013,M000821,C010,P02,33.0,kg,33.0,B,2025-03-14,True,True,,,synthetic_error_model_not_real_llm,False
O0002014,M000815,C004,P02,16.0,box,64.0,B,2025-03-14,True,True,,,synthetic_error_model_not_real_llm,False
O0002015,M000822,C011,P03,46.0,kg,46.0,A,2025-03-14,True,True,,,synthetic_error_model_not_real_llm,False
O0002016,M000817,C006,P03,49.0,kg,49.0,A,2025-03-14,False,True,,,synthetic_error_model_not_real_llm,False
O0002017,M000818,C007,P03,2.0,,,A,2025-03-14,False,True,MISSING_UNIT,UNIT,synthetic_error_model_not_real_llm,True
O0002018,M000818,C007,P04,3.0,kg,3.0,B,2025-03-14,True,True,,,synthetic_error_model_not_real_llm,True
O0002019,M000816,C005,P04,16.0,box,48.0,B,2025-03-14,True,True,,,synthetic_error_model_not_real_llm,False
O0002020,M000819,C008,P05,5.0,box,25.0,A,2025-03-14,False,True,,,synthetic_error_model_not_real_llm,True
O0002021,M000814,C003,P05,7.0,kg,7.0,B,2025-03-14,True,True,,,synthetic_error_model_not_real_llm,False
O0002022,M000820,C009,P05,34.0,kg,34.0,,2025-03-14,False,True,MISSING_GRADE,GRADE,synthetic_error_model_not_real_llm,True
O0002023,M000816,C005,P06,1.0,box,3.0,A,2025-03-14,False,True,,QUANTITY,synthetic_error_model_not_real_llm,False
O0002024,M000823,C012,P06,,crate,,B,2025-03-14,True,True,MISSING_QUANTITY,QUANTITY,synthetic_error_model_not_real_llm,True
O0002025,M000817,C006,P06,33.0,kg,33.0,A,2025-03-14,False,True,,,synthetic_error_model_not_real_llm,False
O0002026,M000823,C012,P07,11.0,kg,11.0,B,2025-03-14,False,True,,SUBSTITUTION,synthetic_error_model_not_real_llm,True
O0002027,M000819,C008,P07,6.0,kg,6.0,B,2025-03-14,,True,MISSING_SUBSTITUTION,SUBSTITUTION,synthetic_error_model_not_real_llm,True
O0002028,M000821,C010,P07,10.0,kg,10.0,A,2025-03-14,False,True,,,synthetic_error_model_not_real_llm,False
O0002029,M000816,C005,P07,12.0,kg,12.0,B,2025-03-14,True,True,,,synthetic_error_model_not_real_llm,False
O0002030,M000817,C006,P07,2.0,box,16.0,B,2025-03-14,True,True,,,synthetic_error_model_not_real_llm,False
O0002031,M000819,C008,P08,2.0,box,10.0,A,2025-03-14,False,True,,,synthetic_error_model_not_real_llm,True
O0002032,M000815,C004,P08,14.0,kg,14.0,A,2025-03-14,False,True,,,synthetic_error_model_not_real_llm,False
O0002033,M000821,C010,P08,20.0,kg,20.0,A,2025-03-15,False,True,,DATE,synthetic_error_model_not_real_llm,False
O0002034,M000818,C007,P08,9.0,kg,9.0,B,2025-03-14,False,True,,,synthetic_error_model_not_real_llm,True
O0002035,M000814,C003,P08,5.0,kg,5.0,A,2025-03-14,False,True,,,synthetic_error_model_not_real_llm,False
O0002036,M000830,C008,P01,1.0,crate,10.0,B,2025-03-15,True,True,,,synthetic_error_model_not_real_llm,False
O0002037,M000829,C007,P01,45.0,kg,45.0,A,2025-03-15,False,True,,,synthetic_error_model_not_real_llm,False
O0002038,M000832,C010,P01,14.0,kg,14.0,A,2025-03-15,,True,MISSING_SUBSTITUTION,SUBSTITUTION,synthetic_error_model_not_real_llm,True
O0002039,M000834,C012,P01,17.0,kg,17.0,A,2025-03-15,False,True,,,synthetic_error_model_not_real_llm,False
O0002040,M000831,C009,P02,46.0,kg,46.0,B,2025-03-15,True,True,,,synthetic_error_model_not_real_llm,False
O0002041,M000827,C004,P02,11.0,kg,11.0,B,2025-03-15,True,True,,,synthetic_error_model_not_real_llm,False
O0002042,M000826,C003,P02,29.0,kg,29.0,A,2025-03-15,False,True,,,synthetic_error_model_not_real_llm,False
O0002043,M000828,C006,P02,3.0,box,12.0,A,2025-03-15,False,True,,,synthetic_error_model_not_real_llm,False
O0002044,M000825,C002,P03,6.0,box,36.0,A,2025-03-15,False,True,,,synthetic_error_model_not_real_llm,False
O0002045,M000824,C001,P03,45.0,kg,45.0,A,2025-03-15,False,True,,,synthetic_error_model_not_real_llm,False
O0002046,M000834,C012,P03,6.0,kg,6.0,B,2025-03-15,True,True,,,synthetic_error_model_not_real_llm,False
O0002047,M000832,C010,P03,21.0,kg,21.0,A,2025-03-15,False,True,,,synthetic_error_model_not_real_llm,True
O0002048,M000824,C001,P04,13.0,kg,13.0,A,2025-03-15,False,True,,,synthetic_error_model_not_real_llm,False
O0002049,M000834,C012,P04,5.0,crate,30.0,B,2025-03-15,True,True,,,synthetic_error_model_not_real_llm,False
O0002050,M000830,C008,P04,6.0,kg,6.0,A,2025-03-15,False,True,,,synthetic_error_model_not_real_llm,False
O0002051,M000826,C003,P05,14.0,kg,14.0,A,2025-03-15,True,True,,,synthetic_error_model_not_real_llm,False
O0002052,M000829,C007,P05,20.0,kg,20.0,A,2025-03-15,False,True,,,synthetic_error_model_not_real_llm,False
O0002053,M000830,C008,P06,17.0,kg,17.0,B,2025-03-15,True,True,,,synthetic_error_model_not_real_llm,False
O0002054,M000824,C001,P06,6.0,kg,6.0,A,2025-03-15,True,True,,,synthetic_error_model_not_real_llm,False
O0002055,M000825,C002,P06,5.0,box,15.0,A,2025-03-15,False,True,,,synthetic_error_model_not_real_llm,False
O0002056,M000831,C009,P07,1.0,crate,16.0,B,2025-03-15,False,True,,,synthetic_error_model_not_real_llm,False
O0002057,M000830,C008,P07,39.0,kg,39.0,B,2025-03-15,True,True,,,synthetic_error_model_not_real_llm,False
O0002058,M000827,C004,P07,2.0,box,16.0,A,2025-03-15,True,True,,,synthetic_error_model_not_real_llm,False
O0002059,M000834,C012,P07,1.0,box,8.0,B,2025-03-15,True,True,,,synthetic_error_model_not_real_llm,False
O0002060,M000826,C003,P07,19.0,kg,19.0,B,2025-03-15,False,True,,,synthetic_error_model_not_real_llm,False
O0002061,M000829,C007,P08,6.0,box,30.0,A,2025-03-15,False,True,,,synthetic_error_model_not_real_llm,False
O0002062,M000833,C011,P08,5.0,kg,5.0,A,2025-03-15,False,True,LOW_CONFIDENCE_QUANTITY,QUANTITY,synthetic_error_model_not_real_llm,True
O0002063,M000834,C012,P08,1.0,crate,10.0,B,2025-03-15,True,True,,,synthetic_error_model_not_real_llm,False
O0002064,M000825,C002,P08,1.0,box,5.0,A,2025-03-15,True,True,,,synthetic_error_model_not_real_llm,False
O0002065,M000842,C008,,6.0,crate,,B,2025-03-16,True,True,MISSING_PRODUCT,PRODUCT,synthetic_error_model_not_real_llm,True
O0002066,M000846,C012,P01,16.0,kg,16.0,B,2025-03-16,False,True,,,synthetic_error_model_not_real_llm,False
O0002067,M000839,C005,P01,59.0,kg,59.0,A,2025-03-16,False,True,,,synthetic_error_model_not_real_llm,False
O0002068,M000839,C005,P02,42.0,kg,42.0,B,2025-03-16,True,True,,,synthetic_error_model_not_real_llm,False
O0002069,M000843,C009,P02,3.0,kg,3.0,A,2025-03-16,True,True,LOW_CONFIDENCE_GRADE,GRADE,synthetic_error_model_not_real_llm,True
O0002070,M000837,C003,P02,28.0,kg,28.0,A,2025-03-16,False,True,,,synthetic_error_model_not_real_llm,False
O0002071,M000843,C009,P03,32.0,kg,32.0,A,2025-03-16,False,True,,,synthetic_error_model_not_real_llm,True
O0002072,M000838,C004,P03,1.0,box,6.0,B,2025-03-16,True,True,,,synthetic_error_model_not_real_llm,False
O0002073,M000841,C007,P04,16.0,kg,16.0,A,2025-03-16,True,True,LOW_CONFIDENCE_PRODUCT,PRODUCT,synthetic_error_model_not_real_llm,True
O0002074,M000835,C001,P03,7.0,box,42.0,B,2025-03-16,False,True,,,synthetic_error_model_not_real_llm,False
O0002075,M000845,C011,P03,9.0,kg,9.0,B,2025-03-16,True,True,,,synthetic_error_model_not_real_llm,True
O0002076,M000844,C010,P04,55.0,kg,55.0,A,2025-03-16,False,True,,,synthetic_error_model_not_real_llm,True
O0002077,M000845,C011,P04,2.0,box,6.0,B,2025-03-16,False,True,,,synthetic_error_model_not_real_llm,True
O0002078,M000836,C002,P05,24.0,kg,24.0,B,2025-03-16,,True,MISSING_SUBSTITUTION,SUBSTITUTION,synthetic_error_model_not_real_llm,True
O0002079,M000845,C011,P05,14.0,kg,14.0,A,2025-03-16,False,True,,,synthetic_error_model_not_real_llm,True
O0002080,M000843,C009,P05,2.0,box,10.0,B,2025-03-16,True,True,,,synthetic_error_model_not_real_llm,True
O0002081,M000842,C008,P05,14.0,kg,14.0,B,2025-03-16,False,True,,,synthetic_error_model_not_real_llm,True
O0002082,M000837,C003,P05,7.0,kg,7.0,B,2025-03-16,True,True,,,synthetic_error_model_not_real_llm,False
O0002083,M000845,C011,P06,3.0,box,9.0,B,2025-03-16,False,True,LOW_CONFIDENCE_UNIT,UNIT,synthetic_error_model_not_real_llm,True
O0002084,M000841,C007,P06,2.0,box,6.0,A,2025-03-16,False,True,,,synthetic_error_model_not_real_llm,True
O0002085,M000839,C005,P06,7.0,kg,7.0,B,2025-03-16,True,True,,,synthetic_error_model_not_real_llm,False
O0002086,M000836,C002,P06,3.0,crate,18.0,A,2025-03-16,False,True,,,synthetic_error_model_not_real_llm,True
O0002087,M000846,C012,P07,6.0,kg,6.0,B,2025-03-16,True,True,,,synthetic_error_model_not_real_llm,False
O0002088,M000837,C003,P07,28.0,kg,28.0,B,2025-03-16,False,True,,,synthetic_error_model_not_real_llm,False
O0002089,M000844,C010,P07,5.0,box,40.0,A,2025-03-16,False,True,,,synthetic_error_model_not_real_llm,True
O0002090,M000842,C002,P07,48.0,kg,48.0,A,2025-03-17,False,True,LOW_CONFIDENCE_DATE,CUSTOMER|DATE,synthetic_error_model_not_real_llm,True
O0002091,M000841,C007,P07,6.0,box,48.0,B,2025-03-16,True,True,,,synthetic_error_model_not_real_llm,True
O0002092,M000844,C010,P08,,kg,,A,2025-03-16,False,True,MISSING_QUANTITY,QUANTITY,synthetic_error_model_not_real_llm,True
O0002093,M000838,C004,P08,22.0,kg,22.0,A,2025-03-16,False,True,,,synthetic_error_model_not_real_llm,False
O0002094,M000840,C006,P08,1.0,crate,10.0,A,2025-03-16,False,True,,,synthetic_error_model_not_real_llm,False
O0002095,M000849,C003,P01,10.0,kg,10.0,A,2025-03-17,False,True,,,synthetic_error_model_not_real_llm,False
O0002096,M000851,C005,P07,35.0,kg,35.0,B,2025-03-17,True,True,,PRODUCT,synthetic_error_model_not_real_llm,False
O0002097,M000856,C011,P01,30.0,kg,30.0,A,2025-03-17,True,True,,SUBSTITUTION,synthetic_error_model_not_real_llm,True
O0002098,M000847,C001,P01,29.0,kg,29.0,A,2025-03-17,False,True,,,synthetic_error_model_not_real_llm,False
O0002099,M000852,C006,P01,10.0,kg,10.0,A,2025-03-17,False,True,,,synthetic_error_model_not_real_llm,False
O0002100,M000851,C005,P02,8.0,kg,8.0,A,2025-03-17,False,True,,,synthetic_error_model_not_real_llm,False
O0002101,M000849,C003,P02,18.0,kg,18.0,A,2025-03-17,False,True,,,synthetic_error_model_not_real_llm,False
O0002102,M000856,C011,P02,3.0,crate,24.0,A,2025-03-17,False,True,,,synthetic_error_model_not_real_llm,True
O0002103,M000848,C002,P02,10.0,kg,10.0,B,2025-03-17,True,True,,,synthetic_error_model_not_real_llm,False
O0002104,M000854,C008,P02,1.0,crate,8.0,A,2025-03-17,False,True,,,synthetic_error_model_not_real_llm,True
O0002105,M000851,C005,P03,16.0,kg,16.0,B,2025-03-17,True,True,,,synthetic_error_model_not_real_llm,False
O0002106,M000857,C003,P03,6.0,kg,6.0,B,2025-03-17,False,True,,CUSTOMER,synthetic_error_model_not_real_llm,False
O0002107,M000855,C009,P03,60.0,kg,60.0,B,2025-03-17,True,True,,,synthetic_error_model_not_real_llm,False
O0002108,M000850,C004,P04,9.0,kg,9.0,A,2025-03-17,False,True,,,synthetic_error_model_not_real_llm,False
O0002109,M000848,C002,P04,31.0,kg,31.0,B,2025-03-17,True,True,,,synthetic_error_model_not_real_llm,False
O0002110,M000854,C008,P04,4.0,crate,24.0,A,2025-03-17,False,True,LOW_CONFIDENCE_QUANTITY,QUANTITY,synthetic_error_model_not_real_llm,True
O0002111,M000854,C008,P05,30.0,kg,30.0,B,2025-03-17,False,True,,,synthetic_error_model_not_real_llm,True
O0002112,M000847,C001,P05,7.0,box,35.0,A,2025-03-17,False,True,,,synthetic_error_model_not_real_llm,False
O0002113,M000856,C011,P06,2.0,crate,12.0,A,2025-03-17,,True,MISSING_SUBSTITUTION,SUBSTITUTION,synthetic_error_model_not_real_llm,True
O0002114,M000853,C007,P06,7.0,kg,7.0,A,2025-03-17,False,True,LOW_CONFIDENCE_QUANTITY,QUANTITY,synthetic_error_model_not_real_llm,True
O0002115,M000854,C008,P06,2.0,kg,2.0,A,2025-03-17,False,True,,QUANTITY,synthetic_error_model_not_real_llm,True
O0002116,M000848,C002,P06,7.0,kg,7.0,B,2025-03-17,True,True,,,synthetic_error_model_not_real_llm,False
O0002117,M000854,C008,P07,4.0,kg,4.0,A,2025-03-17,False,True,,UNIT,synthetic_error_model_not_real_llm,True
O0002118,M000857,C012,P07,18.0,kg,18.0,A,2025-03-17,True,True,,,synthetic_error_model_not_real_llm,False
O0002119,M000852,C006,P07,13.0,kg,13.0,A,2025-03-17,False,True,,,synthetic_error_model_not_real_llm,False
O0002120,M000853,C007,P07,25.0,kg,25.0,A,2025-03-17,False,True,,,synthetic_error_model_not_real_llm,True
O0002121,M000847,C001,P08,3.0,kg,3.0,B,2025-03-17,False,True,,,synthetic_error_model_not_real_llm,False
O0002122,M000849,C003,P08,3.0,kg,3.0,B,2025-03-17,False,True,,,synthetic_error_model_not_real_llm,False
O0002123,M000851,C005,P08,18.0,kg,18.0,B,2025-03-17,False,True,,,synthetic_error_model_not_real_llm,False
O0002124,M000856,C011,P08,16.0,kg,16.0,A,2025-03-17,False,True,,,synthetic_error_model_not_real_llm,True
O0002125,M000865,C009,P01,8.0,kg,8.0,A,2025-03-18,False,True,,,synthetic_error_model_not_real_llm,False
O0002126,M000866,C010,P01,11.0,box,55.0,B,2025-03-18,False,True,,,synthetic_error_model_not_real_llm,False
O0002127,M000861,C004,P01,52.0,crate,520.0,B,2025-03-18,True,True,LOW_CONFIDENCE_UNIT,UNIT,synthetic_error_model_not_real_llm,True
O0002128,M000858,C001,P01,7.0,box,35.0,A,2025-03-18,False,True,,,synthetic_error_model_not_real_llm,True
O0002129,M000858,C001,P02,7.0,kg,7.0,B,2025-03-18,True,True,LOW_CONFIDENCE_SUBSTITUTION,SUBSTITUTION,synthetic_error_model_not_real_llm,True
O0002130,M000860,C003,P06,15.0,box,45.0,B,2025-03-18,False,True,LOW_CONFIDENCE_PRODUCT,PRODUCT,synthetic_error_model_not_real_llm,True
O0002131,M000864,C007,P03,106.0,kg,106.0,B,2025-03-18,True,True,,,synthetic_error_model_not_real_llm,False
O0002132,M000862,C005,P03,14.0,kg,14.0,A,2025-03-18,False,True,,,synthetic_error_model_not_real_llm,False
O0002133,M000860,C003,P04,1.0,box,3.0,A,2025-03-18,False,True,,,synthetic_error_model_not_real_llm,True
O0002134,M000866,C010,P04,19.0,kg,19.0,A,2025-03-18,False,True,,,synthetic_error_model_not_real_llm,False
O0002135,M000863,C006,P04,13.0,kg,13.0,A,2025-03-18,False,True,,,synthetic_error_model_not_real_llm,False
O0002136,M000866,C010,P05,12.0,kg,12.0,B,2025-03-18,False,True,,,synthetic_error_model_not_real_llm,False
O0002137,M000864,C007,P05,4.0,crate,40.0,A,2025-03-18,False,True,,,synthetic_error_model_not_real_llm,False
O0002138,M000868,C012,P05,7.0,kg,7.0,A,2025-03-18,False,True,,,synthetic_error_model_not_real_llm,False
O0002139,M000859,C002,P06,4.0,box,12.0,A,2025-03-18,False,True,,,synthetic_error_model_not_real_llm,False
O0002140,M000861,C004,P06,35.0,kg,35.0,A,2025-03-18,False,True,,,synthetic_error_model_not_real_llm,True
O0002141,M000865,C009,P07,1.0,crate,16.0,A,2025-03-18,False,True,,,synthetic_error_model_not_real_llm,False
O0002142,M000867,C011,P07,3.0,crate,48.0,B,2025-03-18,False,True,,,synthetic_error_model_not_real_llm,False
O0002143,M000864,C007,P07,5.0,box,40.0,B,2025-03-18,False,True,,,synthetic_error_model_not_real_llm,False
O0002144,M000862,C005,P07,6.0,box,48.0,A,2025-03-18,False,True,,,synthetic_error_model_not_real_llm,False
O0002145,M000862,C005,P08,39.0,kg,39.0,A,2025-03-18,False,True,,,synthetic_error_model_not_real_llm,False
O0002146,M000860,C003,P08,3.0,kg,3.0,A,2025-03-18,False,True,,,synthetic_error_model_not_real_llm,True
O0002147,M000868,C012,P08,53.0,kg,53.0,A,2025-03-18,False,True,,,synthetic_error_model_not_real_llm,False
O0002148,M000876,,,,,,,,,False,INVALID_JSON,INVALID_JSON,synthetic_error_model_not_real_llm,True
O0002149,M000878,C011,P01,2.0,crate,20.0,A,2025-03-19,False,True,,,synthetic_error_model_not_real_llm,False
O0002150,M000874,C007,P01,46.0,kg,46.0,B,2025-03-19,True,True,,,synthetic_error_model_not_real_llm,False
O0002151,M000869,C001,P02,46.0,kg,46.0,A,2025-03-19,False,True,,,synthetic_error_model_not_real_llm,False
O0002152,M000870,C002,P02,9.0,kg,9.0,B,2025-03-19,False,True,,,synthetic_error_model_not_real_llm,False
O0002153,M000874,C007,P03,10.0,box,60.0,A,2025-03-19,False,True,,,synthetic_error_model_not_real_llm,False
O0002154,M000879,C012,P03,4.0,kg,4.0,A,2025-03-19,False,True,,QUANTITY,synthetic_error_model_not_real_llm,False
O0002155,M000872,C005,P03,26.0,kg,26.0,B,2025-03-19,True,True,,,synthetic_error_model_not_real_llm,False
O0002156,M000878,C011,P04,18.0,kg,18.0,A,2025-03-19,False,True,,,synthetic_error_model_not_real_llm,False
O0002157,M000877,C010,P04,5.0,kg,5.0,A,2025-03-19,True,True,,SUBSTITUTION,synthetic_error_model_not_real_llm,False
O0002158,M000869,C001,P04,5.0,box,15.0,B,2025-03-19,True,True,,,synthetic_error_model_not_real_llm,False
O0002159,M000879,C012,P04,13.0,kg,13.0,A,2025-03-19,False,True,,,synthetic_error_model_not_real_llm,False
O0002160,M000878,C011,P05,4.0,kg,4.0,B,2025-03-19,False,True,,,synthetic_error_model_not_real_llm,False
O0002161,M000875,C008,P05,16.0,kg,16.0,B,2025-03-19,True,True,,,synthetic_error_model_not_real_llm,False
O0002162,M000873,C006,P05,10.0,kg,10.0,B,2025-03-19,True,True,,,synthetic_error_model_not_real_llm,False
O0002163,M000870,C002,P05,18.0,kg,18.0,A,2025-03-19,False,True,,,synthetic_error_model_not_real_llm,False
O0002164,M000872,C005,P05,10.0,kg,10.0,A,2025-03-19,True,True,,QUANTITY,synthetic_error_model_not_real_llm,False
O0002165,M000873,C006,P06,10.0,kg,10.0,B,2025-03-19,False,True,,,synthetic_error_model_not_real_llm,False
O0002166,M000878,C011,P06,11.0,kg,11.0,B,2025-03-19,True,True,,,synthetic_error_model_not_real_llm,False
O0002167,M000870,C002,P06,1.0,box,3.0,A,2025-03-19,True,True,,,synthetic_error_model_not_real_llm,False
O0002168,M000870,C002,P07,3.0,kg,3.0,A,2025-03-19,False,True,,,synthetic_error_model_not_real_llm,False
O0002169,M000874,C007,P07,25.0,kg,25.0,B,2025-03-19,False,True,,,synthetic_error_model_not_real_llm,False
O0002170,M000869,C001,P07,7.0,kg,7.0,A,2025-03-19,False,True,,,synthetic_error_model_not_real_llm,False
O0002171,M000871,C004,P07,3.0,box,24.0,A,2025-03-19,True,True,,SUBSTITUTION,synthetic_error_model_not_real_llm,False
O0002172,M000873,C006,P08,9.0,kg,9.0,B,2025-03-19,True,True,,,synthetic_error_model_not_real_llm,False
O0002173,M000876,,,,,,,,,False,INVALID_JSON,INVALID_JSON,synthetic_error_model_not_real_llm,True
O0002174,M000871,C004,P08,3.0,box,15.0,A,2025-03-19,False,True,,,synthetic_error_model_not_real_llm,False
O0002175,M000882,C003,P01,27.0,kg,27.0,B,2025-03-20,True,True,,,synthetic_error_model_not_real_llm,False
O0002176,M000887,C009,P01,14.0,kg,14.0,B,2025-03-20,True,True,,,synthetic_error_model_not_real_llm,True
O0002177,M000886,C008,P01,88.0,kg,88.0,B,2025-03-20,True,True,,,synthetic_error_model_not_real_llm,False
O0002178,M000889,C011,P01,11.0,kg,11.0,B,2025-03-20,False,True,LOW_CONFIDENCE_SUBSTITUTION,SUBSTITUTION,synthetic_error_model_not_real_llm,True
O0002179,M000890,C012,P02,35.0,kg,35.0,,2025-03-20,False,True,MISSING_GRADE,GRADE,synthetic_error_model_not_real_llm,True
O0002180,M000882,C003,P02,6.0,box,24.0,B,2025-03-20,False,True,,,synthetic_error_model_not_real_llm,False
O0002181,M000889,C011,P02,9.0,kg,9.0,A,2025-03-20,False,True,,,synthetic_error_model_not_real_llm,True
O0002182,M000880,C001,P01,18.0,kg,18.0,A,2025-03-20,False,True,LOW_CONFIDENCE_QUANTITY,PRODUCT|QUANTITY,synthetic_error_model_not_real_llm,True
O0002183,M000885,C006,P02,12.0,kg,12.0,A,2025-03-20,False,True,,,synthetic_error_model_not_real_llm,True
O0002184,M000886,C008,P03,5.0,box,30.0,A,2025-03-20,False,True,,,synthetic_error_model_not_real_llm,False
O0002185,M000883,C004,P03,53.0,kg,53.0,A,2025-03-20,True,True,,,synthetic_error_model_not_real_llm,False
O0002186,M000890,C012,P03,23.0,kg,23.0,A,2025-03-20,False,True,,,synthetic_error_model_not_real_llm,True
O0002187,M000885,C006,P04,16.0,box,48.0,A,2025-03-20,False,True,,,synthetic_error_model_not_real_llm,True
O0002188,M000889,C011,P04,2.0,box,6.0,B,2025-03-20,True,True,,,synthetic_error_model_not_real_llm,True
O0002189,M000884,C005,P04,2.0,box,6.0,B,2025-03-20,True,True,,,synthetic_error_model_not_real_llm,False
O0002190,M000884,C005,P05,14.0,kg,14.0,A,2025-03-20,False,True,,,synthetic_error_model_not_real_llm,False
O0002191,M000883,C004,P05,1.0,crate,10.0,A,2025-03-20,False,True,,,synthetic_error_model_not_real_llm,False
O0002192,M000887,C009,P05,14.0,kg,14.0,B,2025-03-20,False,True,LOW_CONFIDENCE_SUBSTITUTION,SUBSTITUTION,synthetic_error_model_not_real_llm,True
O0002193,M000890,C012,P05,6.0,kg,6.0,A,2025-03-20,True,True,,SUBSTITUTION,synthetic_error_model_not_real_llm,True
O0002194,M000885,C006,P05,17.0,kg,17.0,A,2025-03-20,False,True,,,synthetic_error_model_not_real_llm,True
O0002195,M000881,C002,P06,1.0,box,3.0,B,2025-03-20,True,True,,,synthetic_error_model_not_real_llm,False
O0002196,M000888,C010,P06,3.0,crate,18.0,B,2025-03-20,True,True,,,synthetic_error_model_not_real_llm,False
O0002197,M000883,C004,P06,22.0,kg,22.0,A,2025-03-20,False,True,,,synthetic_error_model_not_real_llm,False
O0002198,M000888,C010,P07,6.0,kg,6.0,B,2025-03-20,True,True,,,synthetic_error_model_not_real_llm,False
O0002199,M000883,C004,P07,1.0,crate,16.0,A,2025-03-20,True,True,,,synthetic_error_model_not_real_llm,False
O0002200,M000885,C002,P07,33.0,crate,528.0,B,2025-03-20,True,True,LOW_CONFIDENCE_CUSTOMER,CUSTOMER|UNIT,synthetic_error_model_not_real_llm,True
O0002201,M000889,C011,P07,4.0,box,32.0,B,2025-03-20,False,True,,,synthetic_error_model_not_real_llm,True
O0002202,M000883,C004,P08,2.0,crate,20.0,A,2025-03-20,False,True,,,synthetic_error_model_not_real_llm,False
O0002203,M000881,C002,P08,10.0,kg,10.0,B,2025-03-20,False,True,,,synthetic_error_model_not_real_llm,False
O0002204,M000888,C010,P08,1.0,crate,10.0,A,2025-03-20,False,True,,,synthetic_error_model_not_real_llm,False
O0002205,M000889,C011,P08,1.0,crate,10.0,A,2025-03-20,False,True,,,synthetic_error_model_not_real_llm,True
O0002206,M000897,C009,P01,1.0,box,5.0,B,2025-03-21,False,True,,UNIT,synthetic_error_model_not_real_llm,True
O0002207,M000900,C012,P01,13.0,kg,13.0,B,2025-03-21,True,True,,,synthetic_error_model_not_real_llm,False
O0002208,M000893,C003,P01,11.0,kg,11.0,A,2025-03-21,True,True,,,synthetic_error_model_not_real_llm,False
O0002209,M000896,C008,P01,9.0,kg,9.0,A,2025-03-21,False,True,,,synthetic_error_model_not_real_llm,False
O0002210,M000899,C011,P01,34.0,kg,34.0,A,2025-03-21,False,True,,,synthetic_error_model_not_real_llm,False
O0002211,M000893,C003,P02,8.0,kg,8.0,B,2025-03-21,True,True,,,synthetic_error_model_not_real_llm,False
O0002212,M000897,C009,P02,2.0,kg,2.0,A,2025-03-21,True,True,LOW_CONFIDENCE_QUANTITY,QUANTITY,synthetic_error_model_not_real_llm,True
O0002213,M000896,C008,P02,51.0,kg,51.0,A,2025-03-21,False,True,,,synthetic_error_model_not_real_llm,False
O0002214,M000891,C001,P03,3.0,kg,3.0,A,2025-03-21,False,True,,,synthetic_error_model_not_real_llm,True
O0002215,M000897,C009,P02,27.0,kg,27.0,A,,False,True,LOW_CONFIDENCE_GRADE|LOW_CONFIDENCE_SUBSTITUTION|MISSING_DATE,DATE|GRADE|PRODUCT|SUBSTITUTION,synthetic_error_model_not_real_llm,True
O0002216,M000892,C002,P03,2.0,box,12.0,B,2025-03-21,False,True,,,synthetic_error_model_not_real_llm,True
O0002217,M000899,C011,P03,8.0,kg,8.0,A,2025-03-21,False,True,,,synthetic_error_model_not_real_llm,False
O0002218,M000894,C004,P03,25.0,kg,25.0,B,2025-03-21,False,True,,,synthetic_error_model_not_real_llm,False
O0002219,M000895,C005,P04,2.0,crate,12.0,A,2025-03-21,False,True,,,synthetic_error_model_not_real_llm,False
O0002220,M000900,C012,P04,3.0,box,9.0,B,2025-03-21,False,True,,,synthetic_error_model_not_real_llm,False
O0002221,M000897,C009,P04,2.0,box,6.0,A,2025-03-21,False,True,,,synthetic_error_model_not_real_llm,True
O0002222,M000891,C001,P04,11.0,kg,11.0,A,2025-03-21,False,True,,,synthetic_error_model_not_real_llm,True
O0002223,M000891,C001,P05,45.0,kg,45.0,B,2025-03-21,True,True,,,synthetic_error_model_not_real_llm,True
O0002224,M000900,C012,P05,32.0,kg,32.0,A,2025-03-21,True,True,,,synthetic_error_model_not_real_llm,False
O0002225,M000895,C005,P06,1.0,crate,6.0,B,2025-03-21,True,True,,,synthetic_error_model_not_real_llm,False
O0002226,M000891,C001,P06,2.0,kg,2.0,B,2025-03-21,True,True,LOW_CONFIDENCE_QUANTITY,QUANTITY,synthetic_error_model_not_real_llm,True
O0002227,M000892,C002,P06,16.0,kg,16.0,A,2025-03-21,,True,MISSING_SUBSTITUTION,SUBSTITUTION,synthetic_error_model_not_real_llm,True
O0002228,M000897,C009,P06,1.0,crate,6.0,A,2025-03-21,False,True,,,synthetic_error_model_not_real_llm,True
O0002229,M000891,C001,P07,5.0,kg,5.0,B,2025-03-21,True,True,,,synthetic_error_model_not_real_llm,True
O0002230,M000900,C012,P07,1.0,box,8.0,A,2025-03-21,False,True,,,synthetic_error_model_not_real_llm,False
O0002231,M000896,C008,P07,31.0,kg,31.0,A,2025-03-21,False,True,,,synthetic_error_model_not_real_llm,False
O0002232,M000898,C010,P07,15.0,kg,15.0,A,2025-03-21,True,True,LOW_CONFIDENCE_SUBSTITUTION,SUBSTITUTION,synthetic_error_model_not_real_llm,True
O0002233,M000893,C003,P07,21.0,kg,21.0,A,2025-03-21,False,True,,,synthetic_error_model_not_real_llm,False
O0002234,M000893,C003,P08,4.0,kg,4.0,B,2025-03-21,True,True,,QUANTITY,synthetic_error_model_not_real_llm,False
O0002235,M000898,C010,P08,10.0,kg,10.0,A,2025-03-21,False,True,,,synthetic_error_model_not_real_llm,True
O0002236,M000891,C001,P08,27.0,kg,27.0,B,2025-03-21,False,True,,,synthetic_error_model_not_real_llm,True
O0002237,M000896,C008,P08,25.0,kg,25.0,B,2025-03-21,True,True,,,synthetic_error_model_not_real_llm,False
O0002238,M000907,C008,P01,43.0,kg,43.0,A,2025-03-22,False,True,,,synthetic_error_model_not_real_llm,False
O0002239,M000904,C004,P01,5.0,crate,50.0,A,2025-03-22,False,True,,,synthetic_error_model_not_real_llm,False
O0002240,M000908,C009,P01,8.0,kg,8.0,A,2025-03-22,False,True,,,synthetic_error_model_not_real_llm,False
O0002241,M000910,C011,P01,3.0,crate,30.0,B,2025-03-22,False,True,,,synthetic_error_model_not_real_llm,False
O0002242,M000911,C012,P01,2.0,box,10.0,B,2025-03-22,True,True,,GRADE,synthetic_error_model_not_real_llm,False
O0002243,M000906,C007,,20.0,kg,,B,2025-03-22,True,True,MISSING_PRODUCT,PRODUCT,synthetic_error_model_not_real_llm,True
O0002244,M000905,C006,P02,41.0,kg,41.0,A,2025-03-22,True,True,,,synthetic_error_model_not_real_llm,True
O0002245,M000908,C009,P03,31.0,kg,31.0,A,2025-03-22,True,True,,,synthetic_error_model_not_real_llm,False
O0002246,M000903,C003,P03,16.0,kg,16.0,A,2025-03-22,False,True,LOW_CONFIDENCE_SUBSTITUTION,SUBSTITUTION,synthetic_error_model_not_real_llm,True
O0002247,M000906,C007,P04,25.0,kg,25.0,A,2025-03-22,False,True,,,synthetic_error_model_not_real_llm,True
O0002248,M000910,C011,P04,6.0,box,18.0,B,2025-03-22,True,True,,,synthetic_error_model_not_real_llm,False
O0002249,M000901,C001,P04,3.0,kg,3.0,,2025-03-22,False,True,MISSING_GRADE,GRADE,synthetic_error_model_not_real_llm,True
O0002250,M000909,C010,P05,14.0,kg,14.0,A,2025-03-22,False,True,,,synthetic_error_model_not_real_llm,False
O0002251,M000911,C012,P05,6.0,kg,6.0,B,2025-03-22,False,True,,,synthetic_error_model_not_real_llm,False
O0002252,M000904,C004,P05,8.0,kg,8.0,B,2025-03-22,False,True,,,synthetic_error_model_not_real_llm,False
O0002253,M000906,C007,P05,3.0,crate,30.0,B,2025-03-22,True,True,,QUANTITY,synthetic_error_model_not_real_llm,True
O0002254,M000902,C002,P04,13.0,kg,13.0,B,2025-03-22,True,True,,PRODUCT,synthetic_error_model_not_real_llm,False
O0002255,M000910,C011,P06,1.0,box,3.0,A,2025-03-22,False,True,,,synthetic_error_model_not_real_llm,False
O0002256,M000905,C006,P06,3.0,kg,3.0,A,2025-03-22,False,True,,,synthetic_error_model_not_real_llm,True
O0002257,M000908,C009,P06,10.0,kg,10.0,A,2025-03-22,True,True,,,synthetic_error_model_not_real_llm,False
O0002258,M000909,C010,P06,7.0,kg,7.0,A,2025-03-22,True,True,,GRADE,synthetic_error_model_not_real_llm,False
O0002259,M000911,C012,P06,39.0,kg,39.0,A,2025-03-22,True,True,,,synthetic_error_model_not_real_llm,False
O0002260,M000904,C005,P01,5.0,kg,5.0,A,2025-03-22,False,True,,CUSTOMER|PRODUCT,synthetic_error_model_not_real_llm,False
O0002261,M000905,C006,P07,5.0,crate,80.0,B,2025-03-22,,True,MISSING_SUBSTITUTION,SUBSTITUTION,synthetic_error_model_not_real_llm,True
O0002262,M000908,C009,P07,31.0,kg,31.0,B,2025-03-22,True,True,,,synthetic_error_model_not_real_llm,False
O0002263,M000905,C006,P08,8.0,box,40.0,A,2025-03-22,True,True,,,synthetic_error_model_not_real_llm,True
O0002264,M000903,C003,P08,24.0,kg,24.0,A,2025-03-22,False,True,,,synthetic_error_model_not_real_llm,True
O0002265,M000913,C002,P01,44.0,kg,44.0,B,2025-03-23,False,True,,,synthetic_error_model_not_real_llm,False
O0002266,M000918,C008,P01,6.0,kg,6.0,B,2025-03-23,True,True,,,synthetic_error_model_not_real_llm,False
O0002267,M000912,C001,P01,2.0,crate,20.0,A,2025-03-23,False,True,,,synthetic_error_model_not_real_llm,True
O0002268,M000917,C007,P01,7.0,box,35.0,A,2025-03-23,,True,MISSING_SUBSTITUTION,SUBSTITUTION,synthetic_error_model_not_real_llm,True
O0002269,M000920,C010,P02,2.0,box,8.0,A,2025-03-23,False,True,,,synthetic_error_model_not_real_llm,False
O0002270,M000913,C002,P02,48.0,kg,48.0,A,2025-03-23,False,True,,,synthetic_error_model_not_real_llm,False
O0002271,M000918,C008,P02,18.0,kg,18.0,A,2025-03-23,False,True,,,synthetic_error_model_not_real_llm,False
O0002272,M000913,C002,P03,53.0,kg,53.0,A,2025-03-23,True,True,,,synthetic_error_model_not_real_llm,False
O0002273,M000914,C003,P03,28.0,kg,28.0,B,2025-03-23,False,True,,,synthetic_error_model_not_real_llm,False
O0002274,M000921,C011,,16.0,kg,,B,2025-03-23,True,True,MISSING_PRODUCT,PRODUCT,synthetic_error_model_not_real_llm,True
O0002275,M000916,C005,P04,13.0,kg,13.0,B,2025-03-23,True,True,,,synthetic_error_model_not_real_llm,False
O0002276,M000913,C002,P05,34.0,kg,34.0,B,2025-03-23,False,True,,,synthetic_error_model_not_real_llm,False
O0002277,M000915,C004,P05,5.0,box,25.0,B,2025-03-23,True,True,,,synthetic_error_model_not_real_llm,False
O0002278,M000919,C009,P06,5.0,kg,5.0,B,2025-03-23,True,True,,,synthetic_error_model_not_real_llm,False
O0002279,M000915,C004,P06,20.0,kg,20.0,B,2025-03-23,False,True,,,synthetic_error_model_not_real_llm,False
O0002280,M000922,C012,P06,6.0,box,18.0,A,2025-03-23,False,True,,QUANTITY,synthetic_error_model_not_real_llm,False
O0002281,M000912,C001,P07,,box,,A,2025-03-23,False,True,MISSING_QUANTITY,QUANTITY,synthetic_error_model_not_real_llm,True
O0002282,M000916,C005,P07,23.0,kg,23.0,A,2025-03-23,False,True,,,synthetic_error_model_not_real_llm,False
O0002283,M000919,C009,P07,41.0,kg,41.0,A,2025-03-23,False,True,,,synthetic_error_model_not_real_llm,False
O0002284,M000913,C002,P08,5.0,kg,5.0,B,2025-03-23,False,True,,,synthetic_error_model_not_real_llm,False
O0002285,M000918,C008,P08,26.0,kg,26.0,B,2025-03-23,True,True,,,synthetic_error_model_not_real_llm,False
O0002286,M000912,C001,P08,18.0,kg,18.0,A,2025-03-23,False,True,,,synthetic_error_model_not_real_llm,True
O0002287,M000915,C004,P08,8.0,kg,8.0,A,2025-03-23,False,True,,,synthetic_error_model_not_real_llm,False
O0002288,M000932,C011,P01,10.0,box,50.0,A,2025-03-24,False,True,,,synthetic_error_model_not_real_llm,False
O0002289,M000926,C005,P01,42.0,kg,42.0,B,2025-03-24,False,True,,,synthetic_error_model_not_real_llm,False
O0002290,M000925,C003,P02,11.0,kg,11.0,A,2025-03-24,False,True,,,synthetic_error_model_not_real_llm,True
O0002291,M000930,C009,P02,1.0,crate,8.0,B,2025-03-24,True,True,,,synthetic_error_model_not_real_llm,False
O0002292,M000923,C001,P02,21.0,kg,21.0,A,2025-03-24,False,True,,,synthetic_error_model_not_real_llm,False
O0002293,M000927,C006,P02,14.0,kg,14.0,B,2025-03-24,True,True,,,synthetic_error_model_not_real_llm,False
O0002294,M000924,C002,P02,1.0,crate,8.0,B,2025-03-24,True,True,,,synthetic_error_model_not_real_llm,False
O0002295,M000932,C011,P03,1.0,crate,12.0,B,2025-03-24,True,True,,,synthetic_error_model_not_real_llm,False
O0002296,M000923,C001,P03,1.0,box,6.0,A,2025-03-24,False,True,,,synthetic_error_model_not_real_llm,False
O0002297,M000924,C002,P03,57.0,kg,57.0,A,2025-03-24,False,True,,,synthetic_error_model_not_real_llm,False
O0002298,M000928,C007,P03,1.0,crate,12.0,B,2025-03-24,False,True,,,synthetic_error_model_not_real_llm,False
O0002299,M000931,C010,P04,9.0,kg,9.0,B,2025-03-24,False,True,,,synthetic_error_model_not_real_llm,False
O0002300,M000930,C009,P04,3.0,kg,3.0,A,2025-03-24,False,True,,,synthetic_error_model_not_real_llm,False
O0002301,M000923,C001,P04,9.0,kg,9.0,B,2025-03-24,True,True,,,synthetic_error_model_not_real_llm,False
O0002302,M000924,C002,P04,5.0,kg,5.0,B,2025-03-24,True,True,,,synthetic_error_model_not_real_llm,False
O0002303,M000932,C011,P04,10.0,kg,10.0,A,2025-03-24,False,True,,,synthetic_error_model_not_real_llm,False
O0002304,M000931,C010,P05,3.0,kg,3.0,B,2025-03-24,False,True,,,synthetic_error_model_not_real_llm,False
O0002305,M000927,C006,P05,16.0,kg,16.0,A,2025-03-24,False,True,,,synthetic_error_model_not_real_llm,False
O0002306,M000933,C012,P05,11.0,kg,11.0,B,2025-03-24,False,True,LOW_CONFIDENCE_QUANTITY,QUANTITY,synthetic_error_model_not_real_llm,True
O0002307,M000932,C011,P06,30.0,kg,30.0,B,2025-03-24,False,True,,,synthetic_error_model_not_real_llm,False
O0002308,M000933,C012,,3.0,box,,A,2025-03-24,False,True,MISSING_PRODUCT,PRODUCT,synthetic_error_model_not_real_llm,True
O0002309,M000926,C005,P06,8.0,box,24.0,B,2025-03-24,True,True,,,synthetic_error_model_not_real_llm,False
O0002310,M000925,C003,P07,24.0,box,192.0,B,2025-03-24,True,True,LOW_CONFIDENCE_UNIT,UNIT,synthetic_error_model_not_real_llm,True
O0002311,M000924,C002,P07,56.0,kg,56.0,A,2025-03-24,False,True,,,synthetic_error_model_not_real_llm,False
O0002312,M000926,C005,P07,2.0,box,16.0,A,2025-03-24,False,True,,,synthetic_error_model_not_real_llm,False
O0002313,M000929,C008,P08,5.0,kg,5.0,B,2025-03-24,True,True,,,synthetic_error_model_not_real_llm,True
O0002314,M000925,C003,P08,4.0,box,20.0,A,2025-03-24,False,True,,,synthetic_error_model_not_real_llm,True
O0002315,M000933,C012,P08,18.0,kg,18.0,B,2025-03-24,True,True,,,synthetic_error_model_not_real_llm,True
O0002316,M000923,C001,P08,11.0,kg,11.0,B,2025-03-24,True,True,,,synthetic_error_model_not_real_llm,False
O0002317,M000937,C004,P01,52.0,kg,52.0,B,2025-03-25,False,True,,,synthetic_error_model_not_real_llm,True
O0002318,M000935,C002,P01,32.0,kg,32.0,A,2025-03-25,False,True,,,synthetic_error_model_not_real_llm,False
O0002319,M000944,C012,P02,16.0,kg,16.0,A,2025-03-26,False,True,LOW_CONFIDENCE_DATE,DATE,synthetic_error_model_not_real_llm,True
O0002320,M000937,C004,P02,14.0,kg,14.0,A,2025-03-25,False,True,,,synthetic_error_model_not_real_llm,True
O0002321,M000942,C009,P02,17.0,kg,17.0,B,2025-03-25,False,True,,,synthetic_error_model_not_real_llm,False
O0002322,M000941,C008,P02,1.0,crate,8.0,B,2025-03-25,False,True,,,synthetic_error_model_not_real_llm,False
O0002323,M000939,C006,P02,1.0,crate,8.0,A,2025-03-25,False,True,,,synthetic_error_model_not_real_llm,False
O0002324,M000935,C002,P03,6.0,kg,6.0,A,2025-03-25,False,True,,,synthetic_error_model_not_real_llm,False
O0002325,M000941,C008,P03,18.0,box,108.0,B,2025-03-25,True,True,,,synthetic_error_model_not_real_llm,False
O0002326,M000934,C001,P04,48.0,kg,48.0,B,2025-03-25,False,True,LOW_CONFIDENCE_SUBSTITUTION,SUBSTITUTION,synthetic_error_model_not_real_llm,True
O0002327,M000943,C010,P04,14.0,kg,14.0,B,2025-03-25,True,True,,,synthetic_error_model_not_real_llm,False
O0002328,M000935,C002,P05,2.0,box,10.0,A,2025-03-25,True,True,,GRADE,synthetic_error_model_not_real_llm,False
O0002329,M000941,C008,P05,10.0,kg,10.0,A,2025-03-25,False,True,,,synthetic_error_model_not_real_llm,False
O0002330,M000942,C009,P05,1.0,box,5.0,A,2025-03-25,True,True,,,synthetic_error_model_not_real_llm,False
O0002331,M000934,C001,P05,8.0,kg,8.0,B,2025-03-25,True,True,,,synthetic_error_model_not_real_llm,True
O0002332,M000944,C012,P05,1.0,crate,10.0,B,2025-03-25,False,True,LOW_CONFIDENCE_GRADE|LOW_CONFIDENCE_QUANTITY,GRADE|QUANTITY,synthetic_error_model_not_real_llm,True
O0002333,M000934,C001,P06,4.0,kg,4.0,B,2025-03-25,True,True,,QUANTITY,synthetic_error_model_not_real_llm,True
O0002334,M000940,C007,P06,5.0,crate,30.0,A,2025-03-25,False,True,,,synthetic_error_model_not_real_llm,False
O0002335,M000943,C010,P06,1.0,box,3.0,B,2025-03-25,True,True,,,synthetic_error_model_not_real_llm,False
O0002336,M000934,C001,P07,3.0,kg,3.0,B,2025-03-25,True,True,,,synthetic_error_model_not_real_llm,True
O0002337,M000939,C006,P07,5.0,kg,5.0,B,2025-03-25,True,True,,,synthetic_error_model_not_real_llm,False
O0002338,M000938,C005,P07,27.0,kg,27.0,A,2025-03-25,False,True,,,synthetic_error_model_not_real_llm,False
O0002339,M000943,C010,P02,12.0,kg,12.0,A,2025-03-25,False,True,,PRODUCT,synthetic_error_model_not_real_llm,False
O0002340,M000937,C004,P08,3.0,box,15.0,A,2025-03-25,True,True,LOW_CONFIDENCE_GRADE,GRADE,synthetic_error_model_not_real_llm,True
O0002341,M000935,C002,P08,21.0,kg,21.0,B,2025-03-25,True,True,,,synthetic_error_model_not_real_llm,False
O0002342,M000936,C003,P08,1.0,crate,10.0,A,2025-03-25,False,True,,,synthetic_error_model_not_real_llm,False
O0002343,M000953,C010,P01,43.0,kg,43.0,A,2025-03-26,False,True,,,synthetic_error_model_not_real_llm,False
O0002344,M000946,C003,P01,20.0,kg,20.0,A,2025-03-26,False,True,,GRADE,synthetic_error_model_not_real_llm,False
O0002345,M000945,C002,P02,8.0,box,32.0,B,2025-03-26,False,True,,SUBSTITUTION,synthetic_error_model_not_real_llm,False
O0002346,M000951,C008,P02,31.0,kg,31.0,A,2025-03-26,False,True,,,synthetic_error_model_not_real_llm,False
O0002347,M000953,C010,P03,30.0,kg,30.0,A,2025-03-26,False,True,,,synthetic_error_model_not_real_llm,False
O0002348,M000946,C003,P03,61.0,kg,61.0,A,2025-03-26,False,True,,,synthetic_error_model_not_real_llm,False
O0002349,M000947,C004,P03,18.0,kg,18.0,A,2025-03-26,False,True,,,synthetic_error_model_not_real_llm,True
O0002350,M000950,C007,P04,6.0,box,18.0,A,2025-03-26,False,True,LOW_CONFIDENCE_UNIT,UNIT,synthetic_error_model_not_real_llm,True
O0002351,M000955,C012,P04,18.0,kg,18.0,A,2025-03-26,True,True,,QUANTITY,synthetic_error_model_not_real_llm,False
O0002352,M000953,C010,P04,31.0,kg,31.0,A,2025-03-26,False,True,,,synthetic_error_model_not_real_llm,False
O0002353,M000952,C009,P04,4.0,box,12.0,B,2025-03-26,True,True,,,synthetic_error_model_not_real_llm,False
O0002354,M000948,C005,P04,28.0,kg,28.0,A,2025-03-26,True,True,,,synthetic_error_model_not_real_llm,False
O0002355,M000945,C002,P05,14.0,kg,14.0,A,2025-03-26,True,True,,,synthetic_error_model_not_real_llm,False
O0002356,M000950,C007,P05,21.0,kg,21.0,A,2025-03-26,False,True,,,synthetic_error_model_not_real_llm,True
O0002357,M000946,C003,P05,21.0,kg,21.0,A,2025-03-26,False,True,,,synthetic_error_model_not_real_llm,False
O0002358,M000947,C004,P05,9.0,kg,9.0,B,2025-03-26,True,True,,,synthetic_error_model_not_real_llm,True
O0002359,M000948,C005,P06,8.0,kg,8.0,A,2025-03-26,False,True,,,synthetic_error_model_not_real_llm,False
O0002360,M000954,C011,P06,2.0,crate,12.0,A,2025-03-26,False,True,,QUANTITY,synthetic_error_model_not_real_llm,False
O0002361,M000949,C006,P06,5.0,box,15.0,B,2025-03-26,True,True,,,synthetic_error_model_not_real_llm,False
O0002362,M000950,C012,P08,3.0,kg,3.0,A,2025-03-26,False,True,LOW_CONFIDENCE_CUSTOMER|LOW_CONFIDENCE_PRODUCT,CUSTOMER|PRODUCT,synthetic_error_model_not_real_llm,True
O0002363,M000946,C003,P06,3.0,kg,3.0,B,2025-03-26,True,True,,,synthetic_error_model_not_real_llm,False
O0002364,M000952,C009,P07,35.0,kg,35.0,B,2025-03-26,True,True,,,synthetic_error_model_not_real_llm,False
O0002365,M000947,C004,P07,24.0,kg,24.0,B,2025-03-26,False,True,LOW_CONFIDENCE_QUANTITY,QUANTITY,synthetic_error_model_not_real_llm,True
O0002366,M000945,C002,P07,7.0,box,56.0,B,2025-03-26,True,True,,,synthetic_error_model_not_real_llm,False
O0002367,M000953,C010,P08,2.0,crate,20.0,B,2025-03-26,True,True,,,synthetic_error_model_not_real_llm,False
O0002368,M000946,C003,P08,39.0,kg,39.0,B,2025-03-26,False,True,,,synthetic_error_model_not_real_llm,False
O0002369,M000965,C012,P01,5.0,box,25.0,A,2025-03-27,True,True,,,synthetic_error_model_not_real_llm,False
O0002370,M000960,C006,P01,4.0,crate,40.0,A,2025-03-27,False,True,,,synthetic_error_model_not_real_llm,True
O0002371,M000958,C003,P02,6.0,kg,6.0,A,2025-03-27,False,True,,,synthetic_error_model_not_real_llm,False
O0002372,M000964,C011,P02,54.0,kg,54.0,A,2025-03-27,False,True,,,synthetic_error_model_not_real_llm,True
O0002373,M000963,C010,P03,41.0,kg,41.0,B,2025-03-27,True,True,,,synthetic_error_model_not_real_llm,False
O0002374,M000959,C005,P03,55.0,kg,55.0,A,2025-03-27,False,True,LOW_CONFIDENCE_QUANTITY,QUANTITY,synthetic_error_model_not_real_llm,True
O0002375,M000958,C003,P03,1.0,crate,12.0,A,2025-03-27,False,True,,,synthetic_error_model_not_real_llm,False
O0002376,M000957,C002,P03,9.0,kg,9.0,A,2025-03-27,False,True,,,synthetic_error_model_not_real_llm,True
O0002377,M000962,C009,P04,30.0,kg,30.0,A,2025-03-27,False,True,,,synthetic_error_model_not_real_llm,True
O0002378,M000963,C010,P04,4.0,kg,4.0,A,2025-03-27,False,True,,,synthetic_error_model_not_real_llm,False
O0002379,M000964,C011,P04,,crate,,A,2025-03-27,False,True,MISSING_QUANTITY,QUANTITY,synthetic_error_model_not_real_llm,True
O0002380,M000965,C012,P04,13.0,kg,13.0,B,2025-03-27,False,True,,,synthetic_error_model_not_real_llm,False
O0002381,M000962,C009,P05,23.0,kg,23.0,A,2025-03-27,False,True,,,synthetic_error_model_not_real_llm,True
O0002382,M000961,C008,P05,18.0,kg,18.0,A,2025-03-27,False,True,,,synthetic_error_model_not_real_llm,False
O0002383,M000960,C006,P05,7.0,kg,7.0,A,2025-03-27,False,True,,,synthetic_error_model_not_real_llm,True
O0002384,M000957,C002,P05,46.0,kg,46.0,A,2025-03-27,,True,MISSING_SUBSTITUTION,SUBSTITUTION,synthetic_error_model_not_real_llm,True
O0002385,M000964,C011,P05,1.0,box,5.0,A,2025-03-27,True,True,,,synthetic_error_model_not_real_llm,True
O0002386,M000956,C001,P06,22.0,box,66.0,A,2025-03-27,True,True,,,synthetic_error_model_not_real_llm,False
O0002387,M000959,C005,P06,19.0,kg,19.0,A,2025-03-27,False,True,,,synthetic_error_model_not_real_llm,True
O0002388,M000957,C002,P07,47.0,kg,47.0,B,2025-03-27,True,True,,,synthetic_error_model_not_real_llm,True
O0002389,M000962,C009,,96.0,kg,,B,2025-03-27,False,True,MISSING_PRODUCT,GRADE|PRODUCT,synthetic_error_model_not_real_llm,True
O0002390,M000963,C010,P08,9.0,kg,9.0,B,2025-03-27,True,True,,,synthetic_error_model_not_real_llm,False
O0002391,M000960,C006,P08,25.0,kg,25.0,B,2025-03-27,,True,MISSING_SUBSTITUTION,SUBSTITUTION,synthetic_error_model_not_real_llm,True
O0002392,M000965,C012,P08,4.0,kg,4.0,A,2025-03-27,False,True,,,synthetic_error_model_not_real_llm,False
O0002393,M000967,C002,P01,8.0,crate,80.0,B,2025-03-28,True,True,,,synthetic_error_model_not_real_llm,False
O0002394,M000969,C004,P01,15.0,box,75.0,A,2025-03-28,False,True,,,synthetic_error_model_not_real_llm,False
O0002395,M000974,C009,P02,16.0,kg,16.0,B,2025-03-28,True,True,,,synthetic_error_model_not_real_llm,False
O0002396,M000975,C010,P02,11.0,kg,11.0,A,2025-03-28,False,True,,,synthetic_error_model_not_real_llm,False
O0002397,M000977,C012,P02,5.0,box,20.0,B,2025-03-28,True,True,,,synthetic_error_model_not_real_llm,False
O0002398,M000966,C001,P02,5.0,box,20.0,A,2025-03-28,False,True,,,synthetic_error_model_not_real_llm,False
O0002399,M000968,C003,P03,62.0,kg,62.0,A,2025-03-28,False,True,,,synthetic_error_model_not_real_llm,False
O0002400,M000971,C006,P03,9.0,kg,9.0,B,2025-03-28,True,True,,,synthetic_error_model_not_real_llm,False
O0002401,M000977,C012,P04,44.0,kg,44.0,B,2025-03-28,False,True,,,synthetic_error_model_not_real_llm,False
O0002402,M000967,C002,P04,9.0,kg,9.0,B,2025-03-28,True,True,,,synthetic_error_model_not_real_llm,False
O0002403,M000973,C008,P05,3.0,kg,3.0,A,2025-03-28,False,True,,,synthetic_error_model_not_real_llm,True
O0002404,M000972,C007,P05,41.0,kg,41.0,A,2025-03-28,False,True,,,synthetic_error_model_not_real_llm,False
O0002405,M000976,C011,P05,2.0,crate,20.0,B,2025-03-28,True,True,,,synthetic_error_model_not_real_llm,False
O0002406,M000975,C010,P05,18.0,kg,18.0,B,2025-03-28,True,True,,,synthetic_error_model_not_real_llm,False
O0002407,M000974,C009,P06,11.0,kg,11.0,B,2025-03-28,True,True,,,synthetic_error_model_not_real_llm,False
O0002408,M000976,C011,P02,7.0,kg,7.0,B,2025-03-28,False,True,,PRODUCT,synthetic_error_model_not_real_llm,False
O0002409,M000971,C006,P06,14.0,kg,14.0,B,2025-03-28,False,True,,,synthetic_error_model_not_real_llm,False
O0002410,M000968,C003,P07,13.0,kg,13.0,B,2025-03-28,True,True,,,synthetic_error_model_not_real_llm,False
O0002411,M000972,C007,P07,18.0,kg,18.0,A,2025-03-28,False,True,,,synthetic_error_model_not_real_llm,False
O0002412,M000969,C004,P07,4.0,crate,64.0,A,2025-03-28,True,True,,,synthetic_error_model_not_real_llm,False
O0002413,M000970,C005,P07,2.0,box,16.0,A,2025-03-28,False,True,LOW_CONFIDENCE_QUANTITY,QUANTITY,synthetic_error_model_not_real_llm,True
O0002414,M000973,C008,P07,20.0,kg,20.0,,2025-03-28,False,True,MISSING_GRADE,GRADE,synthetic_error_model_not_real_llm,True
O0002415,M000967,C002,P08,7.0,kg,7.0,A,2025-03-28,False,True,,,synthetic_error_model_not_real_llm,False
O0002416,M000968,C003,P08,1.0,box,5.0,B,2025-03-28,True,True,,,synthetic_error_model_not_real_llm,False
O0002417,M000973,C008,P08,3.0,crate,30.0,B,2025-03-28,False,True,,,synthetic_error_model_not_real_llm,True
O0002418,M000970,C005,P08,10.0,kg,10.0,A,2025-03-28,False,True,,QUANTITY,synthetic_error_model_not_real_llm,True
O0002419,M000988,C011,P01,23.0,kg,23.0,B,2025-03-29,False,True,,,synthetic_error_model_not_real_llm,False
O0002420,M000981,C004,P01,6.0,crate,60.0,A,2025-03-29,False,True,,,synthetic_error_model_not_real_llm,False
O0002421,M000979,,,,,,,,,False,INVALID_JSON,INVALID_JSON,synthetic_error_model_not_real_llm,True
O0002422,M000984,C007,P01,13.0,kg,13.0,B,2025-03-29,True,True,,,synthetic_error_model_not_real_llm,False
O0002423,M000978,C001,P01,20.0,kg,20.0,A,2025-03-29,True,True,,,synthetic_error_model_not_real_llm,True
O0002424,M000978,C001,P02,9.0,kg,9.0,B,2025-03-29,True,True,,,synthetic_error_model_not_real_llm,True
O0002425,M000988,C011,P02,48.0,kg,48.0,B,2025-03-29,False,True,,,synthetic_error_model_not_real_llm,False
O0002426,M000979,,,,,,,,,False,INVALID_JSON,INVALID_JSON,synthetic_error_model_not_real_llm,True
O0002427,M000980,,P02,1.0,crate,8.0,B,2025-03-29,True,True,MISSING_CUSTOMER,CUSTOMER,synthetic_error_model_not_real_llm,True
O0002428,M000978,C001,P03,9.0,box,54.0,A,2025-03-29,False,True,,,synthetic_error_model_not_real_llm,True
O0002429,M000983,C006,P03,2.0,crate,24.0,B,2025-03-30,False,True,,DATE|SUBSTITUTION,synthetic_error_model_not_real_llm,False
O0002430,M000985,C008,P03,42.0,kg,42.0,A,2025-03-29,False,True,,,synthetic_error_model_not_real_llm,False
O0002431,M000979,,,,,,,,,False,INVALID_JSON,INVALID_JSON,synthetic_error_model_not_real_llm,True
O0002432,M000989,C012,P04,3.0,crate,18.0,B,2025-03-29,True,True,,,synthetic_error_model_not_real_llm,False
O0002433,M000981,C004,P04,1.0,crate,6.0,B,2025-03-29,True,True,,,synthetic_error_model_not_real_llm,False
O0002434,M000984,C007,P04,4.0,kg,4.0,B,2025-03-29,True,True,,,synthetic_error_model_not_real_llm,False
O0002435,M000982,C005,P04,22.0,kg,22.0,A,2025-03-29,False,True,,,synthetic_error_model_not_real_llm,False
O0002436,M000981,C004,P05,40.0,kg,40.0,B,2025-03-29,True,True,,,synthetic_error_model_not_real_llm,False
O0002437,M000986,C009,P05,1.0,box,5.0,,2025-03-29,False,True,MISSING_GRADE,GRADE,synthetic_error_model_not_real_llm,True
O0002438,M000978,C001,P05,38.0,kg,38.0,A,2025-03-29,False,True,,,synthetic_error_model_not_real_llm,True
O0002439,M000985,C008,P05,1.0,crate,10.0,A,2025-03-29,False,True,,,synthetic_error_model_not_real_llm,False
O0002440,M000987,C010,P06,1.0,crate,6.0,A,2025-03-29,False,True,,,synthetic_error_model_not_real_llm,False
O0002441,M000978,C001,P06,6.0,crate,36.0,A,2025-03-29,,True,MISSING_SUBSTITUTION,QUANTITY|SUBSTITUTION,synthetic_error_model_not_real_llm,True
O0002442,M000981,C004,P06,8.0,kg,8.0,A,2025-03-29,True,True,,,synthetic_error_model_not_real_llm,False
O0002443,M000986,C009,P06,11.0,kg,11.0,B,2025-03-29,False,True,LOW_CONFIDENCE_SUBSTITUTION,SUBSTITUTION,synthetic_error_model_not_real_llm,True
O0002444,M000986,C009,P07,28.0,kg,28.0,A,2025-03-29,False,True,,,synthetic_error_model_not_real_llm,True
O0002445,M000979,,,,,,,,,False,INVALID_JSON,INVALID_JSON,synthetic_error_model_not_real_llm,True
O0002446,M000980,C003,P07,25.0,kg,25.0,A,2025-03-29,False,True,,,synthetic_error_model_not_real_llm,True
O0002447,M000980,C003,P08,3.0,kg,3.0,A,2025-03-29,False,True,,,synthetic_error_model_not_real_llm,True
O0002448,M000986,C009,P08,16.0,kg,16.0,A,2025-03-29,False,True,,,synthetic_error_model_not_real_llm,True
O0002449,M000984,C007,P08,7.0,kg,7.0,A,2025-03-29,False,True,,,synthetic_error_model_not_real_llm,False
O0002450,M000979,,,,,,,,,False,INVALID_JSON,INVALID_JSON,synthetic_error_model_not_real_llm,True
O0002451,M000990,C002,P01,13.0,kg,13.0,A,2025-03-30,False,True,,,synthetic_error_model_not_real_llm,False
O0002452,M000998,C010,P01,6.0,kg,6.0,A,2025-03-30,False,True,,,synthetic_error_model_not_real_llm,False
O0002453,M000993,C005,P01,33.0,kg,33.0,B,2025-03-30,True,True,,,synthetic_error_model_not_real_llm,True
O0002454,M000992,C004,P01,5.0,box,25.0,A,2025-03-30,False,True,,,synthetic_error_model_not_real_llm,True
O0002455,M000997,C009,P02,9.0,box,36.0,B,2025-03-30,False,True,,,synthetic_error_model_not_real_llm,True
O0002456,M000998,C010,P02,3.0,box,12.0,A,2025-03-30,False,True,,,synthetic_error_model_not_real_llm,False
O0002457,M000993,C005,P02,1.0,box,4.0,A,2025-03-30,True,True,LOW_CONFIDENCE_SUBSTITUTION,SUBSTITUTION,synthetic_error_model_not_real_llm,True
O0002458,M001000,C012,P02,1.0,box,4.0,B,2025-03-30,True,True,,,synthetic_error_model_not_real_llm,True
O0002459,M000999,C011,,8.0,kg,,B,2025-03-30,False,True,MISSING_PRODUCT,PRODUCT,synthetic_error_model_not_real_llm,True
O0002460,M000992,C004,P05,116.0,kg,116.0,B,2025-03-30,False,True,LOW_CONFIDENCE_PRODUCT,PRODUCT|QUANTITY,synthetic_error_model_not_real_llm,True
O0002461,M000990,C002,P03,2.0,box,12.0,A,2025-03-30,False,True,,,synthetic_error_model_not_real_llm,False
O0002462,M000998,C010,P04,46.0,kg,46.0,A,2025-03-30,False,True,,,synthetic_error_model_not_real_llm,False
O0002463,M000993,C005,P04,13.0,,,B,2025-03-30,True,True,MISSING_UNIT,UNIT,synthetic_error_model_not_real_llm,True
O0002464,M000992,C004,P05,6.0,kg,6.0,B,2025-03-30,True,True,,,synthetic_error_model_not_real_llm,True
O0002465,M000995,C007,P05,2.0,box,10.0,A,2025-03-30,False,True,,,synthetic_error_model_not_real_llm,False
O0002466,M000994,C006,P05,4.0,box,20.0,A,2025-03-30,False,True,,,synthetic_error_model_not_real_llm,False
O0002467,M000991,C003,P05,5.0,kg,5.0,A,2025-03-30,True,True,,,synthetic_error_model_not_real_llm,False
O0002468,M000996,C008,P05,16.0,kg,16.0,A,2025-03-30,False,True,,,synthetic_error_model_not_real_llm,True
O0002469,M000994,C006,P06,5.0,crate,30.0,A,2025-03-30,False,True,,,synthetic_error_model_not_real_llm,False
O0002470,M000993,C005,P06,6.0,kg,6.0,A,2025-03-30,False,True,,,synthetic_error_model_not_real_llm,True
O0002471,M001000,C012,P06,3.0,kg,3.0,,2025-03-30,False,True,MISSING_GRADE,GRADE,synthetic_error_model_not_real_llm,True
O0002472,M000996,C008,P06,24.0,kg,24.0,B,2025-03-30,False,True,LOW_CONFIDENCE_SUBSTITUTION,SUBSTITUTION,synthetic_error_model_not_real_llm,True
O0002473,M000997,C009,P07,83.0,box,664.0,A,2025-03-30,False,True,LOW_CONFIDENCE_UNIT,UNIT,synthetic_error_model_not_real_llm,True
O0002474,M000993,C005,P07,1.0,crate,16.0,A,2025-03-30,True,True,,,synthetic_error_model_not_real_llm,True
O0002475,M000998,C010,P07,14.0,kg,14.0,A,2025-03-30,False,True,,,synthetic_error_model_not_real_llm,False
O0002476,M000999,C011,P08,1.0,box,5.0,A,2025-03-30,False,True,,,synthetic_error_model_not_real_llm,True
O0002477,M000992,C004,P08,1.0,box,5.0,B,2025-03-30,False,True,,,synthetic_error_model_not_real_llm,True
O0002478,M000996,C008,P08,1.0,crate,10.0,B,2025-03-30,False,True,,,synthetic_error_model_not_real_llm,True
O0002479,M001000,C012,P08,2.0,box,10.0,A,2025-03-30,False,True,,,synthetic_error_model_not_real_llm,True
O0002480,M000990,C002,P08,18.0,kg,18.0,B,2025-03-30,True,True,,,synthetic_error_model_not_real_llm,False
O0002481,M001009,C009,P01,11.0,kg,11.0,A,2025-03-31,False,True,,,synthetic_error_model_not_real_llm,True
O0002482,M001011,C011,P01,9.0,kg,9.0,B,2025-03-31,True,True,,,synthetic_error_model_not_real_llm,False
O0002483,M001001,C001,P01,39.0,kg,39.0,A,2025-03-31,False,True,,,synthetic_error_model_not_real_llm,False
O0002484,M001005,C005,P01,8.0,kg,8.0,A,2025-03-31,False,True,,,synthetic_error_model_not_real_llm,True
O0002485,M001008,C008,P01,17.0,kg,17.0,A,2025-03-31,False,True,,,synthetic_error_model_not_real_llm,True
O0002486,M001008,,P02,34.0,kg,34.0,A,2025-03-31,False,True,MISSING_CUSTOMER,CUSTOMER,synthetic_error_model_not_real_llm,True
O0002487,M001003,C003,P02,7.0,kg,7.0,A,2025-03-31,False,True,,,synthetic_error_model_not_real_llm,True
O0002488,M001010,C010,P02,4.0,box,16.0,B,2025-03-31,False,True,,,synthetic_error_model_not_real_llm,False
O0002489,M001001,C001,P02,7.0,kg,7.0,A,2025-03-31,False,True,,,synthetic_error_model_not_real_llm,False
O0002490,M001010,C010,P03,8.0,kg,8.0,A,2025-03-31,False,True,,,synthetic_error_model_not_real_llm,False
O0002491,M001002,C002,P03,56.0,kg,56.0,A,2025-03-31,True,True,,,synthetic_error_model_not_real_llm,False
O0002492,M001006,C006,P03,76.0,kg,76.0,B,2025-03-31,True,True,LOW_CONFIDENCE_QUANTITY,QUANTITY,synthetic_error_model_not_real_llm,True
O0002493,M001009,C004,P03,14.0,kg,14.0,A,2025-03-31,False,True,LOW_CONFIDENCE_CUSTOMER,CUSTOMER,synthetic_error_model_not_real_llm,True
O0002494,M001011,C011,P03,9.0,kg,9.0,A,2025-03-31,False,True,,,synthetic_error_model_not_real_llm,False
O0002495,M001006,C006,P04,11.0,box,33.0,A,2025-03-31,False,True,,,synthetic_error_model_not_real_llm,True
O0002496,M001003,C003,P04,3.0,crate,18.0,B,2025-03-31,True,True,,,synthetic_error_model_not_real_llm,True
O0002497,M001004,C003,P04,48.0,kg,48.0,A,2025-03-31,False,True,,CUSTOMER,synthetic_error_model_not_real_llm,False
O0002498,M001001,C001,P05,3.0,box,15.0,B,2025-03-31,True,True,,,synthetic_error_model_not_real_llm,False
O0002499,M001012,C012,P05,7.0,box,35.0,B,2025-03-31,True,True,,,synthetic_error_model_not_real_llm,False
O0002500,M001005,C005,P05,7.0,kg,7.0,A,2025-03-31,True,True,,,synthetic_error_model_not_real_llm,True
O0002501,M001007,C011,P05,10.0,kg,10.0,B,2025-03-31,True,True,,CUSTOMER,synthetic_error_model_not_real_llm,False
O0002502,M001008,C008,P06,8.0,box,24.0,B,2025-03-31,True,True,,,synthetic_error_model_not_real_llm,True
O0002503,M001010,C010,P06,12.0,kg,12.0,A,2025-03-31,True,True,,,synthetic_error_model_not_real_llm,False
O0002504,M001003,C003,P06,12.0,kg,12.0,A,2025-03-31,False,True,,,synthetic_error_model_not_real_llm,True
O0002505,M001005,C005,P06,8.0,kg,8.0,A,2025-03-31,True,True,LOW_CONFIDENCE_GRADE,GRADE,synthetic_error_model_not_real_llm,True
O0002506,M001001,C001,P07,7.0,kg,7.0,A,2025-03-31,False,True,,,synthetic_error_model_not_real_llm,False
O0002507,M001009,C009,P04,14.0,kg,14.0,B,2025-03-31,False,True,,PRODUCT,synthetic_error_model_not_real_llm,True
O0002508,M001004,C004,P07,2.0,box,16.0,B,2025-03-31,True,True,,,synthetic_error_model_not_real_llm,False
O0002509,M001005,C005,P07,14.0,kg,14.0,A,2025-03-31,False,True,LOW_CONFIDENCE_QUANTITY,QUANTITY,synthetic_error_model_not_real_llm,True
O0002510,M001007,C007,P07,12.0,kg,12.0,A,2025-03-31,False,True,,,synthetic_error_model_not_real_llm,False
O0002511,M001005,C005,P08,1.0,box,5.0,B,2025-03-31,False,True,,,synthetic_error_model_not_real_llm,True
O0002512,M001010,C010,P08,11.0,kg,11.0,A,2025-03-31,False,True,,,synthetic_error_model_not_real_llm,False
O0002513,M001003,C003,P08,11.0,kg,11.0,B,2025-03-31,True,True,LOW_CONFIDENCE_QUANTITY,QUANTITY,synthetic_error_model_not_real_llm,True
O0002514,M001009,C009,P08,17.0,kg,17.0,A,2025-03-31,False,True,,,synthetic_error_model_not_real_llm,True
O0002515,M001008,C008,P08,24.0,kg,24.0,A,2025-03-31,True,True,,,synthetic_error_model_not_real_llm,True
