supply_id,allocation_date,product_id,supply_grade,age_days,shelf_life_days,usable_quantity_kg,expires_next_day,unit_value_per_kg
S0000001,2025-01-01,P01,A,0,3,29.0,0,3.2
S0000002,2025-01-01,P01,A,1,3,26.0,0,3.2
S0000003,2025-01-01,P01,A,2,3,27.0,1,3.2
S0000004,2025-01-01,P01,B,0,3,24.0,0,3.2
S0000005,2025-01-01,P01,B,1,3,21.0,0,3.2
S0000006,2025-01-01,P02,A,0,3,34.0,0,2.6
S0000007,2025-01-01,P02,A,1,3,8.0,0,2.6
S0000008,2025-01-01,P02,A,2,3,1.0,1,2.6
S0000009,2025-01-01,P02,B,0,3,9.0,0,2.6
S0000010,2025-01-01,P02,B,1,3,7.0,0,2.6
S0000011,2025-01-01,P02,B,2,3,5.0,1,2.6
S0000012,2025-01-01,P03,A,0,4,11.0,0,2.1
S0000013,2025-01-01,P03,A,1,4,30.0,0,2.1
S0000014,2025-01-01,P03,A,2,4,7.0,0,2.1
S0000015,2025-01-01,P03,A,3,4,6.0,1,2.1
S0000016,2025-01-01,P03,B,0,4,14.0,0,2.1
S0000017,2025-01-01,P03,B,1,4,18.0,0,2.1
S0000018,2025-01-01,P03,B,2,4,1.0,0,2.1
S0000019,2025-01-01,P03,B,3,4,2.0,1,2.1
S0000020,2025-01-01,P04,A,0,3,6.0,0,6.8
S0000021,2025-01-01,P04,A,1,3,14.0,0,6.8
S0000022,2025-01-01,P04,A,2,3,1.0,1,6.8
S0000023,2025-01-01,P04,B,0,3,16.0,0,6.8
S0000024,2025-01-01,P04,B,1,3,4.0,0,6.8
S0000025,2025-01-01,P05,A,0,5,9.0,0,4.1
S0000026,2025-01-01,P05,A,1,5,5.0,0,4.1
S0000027,2025-01-01,P05,A,2,5,12.0,0,4.1
S0000028,2025-01-01,P05,A,3,5,7.0,0,4.1
S0000029,2025-01-01,P05,B,0,5,8.0,0,4.1
S0000030,2025-01-01,P05,B,1,5,17.0,0,4.1
S0000031,2025-01-01,P05,B,2,5,6.0,0,4.1
S0000032,2025-01-01,P05,B,3,5,3.0,0,4.1
S0000033,2025-01-01,P05,B,4,5,7.0,1,4.1
S0000034,2025-01-01,P06,A,0,3,22.0,0,3.0
S0000035,2025-01-01,P06,A,1,3,7.0,0,3.0
S0000036,2025-01-01,P06,A,2,3,1.0,1,3.0
S0000037,2025-01-01,P06,B,0,3,9.0,0,3.0
S0000038,2025-01-01,P06,B,1,3,5.0,0,3.0
S0000039,2025-01-01,P06,B,2,3,6.0,1,3.0
S0000040,2025-01-01,P07,A,0,7,20.0,0,1.8
S0000041,2025-01-01,P07,A,1,7,17.0,0,1.8
S0000042,2025-01-01,P07,A,2,7,7.0,0,1.8
S0000043,2025-01-01,P07,A,3,7,15.0,0,1.8
S0000044,2025-01-01,P07,A,4,7,12.0,0,1.8
S0000045,2025-01-01,P07,A,5,7,1.0,0,1.8
S0000046,2025-01-01,P07,A,6,7,3.0,1,1.8
S0000047,2025-01-01,P07,B,0,7,7.0,0,1.8
S0000048,2025-01-01,P07,B,1,7,3.0,0,1.8
S0000049,2025-01-01,P07,B,2,7,6.0,0,1.8
S0000050,2025-01-01,P07,B,3,7,1.0,0,1.8
S0000051,2025-01-01,P07,B,5,7,1.0,0,1.8
S0000052,2025-01-01,P07,B,6,7,3.0,1,1.8
S0000053,2025-01-01,P08,A,0,5,19.0,0,3.7
S0000054,2025-01-01,P08,A,1,5,16.0,0,3.7
S0000055,2025-01-01,P08,A,2,5,8.0,0,3.7
S0000056,2025-01-01,P08,A,3,5,6.0,0,3.7
S0000057,2025-01-01,P08,A,4,5,6.0,1,3.7
S0000058,2025-01-01,P08,B,0,5,5.0,0,3.7
S0000059,2025-01-01,P08,B,1,5,5.0,0,3.7
S0000060,2025-01-01,P08,B,2,5,4.0,0,3.7
S0000061,2025-01-02,P01,A,0,3,51.0,0,3.2
S0000062,2025-01-02,P01,A,1,3,37.0,0,3.2
S0000063,2025-01-02,P01,A,2,3,24.0,1,3.2
S0000064,2025-01-02,P01,B,0,3,24.0,0,3.2
S0000065,2025-01-02,P01,B,1,3,14.0,0,3.2
S0000066,2025-01-02,P01,B,2,3,2.0,1,3.2
S0000067,2025-01-02,P02,A,0,3,49.0,0,2.6
S0000068,2025-01-02,P02,A,1,3,13.0,0,2.6
S0000069,2025-01-02,P02,A,2,3,5.0,1,2.6
S0000070,2025-01-02,P02,B,0,3,15.0,0,2.6
S0000071,2025-01-02,P02,B,1,3,8.0,0,2.6
S0000072,2025-01-02,P02,B,2,3,3.0,1,2.6
S0000073,2025-01-02,P03,A,0,4,40.0,0,2.1
S0000074,2025-01-02,P03,A,1,4,20.0,0,2.1
S0000075,2025-01-02,P03,A,2,4,11.0,0,2.1
S0000076,2025-01-02,P03,A,3,4,14.0,1,2.1
S0000077,2025-01-02,P03,B,0,4,6.0,0,2.1
S0000078,2025-01-02,P03,B,1,4,2.0,0,2.1
S0000079,2025-01-02,P03,B,2,4,6.0,0,2.1
S0000080,2025-01-02,P03,B,3,4,1.0,1,2.1
S0000081,2025-01-02,P04,A,0,3,16.0,0,6.8
S0000082,2025-01-02,P04,A,1,3,7.0,0,6.8
S0000083,2025-01-02,P04,A,2,3,3.0,1,6.8
S0000084,2025-01-02,P04,B,0,3,21.0,0,6.8
S0000085,2025-01-02,P04,B,1,3,4.0,0,6.8
S0000086,2025-01-02,P04,B,2,3,1.0,1,6.8
S0000087,2025-01-02,P05,A,0,5,14.0,0,4.1
S0000088,2025-01-02,P05,A,1,5,11.0,0,4.1
S0000089,2025-01-02,P05,A,2,5,4.0,0,4.1
S0000090,2025-01-02,P05,A,3,5,2.0,0,4.1
S0000091,2025-01-02,P05,A,4,5,2.0,1,4.1
S0000092,2025-01-02,P05,B,0,5,7.0,0,4.1
S0000093,2025-01-02,P05,B,1,5,11.0,0,4.1
S0000094,2025-01-02,P05,B,2,5,9.0,0,4.1
S0000095,2025-01-02,P05,B,3,5,2.0,0,4.1
S0000096,2025-01-02,P05,B,4,5,1.0,1,4.1
S0000097,2025-01-02,P06,A,0,3,19.0,0,3.0
S0000098,2025-01-02,P06,A,1,3,13.0,0,3.0
S0000099,2025-01-02,P06,B,0,3,5.0,0,3.0
S0000100,2025-01-02,P06,B,1,3,1.0,0,3.0
S0000101,2025-01-02,P07,A,0,7,24.0,0,1.8
S0000102,2025-01-02,P07,A,1,7,8.0,0,1.8
S0000103,2025-01-02,P07,A,2,7,22.0,0,1.8
S0000104,2025-01-02,P07,A,3,7,14.0,0,1.8
S0000105,2025-01-02,P07,A,4,7,1.0,0,1.8
S0000106,2025-01-02,P07,A,5,7,1.0,0,1.8
S0000107,2025-01-02,P07,A,6,7,6.0,1,1.8
S0000108,2025-01-02,P07,B,0,7,8.0,0,1.8
S0000109,2025-01-02,P07,B,1,7,14.0,0,1.8
S0000110,2025-01-02,P07,B,2,7,2.0,0,1.8
S0000111,2025-01-02,P07,B,3,7,3.0,0,1.8
S0000112,2025-01-02,P07,B,4,7,1.0,0,1.8
S0000113,2025-01-02,P07,B,5,7,1.0,0,1.8
S0000114,2025-01-02,P08,A,0,5,12.0,0,3.7
S0000115,2025-01-02,P08,A,1,5,2.0,0,3.7
S0000116,2025-01-02,P08,A,2,5,2.0,0,3.7
S0000117,2025-01-02,P08,A,3,5,4.0,0,3.7
S0000118,2025-01-02,P08,A,4,5,3.0,1,3.7
S0000119,2025-01-02,P08,B,0,5,10.0,0,3.7
S0000120,2025-01-02,P08,B,1,5,2.0,0,3.7
S0000121,2025-01-02,P08,B,2,5,7.0,0,3.7
S0000122,2025-01-02,P08,B,3,5,1.0,0,3.7
S0000123,2025-01-02,P08,B,4,5,8.0,1,3.7
S0000124,2025-01-03,P01,A,0,3,48.0,0,3.2
S0000125,2025-01-03,P01,A,1,3,12.0,0,3.2
S0000126,2025-01-03,P01,A,2,3,2.0,1,3.2
S0000127,2025-01-03,P01,B,0,3,28.0,0,3.2
S0000128,2025-01-03,P01,B,1,3,10.0,0,3.2
S0000129,2025-01-03,P01,B,2,3,4.0,1,3.2
S0000130,2025-01-03,P02,A,0,3,48.0,0,2.6
S0000131,2025-01-03,P02,A,1,3,27.0,0,2.6
S0000132,2025-01-03,P02,A,2,3,13.0,1,2.6
S0000133,2025-01-03,P02,B,0,3,10.0,0,2.6
S0000134,2025-01-03,P02,B,1,3,5.0,0,2.6
S0000135,2025-01-03,P02,B,2,3,1.0,1,2.6
S0000136,2025-01-03,P03,A,0,4,28.0,0,2.1
S0000137,2025-01-03,P03,A,1,4,17.0,0,2.1
S0000138,2025-01-03,P03,A,2,4,8.0,0,2.1
S0000139,2025-01-03,P03,B,0,4,20.0,0,2.1
S0000140,2025-01-03,P03,B,1,4,14.0,0,2.1
S0000141,2025-01-03,P03,B,2,4,4.0,0,2.1
S0000142,2025-01-03,P03,B,3,4,7.0,1,2.1
S0000143,2025-01-03,P04,A,0,3,25.0,0,6.8
S0000144,2025-01-03,P04,A,1,3,20.0,0,6.8
S0000145,2025-01-03,P04,B,0,3,7.0,0,6.8
S0000146,2025-01-03,P04,B,1,3,1.0,0,6.8
S0000147,2025-01-03,P05,A,0,5,17.0,0,4.1
S0000148,2025-01-03,P05,A,1,5,10.0,0,4.1
S0000149,2025-01-03,P05,A,2,5,19.0,0,4.1
S0000150,2025-01-03,P05,A,3,5,2.0,0,4.1
S0000151,2025-01-03,P05,A,4,5,4.0,1,4.1
S0000152,2025-01-03,P05,B,0,5,5.0,0,4.1
S0000153,2025-01-03,P05,B,1,5,14.0,0,4.1
S0000154,2025-01-03,P05,B,2,5,11.0,0,4.1
S0000155,2025-01-03,P05,B,3,5,2.0,0,4.1
S0000156,2025-01-03,P05,B,4,5,1.0,1,4.1
S0000157,2025-01-03,P06,A,0,3,26.0,0,3.0
S0000158,2025-01-03,P06,A,1,3,8.0,0,3.0
S0000159,2025-01-03,P06,B,0,3,4.0,0,3.0
S0000160,2025-01-03,P06,B,1,3,6.0,0,3.0
S0000161,2025-01-03,P06,B,2,3,3.0,1,3.0
S0000162,2025-01-03,P07,A,0,7,10.0,0,1.8
S0000163,2025-01-03,P07,A,1,7,7.0,0,1.8
S0000164,2025-01-03,P07,A,2,7,8.0,0,1.8
S0000165,2025-01-03,P07,A,3,7,8.0,0,1.8
S0000166,2025-01-03,P07,A,4,7,8.0,0,1.8
S0000167,2025-01-03,P07,A,5,7,1.0,0,1.8
S0000168,2025-01-03,P07,A,6,7,1.0,1,1.8
S0000169,2025-01-03,P07,B,0,7,7.0,0,1.8
S0000170,2025-01-03,P07,B,1,7,7.0,0,1.8
S0000171,2025-01-03,P07,B,2,7,14.0,0,1.8
S0000172,2025-01-03,P07,B,3,7,3.0,0,1.8
S0000173,2025-01-03,P07,B,4,7,7.0,0,1.8
S0000174,2025-01-03,P07,B,5,7,3.0,0,1.8
S0000175,2025-01-03,P08,A,0,5,17.0,0,3.7
S0000176,2025-01-03,P08,A,1,5,11.0,0,3.7
S0000177,2025-01-03,P08,A,2,5,4.0,0,3.7
S0000178,2025-01-03,P08,A,3,5,7.0,0,3.7
S0000179,2025-01-03,P08,A,4,5,1.0,1,3.7
S0000180,2025-01-03,P08,B,0,5,5.0,0,3.7
S0000181,2025-01-03,P08,B,1,5,11.0,0,3.7
S0000182,2025-01-03,P08,B,2,5,2.0,0,3.7
S0000183,2025-01-03,P08,B,3,5,12.0,0,3.7
S0000184,2025-01-04,P01,A,0,3,44.0,0,3.2
S0000185,2025-01-04,P01,A,1,3,22.0,0,3.2
S0000186,2025-01-04,P01,A,2,3,13.0,1,3.2
S0000187,2025-01-04,P01,B,0,3,14.0,0,3.2
S0000188,2025-01-04,P01,B,1,3,18.0,0,3.2
S0000189,2025-01-04,P01,B,2,3,1.0,1,3.2
S0000190,2025-01-04,P02,A,0,3,23.0,0,2.6
S0000191,2025-01-04,P02,A,1,3,17.0,0,2.6
S0000192,2025-01-04,P02,B,0,3,9.0,0,2.6
S0000193,2025-01-04,P02,B,1,3,3.0,0,2.6
S0000194,2025-01-04,P02,B,2,3,4.0,1,2.6
S0000195,2025-01-04,P03,A,0,4,23.0,0,2.1
S0000196,2025-01-04,P03,A,1,4,22.0,0,2.1
S0000197,2025-01-04,P03,A,2,4,21.0,0,2.1
S0000198,2025-01-04,P03,A,3,4,8.0,1,2.1
S0000199,2025-01-04,P03,B,0,4,15.0,0,2.1
S0000200,2025-01-04,P03,B,1,4,26.0,0,2.1
S0000201,2025-01-04,P03,B,2,4,2.0,0,2.1
S0000202,2025-01-04,P03,B,3,4,1.0,1,2.1
S0000203,2025-01-04,P04,A,0,3,13.0,0,6.8
S0000204,2025-01-04,P04,A,1,3,24.0,0,6.8
S0000205,2025-01-04,P04,B,0,3,15.0,0,6.8
S0000206,2025-01-04,P04,B,1,3,11.0,0,6.8
S0000207,2025-01-04,P05,A,0,5,20.0,0,4.1
S0000208,2025-01-04,P05,A,1,5,5.0,0,4.1
S0000209,2025-01-04,P05,A,2,5,7.0,0,4.1
S0000210,2025-01-04,P05,A,3,5,2.0,0,4.1
S0000211,2025-01-04,P05,B,0,5,10.0,0,4.1
S0000212,2025-01-04,P05,B,1,5,8.0,0,4.1
S0000213,2025-01-04,P05,B,2,5,3.0,0,4.1
S0000214,2025-01-04,P05,B,3,5,2.0,0,4.1
S0000215,2025-01-04,P05,B,4,5,1.0,1,4.1
S0000216,2025-01-04,P06,A,0,3,21.0,0,3.0
S0000217,2025-01-04,P06,A,1,3,20.0,0,3.0
S0000218,2025-01-04,P06,A,2,3,7.0,1,3.0
S0000219,2025-01-04,P06,B,0,3,26.0,0,3.0
S0000220,2025-01-04,P06,B,1,3,5.0,0,3.0
S0000221,2025-01-04,P06,B,2,3,6.0,1,3.0
S0000222,2025-01-04,P07,A,0,7,32.0,0,1.8
S0000223,2025-01-04,P07,A,1,7,13.0,0,1.8
S0000224,2025-01-04,P07,A,2,7,30.0,0,1.8
S0000225,2025-01-04,P07,A,3,7,5.0,0,1.8
S0000226,2025-01-04,P07,A,5,7,4.0,0,1.8
S0000227,2025-01-04,P07,B,0,7,5.0,0,1.8
S0000228,2025-01-04,P07,B,1,7,2.0,0,1.8
S0000229,2025-01-04,P07,B,3,7,6.0,0,1.8
S0000230,2025-01-04,P07,B,4,7,1.0,0,1.8
S0000231,2025-01-04,P07,B,6,7,4.0,1,1.8
S0000232,2025-01-04,P08,A,0,5,15.0,0,3.7
S0000233,2025-01-04,P08,A,1,5,5.0,0,3.7
S0000234,2025-01-04,P08,A,2,5,9.0,0,3.7
S0000235,2025-01-04,P08,A,3,5,1.0,0,3.7
S0000236,2025-01-04,P08,A,4,5,2.0,1,3.7
S0000237,2025-01-04,P08,B,0,5,10.0,0,3.7
S0000238,2025-01-04,P08,B,1,5,7.0,0,3.7
S0000239,2025-01-04,P08,B,2,5,5.0,0,3.7
S0000240,2025-01-04,P08,B,3,5,2.0,0,3.7
S0000241,2025-01-04,P08,B,4,5,2.0,1,3.7
S0000242,2025-01-05,P01,A,0,3,42.0,0,3.2
S0000243,2025-01-05,P01,A,1,3,20.0,0,3.2
S0000244,2025-01-05,P01,A,2,3,5.0,1,3.2
S0000245,2025-01-05,P01,B,0,3,27.0,0,3.2
S0000246,2025-01-05,P01,B,1,3,14.0,0,3.2
S0000247,2025-01-05,P01,B,2,3,4.0,1,3.2
S0000248,2025-01-05,P02,A,0,3,27.0,0,2.6
S0000249,2025-01-05,P02,A,1,3,9.0,0,2.6
S0000250,2025-01-05,P02,A,2,3,2.0,1,2.6
S0000251,2025-01-05,P02,B,0,3,14.0,0,2.6
S0000252,2025-01-05,P02,B,1,3,32.0,0,2.6
S0000253,2025-01-05,P02,B,2,3,1.0,1,2.6
S0000254,2025-01-05,P03,A,0,4,35.0,0,2.1
S0000255,2025-01-05,P03,A,1,4,42.0,0,2.1
S0000256,2025-01-05,P03,A,2,4,18.0,0,2.1
S0000257,2025-01-05,P03,A,3,4,9.0,1,2.1
S0000258,2025-01-05,P03,B,0,4,18.0,0,2.1
S0000259,2025-01-05,P03,B,1,4,9.0,0,2.1
S0000260,2025-01-05,P03,B,2,4,7.0,0,2.1
S0000261,2025-01-05,P03,B,3,4,2.0,1,2.1
S0000262,2025-01-05,P04,A,0,3,30.0,0,6.8
S0000263,2025-01-05,P04,A,1,3,17.0,0,6.8
S0000264,2025-01-05,P04,A,2,3,5.0,1,6.8
S0000265,2025-01-05,P04,B,0,3,19.0,0,6.8
S0000266,2025-01-05,P04,B,1,3,3.0,0,6.8
S0000267,2025-01-05,P04,B,2,3,2.0,1,6.8
S0000268,2025-01-05,P05,A,0,5,23.0,0,4.1
S0000269,2025-01-05,P05,A,1,5,11.0,0,4.1
S0000270,2025-01-05,P05,A,2,5,5.0,0,4.1
S0000271,2025-01-05,P05,A,3,5,2.0,0,4.1
S0000272,2025-01-05,P05,B,0,5,6.0,0,4.1
S0000273,2025-01-05,P05,B,1,5,16.0,0,4.1
S0000274,2025-01-05,P05,B,2,5,2.0,0,4.1
S0000275,2025-01-05,P05,B,3,5,2.0,0,4.1
S0000276,2025-01-05,P06,A,0,3,20.0,0,3.0
S0000277,2025-01-05,P06,A,1,3,12.0,0,3.0
S0000278,2025-01-05,P06,A,2,3,6.0,1,3.0
S0000279,2025-01-05,P06,B,0,3,8.0,0,3.0
S0000280,2025-01-05,P06,B,1,3,3.0,0,3.0
S0000281,2025-01-05,P07,A,0,7,14.0,0,1.8
S0000282,2025-01-05,P07,A,1,7,14.0,0,1.8
S0000283,2025-01-05,P07,A,2,7,21.0,0,1.8
S0000284,2025-01-05,P07,A,3,7,17.0,0,1.8
S0000285,2025-01-05,P07,A,4,7,4.0,0,1.8
S0000286,2025-01-05,P07,A,5,7,2.0,0,1.8
S0000287,2025-01-05,P07,A,6,7,1.0,1,1.8
S0000288,2025-01-05,P07,B,0,7,2.0,0,1.8
S0000289,2025-01-05,P07,B,1,7,5.0,0,1.8
S0000290,2025-01-05,P07,B,2,7,11.0,0,1.8
S0000291,2025-01-05,P07,B,3,7,2.0,0,1.8
S0000292,2025-01-05,P07,B,4,7,6.0,0,1.8
S0000293,2025-01-05,P07,B,5,7,2.0,0,1.8
S0000294,2025-01-05,P08,A,0,5,32.0,0,3.7
S0000295,2025-01-05,P08,A,1,5,28.0,0,3.7
S0000296,2025-01-05,P08,A,2,5,3.0,0,3.7
S0000297,2025-01-05,P08,A,3,5,1.0,0,3.7
S0000298,2025-01-05,P08,A,4,5,7.0,1,3.7
S0000299,2025-01-05,P08,B,0,5,7.0,0,3.7
S0000300,2025-01-05,P08,B,1,5,7.0,0,3.7
S0000301,2025-01-05,P08,B,2,5,8.0,0,3.7
S0000302,2025-01-05,P08,B,4,5,5.0,1,3.7
S0000303,2025-01-06,P01,A,0,3,15.0,0,3.2
S0000304,2025-01-06,P01,A,1,3,21.0,0,3.2
S0000305,2025-01-06,P01,A,2,3,9.0,1,3.2
S0000306,2025-01-06,P01,B,0,3,34.0,0,3.2
S0000307,2025-01-06,P01,B,1,3,17.0,0,3.2
S0000308,2025-01-06,P01,B,2,3,5.0,1,3.2
S0000309,2025-01-06,P02,A,0,3,27.0,0,2.6
S0000310,2025-01-06,P02,A,1,3,23.0,0,2.6
S0000311,2025-01-06,P02,A,2,3,14.0,1,2.6
S0000312,2025-01-06,P02,B,0,3,13.0,0,2.6
S0000313,2025-01-06,P02,B,1,3,7.0,0,2.6
S0000314,2025-01-06,P02,B,2,3,3.0,1,2.6
S0000315,2025-01-06,P03,A,0,4,23.0,0,2.1
S0000316,2025-01-06,P03,A,1,4,20.0,0,2.1
S0000317,2025-01-06,P03,A,2,4,17.0,0,2.1
S0000318,2025-01-06,P03,A,3,4,10.0,1,2.1
S0000319,2025-01-06,P03,B,0,4,18.0,0,2.1
S0000320,2025-01-06,P03,B,1,4,7.0,0,2.1
S0000321,2025-01-06,P03,B,2,4,13.0,0,2.1
S0000322,2025-01-06,P03,B,3,4,3.0,1,2.1
S0000323,2025-01-06,P04,A,0,3,26.0,0,6.8
S0000324,2025-01-06,P04,A,1,3,11.0,0,6.8
S0000325,2025-01-06,P04,B,0,3,3.0,0,6.8
S0000326,2025-01-06,P04,B,1,3,6.0,0,6.8
S0000327,2025-01-06,P04,B,2,3,2.0,1,6.8
S0000328,2025-01-06,P05,A,0,5,3.0,0,4.1
S0000329,2025-01-06,P05,A,1,5,22.0,0,4.1
S0000330,2025-01-06,P05,A,2,5,3.0,0,4.1
S0000331,2025-01-06,P05,A,3,5,11.0,0,4.1
S0000332,2025-01-06,P05,A,4,5,6.0,1,4.1
S0000333,2025-01-06,P05,B,0,5,6.0,0,4.1
S0000334,2025-01-06,P05,B,1,5,6.0,0,4.1
S0000335,2025-01-06,P05,B,2,5,2.0,0,4.1
S0000336,2025-01-06,P06,A,0,3,28.0,0,3.0
S0000337,2025-01-06,P06,A,1,3,6.0,0,3.0
S0000338,2025-01-06,P06,A,2,3,3.0,1,3.0
S0000339,2025-01-06,P06,B,0,3,8.0,0,3.0
S0000340,2025-01-06,P06,B,1,3,9.0,0,3.0
S0000341,2025-01-06,P06,B,2,3,7.0,1,3.0
S0000342,2025-01-06,P07,A,0,7,9.0,0,1.8
S0000343,2025-01-06,P07,A,1,7,4.0,0,1.8
S0000344,2025-01-06,P07,A,2,7,12.0,0,1.8
S0000345,2025-01-06,P07,A,3,7,12.0,0,1.8
S0000346,2025-01-06,P07,A,4,7,7.0,0,1.8
S0000347,2025-01-06,P07,B,0,7,17.0,0,1.8
S0000348,2025-01-06,P07,B,1,7,2.0,0,1.8
S0000349,2025-01-06,P07,B,2,7,7.0,0,1.8
S0000350,2025-01-06,P07,B,3,7,7.0,0,1.8
S0000351,2025-01-06,P07,B,4,7,4.0,0,1.8
S0000352,2025-01-06,P07,B,5,7,1.0,0,1.8
S0000353,2025-01-06,P07,B,6,7,1.0,1,1.8
S0000354,2025-01-06,P08,A,0,5,12.0,0,3.7
S0000355,2025-01-06,P08,A,1,5,18.0,0,3.7
S0000356,2025-01-06,P08,A,2,5,25.0,0,3.7
S0000357,2025-01-06,P08,A,3,5,1.0,0,3.7
S0000358,2025-01-06,P08,A,4,5,1.0,1,3.7
S0000359,2025-01-06,P08,B,0,5,9.0,0,3.7
S0000360,2025-01-06,P08,B,1,5,10.0,0,3.7
S0000361,2025-01-06,P08,B,2,5,1.0,0,3.7
S0000362,2025-01-06,P08,B,3,5,3.0,0,3.7
S0000363,2025-01-06,P08,B,4,5,4.0,1,3.7
S0000364,2025-01-07,P01,A,0,3,36.0,0,3.2
S0000365,2025-01-07,P01,A,1,3,12.0,0,3.2
S0000366,2025-01-07,P01,A,2,3,9.0,1,3.2
S0000367,2025-01-07,P01,B,0,3,15.0,0,3.2
S0000368,2025-01-07,P01,B,1,3,3.0,0,3.2
S0000369,2025-01-07,P02,A,0,3,18.0,0,2.6
S0000370,2025-01-07,P02,A,1,3,15.0,0,2.6
S0000371,2025-01-07,P02,A,2,3,1.0,1,2.6
S0000372,2025-01-07,P02,B,0,3,15.0,0,2.6
S0000373,2025-01-07,P02,B,1,3,24.0,0,2.6
S0000374,2025-01-07,P02,B,2,3,3.0,1,2.6
S0000375,2025-01-07,P03,A,0,4,45.0,0,2.1
S0000376,2025-01-07,P03,A,1,4,16.0,0,2.1
S0000377,2025-01-07,P03,A,2,4,14.0,0,2.1
S0000378,2025-01-07,P03,A,3,4,6.0,1,2.1
S0000379,2025-01-07,P03,B,0,4,4.0,0,2.1
S0000380,2025-01-07,P03,B,1,4,6.0,0,2.1
S0000381,2025-01-07,P03,B,2,4,8.0,0,2.1
S0000382,2025-01-07,P04,A,0,3,15.0,0,6.8
S0000383,2025-01-07,P04,A,1,3,10.0,0,6.8
S0000384,2025-01-07,P04,A,2,3,4.0,1,6.8
S0000385,2025-01-07,P04,B,0,3,9.0,0,6.8
S0000386,2025-01-07,P04,B,1,3,7.0,0,6.8
S0000387,2025-01-07,P04,B,2,3,5.0,1,6.8
S0000388,2025-01-07,P05,A,0,5,7.0,0,4.1
S0000389,2025-01-07,P05,A,1,5,22.0,0,4.1
S0000390,2025-01-07,P05,A,2,5,6.0,0,4.1
S0000391,2025-01-07,P05,A,3,5,5.0,0,4.1
S0000392,2025-01-07,P05,A,4,5,2.0,1,4.1
S0000393,2025-01-07,P05,B,0,5,5.0,0,4.1
S0000394,2025-01-07,P05,B,1,5,4.0,0,4.1
S0000395,2025-01-07,P05,B,2,5,3.0,0,4.1
S0000396,2025-01-07,P05,B,3,5,3.0,0,4.1
S0000397,2025-01-07,P06,A,0,3,37.0,0,3.0
S0000398,2025-01-07,P06,A,1,3,5.0,0,3.0
S0000399,2025-01-07,P06,A,2,3,1.0,1,3.0
S0000400,2025-01-07,P06,B,0,3,11.0,0,3.0
S0000401,2025-01-07,P06,B,1,3,3.0,0,3.0
S0000402,2025-01-07,P06,B,2,3,1.0,1,3.0
S0000403,2025-01-07,P07,A,0,7,15.0,0,1.8
S0000404,2025-01-07,P07,A,1,7,4.0,0,1.8
S0000405,2025-01-07,P07,A,2,7,7.0,0,1.8
S0000406,2025-01-07,P07,A,3,7,10.0,0,1.8
S0000407,2025-01-07,P07,A,4,7,4.0,0,1.8
S0000408,2025-01-07,P07,A,5,7,14.0,0,1.8
S0000409,2025-01-07,P07,A,6,7,2.0,1,1.8
S0000410,2025-01-07,P07,B,0,7,12.0,0,1.8
S0000411,2025-01-07,P07,B,1,7,8.0,0,1.8
S0000412,2025-01-07,P07,B,2,7,3.0,0,1.8
S0000413,2025-01-07,P07,B,3,7,1.0,0,1.8
S0000414,2025-01-07,P07,B,4,7,6.0,0,1.8
S0000415,2025-01-07,P07,B,5,7,4.0,0,1.8
S0000416,2025-01-07,P07,B,6,7,2.0,1,1.8
S0000417,2025-01-07,P08,A,0,5,10.0,0,3.7
S0000418,2025-01-07,P08,A,1,5,7.0,0,3.7
S0000419,2025-01-07,P08,A,2,5,6.0,0,3.7
S0000420,2025-01-07,P08,A,4,5,1.0,1,3.7
S0000421,2025-01-07,P08,B,0,5,8.0,0,3.7
S0000422,2025-01-07,P08,B,1,5,10.0,0,3.7
S0000423,2025-01-07,P08,B,2,5,5.0,0,3.7
S0000424,2025-01-07,P08,B,3,5,6.0,0,3.7
S0000425,2025-01-08,P01,A,0,3,50.0,0,3.2
S0000426,2025-01-08,P01,A,1,3,52.0,0,3.2
S0000427,2025-01-08,P01,A,2,3,7.0,1,3.2
S0000428,2025-01-08,P01,B,0,3,18.0,0,3.2
S0000429,2025-01-08,P01,B,1,3,18.0,0,3.2
S0000430,2025-01-08,P01,B,2,3,14.0,1,3.2
S0000431,2025-01-08,P02,A,0,3,18.0,0,2.6
S0000432,2025-01-08,P02,A,1,3,6.0,0,2.6
S0000433,2025-01-08,P02,A,2,3,17.0,1,2.6
S0000434,2025-01-08,P02,B,0,3,7.0,0,2.6
S0000435,2025-01-08,P02,B,1,3,11.0,0,2.6
S0000436,2025-01-08,P02,B,2,3,4.0,1,2.6
S0000437,2025-01-08,P03,A,0,4,12.0,0,2.1
S0000438,2025-01-08,P03,A,1,4,31.0,0,2.1
S0000439,2025-01-08,P03,A,2,4,7.0,0,2.1
S0000440,2025-01-08,P03,A,3,4,10.0,1,2.1
S0000441,2025-01-08,P03,B,0,4,17.0,0,2.1
S0000442,2025-01-08,P03,B,1,4,14.0,0,2.1
S0000443,2025-01-08,P03,B,2,4,3.0,0,2.1
S0000444,2025-01-08,P03,B,3,4,1.0,1,2.1
S0000445,2025-01-08,P04,A,0,3,14.0,0,6.8
S0000446,2025-01-08,P04,A,1,3,20.0,0,6.8
S0000447,2025-01-08,P04,A,2,3,1.0,1,6.8
S0000448,2025-01-08,P04,B,0,3,13.0,0,6.8
S0000449,2025-01-08,P04,B,1,3,4.0,0,6.8
S0000450,2025-01-08,P05,A,0,5,15.0,0,4.1
S0000451,2025-01-08,P05,A,1,5,17.0,0,4.1
S0000452,2025-01-08,P05,A,2,5,7.0,0,4.1
S0000453,2025-01-08,P05,A,3,5,3.0,0,4.1
S0000454,2025-01-08,P05,B,0,5,14.0,0,4.1
S0000455,2025-01-08,P05,B,1,5,15.0,0,4.1
S0000456,2025-01-08,P05,B,2,5,11.0,0,4.1
S0000457,2025-01-08,P05,B,3,5,3.0,0,4.1
S0000458,2025-01-08,P05,B,4,5,9.0,1,4.1
S0000459,2025-01-08,P06,A,0,3,12.0,0,3.0
S0000460,2025-01-08,P06,A,1,3,20.0,0,3.0
S0000461,2025-01-08,P06,A,2,3,1.0,1,3.0
S0000462,2025-01-08,P06,B,0,3,12.0,0,3.0
S0000463,2025-01-08,P06,B,1,3,6.0,0,3.0
S0000464,2025-01-08,P06,B,2,3,1.0,1,3.0
S0000465,2025-01-08,P07,A,0,7,16.0,0,1.8
S0000466,2025-01-08,P07,A,1,7,19.0,0,1.8
S0000467,2025-01-08,P07,A,2,7,30.0,0,1.8
S0000468,2025-01-08,P07,A,3,7,24.0,0,1.8
S0000469,2025-01-08,P07,A,4,7,25.0,0,1.8
S0000470,2025-01-08,P07,A,5,7,10.0,0,1.8
S0000471,2025-01-08,P07,A,6,7,1.0,1,1.8
S0000472,2025-01-08,P07,B,0,7,4.0,0,1.8
S0000473,2025-01-08,P07,B,1,7,6.0,0,1.8
S0000474,2025-01-08,P07,B,2,7,4.0,0,1.8
S0000475,2025-01-08,P07,B,3,7,6.0,0,1.8
S0000476,2025-01-08,P07,B,4,7,2.0,0,1.8
S0000477,2025-01-08,P08,A,0,5,24.0,0,3.7
S0000478,2025-01-08,P08,A,1,5,5.0,0,3.7
S0000479,2025-01-08,P08,A,2,5,9.0,0,3.7
S0000480,2025-01-08,P08,A,3,5,9.0,0,3.7
S0000481,2025-01-08,P08,A,4,5,4.0,1,3.7
S0000482,2025-01-08,P08,B,0,5,5.0,0,3.7
S0000483,2025-01-08,P08,B,1,5,7.0,0,3.7
S0000484,2025-01-08,P08,B,2,5,3.0,0,3.7
S0000485,2025-01-08,P08,B,3,5,1.0,0,3.7
S0000486,2025-01-09,P01,A,0,3,37.0,0,3.2
S0000487,2025-01-09,P01,A,1,3,30.0,0,3.2
S0000488,2025-01-09,P01,A,2,3,5.0,1,3.2
S0000489,2025-01-09,P01,B,0,3,28.0,0,3.2
S0000490,2025-01-09,P01,B,1,3,29.0,0,3.2
S0000491,2025-01-09,P02,A,0,3,25.0,0,2.6
S0000492,2025-01-09,P02,A,1,3,19.0,0,2.6
S0000493,2025-01-09,P02,A,2,3,4.0,1,2.6
S0000494,2025-01-09,P02,B,0,3,14.0,0,2.6
S0000495,2025-01-09,P02,B,1,3,10.0,0,2.6
S0000496,2025-01-09,P02,B,2,3,3.0,1,2.6
S0000497,2025-01-09,P03,A,0,4,16.0,0,2.1
S0000498,2025-01-09,P03,A,1,4,41.0,0,2.1
S0000499,2025-01-09,P03,A,2,4,14.0,0,2.1
S0000500,2025-01-09,P03,A,3,4,9.0,1,2.1
S0000501,2025-01-09,P03,B,0,4,8.0,0,2.1
S0000502,2025-01-09,P03,B,1,4,10.0,0,2.1
S0000503,2025-01-09,P03,B,2,4,2.0,0,2.1
S0000504,2025-01-09,P03,B,3,4,2.0,1,2.1
S0000505,2025-01-09,P04,A,0,3,21.0,0,6.8
S0000506,2025-01-09,P04,A,1,3,12.0,0,6.8
S0000507,2025-01-09,P04,A,2,3,4.0,1,6.8
S0000508,2025-01-09,P04,B,0,3,18.0,0,6.8
S0000509,2025-01-09,P04,B,1,3,3.0,0,6.8
S0000510,2025-01-09,P04,B,2,3,1.0,1,6.8
S0000511,2025-01-09,P05,A,0,5,25.0,0,4.1
S0000512,2025-01-09,P05,A,1,5,10.0,0,4.1
S0000513,2025-01-09,P05,A,2,5,6.0,0,4.1
S0000514,2025-01-09,P05,A,3,5,1.0,0,4.1
S0000515,2025-01-09,P05,A,4,5,8.0,1,4.1
S0000516,2025-01-09,P05,B,0,5,7.0,0,4.1
S0000517,2025-01-09,P05,B,1,5,5.0,0,4.1
S0000518,2025-01-09,P05,B,2,5,15.0,0,4.1
S0000519,2025-01-09,P05,B,3,5,1.0,0,4.1
S0000520,2025-01-09,P06,A,0,3,53.0,0,3.0
S0000521,2025-01-09,P06,A,1,3,7.0,0,3.0
S0000522,2025-01-09,P06,A,2,3,3.0,1,3.0
S0000523,2025-01-09,P06,B,0,3,11.0,0,3.0
S0000524,2025-01-09,P06,B,1,3,5.0,0,3.0
S0000525,2025-01-09,P06,B,2,3,1.0,1,3.0
S0000526,2025-01-09,P07,A,0,7,10.0,0,1.8
S0000527,2025-01-09,P07,A,1,7,21.0,0,1.8
S0000528,2025-01-09,P07,A,2,7,15.0,0,1.8
S0000529,2025-01-09,P07,A,3,7,11.0,0,1.8
S0000530,2025-01-09,P07,A,4,7,5.0,0,1.8
S0000531,2025-01-09,P07,A,5,7,4.0,0,1.8
S0000532,2025-01-09,P07,A,6,7,2.0,1,1.8
S0000533,2025-01-09,P07,B,0,7,6.0,0,1.8
S0000534,2025-01-09,P07,B,1,7,4.0,0,1.8
S0000535,2025-01-09,P07,B,2,7,5.0,0,1.8
S0000536,2025-01-09,P07,B,3,7,3.0,0,1.8
S0000537,2025-01-09,P07,B,4,7,3.0,0,1.8
S0000538,2025-01-09,P07,B,5,7,2.0,0,1.8
S0000539,2025-01-09,P07,B,6,7,2.0,1,1.8
S0000540,2025-01-09,P08,A,0,5,17.0,0,3.7
S0000541,2025-01-09,P08,A,1,5,10.0,0,3.7
S0000542,2025-01-09,P08,A,2,5,14.0,0,3.7
S0000543,2025-01-09,P08,A,3,5,6.0,0,3.7
S0000544,2025-01-09,P08,A,4,5,1.0,1,3.7
S0000545,2025-01-09,P08,B,1,5,2.0,0,3.7
S0000546,2025-01-09,P08,B,2,5,4.0,0,3.7
S0000547,2025-01-09,P08,B,4,5,2.0,1,3.7
S0000548,2025-01-10,P01,A,0,3,22.0,0,3.2
S0000549,2025-01-10,P01,A,1,3,31.0,0,3.2
S0000550,2025-01-10,P01,A,2,3,17.0,1,3.2
S0000551,2025-01-10,P01,B,0,3,30.0,0,3.2
S0000552,2025-01-10,P01,B,1,3,9.0,0,3.2
S0000553,2025-01-10,P01,B,2,3,5.0,1,3.2
S0000554,2025-01-10,P02,A,0,3,6.0,0,2.6
S0000555,2025-01-10,P02,A,1,3,22.0,0,2.6
S0000556,2025-01-10,P02,A,2,3,1.0,1,2.6
S0000557,2025-01-10,P02,B,0,3,12.0,0,2.6
S0000558,2025-01-10,P02,B,1,3,4.0,0,2.6
S0000559,2025-01-10,P02,B,2,3,14.0,1,2.6
S0000560,2025-01-10,P03,A,0,4,30.0,0,2.1
S0000561,2025-01-10,P03,A,1,4,9.0,0,2.1
S0000562,2025-01-10,P03,A,2,4,3.0,0,2.1
S0000563,2025-01-10,P03,B,0,4,13.0,0,2.1
S0000564,2025-01-10,P03,B,1,4,12.0,0,2.1
S0000565,2025-01-10,P03,B,2,4,3.0,0,2.1
S0000566,2025-01-10,P03,B,3,4,1.0,1,2.1
S0000567,2025-01-10,P04,A,0,3,39.0,0,6.8
S0000568,2025-01-10,P04,A,1,3,10.0,0,6.8
S0000569,2025-01-10,P04,A,2,3,12.0,1,6.8
S0000570,2025-01-10,P04,B,0,3,9.0,0,6.8
S0000571,2025-01-10,P04,B,1,3,2.0,0,6.8
S0000572,2025-01-10,P05,A,0,5,3.0,0,4.1
S0000573,2025-01-10,P05,A,1,5,7.0,0,4.1
S0000574,2025-01-10,P05,A,2,5,7.0,0,4.1
S0000575,2025-01-10,P05,A,3,5,11.0,0,4.1
S0000576,2025-01-10,P05,B,0,5,18.0,0,4.1
S0000577,2025-01-10,P05,B,1,5,5.0,0,4.1
S0000578,2025-01-10,P05,B,2,5,7.0,0,4.1
S0000579,2025-01-10,P05,B,3,5,1.0,0,4.1
S0000580,2025-01-10,P05,B,4,5,3.0,1,4.1
S0000581,2025-01-10,P06,A,0,3,15.0,0,3.0
S0000582,2025-01-10,P06,A,1,3,9.0,0,3.0
S0000583,2025-01-10,P06,A,2,3,3.0,1,3.0
S0000584,2025-01-10,P06,B,0,3,17.0,0,3.0
S0000585,2025-01-10,P06,B,1,3,9.0,0,3.0
S0000586,2025-01-10,P06,B,2,3,7.0,1,3.0
S0000587,2025-01-10,P07,A,0,7,25.0,0,1.8
S0000588,2025-01-10,P07,A,1,7,25.0,0,1.8
S0000589,2025-01-10,P07,A,2,7,27.0,0,1.8
S0000590,2025-01-10,P07,A,3,7,4.0,0,1.8
S0000591,2025-01-10,P07,A,4,7,7.0,0,1.8
S0000592,2025-01-10,P07,A,5,7,6.0,0,1.8
S0000593,2025-01-10,P07,A,6,7,11.0,1,1.8
S0000594,2025-01-10,P07,B,0,7,6.0,0,1.8
S0000595,2025-01-10,P07,B,1,7,1.0,0,1.8
S0000596,2025-01-10,P07,B,2,7,4.0,0,1.8
S0000597,2025-01-10,P07,B,4,7,3.0,0,1.8
S0000598,2025-01-10,P07,B,5,7,4.0,0,1.8
S0000599,2025-01-10,P08,A,0,5,13.0,0,3.7
S0000600,2025-01-10,P08,A,1,5,12.0,0,3.7
S0000601,2025-01-10,P08,A,2,5,4.0,0,3.7
S0000602,2025-01-10,P08,A,3,5,3.0,0,3.7
S0000603,2025-01-10,P08,B,0,5,9.0,0,3.7
S0000604,2025-01-10,P08,B,1,5,5.0,0,3.7
S0000605,2025-01-10,P08,B,2,5,17.0,0,3.7
S0000606,2025-01-10,P08,B,3,5,7.0,0,3.7
S0000607,2025-01-11,P01,A,0,3,20.0,0,3.2
S0000608,2025-01-11,P01,A,1,3,32.0,0,3.2
S0000609,2025-01-11,P01,A,2,3,6.0,1,3.2
S0000610,2025-01-11,P01,B,0,3,32.0,0,3.2
S0000611,2025-01-11,P01,B,1,3,16.0,0,3.2
S0000612,2025-01-11,P01,B,2,3,14.0,1,3.2
S0000613,2025-01-11,P02,A,0,3,51.0,0,2.6
S0000614,2025-01-11,P02,A,1,3,27.0,0,2.6
S0000615,2025-01-11,P02,B,0,3,16.0,0,2.6
S0000616,2025-01-11,P02,B,1,3,9.0,0,2.6
S0000617,2025-01-11,P02,B,2,3,5.0,1,2.6
S0000618,2025-01-11,P03,A,0,4,42.0,0,2.1
S0000619,2025-01-11,P03,A,1,4,43.0,0,2.1
S0000620,2025-01-11,P03,A,2,4,18.0,0,2.1
S0000621,2025-01-11,P03,A,3,4,3.0,1,2.1
S0000622,2025-01-11,P03,B,0,4,8.0,0,2.1
S0000623,2025-01-11,P03,B,1,4,6.0,0,2.1
S0000624,2025-01-11,P03,B,2,4,3.0,0,2.1
S0000625,2025-01-11,P03,B,3,4,3.0,1,2.1
S0000626,2025-01-11,P04,A,0,3,9.0,0,6.8
S0000627,2025-01-11,P04,A,1,3,20.0,0,6.8
S0000628,2025-01-11,P04,B,0,3,9.0,0,6.8
S0000629,2025-01-11,P04,B,1,3,5.0,0,6.8
S0000630,2025-01-11,P05,A,0,5,5.0,0,4.1
S0000631,2025-01-11,P05,A,1,5,4.0,0,4.1
S0000632,2025-01-11,P05,A,2,5,8.0,0,4.1
S0000633,2025-01-11,P05,A,3,5,9.0,0,4.1
S0000634,2025-01-11,P05,A,4,5,2.0,1,4.1
S0000635,2025-01-11,P05,B,0,5,4.0,0,4.1
S0000636,2025-01-11,P05,B,1,5,2.0,0,4.1
S0000637,2025-01-11,P05,B,2,5,4.0,0,4.1
S0000638,2025-01-11,P05,B,3,5,4.0,0,4.1
S0000639,2025-01-11,P05,B,4,5,1.0,1,4.1
S0000640,2025-01-11,P06,A,0,3,13.0,0,3.0
S0000641,2025-01-11,P06,A,1,3,7.0,0,3.0
S0000642,2025-01-11,P06,B,0,3,10.0,0,3.0
S0000643,2025-01-11,P06,B,1,3,3.0,0,3.0
S0000644,2025-01-11,P06,B,2,3,8.0,1,3.0
S0000645,2025-01-11,P07,A,0,7,16.0,0,1.8
S0000646,2025-01-11,P07,A,1,7,13.0,0,1.8
S0000647,2025-01-11,P07,A,2,7,5.0,0,1.8
S0000648,2025-01-11,P07,A,3,7,10.0,0,1.8
S0000649,2025-01-11,P07,A,4,7,7.0,0,1.8
S0000650,2025-01-11,P07,A,5,7,4.0,0,1.8
S0000651,2025-01-11,P07,A,6,7,1.0,1,1.8
S0000652,2025-01-11,P07,B,0,7,21.0,0,1.8
S0000653,2025-01-11,P07,B,1,7,15.0,0,1.8
S0000654,2025-01-11,P07,B,2,7,8.0,0,1.8
S0000655,2025-01-11,P07,B,3,7,6.0,0,1.8
S0000656,2025-01-11,P07,B,4,7,11.0,0,1.8
S0000657,2025-01-11,P07,B,5,7,7.0,0,1.8
S0000658,2025-01-11,P07,B,6,7,1.0,1,1.8
S0000659,2025-01-11,P08,A,0,5,9.0,0,3.7
S0000660,2025-01-11,P08,A,1,5,12.0,0,3.7
S0000661,2025-01-11,P08,A,2,5,17.0,0,3.7
S0000662,2025-01-11,P08,A,3,5,5.0,0,3.7
S0000663,2025-01-11,P08,A,4,5,1.0,1,3.7
S0000664,2025-01-11,P08,B,0,5,7.0,0,3.7
S0000665,2025-01-11,P08,B,1,5,8.0,0,3.7
S0000666,2025-01-11,P08,B,2,5,4.0,0,3.7
S0000667,2025-01-11,P08,B,3,5,1.0,0,3.7
S0000668,2025-01-12,P01,A,0,3,36.0,0,3.2
S0000669,2025-01-12,P01,A,1,3,20.0,0,3.2
S0000670,2025-01-12,P01,A,2,3,6.0,1,3.2
S0000671,2025-01-12,P01,B,0,3,54.0,0,3.2
S0000672,2025-01-12,P01,B,1,3,14.0,0,3.2
S0000673,2025-01-12,P01,B,2,3,2.0,1,3.2
S0000674,2025-01-12,P02,A,0,3,33.0,0,2.6
S0000675,2025-01-12,P02,A,1,3,6.0,0,2.6
S0000676,2025-01-12,P02,A,2,3,1.0,1,2.6
S0000677,2025-01-12,P02,B,0,3,25.0,0,2.6
S0000678,2025-01-12,P02,B,1,3,18.0,0,2.6
S0000679,2025-01-12,P02,B,2,3,5.0,1,2.6
S0000680,2025-01-12,P03,A,0,4,57.0,0,2.1
S0000681,2025-01-12,P03,A,1,4,39.0,0,2.1
S0000682,2025-01-12,P03,A,2,4,3.0,0,2.1
S0000683,2025-01-12,P03,A,3,4,11.0,1,2.1
S0000684,2025-01-12,P03,B,0,4,11.0,0,2.1
S0000685,2025-01-12,P03,B,1,4,14.0,0,2.1
S0000686,2025-01-12,P03,B,2,4,2.0,0,2.1
S0000687,2025-01-12,P03,B,3,4,10.0,1,2.1
S0000688,2025-01-12,P04,A,0,3,32.0,0,6.8
S0000689,2025-01-12,P04,A,1,3,11.0,0,6.8
S0000690,2025-01-12,P04,A,2,3,1.0,1,6.8
S0000691,2025-01-12,P04,B,0,3,7.0,0,6.8
S0000692,2025-01-12,P04,B,1,3,6.0,0,6.8
S0000693,2025-01-12,P04,B,2,3,1.0,1,6.8
S0000694,2025-01-12,P05,A,0,5,5.0,0,4.1
S0000695,2025-01-12,P05,A,1,5,2.0,0,4.1
S0000696,2025-01-12,P05,A,2,5,12.0,0,4.1
S0000697,2025-01-12,P05,A,3,5,8.0,0,4.1
S0000698,2025-01-12,P05,A,4,5,1.0,1,4.1
S0000699,2025-01-12,P05,B,0,5,18.0,0,4.1
S0000700,2025-01-12,P05,B,1,5,8.0,0,4.1
S0000701,2025-01-12,P05,B,2,5,2.0,0,4.1
S0000702,2025-01-12,P05,B,4,5,6.0,1,4.1
S0000703,2025-01-12,P06,A,0,3,22.0,0,3.0
S0000704,2025-01-12,P06,A,1,3,20.0,0,3.0
S0000705,2025-01-12,P06,B,0,3,10.0,0,3.0
S0000706,2025-01-12,P06,B,1,3,7.0,0,3.0
S0000707,2025-01-12,P06,B,2,3,6.0,1,3.0
S0000708,2025-01-12,P07,A,0,7,35.0,0,1.8
S0000709,2025-01-12,P07,A,1,7,15.0,0,1.8
S0000710,2025-01-12,P07,A,2,7,7.0,0,1.8
S0000711,2025-01-12,P07,A,3,7,7.0,0,1.8
S0000712,2025-01-12,P07,A,4,7,14.0,0,1.8
S0000713,2025-01-12,P07,A,5,7,9.0,0,1.8
S0000714,2025-01-12,P07,A,6,7,7.0,1,1.8
S0000715,2025-01-12,P07,B,0,7,6.0,0,1.8
S0000716,2025-01-12,P07,B,1,7,6.0,0,1.8
S0000717,2025-01-12,P07,B,2,7,7.0,0,1.8
S0000718,2025-01-12,P07,B,3,7,8.0,0,1.8
S0000719,2025-01-12,P07,B,5,7,3.0,0,1.8
S0000720,2025-01-12,P08,A,0,5,4.0,0,3.7
S0000721,2025-01-12,P08,A,1,5,10.0,0,3.7
S0000722,2025-01-12,P08,A,2,5,4.0,0,3.7
S0000723,2025-01-12,P08,A,3,5,5.0,0,3.7
S0000724,2025-01-12,P08,A,4,5,9.0,1,3.7
S0000725,2025-01-12,P08,B,0,5,5.0,0,3.7
S0000726,2025-01-12,P08,B,1,5,3.0,0,3.7
S0000727,2025-01-12,P08,B,2,5,6.0,0,3.7
S0000728,2025-01-12,P08,B,3,5,1.0,0,3.7
S0000729,2025-01-12,P08,B,4,5,1.0,1,3.7
S0000730,2025-01-13,P01,A,0,3,42.0,0,3.2
S0000731,2025-01-13,P01,A,1,3,34.0,0,3.2
S0000732,2025-01-13,P01,A,2,3,1.0,1,3.2
S0000733,2025-01-13,P01,B,0,3,11.0,0,3.2
S0000734,2025-01-13,P01,B,1,3,15.0,0,3.2
S0000735,2025-01-13,P02,A,0,3,17.0,0,2.6
S0000736,2025-01-13,P02,A,1,3,14.0,0,2.6
S0000737,2025-01-13,P02,A,2,3,16.0,1,2.6
S0000738,2025-01-13,P02,B,0,3,8.0,0,2.6
S0000739,2025-01-13,P02,B,1,3,5.0,0,2.6
S0000740,2025-01-13,P02,B,2,3,1.0,1,2.6
S0000741,2025-01-13,P03,A,0,4,39.0,0,2.1
S0000742,2025-01-13,P03,A,1,4,16.0,0,2.1
S0000743,2025-01-13,P03,A,2,4,7.0,0,2.1
S0000744,2025-01-13,P03,A,3,4,3.0,1,2.1
S0000745,2025-01-13,P03,B,0,4,5.0,0,2.1
S0000746,2025-01-13,P03,B,1,4,3.0,0,2.1
S0000747,2025-01-13,P03,B,2,4,2.0,0,2.1
S0000748,2025-01-13,P03,B,3,4,2.0,1,2.1
S0000749,2025-01-13,P04,A,0,3,15.0,0,6.8
S0000750,2025-01-13,P04,A,1,3,12.0,0,6.8
S0000751,2025-01-13,P04,A,2,3,5.0,1,6.8
S0000752,2025-01-13,P04,B,0,3,7.0,0,6.8
S0000753,2025-01-13,P04,B,1,3,7.0,0,6.8
S0000754,2025-01-13,P05,A,0,5,5.0,0,4.1
S0000755,2025-01-13,P05,A,1,5,13.0,0,4.1
S0000756,2025-01-13,P05,A,2,5,11.0,0,4.1
S0000757,2025-01-13,P05,A,3,5,7.0,0,4.1
S0000758,2025-01-13,P05,A,4,5,3.0,1,4.1
S0000759,2025-01-13,P05,B,0,5,9.0,0,4.1
S0000760,2025-01-13,P05,B,1,5,11.0,0,4.1
S0000761,2025-01-13,P05,B,2,5,2.0,0,4.1
S0000762,2025-01-13,P06,A,0,3,12.0,0,3.0
S0000763,2025-01-13,P06,A,1,3,7.0,0,3.0
S0000764,2025-01-13,P06,A,2,3,12.0,1,3.0
S0000765,2025-01-13,P06,B,0,3,13.0,0,3.0
S0000766,2025-01-13,P06,B,1,3,3.0,0,3.0
S0000767,2025-01-13,P06,B,2,3,8.0,1,3.0
S0000768,2025-01-13,P07,A,0,7,9.0,0,1.8
S0000769,2025-01-13,P07,A,1,7,13.0,0,1.8
S0000770,2025-01-13,P07,A,2,7,6.0,0,1.8
S0000771,2025-01-13,P07,A,3,7,4.0,0,1.8
S0000772,2025-01-13,P07,A,4,7,3.0,0,1.8
S0000773,2025-01-13,P07,A,5,7,8.0,0,1.8
S0000774,2025-01-13,P07,A,6,7,4.0,1,1.8
S0000775,2025-01-13,P07,B,0,7,6.0,0,1.8
S0000776,2025-01-13,P07,B,1,7,3.0,0,1.8
S0000777,2025-01-13,P07,B,2,7,4.0,0,1.8
S0000778,2025-01-13,P07,B,3,7,6.0,0,1.8
S0000779,2025-01-13,P07,B,4,7,8.0,0,1.8
S0000780,2025-01-13,P07,B,6,7,3.0,1,1.8
S0000781,2025-01-13,P08,A,0,5,5.0,0,3.7
S0000782,2025-01-13,P08,A,1,5,11.0,0,3.7
S0000783,2025-01-13,P08,A,2,5,8.0,0,3.7
S0000784,2025-01-13,P08,A,3,5,2.0,0,3.7
S0000785,2025-01-13,P08,A,4,5,2.0,1,3.7
S0000786,2025-01-13,P08,B,0,5,8.0,0,3.7
S0000787,2025-01-13,P08,B,1,5,9.0,0,3.7
S0000788,2025-01-13,P08,B,2,5,4.0,0,3.7
S0000789,2025-01-13,P08,B,3,5,1.0,0,3.7
S0000790,2025-01-13,P08,B,4,5,2.0,1,3.7
S0000791,2025-01-14,P01,A,0,3,37.0,0,3.2
S0000792,2025-01-14,P01,A,1,3,8.0,0,3.2
S0000793,2025-01-14,P01,A,2,3,12.0,1,3.2
S0000794,2025-01-14,P01,B,0,3,42.0,0,3.2
S0000795,2025-01-14,P01,B,1,3,5.0,0,3.2
S0000796,2025-01-14,P01,B,2,3,1.0,1,3.2
S0000797,2025-01-14,P02,A,0,3,19.0,0,2.6
S0000798,2025-01-14,P02,A,1,3,20.0,0,2.6
S0000799,2025-01-14,P02,A,2,3,3.0,1,2.6
S0000800,2025-01-14,P02,B,0,3,20.0,0,2.6
S0000801,2025-01-14,P02,B,1,3,3.0,0,2.6
S0000802,2025-01-14,P03,A,0,4,25.0,0,2.1
S0000803,2025-01-14,P03,A,1,4,12.0,0,2.1
S0000804,2025-01-14,P03,A,2,4,5.0,0,2.1
S0000805,2025-01-14,P03,A,3,4,8.0,1,2.1
S0000806,2025-01-14,P03,B,0,4,24.0,0,2.1
S0000807,2025-01-14,P03,B,1,4,3.0,0,2.1
S0000808,2025-01-14,P03,B,2,4,4.0,0,2.1
S0000809,2025-01-14,P03,B,3,4,2.0,1,2.1
S0000810,2025-01-14,P04,A,0,3,17.0,0,6.8
S0000811,2025-01-14,P04,A,1,3,10.0,0,6.8
S0000812,2025-01-14,P04,B,0,3,15.0,0,6.8
S0000813,2025-01-14,P04,B,1,3,3.0,0,6.8
S0000814,2025-01-14,P05,A,0,5,14.0,0,4.1
S0000815,2025-01-14,P05,A,1,5,17.0,0,4.1
S0000816,2025-01-14,P05,A,2,5,6.0,0,4.1
S0000817,2025-01-14,P05,A,3,5,4.0,0,4.1
S0000818,2025-01-14,P05,A,4,5,1.0,1,4.1
S0000819,2025-01-14,P05,B,0,5,3.0,0,4.1
S0000820,2025-01-14,P05,B,1,5,1.0,0,4.1
S0000821,2025-01-14,P05,B,3,5,3.0,0,4.1
S0000822,2025-01-14,P06,A,0,3,27.0,0,3.0
S0000823,2025-01-14,P06,A,1,3,8.0,0,3.0
S0000824,2025-01-14,P06,A,2,3,2.0,1,3.0
S0000825,2025-01-14,P06,B,0,3,10.0,0,3.0
S0000826,2025-01-14,P06,B,1,3,25.0,0,3.0
S0000827,2025-01-14,P06,B,2,3,1.0,1,3.0
S0000828,2025-01-14,P07,A,0,7,13.0,0,1.8
S0000829,2025-01-14,P07,A,1,7,24.0,0,1.8
S0000830,2025-01-14,P07,A,2,7,9.0,0,1.8
S0000831,2025-01-14,P07,A,3,7,8.0,0,1.8
S0000832,2025-01-14,P07,A,4,7,3.0,0,1.8
S0000833,2025-01-14,P07,A,5,7,7.0,0,1.8
S0000834,2025-01-14,P07,B,0,7,14.0,0,1.8
S0000835,2025-01-14,P07,B,1,7,10.0,0,1.8
S0000836,2025-01-14,P07,B,2,7,8.0,0,1.8
S0000837,2025-01-14,P07,B,3,7,2.0,0,1.8
S0000838,2025-01-14,P07,B,4,7,1.0,0,1.8
S0000839,2025-01-14,P07,B,5,7,2.0,0,1.8
S0000840,2025-01-14,P07,B,6,7,5.0,1,1.8
S0000841,2025-01-14,P08,A,0,5,8.0,0,3.7
S0000842,2025-01-14,P08,A,1,5,9.0,0,3.7
S0000843,2025-01-14,P08,A,2,5,3.0,0,3.7
S0000844,2025-01-14,P08,B,0,5,8.0,0,3.7
S0000845,2025-01-14,P08,B,1,5,4.0,0,3.7
S0000846,2025-01-14,P08,B,2,5,9.0,0,3.7
S0000847,2025-01-14,P08,B,3,5,1.0,0,3.7
S0000848,2025-01-14,P08,B,4,5,3.0,1,3.7
S0000849,2025-01-15,P01,A,0,3,41.0,0,3.2
S0000850,2025-01-15,P01,A,1,3,11.0,0,3.2
S0000851,2025-01-15,P01,A,2,3,11.0,1,3.2
S0000852,2025-01-15,P01,B,0,3,19.0,0,3.2
S0000853,2025-01-15,P01,B,1,3,14.0,0,3.2
S0000854,2025-01-15,P01,B,2,3,6.0,1,3.2
S0000855,2025-01-15,P02,A,0,3,40.0,0,2.6
S0000856,2025-01-15,P02,A,1,3,18.0,0,2.6
S0000857,2025-01-15,P02,A,2,3,2.0,1,2.6
S0000858,2025-01-15,P02,B,0,3,8.0,0,2.6
S0000859,2025-01-15,P02,B,1,3,13.0,0,2.6
S0000860,2025-01-15,P02,B,2,3,3.0,1,2.6
S0000861,2025-01-15,P03,A,0,4,22.0,0,2.1
S0000862,2025-01-15,P03,A,1,4,29.0,0,2.1
S0000863,2025-01-15,P03,A,2,4,30.0,0,2.1
S0000864,2025-01-15,P03,A,3,4,9.0,1,2.1
S0000865,2025-01-15,P03,B,0,4,15.0,0,2.1
S0000866,2025-01-15,P03,B,1,4,3.0,0,2.1
S0000867,2025-01-15,P03,B,2,4,10.0,0,2.1
S0000868,2025-01-15,P03,B,3,4,3.0,1,2.1
S0000869,2025-01-15,P04,A,0,3,17.0,0,6.8
S0000870,2025-01-15,P04,A,1,3,26.0,0,6.8
S0000871,2025-01-15,P04,A,2,3,6.0,1,6.8
S0000872,2025-01-15,P04,B,0,3,6.0,0,6.8
S0000873,2025-01-15,P04,B,1,3,3.0,0,6.8
S0000874,2025-01-15,P05,A,0,5,18.0,0,4.1
S0000875,2025-01-15,P05,A,1,5,6.0,0,4.1
S0000876,2025-01-15,P05,A,2,5,8.0,0,4.1
S0000877,2025-01-15,P05,A,3,5,10.0,0,4.1
S0000878,2025-01-15,P05,A,4,5,4.0,1,4.1
S0000879,2025-01-15,P05,B,0,5,6.0,0,4.1
S0000880,2025-01-15,P05,B,1,5,2.0,0,4.1
S0000881,2025-01-15,P05,B,2,5,5.0,0,4.1
S0000882,2025-01-15,P06,A,0,3,19.0,0,3.0
S0000883,2025-01-15,P06,A,1,3,8.0,0,3.0
S0000884,2025-01-15,P06,A,2,3,7.0,1,3.0
S0000885,2025-01-15,P06,B,0,3,5.0,0,3.0
S0000886,2025-01-15,P06,B,1,3,2.0,0,3.0
S0000887,2025-01-15,P06,B,2,3,2.0,1,3.0
S0000888,2025-01-15,P07,A,0,7,10.0,0,1.8
S0000889,2025-01-15,P07,A,1,7,8.0,0,1.8
S0000890,2025-01-15,P07,A,2,7,15.0,0,1.8
S0000891,2025-01-15,P07,A,3,7,3.0,0,1.8
S0000892,2025-01-15,P07,A,4,7,7.0,0,1.8
S0000893,2025-01-15,P07,A,5,7,1.0,0,1.8
S0000894,2025-01-15,P07,A,6,7,7.0,1,1.8
S0000895,2025-01-15,P07,B,0,7,9.0,0,1.8
S0000896,2025-01-15,P07,B,1,7,10.0,0,1.8
S0000897,2025-01-15,P07,B,2,7,6.0,0,1.8
S0000898,2025-01-15,P07,B,3,7,3.0,0,1.8
S0000899,2025-01-15,P07,B,4,7,4.0,0,1.8
S0000900,2025-01-15,P07,B,5,7,3.0,0,1.8
S0000901,2025-01-15,P07,B,6,7,1.0,1,1.8
S0000902,2025-01-15,P08,A,0,5,13.0,0,3.7
S0000903,2025-01-15,P08,A,1,5,5.0,0,3.7
S0000904,2025-01-15,P08,A,2,5,4.0,0,3.7
S0000905,2025-01-15,P08,A,3,5,9.0,0,3.7
S0000906,2025-01-15,P08,A,4,5,7.0,1,3.7
S0000907,2025-01-15,P08,B,0,5,5.0,0,3.7
S0000908,2025-01-15,P08,B,1,5,4.0,0,3.7
S0000909,2025-01-15,P08,B,2,5,1.0,0,3.7
S0000910,2025-01-15,P08,B,3,5,1.0,0,3.7
S0000911,2025-01-16,P01,A,0,3,30.0,0,3.2
S0000912,2025-01-16,P01,A,1,3,23.0,0,3.2
S0000913,2025-01-16,P01,A,2,3,36.0,1,3.2
S0000914,2025-01-16,P01,B,0,3,21.0,0,3.2
S0000915,2025-01-16,P01,B,1,3,5.0,0,3.2
S0000916,2025-01-16,P01,B,2,3,13.0,1,3.2
S0000917,2025-01-16,P02,A,0,3,15.0,0,2.6
S0000918,2025-01-16,P02,A,1,3,9.0,0,2.6
S0000919,2025-01-16,P02,A,2,3,26.0,1,2.6
S0000920,2025-01-16,P02,B,0,3,7.0,0,2.6
S0000921,2025-01-16,P02,B,1,3,4.0,0,2.6
S0000922,2025-01-16,P02,B,2,3,1.0,1,2.6
S0000923,2025-01-16,P03,A,0,4,21.0,0,2.1
S0000924,2025-01-16,P03,A,1,4,13.0,0,2.1
S0000925,2025-01-16,P03,A,2,4,9.0,0,2.1
S0000926,2025-01-16,P03,A,3,4,1.0,1,2.1
S0000927,2025-01-16,P03,B,0,4,7.0,0,2.1
S0000928,2025-01-16,P03,B,1,4,11.0,0,2.1
S0000929,2025-01-16,P03,B,2,4,6.0,0,2.1
S0000930,2025-01-16,P03,B,3,4,3.0,1,2.1
S0000931,2025-01-16,P04,A,0,3,33.0,0,6.8
S0000932,2025-01-16,P04,A,1,3,21.0,0,6.8
S0000933,2025-01-16,P04,A,2,3,5.0,1,6.8
S0000934,2025-01-16,P04,B,0,3,7.0,0,6.8
S0000935,2025-01-16,P04,B,1,3,3.0,0,6.8
S0000936,2025-01-16,P05,A,0,5,26.0,0,4.1
S0000937,2025-01-16,P05,A,1,5,12.0,0,4.1
S0000938,2025-01-16,P05,A,2,5,7.0,0,4.1
S0000939,2025-01-16,P05,A,3,5,11.0,0,4.1
S0000940,2025-01-16,P05,A,4,5,1.0,1,4.1
S0000941,2025-01-16,P05,B,0,5,6.0,0,4.1
S0000942,2025-01-16,P05,B,1,5,7.0,0,4.1
S0000943,2025-01-16,P05,B,2,5,1.0,0,4.1
S0000944,2025-01-16,P05,B,4,5,2.0,1,4.1
S0000945,2025-01-16,P06,A,0,3,15.0,0,3.0
S0000946,2025-01-16,P06,A,1,3,7.0,0,3.0
S0000947,2025-01-16,P06,B,0,3,7.0,0,3.0
S0000948,2025-01-16,P06,B,1,3,17.0,0,3.0
S0000949,2025-01-16,P06,B,2,3,3.0,1,3.0
S0000950,2025-01-16,P07,A,0,7,33.0,0,1.8
S0000951,2025-01-16,P07,A,1,7,13.0,0,1.8
S0000952,2025-01-16,P07,A,2,7,12.0,0,1.8
S0000953,2025-01-16,P07,A,3,7,11.0,0,1.8
S0000954,2025-01-16,P07,A,4,7,13.0,0,1.8
S0000955,2025-01-16,P07,A,5,7,9.0,0,1.8
S0000956,2025-01-16,P07,A,6,7,3.0,1,1.8
S0000957,2025-01-16,P07,B,0,7,1.0,0,1.8
S0000958,2025-01-16,P07,B,1,7,6.0,0,1.8
S0000959,2025-01-16,P07,B,2,7,1.0,0,1.8
S0000960,2025-01-16,P07,B,3,7,3.0,0,1.8
S0000961,2025-01-16,P07,B,4,7,2.0,0,1.8
S0000962,2025-01-16,P07,B,6,7,4.0,1,1.8
S0000963,2025-01-16,P08,A,0,5,23.0,0,3.7
S0000964,2025-01-16,P08,A,1,5,7.0,0,3.7
S0000965,2025-01-16,P08,A,2,5,3.0,0,3.7
S0000966,2025-01-16,P08,A,3,5,5.0,0,3.7
S0000967,2025-01-16,P08,A,4,5,2.0,1,3.7
S0000968,2025-01-16,P08,B,0,5,12.0,0,3.7
S0000969,2025-01-16,P08,B,1,5,6.0,0,3.7
S0000970,2025-01-16,P08,B,2,5,5.0,0,3.7
S0000971,2025-01-16,P08,B,3,5,2.0,0,3.7
S0000972,2025-01-16,P08,B,4,5,2.0,1,3.7
S0000973,2025-01-17,P01,A,0,3,48.0,0,3.2
S0000974,2025-01-17,P01,A,1,3,37.0,0,3.2
S0000975,2025-01-17,P01,A,2,3,13.0,1,3.2
S0000976,2025-01-17,P01,B,0,3,37.0,0,3.2
S0000977,2025-01-17,P01,B,1,3,12.0,0,3.2
S0000978,2025-01-17,P01,B,2,3,5.0,1,3.2
S0000979,2025-01-17,P02,A,0,3,14.0,0,2.6
S0000980,2025-01-17,P02,A,1,3,21.0,0,2.6
S0000981,2025-01-17,P02,A,2,3,2.0,1,2.6
S0000982,2025-01-17,P02,B,0,3,11.0,0,2.6
S0000983,2025-01-17,P02,B,1,3,4.0,0,2.6
S0000984,2025-01-17,P02,B,2,3,12.0,1,2.6
S0000985,2025-01-17,P03,A,0,4,17.0,0,2.1
S0000986,2025-01-17,P03,A,1,4,7.0,0,2.1
S0000987,2025-01-17,P03,A,2,4,29.0,0,2.1
S0000988,2025-01-17,P03,A,3,4,2.0,1,2.1
S0000989,2025-01-17,P03,B,0,4,13.0,0,2.1
S0000990,2025-01-17,P03,B,1,4,9.0,0,2.1
S0000991,2025-01-17,P03,B,2,4,4.0,0,2.1
S0000992,2025-01-17,P04,A,0,3,12.0,0,6.8
S0000993,2025-01-17,P04,A,1,3,3.0,0,6.8
S0000994,2025-01-17,P04,A,2,3,11.0,1,6.8
S0000995,2025-01-17,P04,B,0,3,12.0,0,6.8
S0000996,2025-01-17,P04,B,1,3,13.0,0,6.8
S0000997,2025-01-17,P05,A,0,5,17.0,0,4.1
S0000998,2025-01-17,P05,A,1,5,11.0,0,4.1
S0000999,2025-01-17,P05,A,2,5,8.0,0,4.1
S0001000,2025-01-17,P05,A,3,5,4.0,0,4.1
S0001001,2025-01-17,P05,A,4,5,3.0,1,4.1
S0001002,2025-01-17,P05,B,0,5,4.0,0,4.1
S0001003,2025-01-17,P05,B,1,5,4.0,0,4.1
S0001004,2025-01-17,P05,B,2,5,11.0,0,4.1
S0001005,2025-01-17,P05,B,3,5,2.0,0,4.1
S0001006,2025-01-17,P05,B,4,5,1.0,1,4.1
S0001007,2025-01-17,P06,A,0,3,22.0,0,3.0
S0001008,2025-01-17,P06,A,1,3,8.0,0,3.0
S0001009,2025-01-17,P06,B,0,3,9.0,0,3.0
S0001010,2025-01-17,P06,B,1,3,6.0,0,3.0
S0001011,2025-01-17,P06,B,2,3,1.0,1,3.0
S0001012,2025-01-17,P07,A,0,7,15.0,0,1.8
S0001013,2025-01-17,P07,A,1,7,8.0,0,1.8
S0001014,2025-01-17,P07,A,2,7,14.0,0,1.8
S0001015,2025-01-17,P07,A,3,7,5.0,0,1.8
S0001016,2025-01-17,P07,A,4,7,7.0,0,1.8
S0001017,2025-01-17,P07,A,5,7,3.0,0,1.8
S0001018,2025-01-17,P07,B,0,7,6.0,0,1.8
S0001019,2025-01-17,P07,B,1,7,8.0,0,1.8
S0001020,2025-01-17,P07,B,2,7,15.0,0,1.8
S0001021,2025-01-17,P07,B,3,7,5.0,0,1.8
S0001022,2025-01-17,P07,B,4,7,2.0,0,1.8
S0001023,2025-01-17,P07,B,5,7,1.0,0,1.8
S0001024,2025-01-17,P08,A,0,5,11.0,0,3.7
S0001025,2025-01-17,P08,A,1,5,4.0,0,3.7
S0001026,2025-01-17,P08,A,2,5,1.0,0,3.7
S0001027,2025-01-17,P08,A,3,5,6.0,0,3.7
S0001028,2025-01-17,P08,A,4,5,1.0,1,3.7
S0001029,2025-01-17,P08,B,0,5,13.0,0,3.7
S0001030,2025-01-17,P08,B,1,5,6.0,0,3.7
S0001031,2025-01-17,P08,B,2,5,3.0,0,3.7
S0001032,2025-01-17,P08,B,3,5,2.0,0,3.7
S0001033,2025-01-18,P01,A,0,3,17.0,0,3.2
S0001034,2025-01-18,P01,A,1,3,11.0,0,3.2
S0001035,2025-01-18,P01,A,2,3,15.0,1,3.2
S0001036,2025-01-18,P01,B,0,3,42.0,0,3.2
S0001037,2025-01-18,P01,B,1,3,4.0,0,3.2
S0001038,2025-01-18,P01,B,2,3,7.0,1,3.2
S0001039,2025-01-18,P02,A,0,3,6.0,0,2.6
S0001040,2025-01-18,P02,A,1,3,18.0,0,2.6
S0001041,2025-01-18,P02,A,2,3,15.0,1,2.6
S0001042,2025-01-18,P02,B,0,3,9.0,0,2.6
S0001043,2025-01-18,P02,B,1,3,6.0,0,2.6
S0001044,2025-01-18,P02,B,2,3,1.0,1,2.6
S0001045,2025-01-18,P03,A,0,4,23.0,0,2.1
S0001046,2025-01-18,P03,A,1,4,6.0,0,2.1
S0001047,2025-01-18,P03,A,2,4,7.0,0,2.1
S0001048,2025-01-18,P03,A,3,4,2.0,1,2.1
S0001049,2025-01-18,P03,B,0,4,13.0,0,2.1
S0001050,2025-01-18,P03,B,1,4,9.0,0,2.1
S0001051,2025-01-18,P04,A,0,3,13.0,0,6.8
S0001052,2025-01-18,P04,A,1,3,9.0,0,6.8
S0001053,2025-01-18,P04,A,2,3,6.0,1,6.8
S0001054,2025-01-18,P04,B,0,3,7.0,0,6.8
S0001055,2025-01-18,P04,B,1,3,11.0,0,6.8
S0001056,2025-01-18,P04,B,2,3,5.0,1,6.8
S0001057,2025-01-18,P05,A,0,5,14.0,0,4.1
S0001058,2025-01-18,P05,A,1,5,12.0,0,4.1
S0001059,2025-01-18,P05,A,2,5,6.0,0,4.1
S0001060,2025-01-18,P05,A,3,5,8.0,0,4.1
S0001061,2025-01-18,P05,A,4,5,2.0,1,4.1
S0001062,2025-01-18,P05,B,0,5,8.0,0,4.1
S0001063,2025-01-18,P05,B,1,5,3.0,0,4.1
S0001064,2025-01-18,P05,B,2,5,7.0,0,4.1
S0001065,2025-01-18,P05,B,3,5,2.0,0,4.1
S0001066,2025-01-18,P05,B,4,5,2.0,1,4.1
S0001067,2025-01-18,P06,A,0,3,17.0,0,3.0
S0001068,2025-01-18,P06,A,1,3,8.0,0,3.0
S0001069,2025-01-18,P06,B,0,3,12.0,0,3.0
S0001070,2025-01-18,P06,B,1,3,17.0,0,3.0
S0001071,2025-01-18,P06,B,2,3,1.0,1,3.0
S0001072,2025-01-18,P07,A,0,7,17.0,0,1.8
S0001073,2025-01-18,P07,A,1,7,14.0,0,1.8
S0001074,2025-01-18,P07,A,2,7,9.0,0,1.8
S0001075,2025-01-18,P07,A,3,7,7.0,0,1.8
S0001076,2025-01-18,P07,A,4,7,5.0,0,1.8
S0001077,2025-01-18,P07,A,5,7,13.0,0,1.8
S0001078,2025-01-18,P07,A,6,7,1.0,1,1.8
S0001079,2025-01-18,P07,B,0,7,9.0,0,1.8
S0001080,2025-01-18,P07,B,1,7,2.0,0,1.8
S0001081,2025-01-18,P07,B,3,7,2.0,0,1.8
S0001082,2025-01-18,P07,B,4,7,2.0,0,1.8
S0001083,2025-01-18,P07,B,6,7,1.0,1,1.8
S0001084,2025-01-18,P08,A,0,5,8.0,0,3.7
S0001085,2025-01-18,P08,A,1,5,19.0,0,3.7
S0001086,2025-01-18,P08,A,2,5,14.0,0,3.7
S0001087,2025-01-18,P08,A,3,5,2.0,0,3.7
S0001088,2025-01-18,P08,B,0,5,6.0,0,3.7
S0001089,2025-01-18,P08,B,1,5,1.0,0,3.7
S0001090,2025-01-18,P08,B,2,5,4.0,0,3.7
S0001091,2025-01-18,P08,B,3,5,2.0,0,3.7
S0001092,2025-01-19,P01,A,0,3,14.0,0,3.2
S0001093,2025-01-19,P01,A,1,3,20.0,0,3.2
S0001094,2025-01-19,P01,B,0,3,31.0,0,3.2
S0001095,2025-01-19,P01,B,1,3,9.0,0,3.2
S0001096,2025-01-19,P02,A,0,3,28.0,0,2.6
S0001097,2025-01-19,P02,A,1,3,10.0,0,2.6
S0001098,2025-01-19,P02,B,0,3,7.0,0,2.6
S0001099,2025-01-19,P02,B,1,3,4.0,0,2.6
S0001100,2025-01-19,P02,B,2,3,2.0,1,2.6
S0001101,2025-01-19,P03,A,0,4,18.0,0,2.1
S0001102,2025-01-19,P03,A,1,4,23.0,0,2.1
S0001103,2025-01-19,P03,A,2,4,8.0,0,2.1
S0001104,2025-01-19,P03,A,3,4,2.0,1,2.1
S0001105,2025-01-19,P03,B,0,4,18.0,0,2.1
S0001106,2025-01-19,P03,B,1,4,10.0,0,2.1
S0001107,2025-01-19,P03,B,2,4,2.0,0,2.1
S0001108,2025-01-19,P03,B,3,4,2.0,1,2.1
S0001109,2025-01-19,P04,A,0,3,11.0,0,6.8
S0001110,2025-01-19,P04,A,1,3,7.0,0,6.8
S0001111,2025-01-19,P04,A,2,3,5.0,1,6.8
S0001112,2025-01-19,P04,B,0,3,10.0,0,6.8
S0001113,2025-01-19,P04,B,1,3,17.0,0,6.8
S0001114,2025-01-19,P04,B,2,3,1.0,1,6.8
S0001115,2025-01-19,P05,A,0,5,18.0,0,4.1
S0001116,2025-01-19,P05,A,1,5,8.0,0,4.1
S0001117,2025-01-19,P05,A,2,5,5.0,0,4.1
S0001118,2025-01-19,P05,A,3,5,4.0,0,4.1
S0001119,2025-01-19,P05,B,0,5,8.0,0,4.1
S0001120,2025-01-19,P05,B,1,5,5.0,0,4.1
S0001121,2025-01-19,P05,B,2,5,2.0,0,4.1
S0001122,2025-01-19,P05,B,3,5,2.0,0,4.1
S0001123,2025-01-19,P05,B,4,5,1.0,1,4.1
S0001124,2025-01-19,P06,A,0,3,14.0,0,3.0
S0001125,2025-01-19,P06,A,1,3,5.0,0,3.0
S0001126,2025-01-19,P06,B,0,3,9.0,0,3.0
S0001127,2025-01-19,P06,B,1,3,6.0,0,3.0
S0001128,2025-01-19,P06,B,2,3,1.0,1,3.0
S0001129,2025-01-19,P07,A,0,7,9.0,0,1.8
S0001130,2025-01-19,P07,A,1,7,25.0,0,1.8
S0001131,2025-01-19,P07,A,2,7,11.0,0,1.8
S0001132,2025-01-19,P07,A,3,7,7.0,0,1.8
S0001133,2025-01-19,P07,A,4,7,8.0,0,1.8
S0001134,2025-01-19,P07,A,5,7,8.0,0,1.8
S0001135,2025-01-19,P07,A,6,7,3.0,1,1.8
S0001136,2025-01-19,P07,B,0,7,2.0,0,1.8
S0001137,2025-01-19,P07,B,1,7,2.0,0,1.8
S0001138,2025-01-19,P07,B,2,7,5.0,0,1.8
S0001139,2025-01-19,P07,B,3,7,6.0,0,1.8
S0001140,2025-01-19,P07,B,4,7,4.0,0,1.8
S0001141,2025-01-19,P07,B,5,7,1.0,0,1.8
S0001142,2025-01-19,P08,A,0,5,15.0,0,3.7
S0001143,2025-01-19,P08,A,1,5,9.0,0,3.7
S0001144,2025-01-19,P08,A,2,5,6.0,0,3.7
S0001145,2025-01-19,P08,A,3,5,4.0,0,3.7
S0001146,2025-01-19,P08,A,4,5,1.0,1,3.7
S0001147,2025-01-19,P08,B,0,5,7.0,0,3.7
S0001148,2025-01-19,P08,B,1,5,3.0,0,3.7
S0001149,2025-01-19,P08,B,2,5,9.0,0,3.7
S0001150,2025-01-19,P08,B,3,5,8.0,0,3.7
S0001151,2025-01-19,P08,B,4,5,1.0,1,3.7
S0001152,2025-01-20,P01,A,0,3,18.0,0,3.2
S0001153,2025-01-20,P01,A,1,3,15.0,0,3.2
S0001154,2025-01-20,P01,A,2,3,2.0,1,3.2
S0001155,2025-01-20,P01,B,0,3,12.0,0,3.2
S0001156,2025-01-20,P01,B,1,3,16.0,0,3.2
S0001157,2025-01-20,P01,B,2,3,4.0,1,3.2
S0001158,2025-01-20,P02,A,0,3,14.0,0,2.6
S0001159,2025-01-20,P02,A,1,3,12.0,0,2.6
S0001160,2025-01-20,P02,A,2,3,2.0,1,2.6
S0001161,2025-01-20,P02,B,0,3,17.0,0,2.6
S0001162,2025-01-20,P02,B,1,3,15.0,0,2.6
S0001163,2025-01-20,P02,B,2,3,3.0,1,2.6
S0001164,2025-01-20,P03,A,0,4,31.0,0,2.1
S0001165,2025-01-20,P03,A,1,4,8.0,0,2.1
S0001166,2025-01-20,P03,A,2,4,18.0,0,2.1
S0001167,2025-01-20,P03,A,3,4,1.0,1,2.1
S0001168,2025-01-20,P03,B,0,4,9.0,0,2.1
S0001169,2025-01-20,P03,B,1,4,4.0,0,2.1
S0001170,2025-01-20,P03,B,2,4,2.0,0,2.1
S0001171,2025-01-20,P03,B,3,4,2.0,1,2.1
S0001172,2025-01-20,P04,A,0,3,11.0,0,6.8
S0001173,2025-01-20,P04,A,1,3,8.0,0,6.8
S0001174,2025-01-20,P04,A,2,3,5.0,1,6.8
S0001175,2025-01-20,P04,B,0,3,10.0,0,6.8
S0001176,2025-01-20,P04,B,1,3,3.0,0,6.8
S0001177,2025-01-20,P04,B,2,3,1.0,1,6.8
S0001178,2025-01-20,P05,A,0,5,6.0,0,4.1
S0001179,2025-01-20,P05,A,1,5,14.0,0,4.1
S0001180,2025-01-20,P05,A,2,5,3.0,0,4.1
S0001181,2025-01-20,P05,A,3,5,3.0,0,4.1
S0001182,2025-01-20,P05,A,4,5,5.0,1,4.1
S0001183,2025-01-20,P05,B,0,5,9.0,0,4.1
S0001184,2025-01-20,P05,B,1,5,11.0,0,4.1
S0001185,2025-01-20,P05,B,2,5,14.0,0,4.1
S0001186,2025-01-20,P05,B,3,5,1.0,0,4.1
S0001187,2025-01-20,P05,B,4,5,3.0,1,4.1
S0001188,2025-01-20,P06,A,0,3,11.0,0,3.0
S0001189,2025-01-20,P06,A,1,3,6.0,0,3.0
S0001190,2025-01-20,P06,A,2,3,14.0,1,3.0
S0001191,2025-01-20,P06,B,0,3,4.0,0,3.0
S0001192,2025-01-20,P06,B,1,3,3.0,0,3.0
S0001193,2025-01-20,P06,B,2,3,1.0,1,3.0
S0001194,2025-01-20,P07,A,0,7,11.0,0,1.8
S0001195,2025-01-20,P07,A,1,7,10.0,0,1.8
S0001196,2025-01-20,P07,A,2,7,5.0,0,1.8
S0001197,2025-01-20,P07,A,3,7,12.0,0,1.8
S0001198,2025-01-20,P07,A,4,7,3.0,0,1.8
S0001199,2025-01-20,P07,A,6,7,6.0,1,1.8
S0001200,2025-01-20,P07,B,0,7,16.0,0,1.8
S0001201,2025-01-20,P07,B,1,7,9.0,0,1.8
S0001202,2025-01-20,P07,B,2,7,4.0,0,1.8
S0001203,2025-01-20,P07,B,3,7,11.0,0,1.8
S0001204,2025-01-20,P07,B,4,7,1.0,0,1.8
S0001205,2025-01-20,P07,B,5,7,4.0,0,1.8
S0001206,2025-01-20,P08,A,0,5,18.0,0,3.7
S0001207,2025-01-20,P08,A,2,5,7.0,0,3.7
S0001208,2025-01-20,P08,A,3,5,6.0,0,3.7
S0001209,2025-01-20,P08,A,4,5,3.0,1,3.7
S0001210,2025-01-20,P08,B,0,5,10.0,0,3.7
S0001211,2025-01-20,P08,B,1,5,4.0,0,3.7
S0001212,2025-01-20,P08,B,2,5,4.0,0,3.7
S0001213,2025-01-20,P08,B,3,5,8.0,0,3.7
S0001214,2025-01-21,P01,A,0,3,49.0,0,3.2
S0001215,2025-01-21,P01,A,1,3,23.0,0,3.2
S0001216,2025-01-21,P01,A,2,3,1.0,1,3.2
S0001217,2025-01-21,P01,B,0,3,32.0,0,3.2
S0001218,2025-01-21,P01,B,1,3,8.0,0,3.2
S0001219,2025-01-21,P01,B,2,3,3.0,1,3.2
S0001220,2025-01-21,P02,A,0,3,14.0,0,2.6
S0001221,2025-01-21,P02,A,1,3,17.0,0,2.6
S0001222,2025-01-21,P02,A,2,3,7.0,1,2.6
S0001223,2025-01-21,P02,B,0,3,9.0,0,2.6
S0001224,2025-01-21,P02,B,1,3,5.0,0,2.6
S0001225,2025-01-21,P03,A,0,4,16.0,0,2.1
S0001226,2025-01-21,P03,A,1,4,21.0,0,2.1
S0001227,2025-01-21,P03,A,2,4,5.0,0,2.1
S0001228,2025-01-21,P03,A,3,4,2.0,1,2.1
S0001229,2025-01-21,P03,B,0,4,8.0,0,2.1
S0001230,2025-01-21,P03,B,1,4,12.0,0,2.1
S0001231,2025-01-21,P03,B,2,4,9.0,0,2.1
S0001232,2025-01-21,P03,B,3,4,5.0,1,2.1
S0001233,2025-01-21,P04,A,0,3,20.0,0,6.8
S0001234,2025-01-21,P04,A,1,3,11.0,0,6.8
S0001235,2025-01-21,P04,A,2,3,2.0,1,6.8
S0001236,2025-01-21,P04,B,0,3,5.0,0,6.8
S0001237,2025-01-21,P04,B,1,3,2.0,0,6.8
S0001238,2025-01-21,P05,A,0,5,16.0,0,4.1
S0001239,2025-01-21,P05,A,1,5,3.0,0,4.1
S0001240,2025-01-21,P05,A,2,5,6.0,0,4.1
S0001241,2025-01-21,P05,A,3,5,5.0,0,4.1
S0001242,2025-01-21,P05,B,0,5,1.0,0,4.1
S0001243,2025-01-21,P05,B,1,5,6.0,0,4.1
S0001244,2025-01-21,P05,B,2,5,4.0,0,4.1
S0001245,2025-01-21,P05,B,3,5,8.0,0,4.1
S0001246,2025-01-21,P05,B,4,5,1.0,1,4.1
S0001247,2025-01-21,P06,A,0,3,20.0,0,3.0
S0001248,2025-01-21,P06,A,1,3,5.0,0,3.0
S0001249,2025-01-21,P06,A,2,3,1.0,1,3.0
S0001250,2025-01-21,P06,B,0,3,18.0,0,3.0
S0001251,2025-01-21,P06,B,1,3,4.0,0,3.0
S0001252,2025-01-21,P06,B,2,3,1.0,1,3.0
S0001253,2025-01-21,P07,A,0,7,19.0,0,1.8
S0001254,2025-01-21,P07,A,1,7,7.0,0,1.8
S0001255,2025-01-21,P07,A,2,7,5.0,0,1.8
S0001256,2025-01-21,P07,A,3,7,4.0,0,1.8
S0001257,2025-01-21,P07,A,4,7,5.0,0,1.8
S0001258,2025-01-21,P07,A,5,7,1.0,0,1.8
S0001259,2025-01-21,P07,A,6,7,1.0,1,1.8
S0001260,2025-01-21,P07,B,0,7,16.0,0,1.8
S0001261,2025-01-21,P07,B,1,7,14.0,0,1.8
S0001262,2025-01-21,P07,B,2,7,6.0,0,1.8
S0001263,2025-01-21,P07,B,3,7,5.0,0,1.8
S0001264,2025-01-21,P07,B,4,7,7.0,0,1.8
S0001265,2025-01-21,P07,B,6,7,3.0,1,1.8
S0001266,2025-01-21,P08,A,0,5,18.0,0,3.7
S0001267,2025-01-21,P08,A,1,5,2.0,0,3.7
S0001268,2025-01-21,P08,A,2,5,6.0,0,3.7
S0001269,2025-01-21,P08,A,3,5,10.0,0,3.7
S0001270,2025-01-21,P08,A,4,5,4.0,1,3.7
S0001271,2025-01-21,P08,B,0,5,4.0,0,3.7
S0001272,2025-01-21,P08,B,1,5,7.0,0,3.7
S0001273,2025-01-21,P08,B,2,5,3.0,0,3.7
S0001274,2025-01-21,P08,B,3,5,1.0,0,3.7
S0001275,2025-01-22,P01,A,0,3,22.0,0,3.2
S0001276,2025-01-22,P01,A,1,3,13.0,0,3.2
S0001277,2025-01-22,P01,A,2,3,7.0,1,3.2
S0001278,2025-01-22,P01,B,0,3,22.0,0,3.2
S0001279,2025-01-22,P01,B,1,3,14.0,0,3.2
S0001280,2025-01-22,P01,B,2,3,8.0,1,3.2
S0001281,2025-01-22,P02,A,0,3,20.0,0,2.6
S0001282,2025-01-22,P02,A,1,3,15.0,0,2.6
S0001283,2025-01-22,P02,A,2,3,10.0,1,2.6
S0001284,2025-01-22,P02,B,0,3,14.0,0,2.6
S0001285,2025-01-22,P02,B,1,3,30.0,0,2.6
S0001286,2025-01-22,P02,B,2,3,1.0,1,2.6
S0001287,2025-01-22,P03,A,0,4,19.0,0,2.1
S0001288,2025-01-22,P03,A,1,4,16.0,0,2.1
S0001289,2025-01-22,P03,A,2,4,23.0,0,2.1
S0001290,2025-01-22,P03,A,3,4,1.0,1,2.1
S0001291,2025-01-22,P03,B,0,4,20.0,0,2.1
S0001292,2025-01-22,P03,B,1,4,11.0,0,2.1
S0001293,2025-01-22,P03,B,2,4,6.0,0,2.1
S0001294,2025-01-22,P03,B,3,4,2.0,1,2.1
S0001295,2025-01-22,P04,A,0,3,30.0,0,6.8
S0001296,2025-01-22,P04,A,1,3,8.0,0,6.8
S0001297,2025-01-22,P04,A,2,3,1.0,1,6.8
S0001298,2025-01-22,P04,B,0,3,9.0,0,6.8
S0001299,2025-01-22,P04,B,1,3,5.0,0,6.8
S0001300,2025-01-22,P04,B,2,3,2.0,1,6.8
S0001301,2025-01-22,P05,A,0,5,14.0,0,4.1
S0001302,2025-01-22,P05,A,1,5,12.0,0,4.1
S0001303,2025-01-22,P05,A,2,5,17.0,0,4.1
S0001304,2025-01-22,P05,A,3,5,4.0,0,4.1
S0001305,2025-01-22,P05,A,4,5,4.0,1,4.1
S0001306,2025-01-22,P05,B,0,5,7.0,0,4.1
S0001307,2025-01-22,P05,B,1,5,2.0,0,4.1
S0001308,2025-01-22,P05,B,2,5,4.0,0,4.1
S0001309,2025-01-22,P05,B,3,5,3.0,0,4.1
S0001310,2025-01-22,P05,B,4,5,1.0,1,4.1
S0001311,2025-01-22,P06,A,0,3,17.0,0,3.0
S0001312,2025-01-22,P06,A,1,3,14.0,0,3.0
S0001313,2025-01-22,P06,A,2,3,1.0,1,3.0
S0001314,2025-01-22,P06,B,0,3,16.0,0,3.0
S0001315,2025-01-22,P06,B,1,3,10.0,0,3.0
S0001316,2025-01-22,P07,A,0,7,17.0,0,1.8
S0001317,2025-01-22,P07,A,1,7,7.0,0,1.8
S0001318,2025-01-22,P07,A,2,7,18.0,0,1.8
S0001319,2025-01-22,P07,A,3,7,8.0,0,1.8
S0001320,2025-01-22,P07,A,4,7,5.0,0,1.8
S0001321,2025-01-22,P07,A,5,7,7.0,0,1.8
S0001322,2025-01-22,P07,A,6,7,4.0,1,1.8
S0001323,2025-01-22,P07,B,0,7,6.0,0,1.8
S0001324,2025-01-22,P07,B,1,7,6.0,0,1.8
S0001325,2025-01-22,P07,B,2,7,1.0,0,1.8
S0001326,2025-01-22,P07,B,4,7,4.0,0,1.8
S0001327,2025-01-22,P07,B,6,7,2.0,1,1.8
S0001328,2025-01-22,P08,A,0,5,7.0,0,3.7
S0001329,2025-01-22,P08,A,1,5,16.0,0,3.7
S0001330,2025-01-22,P08,A,2,5,5.0,0,3.7
S0001331,2025-01-22,P08,A,3,5,1.0,0,3.7
S0001332,2025-01-22,P08,B,0,5,6.0,0,3.7
S0001333,2025-01-22,P08,B,1,5,4.0,0,3.7
S0001334,2025-01-22,P08,B,2,5,1.0,0,3.7
S0001335,2025-01-22,P08,B,3,5,6.0,0,3.7
S0001336,2025-01-22,P08,B,4,5,5.0,1,3.7
S0001337,2025-01-23,P01,A,0,3,54.0,0,3.2
S0001338,2025-01-23,P01,A,1,3,13.0,0,3.2
S0001339,2025-01-23,P01,A,2,3,2.0,1,3.2
S0001340,2025-01-23,P01,B,0,3,14.0,0,3.2
S0001341,2025-01-23,P01,B,1,3,39.0,0,3.2
S0001342,2025-01-23,P02,A,0,3,15.0,0,2.6
S0001343,2025-01-23,P02,A,1,3,12.0,0,2.6
S0001344,2025-01-23,P02,B,0,3,18.0,0,2.6
S0001345,2025-01-23,P02,B,1,3,15.0,0,2.6
S0001346,2025-01-23,P02,B,2,3,1.0,1,2.6
S0001347,2025-01-23,P03,A,0,4,36.0,0,2.1
S0001348,2025-01-23,P03,A,1,4,11.0,0,2.1
S0001349,2025-01-23,P03,A,2,4,2.0,0,2.1
S0001350,2025-01-23,P03,A,3,4,13.0,1,2.1
S0001351,2025-01-23,P03,B,0,4,8.0,0,2.1
S0001352,2025-01-23,P03,B,1,4,6.0,0,2.1
S0001353,2025-01-23,P03,B,2,4,1.0,0,2.1
S0001354,2025-01-23,P04,A,0,3,16.0,0,6.8
S0001355,2025-01-23,P04,A,1,3,13.0,0,6.8
S0001356,2025-01-23,P04,A,2,3,7.0,1,6.8
S0001357,2025-01-23,P04,B,0,3,11.0,0,6.8
S0001358,2025-01-23,P04,B,1,3,17.0,0,6.8
S0001359,2025-01-23,P04,B,2,3,3.0,1,6.8
S0001360,2025-01-23,P05,A,0,5,5.0,0,4.1
S0001361,2025-01-23,P05,A,1,5,2.0,0,4.1
S0001362,2025-01-23,P05,A,2,5,19.0,0,4.1
S0001363,2025-01-23,P05,A,3,5,6.0,0,4.1
S0001364,2025-01-23,P05,B,0,5,6.0,0,4.1
S0001365,2025-01-23,P05,B,1,5,6.0,0,4.1
S0001366,2025-01-23,P05,B,2,5,4.0,0,4.1
S0001367,2025-01-23,P05,B,3,5,2.0,0,4.1
S0001368,2025-01-23,P05,B,4,5,1.0,1,4.1
S0001369,2025-01-23,P06,A,0,3,20.0,0,3.0
S0001370,2025-01-23,P06,A,1,3,6.0,0,3.0
S0001371,2025-01-23,P06,A,2,3,4.0,1,3.0
S0001372,2025-01-23,P06,B,0,3,6.0,0,3.0
S0001373,2025-01-23,P06,B,1,3,8.0,0,3.0
S0001374,2025-01-23,P06,B,2,3,2.0,1,3.0
S0001375,2025-01-23,P07,A,0,7,13.0,0,1.8
S0001376,2025-01-23,P07,A,1,7,3.0,0,1.8
S0001377,2025-01-23,P07,A,2,7,2.0,0,1.8
S0001378,2025-01-23,P07,A,3,7,7.0,0,1.8
S0001379,2025-01-23,P07,A,4,7,2.0,0,1.8
S0001380,2025-01-23,P07,A,5,7,11.0,0,1.8
S0001381,2025-01-23,P07,A,6,7,2.0,1,1.8
S0001382,2025-01-23,P07,B,0,7,4.0,0,1.8
S0001383,2025-01-23,P07,B,3,7,3.0,0,1.8
S0001384,2025-01-23,P07,B,5,7,2.0,0,1.8
S0001385,2025-01-23,P08,A,0,5,5.0,0,3.7
S0001386,2025-01-23,P08,A,1,5,15.0,0,3.7
S0001387,2025-01-23,P08,A,2,5,16.0,0,3.7
S0001388,2025-01-23,P08,A,3,5,8.0,0,3.7
S0001389,2025-01-23,P08,A,4,5,6.0,1,3.7
S0001390,2025-01-23,P08,B,0,5,3.0,0,3.7
S0001391,2025-01-23,P08,B,1,5,4.0,0,3.7
S0001392,2025-01-23,P08,B,2,5,1.0,0,3.7
S0001393,2025-01-23,P08,B,3,5,1.0,0,3.7
S0001394,2025-01-24,P01,A,0,3,35.0,0,3.2
S0001395,2025-01-24,P01,A,1,3,13.0,0,3.2
S0001396,2025-01-24,P01,A,2,3,8.0,1,3.2
S0001397,2025-01-24,P01,B,0,3,12.0,0,3.2
S0001398,2025-01-24,P01,B,1,3,12.0,0,3.2
S0001399,2025-01-24,P02,A,0,3,38.0,0,2.6
S0001400,2025-01-24,P02,A,1,3,25.0,0,2.6
S0001401,2025-01-24,P02,A,2,3,3.0,1,2.6
S0001402,2025-01-24,P02,B,0,3,11.0,0,2.6
S0001403,2025-01-24,P02,B,1,3,4.0,0,2.6
S0001404,2025-01-24,P02,B,2,3,1.0,1,2.6
S0001405,2025-01-24,P03,A,0,4,14.0,0,2.1
S0001406,2025-01-24,P03,A,1,4,12.0,0,2.1
S0001407,2025-01-24,P03,A,2,4,5.0,0,2.1
S0001408,2025-01-24,P03,A,3,4,1.0,1,2.1
S0001409,2025-01-24,P03,B,0,4,13.0,0,2.1
S0001410,2025-01-24,P03,B,1,4,17.0,0,2.1
S0001411,2025-01-24,P03,B,2,4,6.0,0,2.1
S0001412,2025-01-24,P03,B,3,4,4.0,1,2.1
S0001413,2025-01-24,P04,A,0,3,20.0,0,6.8
S0001414,2025-01-24,P04,A,1,3,8.0,0,6.8
S0001415,2025-01-24,P04,B,0,3,9.0,0,6.8
S0001416,2025-01-24,P04,B,1,3,5.0,0,6.8
S0001417,2025-01-24,P05,A,0,5,11.0,0,4.1
S0001418,2025-01-24,P05,A,1,5,9.0,0,4.1
S0001419,2025-01-24,P05,A,2,5,5.0,0,4.1
S0001420,2025-01-24,P05,A,3,5,7.0,0,4.1
S0001421,2025-01-24,P05,A,4,5,1.0,1,4.1
S0001422,2025-01-24,P05,B,0,5,8.0,0,4.1
S0001423,2025-01-24,P05,B,1,5,10.0,0,4.1
S0001424,2025-01-24,P05,B,2,5,3.0,0,4.1
S0001425,2025-01-24,P06,A,0,3,27.0,0,3.0
S0001426,2025-01-24,P06,A,1,3,6.0,0,3.0
S0001427,2025-01-24,P06,B,0,3,5.0,0,3.0
S0001428,2025-01-24,P06,B,1,3,2.0,0,3.0
S0001429,2025-01-24,P07,A,0,7,22.0,0,1.8
S0001430,2025-01-24,P07,A,1,7,3.0,0,1.8
S0001431,2025-01-24,P07,A,2,7,32.0,0,1.8
S0001432,2025-01-24,P07,A,3,7,3.0,0,1.8
S0001433,2025-01-24,P07,A,4,7,1.0,0,1.8
S0001434,2025-01-24,P07,A,5,7,1.0,0,1.8
S0001435,2025-01-24,P07,B,0,7,6.0,0,1.8
S0001436,2025-01-24,P07,B,1,7,5.0,0,1.8
S0001437,2025-01-24,P07,B,2,7,4.0,0,1.8
S0001438,2025-01-24,P07,B,3,7,7.0,0,1.8
S0001439,2025-01-24,P07,B,4,7,2.0,0,1.8
S0001440,2025-01-24,P07,B,5,7,2.0,0,1.8
S0001441,2025-01-24,P07,B,6,7,2.0,1,1.8
S0001442,2025-01-24,P08,A,0,5,10.0,0,3.7
S0001443,2025-01-24,P08,A,1,5,12.0,0,3.7
S0001444,2025-01-24,P08,A,2,5,7.0,0,3.7
S0001445,2025-01-24,P08,A,3,5,4.0,0,3.7
S0001446,2025-01-24,P08,A,4,5,4.0,1,3.7
S0001447,2025-01-24,P08,B,0,5,9.0,0,3.7
S0001448,2025-01-24,P08,B,1,5,3.0,0,3.7
S0001449,2025-01-24,P08,B,2,5,3.0,0,3.7
S0001450,2025-01-24,P08,B,3,5,1.0,0,3.7
S0001451,2025-01-25,P01,A,0,3,41.0,0,3.2
S0001452,2025-01-25,P01,A,1,3,21.0,0,3.2
S0001453,2025-01-25,P01,A,2,3,10.0,1,3.2
S0001454,2025-01-25,P01,B,0,3,17.0,0,3.2
S0001455,2025-01-25,P01,B,1,3,19.0,0,3.2
S0001456,2025-01-25,P01,B,2,3,3.0,1,3.2
S0001457,2025-01-25,P02,A,0,3,45.0,0,2.6
S0001458,2025-01-25,P02,A,1,3,15.0,0,2.6
S0001459,2025-01-25,P02,A,2,3,3.0,1,2.6
S0001460,2025-01-25,P02,B,0,3,9.0,0,2.6
S0001461,2025-01-25,P02,B,1,3,6.0,0,2.6
S0001462,2025-01-25,P02,B,2,3,2.0,1,2.6
S0001463,2025-01-25,P03,A,0,4,10.0,0,2.1
S0001464,2025-01-25,P03,A,1,4,17.0,0,2.1
S0001465,2025-01-25,P03,A,2,4,14.0,0,2.1
S0001466,2025-01-25,P03,A,3,4,9.0,1,2.1
S0001467,2025-01-25,P03,B,0,4,5.0,0,2.1
S0001468,2025-01-25,P03,B,1,4,12.0,0,2.1
S0001469,2025-01-25,P03,B,2,4,9.0,0,2.1
S0001470,2025-01-25,P03,B,3,4,1.0,1,2.1
S0001471,2025-01-25,P04,A,0,3,18.0,0,6.8
S0001472,2025-01-25,P04,A,1,3,8.0,0,6.8
S0001473,2025-01-25,P04,A,2,3,3.0,1,6.8
S0001474,2025-01-25,P04,B,0,3,9.0,0,6.8
S0001475,2025-01-25,P04,B,1,3,6.0,0,6.8
S0001476,2025-01-25,P04,B,2,3,1.0,1,6.8
S0001477,2025-01-25,P05,A,0,5,12.0,0,4.1
S0001478,2025-01-25,P05,A,1,5,22.0,0,4.1
S0001479,2025-01-25,P05,A,2,5,12.0,0,4.1
S0001480,2025-01-25,P05,A,3,5,2.0,0,4.1
S0001481,2025-01-25,P05,A,4,5,1.0,1,4.1
S0001482,2025-01-25,P05,B,0,5,8.0,0,4.1
S0001483,2025-01-25,P05,B,1,5,9.0,0,4.1
S0001484,2025-01-25,P05,B,2,5,6.0,0,4.1
S0001485,2025-01-25,P05,B,3,5,1.0,0,4.1
S0001486,2025-01-25,P06,A,0,3,13.0,0,3.0
S0001487,2025-01-25,P06,A,1,3,11.0,0,3.0
S0001488,2025-01-25,P06,A,2,3,1.0,1,3.0
S0001489,2025-01-25,P06,B,0,3,14.0,0,3.0
S0001490,2025-01-25,P06,B,1,3,8.0,0,3.0
S0001491,2025-01-25,P06,B,2,3,4.0,1,3.0
S0001492,2025-01-25,P07,A,0,7,21.0,0,1.8
S0001493,2025-01-25,P07,A,1,7,13.0,0,1.8
S0001494,2025-01-25,P07,A,2,7,21.0,0,1.8
S0001495,2025-01-25,P07,A,3,7,12.0,0,1.8
S0001496,2025-01-25,P07,A,4,7,6.0,0,1.8
S0001497,2025-01-25,P07,A,5,7,1.0,0,1.8
S0001498,2025-01-25,P07,A,6,7,2.0,1,1.8
S0001499,2025-01-25,P07,B,0,7,6.0,0,1.8
S0001500,2025-01-25,P07,B,1,7,8.0,0,1.8
S0001501,2025-01-25,P07,B,2,7,1.0,0,1.8
S0001502,2025-01-25,P07,B,3,7,4.0,0,1.8
S0001503,2025-01-25,P07,B,4,7,4.0,0,1.8
S0001504,2025-01-25,P07,B,5,7,2.0,0,1.8
S0001505,2025-01-25,P08,A,0,5,12.0,0,3.7
S0001506,2025-01-25,P08,A,1,5,6.0,0,3.7
S0001507,2025-01-25,P08,A,2,5,5.0,0,3.7
S0001508,2025-01-25,P08,A,3,5,5.0,0,3.7
S0001509,2025-01-25,P08,B,0,5,7.0,0,3.7
S0001510,2025-01-25,P08,B,1,5,12.0,0,3.7
S0001511,2025-01-25,P08,B,2,5,1.0,0,3.7
S0001512,2025-01-25,P08,B,3,5,3.0,0,3.7
S0001513,2025-01-25,P08,B,4,5,2.0,1,3.7
S0001514,2025-01-26,P01,A,0,3,17.0,0,3.2
S0001515,2025-01-26,P01,A,1,3,29.0,0,3.2
S0001516,2025-01-26,P01,A,2,3,10.0,1,3.2
S0001517,2025-01-26,P01,B,0,3,52.0,0,3.2
S0001518,2025-01-26,P01,B,1,3,15.0,0,3.2
S0001519,2025-01-26,P01,B,2,3,1.0,1,3.2
S0001520,2025-01-26,P02,A,0,3,15.0,0,2.6
S0001521,2025-01-26,P02,A,1,3,20.0,0,2.6
S0001522,2025-01-26,P02,A,2,3,1.0,1,2.6
S0001523,2025-01-26,P02,B,0,3,8.0,0,2.6
S0001524,2025-01-26,P02,B,1,3,8.0,0,2.6
S0001525,2025-01-26,P02,B,2,3,5.0,1,2.6
S0001526,2025-01-26,P03,A,0,4,15.0,0,2.1
S0001527,2025-01-26,P03,A,1,4,19.0,0,2.1
S0001528,2025-01-26,P03,A,2,4,6.0,0,2.1
S0001529,2025-01-26,P03,B,0,4,6.0,0,2.1
S0001530,2025-01-26,P03,B,1,4,3.0,0,2.1
S0001531,2025-01-26,P03,B,2,4,1.0,0,2.1
S0001532,2025-01-26,P03,B,3,4,2.0,1,2.1
S0001533,2025-01-26,P04,A,0,3,16.0,0,6.8
S0001534,2025-01-26,P04,A,1,3,10.0,0,6.8
S0001535,2025-01-26,P04,A,2,3,3.0,1,6.8
S0001536,2025-01-26,P04,B,0,3,4.0,0,6.8
S0001537,2025-01-26,P04,B,1,3,6.0,0,6.8
S0001538,2025-01-26,P05,A,0,5,9.0,0,4.1
S0001539,2025-01-26,P05,A,1,5,7.0,0,4.1
S0001540,2025-01-26,P05,A,2,5,33.0,0,4.1
S0001541,2025-01-26,P05,A,3,5,1.0,0,4.1
S0001542,2025-01-26,P05,A,4,5,11.0,1,4.1
S0001543,2025-01-26,P05,B,0,5,3.0,0,4.1
S0001544,2025-01-26,P05,B,1,5,5.0,0,4.1
S0001545,2025-01-26,P05,B,2,5,1.0,0,4.1
S0001546,2025-01-26,P05,B,3,5,6.0,0,4.1
S0001547,2025-01-26,P06,A,0,3,20.0,0,3.0
S0001548,2025-01-26,P06,A,1,3,9.0,0,3.0
S0001549,2025-01-26,P06,A,2,3,1.0,1,3.0
S0001550,2025-01-26,P06,B,0,3,11.0,0,3.0
S0001551,2025-01-26,P06,B,1,3,8.0,0,3.0
S0001552,2025-01-26,P06,B,2,3,4.0,1,3.0
S0001553,2025-01-26,P07,A,0,7,14.0,0,1.8
S0001554,2025-01-26,P07,A,1,7,5.0,0,1.8
S0001555,2025-01-26,P07,A,2,7,4.0,0,1.8
S0001556,2025-01-26,P07,A,3,7,6.0,0,1.8
S0001557,2025-01-26,P07,A,4,7,10.0,0,1.8
S0001558,2025-01-26,P07,A,5,7,2.0,0,1.8
S0001559,2025-01-26,P07,A,6,7,2.0,1,1.8
S0001560,2025-01-26,P07,B,0,7,3.0,0,1.8
S0001561,2025-01-26,P07,B,1,7,3.0,0,1.8
S0001562,2025-01-26,P07,B,2,7,3.0,0,1.8
S0001563,2025-01-26,P07,B,3,7,4.0,0,1.8
S0001564,2025-01-26,P07,B,4,7,1.0,0,1.8
S0001565,2025-01-26,P07,B,5,7,6.0,0,1.8
S0001566,2025-01-26,P08,A,0,5,17.0,0,3.7
S0001567,2025-01-26,P08,A,1,5,10.0,0,3.7
S0001568,2025-01-26,P08,A,2,5,9.0,0,3.7
S0001569,2025-01-26,P08,A,3,5,4.0,0,3.7
S0001570,2025-01-26,P08,A,4,5,8.0,1,3.7
S0001571,2025-01-26,P08,B,0,5,3.0,0,3.7
S0001572,2025-01-26,P08,B,1,5,3.0,0,3.7
S0001573,2025-01-26,P08,B,3,5,1.0,0,3.7
S0001574,2025-01-26,P08,B,4,5,2.0,1,3.7
S0001575,2025-01-27,P01,A,0,3,32.0,0,3.2
S0001576,2025-01-27,P01,A,1,3,12.0,0,3.2
S0001577,2025-01-27,P01,A,2,3,9.0,1,3.2
S0001578,2025-01-27,P01,B,0,3,16.0,0,3.2
S0001579,2025-01-27,P01,B,1,3,8.0,0,3.2
S0001580,2025-01-27,P01,B,2,3,9.0,1,3.2
S0001581,2025-01-27,P02,A,0,3,23.0,0,2.6
S0001582,2025-01-27,P02,A,1,3,11.0,0,2.6
S0001583,2025-01-27,P02,A,2,3,12.0,1,2.6
S0001584,2025-01-27,P02,B,0,3,9.0,0,2.6
S0001585,2025-01-27,P02,B,1,3,4.0,0,2.6
S0001586,2025-01-27,P02,B,2,3,1.0,1,2.6
S0001587,2025-01-27,P03,A,0,4,18.0,0,2.1
S0001588,2025-01-27,P03,A,1,4,13.0,0,2.1
S0001589,2025-01-27,P03,A,2,4,3.0,0,2.1
S0001590,2025-01-27,P03,A,3,4,6.0,1,2.1
S0001591,2025-01-27,P03,B,0,4,15.0,0,2.1
S0001592,2025-01-27,P03,B,1,4,11.0,0,2.1
S0001593,2025-01-27,P03,B,2,4,20.0,0,2.1
S0001594,2025-01-27,P03,B,3,4,4.0,1,2.1
S0001595,2025-01-27,P04,A,0,3,22.0,0,6.8
S0001596,2025-01-27,P04,A,1,3,6.0,0,6.8
S0001597,2025-01-27,P04,A,2,3,8.0,1,6.8
S0001598,2025-01-27,P04,B,0,3,16.0,0,6.8
S0001599,2025-01-27,P04,B,1,3,6.0,0,6.8
S0001600,2025-01-27,P04,B,2,3,2.0,1,6.8
S0001601,2025-01-27,P05,A,0,5,5.0,0,4.1
S0001602,2025-01-27,P05,A,1,5,8.0,0,4.1
S0001603,2025-01-27,P05,A,2,5,17.0,0,4.1
S0001604,2025-01-27,P05,A,4,5,1.0,1,4.1
S0001605,2025-01-27,P05,B,0,5,5.0,0,4.1
S0001606,2025-01-27,P05,B,1,5,4.0,0,4.1
S0001607,2025-01-27,P05,B,2,5,7.0,0,4.1
S0001608,2025-01-27,P05,B,3,5,3.0,0,4.1
S0001609,2025-01-27,P05,B,4,5,3.0,1,4.1
S0001610,2025-01-27,P06,A,0,3,16.0,0,3.0
S0001611,2025-01-27,P06,A,1,3,8.0,0,3.0
S0001612,2025-01-27,P06,A,2,3,1.0,1,3.0
S0001613,2025-01-27,P06,B,0,3,8.0,0,3.0
S0001614,2025-01-27,P06,B,1,3,3.0,0,3.0
S0001615,2025-01-27,P06,B,2,3,1.0,1,3.0
S0001616,2025-01-27,P07,A,0,7,11.0,0,1.8
S0001617,2025-01-27,P07,A,1,7,22.0,0,1.8
S0001618,2025-01-27,P07,A,2,7,7.0,0,1.8
S0001619,2025-01-27,P07,A,3,7,11.0,0,1.8
S0001620,2025-01-27,P07,A,4,7,12.0,0,1.8
S0001621,2025-01-27,P07,A,5,7,1.0,0,1.8
S0001622,2025-01-27,P07,B,0,7,3.0,0,1.8
S0001623,2025-01-27,P07,B,1,7,2.0,0,1.8
S0001624,2025-01-27,P07,B,2,7,3.0,0,1.8
S0001625,2025-01-27,P07,B,3,7,3.0,0,1.8
S0001626,2025-01-27,P07,B,5,7,3.0,0,1.8
S0001627,2025-01-27,P08,A,0,5,3.0,0,3.7
S0001628,2025-01-27,P08,A,1,5,8.0,0,3.7
S0001629,2025-01-27,P08,A,2,5,4.0,0,3.7
S0001630,2025-01-27,P08,A,3,5,1.0,0,3.7
S0001631,2025-01-27,P08,B,0,5,7.0,0,3.7
S0001632,2025-01-27,P08,B,1,5,5.0,0,3.7
S0001633,2025-01-27,P08,B,2,5,7.0,0,3.7
S0001634,2025-01-28,P01,A,0,3,33.0,0,3.2
S0001635,2025-01-28,P01,A,1,3,18.0,0,3.2
S0001636,2025-01-28,P01,A,2,3,3.0,1,3.2
S0001637,2025-01-28,P01,B,0,3,10.0,0,3.2
S0001638,2025-01-28,P01,B,1,3,9.0,0,3.2
S0001639,2025-01-28,P01,B,2,3,4.0,1,3.2
S0001640,2025-01-28,P02,A,0,3,13.0,0,2.6
S0001641,2025-01-28,P02,A,1,3,5.0,0,2.6
S0001642,2025-01-28,P02,A,2,3,14.0,1,2.6
S0001643,2025-01-28,P02,B,0,3,25.0,0,2.6
S0001644,2025-01-28,P02,B,1,3,14.0,0,2.6
S0001645,2025-01-28,P02,B,2,3,1.0,1,2.6
S0001646,2025-01-28,P03,A,0,4,22.0,0,2.1
S0001647,2025-01-28,P03,A,1,4,17.0,0,2.1
S0001648,2025-01-28,P03,A,2,4,7.0,0,2.1
S0001649,2025-01-28,P03,A,3,4,16.0,1,2.1
S0001650,2025-01-28,P03,B,0,4,15.0,0,2.1
S0001651,2025-01-28,P03,B,1,4,12.0,0,2.1
S0001652,2025-01-28,P03,B,2,4,3.0,0,2.1
S0001653,2025-01-28,P04,A,0,3,14.0,0,6.8
S0001654,2025-01-28,P04,A,1,3,3.0,0,6.8
S0001655,2025-01-28,P04,A,2,3,3.0,1,6.8
S0001656,2025-01-28,P04,B,0,3,15.0,0,6.8
S0001657,2025-01-28,P04,B,1,3,2.0,0,6.8
S0001658,2025-01-28,P04,B,2,3,2.0,1,6.8
S0001659,2025-01-28,P05,A,0,5,13.0,0,4.1
S0001660,2025-01-28,P05,A,1,5,10.0,0,4.1
S0001661,2025-01-28,P05,A,2,5,8.0,0,4.1
S0001662,2025-01-28,P05,A,3,5,4.0,0,4.1
S0001663,2025-01-28,P05,B,0,5,13.0,0,4.1
S0001664,2025-01-28,P05,B,1,5,4.0,0,4.1
S0001665,2025-01-28,P05,B,2,5,6.0,0,4.1
S0001666,2025-01-28,P05,B,3,5,2.0,0,4.1
S0001667,2025-01-28,P06,A,0,3,17.0,0,3.0
S0001668,2025-01-28,P06,A,1,3,14.0,0,3.0
S0001669,2025-01-28,P06,B,0,3,5.0,0,3.0
S0001670,2025-01-28,P06,B,1,3,7.0,0,3.0
S0001671,2025-01-28,P07,A,0,7,17.0,0,1.8
S0001672,2025-01-28,P07,A,1,7,14.0,0,1.8
S0001673,2025-01-28,P07,A,2,7,3.0,0,1.8
S0001674,2025-01-28,P07,A,3,7,4.0,0,1.8
S0001675,2025-01-28,P07,A,4,7,6.0,0,1.8
S0001676,2025-01-28,P07,A,5,7,15.0,0,1.8
S0001677,2025-01-28,P07,A,6,7,1.0,1,1.8
S0001678,2025-01-28,P07,B,0,7,7.0,0,1.8
S0001679,2025-01-28,P07,B,1,7,4.0,0,1.8
S0001680,2025-01-28,P07,B,2,7,4.0,0,1.8
S0001681,2025-01-28,P07,B,3,7,4.0,0,1.8
S0001682,2025-01-28,P07,B,4,7,1.0,0,1.8
S0001683,2025-01-28,P07,B,5,7,1.0,0,1.8
S0001684,2025-01-28,P07,B,6,7,2.0,1,1.8
S0001685,2025-01-28,P08,A,0,5,7.0,0,3.7
S0001686,2025-01-28,P08,A,1,5,7.0,0,3.7
S0001687,2025-01-28,P08,A,2,5,2.0,0,3.7
S0001688,2025-01-28,P08,A,3,5,4.0,0,3.7
S0001689,2025-01-28,P08,A,4,5,1.0,1,3.7
S0001690,2025-01-28,P08,B,0,5,7.0,0,3.7
S0001691,2025-01-28,P08,B,1,5,1.0,0,3.7
S0001692,2025-01-28,P08,B,2,5,1.0,0,3.7
S0001693,2025-01-28,P08,B,3,5,5.0,0,3.7
S0001694,2025-01-29,P01,A,0,3,44.0,0,3.2
S0001695,2025-01-29,P01,A,1,3,38.0,0,3.2
S0001696,2025-01-29,P01,A,2,3,3.0,1,3.2
S0001697,2025-01-29,P01,B,0,3,12.0,0,3.2
S0001698,2025-01-29,P01,B,1,3,10.0,0,3.2
S0001699,2025-01-29,P02,A,0,3,28.0,0,2.6
S0001700,2025-01-29,P02,A,1,3,13.0,0,2.6
S0001701,2025-01-29,P02,A,2,3,4.0,1,2.6
S0001702,2025-01-29,P02,B,0,3,9.0,0,2.6
S0001703,2025-01-29,P02,B,1,3,5.0,0,2.6
S0001704,2025-01-29,P02,B,2,3,8.0,1,2.6
S0001705,2025-01-29,P03,A,0,4,46.0,0,2.1
S0001706,2025-01-29,P03,A,1,4,17.0,0,2.1
S0001707,2025-01-29,P03,A,2,4,9.0,0,2.1
S0001708,2025-01-29,P03,B,0,4,7.0,0,2.1
S0001709,2025-01-29,P03,B,1,4,7.0,0,2.1
S0001710,2025-01-29,P03,B,2,4,2.0,0,2.1
S0001711,2025-01-29,P04,A,0,3,14.0,0,6.8
S0001712,2025-01-29,P04,A,1,3,12.0,0,6.8
S0001713,2025-01-29,P04,B,0,3,14.0,0,6.8
S0001714,2025-01-29,P04,B,1,3,7.0,0,6.8
S0001715,2025-01-29,P05,A,0,5,9.0,0,4.1
S0001716,2025-01-29,P05,A,1,5,13.0,0,4.1
S0001717,2025-01-29,P05,A,2,5,4.0,0,4.1
S0001718,2025-01-29,P05,A,3,5,18.0,0,4.1
S0001719,2025-01-29,P05,A,4,5,4.0,1,4.1
S0001720,2025-01-29,P05,B,0,5,3.0,0,4.1
S0001721,2025-01-29,P05,B,1,5,4.0,0,4.1
S0001722,2025-01-29,P05,B,3,5,1.0,0,4.1
S0001723,2025-01-29,P06,A,0,3,28.0,0,3.0
S0001724,2025-01-29,P06,A,1,3,21.0,0,3.0
S0001725,2025-01-29,P06,A,2,3,11.0,1,3.0
S0001726,2025-01-29,P06,B,0,3,8.0,0,3.0
S0001727,2025-01-29,P06,B,1,3,2.0,0,3.0
S0001728,2025-01-29,P06,B,2,3,1.0,1,3.0
S0001729,2025-01-29,P07,A,0,7,17.0,0,1.8
S0001730,2025-01-29,P07,A,1,7,7.0,0,1.8
S0001731,2025-01-29,P07,A,2,7,10.0,0,1.8
S0001732,2025-01-29,P07,A,3,7,3.0,0,1.8
S0001733,2025-01-29,P07,A,4,7,6.0,0,1.8
S0001734,2025-01-29,P07,A,5,7,2.0,0,1.8
S0001735,2025-01-29,P07,A,6,7,1.0,1,1.8
S0001736,2025-01-29,P07,B,0,7,12.0,0,1.8
S0001737,2025-01-29,P07,B,1,7,10.0,0,1.8
S0001738,2025-01-29,P07,B,2,7,6.0,0,1.8
S0001739,2025-01-29,P07,B,3,7,8.0,0,1.8
S0001740,2025-01-29,P07,B,5,7,7.0,0,1.8
S0001741,2025-01-29,P08,A,0,5,12.0,0,3.7
S0001742,2025-01-29,P08,A,1,5,7.0,0,3.7
S0001743,2025-01-29,P08,A,2,5,1.0,0,3.7
S0001744,2025-01-29,P08,A,3,5,3.0,0,3.7
S0001745,2025-01-29,P08,A,4,5,3.0,1,3.7
S0001746,2025-01-29,P08,B,0,5,6.0,0,3.7
S0001747,2025-01-29,P08,B,1,5,7.0,0,3.7
S0001748,2025-01-29,P08,B,2,5,1.0,0,3.7
S0001749,2025-01-29,P08,B,3,5,2.0,0,3.7
S0001750,2025-01-29,P08,B,4,5,1.0,1,3.7
S0001751,2025-01-30,P01,A,0,3,37.0,0,3.2
S0001752,2025-01-30,P01,A,1,3,17.0,0,3.2
S0001753,2025-01-30,P01,A,2,3,3.0,1,3.2
S0001754,2025-01-30,P01,B,0,3,20.0,0,3.2
S0001755,2025-01-30,P01,B,1,3,17.0,0,3.2
S0001756,2025-01-30,P01,B,2,3,5.0,1,3.2
S0001757,2025-01-30,P02,A,0,3,28.0,0,2.6
S0001758,2025-01-30,P02,A,1,3,15.0,0,2.6
S0001759,2025-01-30,P02,A,2,3,3.0,1,2.6
S0001760,2025-01-30,P02,B,0,3,14.0,0,2.6
S0001761,2025-01-30,P02,B,1,3,11.0,0,2.6
S0001762,2025-01-30,P03,A,0,4,17.0,0,2.1
S0001763,2025-01-30,P03,A,1,4,2.0,0,2.1
S0001764,2025-01-30,P03,A,2,4,6.0,0,2.1
S0001765,2025-01-30,P03,A,3,4,8.0,1,2.1
S0001766,2025-01-30,P03,B,0,4,16.0,0,2.1
S0001767,2025-01-30,P03,B,1,4,8.0,0,2.1
S0001768,2025-01-30,P03,B,2,4,16.0,0,2.1
S0001769,2025-01-30,P03,B,3,4,1.0,1,2.1
S0001770,2025-01-30,P04,A,0,3,17.0,0,6.8
S0001771,2025-01-30,P04,A,1,3,9.0,0,6.8
S0001772,2025-01-30,P04,B,0,3,19.0,0,6.8
S0001773,2025-01-30,P04,B,1,3,12.0,0,6.8
S0001774,2025-01-30,P05,A,0,5,18.0,0,4.1
S0001775,2025-01-30,P05,A,1,5,8.0,0,4.1
S0001776,2025-01-30,P05,A,2,5,5.0,0,4.1
S0001777,2025-01-30,P05,A,3,5,3.0,0,4.1
S0001778,2025-01-30,P05,A,4,5,9.0,1,4.1
S0001779,2025-01-30,P05,B,0,5,13.0,0,4.1
S0001780,2025-01-30,P05,B,1,5,6.0,0,4.1
S0001781,2025-01-30,P05,B,2,5,4.0,0,4.1
S0001782,2025-01-30,P05,B,3,5,2.0,0,4.1
S0001783,2025-01-30,P06,A,0,3,20.0,0,3.0
S0001784,2025-01-30,P06,A,1,3,11.0,0,3.0
S0001785,2025-01-30,P06,A,2,3,5.0,1,3.0
S0001786,2025-01-30,P06,B,0,3,13.0,0,3.0
S0001787,2025-01-30,P06,B,1,3,9.0,0,3.0
S0001788,2025-01-30,P06,B,2,3,3.0,1,3.0
S0001789,2025-01-30,P07,A,0,7,24.0,0,1.8
S0001790,2025-01-30,P07,A,1,7,8.0,0,1.8
S0001791,2025-01-30,P07,A,2,7,14.0,0,1.8
S0001792,2025-01-30,P07,A,3,7,11.0,0,1.8
S0001793,2025-01-30,P07,A,4,7,4.0,0,1.8
S0001794,2025-01-30,P07,A,5,7,5.0,0,1.8
S0001795,2025-01-30,P07,A,6,7,1.0,1,1.8
S0001796,2025-01-30,P07,B,0,7,5.0,0,1.8
S0001797,2025-01-30,P07,B,1,7,4.0,0,1.8
S0001798,2025-01-30,P07,B,2,7,8.0,0,1.8
S0001799,2025-01-30,P07,B,3,7,5.0,0,1.8
S0001800,2025-01-30,P07,B,4,7,1.0,0,1.8
S0001801,2025-01-30,P07,B,6,7,1.0,1,1.8
S0001802,2025-01-30,P08,A,0,5,11.0,0,3.7
S0001803,2025-01-30,P08,A,1,5,14.0,0,3.7
S0001804,2025-01-30,P08,A,2,5,19.0,0,3.7
S0001805,2025-01-30,P08,A,3,5,2.0,0,3.7
S0001806,2025-01-30,P08,A,4,5,3.0,1,3.7
S0001807,2025-01-30,P08,B,0,5,4.0,0,3.7
S0001808,2025-01-30,P08,B,1,5,2.0,0,3.7
S0001809,2025-01-30,P08,B,4,5,3.0,1,3.7
S0001810,2025-01-31,P01,A,0,3,38.0,0,3.2
S0001811,2025-01-31,P01,A,1,3,30.0,0,3.2
S0001812,2025-01-31,P01,B,0,3,11.0,0,3.2
S0001813,2025-01-31,P01,B,1,3,6.0,0,3.2
S0001814,2025-01-31,P01,B,2,3,5.0,1,3.2
S0001815,2025-01-31,P02,A,0,3,48.0,0,2.6
S0001816,2025-01-31,P02,A,1,3,12.0,0,2.6
S0001817,2025-01-31,P02,B,0,3,8.0,0,2.6
S0001818,2025-01-31,P02,B,1,3,5.0,0,2.6
S0001819,2025-01-31,P02,B,2,3,1.0,1,2.6
S0001820,2025-01-31,P03,A,0,4,21.0,0,2.1
S0001821,2025-01-31,P03,A,1,4,13.0,0,2.1
S0001822,2025-01-31,P03,A,2,4,16.0,0,2.1
S0001823,2025-01-31,P03,B,0,4,10.0,0,2.1
S0001824,2025-01-31,P03,B,1,4,4.0,0,2.1
S0001825,2025-01-31,P03,B,2,4,1.0,0,2.1
S0001826,2025-01-31,P04,A,0,3,13.0,0,6.8
S0001827,2025-01-31,P04,A,1,3,9.0,0,6.8
S0001828,2025-01-31,P04,A,2,3,3.0,1,6.8
S0001829,2025-01-31,P04,B,0,3,14.0,0,6.8
S0001830,2025-01-31,P04,B,1,3,6.0,0,6.8
S0001831,2025-01-31,P05,A,0,5,23.0,0,4.1
S0001832,2025-01-31,P05,A,1,5,27.0,0,4.1
S0001833,2025-01-31,P05,A,2,5,7.0,0,4.1
S0001834,2025-01-31,P05,A,3,5,4.0,0,4.1
S0001835,2025-01-31,P05,A,4,5,3.0,1,4.1
S0001836,2025-01-31,P05,B,0,5,11.0,0,4.1
S0001837,2025-01-31,P05,B,1,5,2.0,0,4.1
S0001838,2025-01-31,P05,B,2,5,4.0,0,4.1
S0001839,2025-01-31,P05,B,3,5,1.0,0,4.1
S0001840,2025-01-31,P05,B,4,5,1.0,1,4.1
S0001841,2025-01-31,P06,A,0,3,25.0,0,3.0
S0001842,2025-01-31,P06,A,1,3,7.0,0,3.0
S0001843,2025-01-31,P06,A,2,3,1.0,1,3.0
S0001844,2025-01-31,P06,B,0,3,7.0,0,3.0
S0001845,2025-01-31,P06,B,1,3,3.0,0,3.0
S0001846,2025-01-31,P07,A,0,7,9.0,0,1.8
S0001847,2025-01-31,P07,A,1,7,12.0,0,1.8
S0001848,2025-01-31,P07,A,2,7,13.0,0,1.8
S0001849,2025-01-31,P07,A,3,7,5.0,0,1.8
S0001850,2025-01-31,P07,A,4,7,3.0,0,1.8
S0001851,2025-01-31,P07,A,5,7,10.0,0,1.8
S0001852,2025-01-31,P07,A,6,7,1.0,1,1.8
S0001853,2025-01-31,P07,B,0,7,4.0,0,1.8
S0001854,2025-01-31,P07,B,1,7,3.0,0,1.8
S0001855,2025-01-31,P07,B,2,7,14.0,0,1.8
S0001856,2025-01-31,P07,B,3,7,5.0,0,1.8
S0001857,2025-01-31,P07,B,4,7,2.0,0,1.8
S0001858,2025-01-31,P07,B,5,7,1.0,0,1.8
S0001859,2025-01-31,P07,B,6,7,1.0,1,1.8
S0001860,2025-01-31,P08,A,0,5,10.0,0,3.7
S0001861,2025-01-31,P08,A,1,5,11.0,0,3.7
S0001862,2025-01-31,P08,A,2,5,18.0,0,3.7
S0001863,2025-01-31,P08,A,3,5,14.0,0,3.7
S0001864,2025-01-31,P08,A,4,5,3.0,1,3.7
S0001865,2025-01-31,P08,B,0,5,4.0,0,3.7
S0001866,2025-01-31,P08,B,1,5,1.0,0,3.7
S0001867,2025-01-31,P08,B,2,5,4.0,0,3.7
S0001868,2025-01-31,P08,B,3,5,1.0,0,3.7
S0001869,2025-01-31,P08,B,4,5,1.0,1,3.7
S0001870,2025-02-01,P01,A,0,3,35.0,0,3.2
S0001871,2025-02-01,P01,A,1,3,16.0,0,3.2
S0001872,2025-02-01,P01,A,2,3,3.0,1,3.2
S0001873,2025-02-01,P01,B,0,3,43.0,0,3.2
S0001874,2025-02-01,P01,B,1,3,24.0,0,3.2
S0001875,2025-02-01,P02,A,0,3,16.0,0,2.6
S0001876,2025-02-01,P02,A,1,3,7.0,0,2.6
S0001877,2025-02-01,P02,A,2,3,1.0,1,2.6
S0001878,2025-02-01,P02,B,0,3,11.0,0,2.6
S0001879,2025-02-01,P02,B,1,3,11.0,0,2.6
S0001880,2025-02-01,P02,B,2,3,8.0,1,2.6
S0001881,2025-02-01,P03,A,0,4,35.0,0,2.1
S0001882,2025-02-01,P03,A,1,4,18.0,0,2.1
S0001883,2025-02-01,P03,A,2,4,7.0,0,2.1
S0001884,2025-02-01,P03,A,3,4,12.0,1,2.1
S0001885,2025-02-01,P03,B,0,4,13.0,0,2.1
S0001886,2025-02-01,P03,B,1,4,12.0,0,2.1
S0001887,2025-02-01,P03,B,3,4,2.0,1,2.1
S0001888,2025-02-01,P04,A,0,3,15.0,0,6.8
S0001889,2025-02-01,P04,A,1,3,6.0,0,6.8
S0001890,2025-02-01,P04,A,2,3,6.0,1,6.8
S0001891,2025-02-01,P04,B,0,3,24.0,0,6.8
S0001892,2025-02-01,P04,B,1,3,7.0,0,6.8
S0001893,2025-02-01,P04,B,2,3,1.0,1,6.8
S0001894,2025-02-01,P05,A,0,5,11.0,0,4.1
S0001895,2025-02-01,P05,A,1,5,8.0,0,4.1
S0001896,2025-02-01,P05,A,2,5,9.0,0,4.1
S0001897,2025-02-01,P05,A,3,5,3.0,0,4.1
S0001898,2025-02-01,P05,A,4,5,4.0,1,4.1
S0001899,2025-02-01,P05,B,0,5,12.0,0,4.1
S0001900,2025-02-01,P05,B,1,5,2.0,0,4.1
S0001901,2025-02-01,P05,B,2,5,10.0,0,4.1
S0001902,2025-02-01,P05,B,3,5,2.0,0,4.1
S0001903,2025-02-01,P05,B,4,5,2.0,1,4.1
S0001904,2025-02-01,P06,A,0,3,18.0,0,3.0
S0001905,2025-02-01,P06,A,1,3,10.0,0,3.0
S0001906,2025-02-01,P06,B,0,3,6.0,0,3.0
S0001907,2025-02-01,P06,B,1,3,4.0,0,3.0
S0001908,2025-02-01,P06,B,2,3,1.0,1,3.0
S0001909,2025-02-01,P07,A,0,7,30.0,0,1.8
S0001910,2025-02-01,P07,A,1,7,16.0,0,1.8
S0001911,2025-02-01,P07,A,2,7,9.0,0,1.8
S0001912,2025-02-01,P07,A,3,7,2.0,0,1.8
S0001913,2025-02-01,P07,A,4,7,4.0,0,1.8
S0001914,2025-02-01,P07,A,5,7,2.0,0,1.8
S0001915,2025-02-01,P07,B,0,7,7.0,0,1.8
S0001916,2025-02-01,P07,B,1,7,4.0,0,1.8
S0001917,2025-02-01,P07,B,2,7,5.0,0,1.8
S0001918,2025-02-01,P07,B,3,7,1.0,0,1.8
S0001919,2025-02-01,P07,B,4,7,1.0,0,1.8
S0001920,2025-02-01,P07,B,6,7,1.0,1,1.8
S0001921,2025-02-01,P08,A,0,5,5.0,0,3.7
S0001922,2025-02-01,P08,A,1,5,12.0,0,3.7
S0001923,2025-02-01,P08,A,2,5,18.0,0,3.7
S0001924,2025-02-01,P08,A,3,5,7.0,0,3.7
S0001925,2025-02-01,P08,B,0,5,4.0,0,3.7
S0001926,2025-02-01,P08,B,1,5,2.0,0,3.7
S0001927,2025-02-01,P08,B,3,5,3.0,0,3.7
S0001928,2025-02-02,P01,A,0,3,46.0,0,3.2
S0001929,2025-02-02,P01,A,1,3,26.0,0,3.2
S0001930,2025-02-02,P01,A,2,3,1.0,1,3.2
S0001931,2025-02-02,P01,B,0,3,24.0,0,3.2
S0001932,2025-02-02,P01,B,1,3,21.0,0,3.2
S0001933,2025-02-02,P01,B,2,3,25.0,1,3.2
S0001934,2025-02-02,P02,A,0,3,33.0,0,2.6
S0001935,2025-02-02,P02,A,1,3,9.0,0,2.6
S0001936,2025-02-02,P02,A,2,3,5.0,1,2.6
S0001937,2025-02-02,P02,B,0,3,16.0,0,2.6
S0001938,2025-02-02,P02,B,1,3,2.0,0,2.6
S0001939,2025-02-02,P02,B,2,3,7.0,1,2.6
S0001940,2025-02-02,P03,A,0,4,16.0,0,2.1
S0001941,2025-02-02,P03,A,1,4,7.0,0,2.1
S0001942,2025-02-02,P03,A,2,4,12.0,0,2.1
S0001943,2025-02-02,P03,A,3,4,8.0,1,2.1
S0001944,2025-02-02,P03,B,0,4,11.0,0,2.1
S0001945,2025-02-02,P03,B,1,4,7.0,0,2.1
S0001946,2025-02-02,P03,B,2,4,2.0,0,2.1
S0001947,2025-02-02,P04,A,0,3,14.0,0,6.8
S0001948,2025-02-02,P04,A,1,3,5.0,0,6.8
S0001949,2025-02-02,P04,A,2,3,6.0,1,6.8
S0001950,2025-02-02,P04,B,0,3,11.0,0,6.8
S0001951,2025-02-02,P04,B,1,3,5.0,0,6.8
S0001952,2025-02-02,P04,B,2,3,2.0,1,6.8
S0001953,2025-02-02,P05,A,0,5,18.0,0,4.1
S0001954,2025-02-02,P05,A,1,5,5.0,0,4.1
S0001955,2025-02-02,P05,A,2,5,7.0,0,4.1
S0001956,2025-02-02,P05,A,4,5,13.0,1,4.1
S0001957,2025-02-02,P05,B,0,5,14.0,0,4.1
S0001958,2025-02-02,P05,B,1,5,9.0,0,4.1
S0001959,2025-02-02,P05,B,3,5,4.0,0,4.1
S0001960,2025-02-02,P05,B,4,5,3.0,1,4.1
S0001961,2025-02-02,P06,A,0,3,39.0,0,3.0
S0001962,2025-02-02,P06,A,1,3,11.0,0,3.0
S0001963,2025-02-02,P06,A,2,3,3.0,1,3.0
S0001964,2025-02-02,P06,B,0,3,6.0,0,3.0
S0001965,2025-02-02,P06,B,1,3,10.0,0,3.0
S0001966,2025-02-02,P07,A,0,7,19.0,0,1.8
S0001967,2025-02-02,P07,A,1,7,8.0,0,1.8
S0001968,2025-02-02,P07,A,2,7,14.0,0,1.8
S0001969,2025-02-02,P07,A,3,7,13.0,0,1.8
S0001970,2025-02-02,P07,A,4,7,17.0,0,1.8
S0001971,2025-02-02,P07,A,5,7,10.0,0,1.8
S0001972,2025-02-02,P07,A,6,7,4.0,1,1.8
S0001973,2025-02-02,P07,B,0,7,6.0,0,1.8
S0001974,2025-02-02,P07,B,1,7,5.0,0,1.8
S0001975,2025-02-02,P07,B,2,7,2.0,0,1.8
S0001976,2025-02-02,P07,B,3,7,5.0,0,1.8
S0001977,2025-02-02,P07,B,4,7,2.0,0,1.8
S0001978,2025-02-02,P07,B,5,7,1.0,0,1.8
S0001979,2025-02-02,P07,B,6,7,1.0,1,1.8
S0001980,2025-02-02,P08,A,0,5,12.0,0,3.7
S0001981,2025-02-02,P08,A,1,5,8.0,0,3.7
S0001982,2025-02-02,P08,A,2,5,3.0,0,3.7
S0001983,2025-02-02,P08,A,3,5,6.0,0,3.7
S0001984,2025-02-02,P08,A,4,5,6.0,1,3.7
S0001985,2025-02-02,P08,B,0,5,19.0,0,3.7
S0001986,2025-02-02,P08,B,1,5,8.0,0,3.7
S0001987,2025-02-02,P08,B,2,5,11.0,0,3.7
S0001988,2025-02-02,P08,B,3,5,3.0,0,3.7
S0001989,2025-02-02,P08,B,4,5,1.0,1,3.7
S0001990,2025-02-03,P01,A,0,3,54.0,0,3.2
S0001991,2025-02-03,P01,A,1,3,18.0,0,3.2
S0001992,2025-02-03,P01,A,2,3,4.0,1,3.2
S0001993,2025-02-03,P01,B,0,3,33.0,0,3.2
S0001994,2025-02-03,P01,B,1,3,23.0,0,3.2
S0001995,2025-02-03,P01,B,2,3,3.0,1,3.2
S0001996,2025-02-03,P02,A,0,3,32.0,0,2.6
S0001997,2025-02-03,P02,A,1,3,8.0,0,2.6
S0001998,2025-02-03,P02,A,2,3,5.0,1,2.6
S0001999,2025-02-03,P02,B,0,3,27.0,0,2.6
S0002000,2025-02-03,P02,B,1,3,20.0,0,2.6
S0002001,2025-02-03,P02,B,2,3,8.0,1,2.6
S0002002,2025-02-03,P03,A,0,4,39.0,0,2.1
S0002003,2025-02-03,P03,A,1,4,34.0,0,2.1
S0002004,2025-02-03,P03,A,2,4,3.0,0,2.1
S0002005,2025-02-03,P03,A,3,4,8.0,1,2.1
S0002006,2025-02-03,P03,B,0,4,11.0,0,2.1
S0002007,2025-02-03,P03,B,1,4,8.0,0,2.1
S0002008,2025-02-03,P03,B,3,4,3.0,1,2.1
S0002009,2025-02-03,P04,A,0,3,18.0,0,6.8
S0002010,2025-02-03,P04,A,1,3,16.0,0,6.8
S0002011,2025-02-03,P04,A,2,3,4.0,1,6.8
S0002012,2025-02-03,P04,B,0,3,11.0,0,6.8
S0002013,2025-02-03,P04,B,1,3,7.0,0,6.8
S0002014,2025-02-03,P05,A,0,5,13.0,0,4.1
S0002015,2025-02-03,P05,A,1,5,15.0,0,4.1
S0002016,2025-02-03,P05,A,2,5,4.0,0,4.1
S0002017,2025-02-03,P05,A,3,5,1.0,0,4.1
S0002018,2025-02-03,P05,A,4,5,2.0,1,4.1
S0002019,2025-02-03,P05,B,0,5,6.0,0,4.1
S0002020,2025-02-03,P05,B,1,5,6.0,0,4.1
S0002021,2025-02-03,P05,B,2,5,2.0,0,4.1
S0002022,2025-02-03,P05,B,3,5,2.0,0,4.1
S0002023,2025-02-03,P06,A,0,3,26.0,0,3.0
S0002024,2025-02-03,P06,A,1,3,11.0,0,3.0
S0002025,2025-02-03,P06,A,2,3,11.0,1,3.0
S0002026,2025-02-03,P06,B,0,3,5.0,0,3.0
S0002027,2025-02-03,P06,B,1,3,3.0,0,3.0
S0002028,2025-02-03,P07,A,0,7,24.0,0,1.8
S0002029,2025-02-03,P07,A,1,7,3.0,0,1.8
S0002030,2025-02-03,P07,A,2,7,10.0,0,1.8
S0002031,2025-02-03,P07,A,3,7,12.0,0,1.8
S0002032,2025-02-03,P07,A,4,7,2.0,0,1.8
S0002033,2025-02-03,P07,A,5,7,4.0,0,1.8
S0002034,2025-02-03,P07,B,0,7,7.0,0,1.8
S0002035,2025-02-03,P07,B,1,7,5.0,0,1.8
S0002036,2025-02-03,P07,B,2,7,8.0,0,1.8
S0002037,2025-02-03,P07,B,3,7,4.0,0,1.8
S0002038,2025-02-03,P07,B,4,7,3.0,0,1.8
S0002039,2025-02-03,P07,B,6,7,6.0,1,1.8
S0002040,2025-02-03,P08,A,0,5,12.0,0,3.7
S0002041,2025-02-03,P08,A,1,5,10.0,0,3.7
S0002042,2025-02-03,P08,A,2,5,5.0,0,3.7
S0002043,2025-02-03,P08,A,3,5,11.0,0,3.7
S0002044,2025-02-03,P08,A,4,5,1.0,1,3.7
S0002045,2025-02-03,P08,B,0,5,5.0,0,3.7
S0002046,2025-02-03,P08,B,1,5,4.0,0,3.7
S0002047,2025-02-03,P08,B,2,5,9.0,0,3.7
S0002048,2025-02-03,P08,B,3,5,6.0,0,3.7
S0002049,2025-02-04,P01,A,0,3,73.0,0,3.2
S0002050,2025-02-04,P01,A,1,3,11.0,0,3.2
S0002051,2025-02-04,P01,A,2,3,20.0,1,3.2
S0002052,2025-02-04,P01,B,0,3,23.0,0,3.2
S0002053,2025-02-04,P01,B,1,3,29.0,0,3.2
S0002054,2025-02-04,P01,B,2,3,7.0,1,3.2
S0002055,2025-02-04,P02,A,0,3,18.0,0,2.6
S0002056,2025-02-04,P02,A,1,3,5.0,0,2.6
S0002057,2025-02-04,P02,A,2,3,10.0,1,2.6
S0002058,2025-02-04,P02,B,0,3,15.0,0,2.6
S0002059,2025-02-04,P02,B,1,3,19.0,0,2.6
S0002060,2025-02-04,P02,B,2,3,2.0,1,2.6
S0002061,2025-02-04,P03,A,0,4,35.0,0,2.1
S0002062,2025-02-04,P03,A,1,4,29.0,0,2.1
S0002063,2025-02-04,P03,A,2,4,9.0,0,2.1
S0002064,2025-02-04,P03,B,0,4,10.0,0,2.1
S0002065,2025-02-04,P03,B,1,4,9.0,0,2.1
S0002066,2025-02-04,P03,B,2,4,2.0,0,2.1
S0002067,2025-02-04,P03,B,3,4,1.0,1,2.1
S0002068,2025-02-04,P04,A,0,3,42.0,0,6.8
S0002069,2025-02-04,P04,A,1,3,19.0,0,6.8
S0002070,2025-02-04,P04,A,2,3,5.0,1,6.8
S0002071,2025-02-04,P04,B,0,3,20.0,0,6.8
S0002072,2025-02-04,P04,B,1,3,7.0,0,6.8
S0002073,2025-02-04,P05,A,0,5,8.0,0,4.1
S0002074,2025-02-04,P05,A,1,5,13.0,0,4.1
S0002075,2025-02-04,P05,A,2,5,5.0,0,4.1
S0002076,2025-02-04,P05,A,3,5,1.0,0,4.1
S0002077,2025-02-04,P05,B,0,5,14.0,0,4.1
S0002078,2025-02-04,P05,B,1,5,16.0,0,4.1
S0002079,2025-02-04,P05,B,2,5,1.0,0,4.1
S0002080,2025-02-04,P05,B,3,5,3.0,0,4.1
S0002081,2025-02-04,P06,A,0,3,19.0,0,3.0
S0002082,2025-02-04,P06,A,1,3,10.0,0,3.0
S0002083,2025-02-04,P06,A,2,3,4.0,1,3.0
S0002084,2025-02-04,P06,B,0,3,9.0,0,3.0
S0002085,2025-02-04,P06,B,1,3,1.0,0,3.0
S0002086,2025-02-04,P06,B,2,3,11.0,1,3.0
S0002087,2025-02-04,P07,A,0,7,16.0,0,1.8
S0002088,2025-02-04,P07,A,1,7,4.0,0,1.8
S0002089,2025-02-04,P07,A,2,7,6.0,0,1.8
S0002090,2025-02-04,P07,A,3,7,15.0,0,1.8
S0002091,2025-02-04,P07,A,4,7,15.0,0,1.8
S0002092,2025-02-04,P07,A,5,7,9.0,0,1.8
S0002093,2025-02-04,P07,A,6,7,1.0,1,1.8
S0002094,2025-02-04,P07,B,0,7,9.0,0,1.8
S0002095,2025-02-04,P07,B,1,7,8.0,0,1.8
S0002096,2025-02-04,P07,B,2,7,1.0,0,1.8
S0002097,2025-02-04,P07,B,3,7,8.0,0,1.8
S0002098,2025-02-04,P07,B,4,7,5.0,0,1.8
S0002099,2025-02-04,P07,B,5,7,2.0,0,1.8
S0002100,2025-02-04,P07,B,6,7,1.0,1,1.8
S0002101,2025-02-04,P08,A,0,5,16.0,0,3.7
S0002102,2025-02-04,P08,A,1,5,9.0,0,3.7
S0002103,2025-02-04,P08,A,2,5,8.0,0,3.7
S0002104,2025-02-04,P08,A,3,5,3.0,0,3.7
S0002105,2025-02-04,P08,B,0,5,18.0,0,3.7
S0002106,2025-02-04,P08,B,1,5,12.0,0,3.7
S0002107,2025-02-04,P08,B,2,5,5.0,0,3.7
S0002108,2025-02-04,P08,B,3,5,5.0,0,3.7
S0002109,2025-02-05,P01,A,0,3,38.0,0,3.2
S0002110,2025-02-05,P01,A,1,3,20.0,0,3.2
S0002111,2025-02-05,P01,A,2,3,15.0,1,3.2
S0002112,2025-02-05,P01,B,0,3,22.0,0,3.2
S0002113,2025-02-05,P01,B,1,3,29.0,0,3.2
S0002114,2025-02-05,P01,B,2,3,6.0,1,3.2
S0002115,2025-02-05,P02,A,0,3,50.0,0,2.6
S0002116,2025-02-05,P02,A,1,3,26.0,0,2.6
S0002117,2025-02-05,P02,A,2,3,10.0,1,2.6
S0002118,2025-02-05,P02,B,0,3,13.0,0,2.6
S0002119,2025-02-05,P02,B,1,3,8.0,0,2.6
S0002120,2025-02-05,P02,B,2,3,4.0,1,2.6
S0002121,2025-02-05,P03,A,0,4,33.0,0,2.1
S0002122,2025-02-05,P03,A,1,4,19.0,0,2.1
S0002123,2025-02-05,P03,A,2,4,6.0,0,2.1
S0002124,2025-02-05,P03,A,3,4,6.0,1,2.1
S0002125,2025-02-05,P03,B,0,4,18.0,0,2.1
S0002126,2025-02-05,P03,B,1,4,9.0,0,2.1
S0002127,2025-02-05,P03,B,2,4,6.0,0,2.1
S0002128,2025-02-05,P03,B,3,4,3.0,1,2.1
S0002129,2025-02-05,P04,A,0,3,36.0,0,6.8
S0002130,2025-02-05,P04,A,1,3,23.0,0,6.8
S0002131,2025-02-05,P04,B,0,3,13.0,0,6.8
S0002132,2025-02-05,P04,B,1,3,9.0,0,6.8
S0002133,2025-02-05,P04,B,2,3,2.0,1,6.8
S0002134,2025-02-05,P05,A,0,5,25.0,0,4.1
S0002135,2025-02-05,P05,A,1,5,6.0,0,4.1
S0002136,2025-02-05,P05,A,2,5,2.0,0,4.1
S0002137,2025-02-05,P05,A,3,5,2.0,0,4.1
S0002138,2025-02-05,P05,A,4,5,3.0,1,4.1
S0002139,2025-02-05,P05,B,0,5,5.0,0,4.1
S0002140,2025-02-05,P05,B,1,5,10.0,0,4.1
S0002141,2025-02-05,P05,B,2,5,8.0,0,4.1
S0002142,2025-02-05,P05,B,3,5,3.0,0,4.1
S0002143,2025-02-05,P05,B,4,5,6.0,1,4.1
S0002144,2025-02-05,P06,A,0,3,11.0,0,3.0
S0002145,2025-02-05,P06,A,1,3,5.0,0,3.0
S0002146,2025-02-05,P06,A,2,3,1.0,1,3.0
S0002147,2025-02-05,P06,B,0,3,20.0,0,3.0
S0002148,2025-02-05,P06,B,1,3,1.0,0,3.0
S0002149,2025-02-05,P07,A,0,7,23.0,0,1.8
S0002150,2025-02-05,P07,A,1,7,17.0,0,1.8
S0002151,2025-02-05,P07,A,2,7,21.0,0,1.8
S0002152,2025-02-05,P07,A,3,7,26.0,0,1.8
S0002153,2025-02-05,P07,A,5,7,6.0,0,1.8
S0002154,2025-02-05,P07,A,6,7,4.0,1,1.8
S0002155,2025-02-05,P07,B,0,7,9.0,0,1.8
S0002156,2025-02-05,P07,B,1,7,4.0,0,1.8
S0002157,2025-02-05,P07,B,2,7,9.0,0,1.8
S0002158,2025-02-05,P07,B,3,7,6.0,0,1.8
S0002159,2025-02-05,P07,B,4,7,1.0,0,1.8
S0002160,2025-02-05,P07,B,5,7,1.0,0,1.8
S0002161,2025-02-05,P08,A,0,5,12.0,0,3.7
S0002162,2025-02-05,P08,A,1,5,13.0,0,3.7
S0002163,2025-02-05,P08,A,2,5,5.0,0,3.7
S0002164,2025-02-05,P08,A,3,5,8.0,0,3.7
S0002165,2025-02-05,P08,A,4,5,7.0,1,3.7
S0002166,2025-02-05,P08,B,0,5,7.0,0,3.7
S0002167,2025-02-05,P08,B,1,5,3.0,0,3.7
S0002168,2025-02-05,P08,B,2,5,2.0,0,3.7
S0002169,2025-02-05,P08,B,4,5,3.0,1,3.7
S0002170,2025-02-06,P01,A,0,3,32.0,0,3.2
S0002171,2025-02-06,P01,A,1,3,21.0,0,3.2
S0002172,2025-02-06,P01,A,2,3,66.0,1,3.2
S0002173,2025-02-06,P01,B,0,3,11.0,0,3.2
S0002174,2025-02-06,P01,B,1,3,9.0,0,3.2
S0002175,2025-02-06,P01,B,2,3,1.0,1,3.2
S0002176,2025-02-06,P02,A,0,3,30.0,0,2.6
S0002177,2025-02-06,P02,A,1,3,22.0,0,2.6
S0002178,2025-02-06,P02,A,2,3,2.0,1,2.6
S0002179,2025-02-06,P02,B,0,3,15.0,0,2.6
S0002180,2025-02-06,P02,B,1,3,10.0,0,2.6
S0002181,2025-02-06,P02,B,2,3,1.0,1,2.6
S0002182,2025-02-06,P03,A,0,4,34.0,0,2.1
S0002183,2025-02-06,P03,A,1,4,22.0,0,2.1
S0002184,2025-02-06,P03,A,2,4,2.0,0,2.1
S0002185,2025-02-06,P03,A,3,4,5.0,1,2.1
S0002186,2025-02-06,P03,B,0,4,15.0,0,2.1
S0002187,2025-02-06,P03,B,1,4,8.0,0,2.1
S0002188,2025-02-06,P03,B,2,4,5.0,0,2.1
S0002189,2025-02-06,P03,B,3,4,3.0,1,2.1
S0002190,2025-02-06,P04,A,0,3,13.0,0,6.8
S0002191,2025-02-06,P04,A,1,3,8.0,0,6.8
S0002192,2025-02-06,P04,A,2,3,2.0,1,6.8
S0002193,2025-02-06,P04,B,0,3,21.0,0,6.8
S0002194,2025-02-06,P04,B,1,3,7.0,0,6.8
S0002195,2025-02-06,P05,A,0,5,19.0,0,4.1
S0002196,2025-02-06,P05,A,1,5,8.0,0,4.1
S0002197,2025-02-06,P05,A,2,5,3.0,0,4.1
S0002198,2025-02-06,P05,A,3,5,5.0,0,4.1
S0002199,2025-02-06,P05,A,4,5,8.0,1,4.1
S0002200,2025-02-06,P05,B,0,5,3.0,0,4.1
S0002201,2025-02-06,P05,B,1,5,2.0,0,4.1
S0002202,2025-02-06,P05,B,2,5,2.0,0,4.1
S0002203,2025-02-06,P05,B,4,5,8.0,1,4.1
S0002204,2025-02-06,P06,A,0,3,38.0,0,3.0
S0002205,2025-02-06,P06,A,1,3,13.0,0,3.0
S0002206,2025-02-06,P06,A,2,3,1.0,1,3.0
S0002207,2025-02-06,P06,B,0,3,7.0,0,3.0
S0002208,2025-02-06,P06,B,1,3,2.0,0,3.0
S0002209,2025-02-06,P07,A,0,7,13.0,0,1.8
S0002210,2025-02-06,P07,A,1,7,20.0,0,1.8
S0002211,2025-02-06,P07,A,2,7,13.0,0,1.8
S0002212,2025-02-06,P07,A,3,7,10.0,0,1.8
S0002213,2025-02-06,P07,A,4,7,11.0,0,1.8
S0002214,2025-02-06,P07,A,5,7,6.0,0,1.8
S0002215,2025-02-06,P07,A,6,7,2.0,1,1.8
S0002216,2025-02-06,P07,B,0,7,4.0,0,1.8
S0002217,2025-02-06,P07,B,1,7,3.0,0,1.8
S0002218,2025-02-06,P07,B,2,7,4.0,0,1.8
S0002219,2025-02-06,P07,B,4,7,3.0,0,1.8
S0002220,2025-02-06,P08,A,0,5,12.0,0,3.7
S0002221,2025-02-06,P08,A,1,5,3.0,0,3.7
S0002222,2025-02-06,P08,A,2,5,7.0,0,3.7
S0002223,2025-02-06,P08,A,3,5,2.0,0,3.7
S0002224,2025-02-06,P08,A,4,5,3.0,1,3.7
S0002225,2025-02-06,P08,B,0,5,9.0,0,3.7
S0002226,2025-02-06,P08,B,1,5,3.0,0,3.7
S0002227,2025-02-06,P08,B,2,5,3.0,0,3.7
S0002228,2025-02-06,P08,B,3,5,4.0,0,3.7
S0002229,2025-02-06,P08,B,4,5,3.0,1,3.7
S0002230,2025-02-07,P01,A,0,3,56.0,0,3.2
S0002231,2025-02-07,P01,A,1,3,21.0,0,3.2
S0002232,2025-02-07,P01,A,2,3,5.0,1,3.2
S0002233,2025-02-07,P01,B,0,3,10.0,0,3.2
S0002234,2025-02-07,P01,B,1,3,12.0,0,3.2
S0002235,2025-02-07,P01,B,2,3,2.0,1,3.2
S0002236,2025-02-07,P02,A,0,3,22.0,0,2.6
S0002237,2025-02-07,P02,A,1,3,15.0,0,2.6
S0002238,2025-02-07,P02,A,2,3,7.0,1,2.6
S0002239,2025-02-07,P02,B,0,3,32.0,0,2.6
S0002240,2025-02-07,P02,B,1,3,13.0,0,2.6
S0002241,2025-02-07,P03,A,0,4,32.0,0,2.1
S0002242,2025-02-07,P03,A,1,4,15.0,0,2.1
S0002243,2025-02-07,P03,A,2,4,20.0,0,2.1
S0002244,2025-02-07,P03,A,3,4,1.0,1,2.1
S0002245,2025-02-07,P03,B,0,4,15.0,0,2.1
S0002246,2025-02-07,P03,B,1,4,11.0,0,2.1
S0002247,2025-02-07,P03,B,2,4,19.0,0,2.1
S0002248,2025-02-07,P03,B,3,4,1.0,1,2.1
S0002249,2025-02-07,P04,A,0,3,18.0,0,6.8
S0002250,2025-02-07,P04,A,1,3,24.0,0,6.8
S0002251,2025-02-07,P04,A,2,3,2.0,1,6.8
S0002252,2025-02-07,P04,B,0,3,12.0,0,6.8
S0002253,2025-02-07,P04,B,1,3,2.0,0,6.8
S0002254,2025-02-07,P04,B,2,3,6.0,1,6.8
S0002255,2025-02-07,P05,A,0,5,33.0,0,4.1
S0002256,2025-02-07,P05,A,1,5,7.0,0,4.1
S0002257,2025-02-07,P05,A,2,5,11.0,0,4.1
S0002258,2025-02-07,P05,A,3,5,2.0,0,4.1
S0002259,2025-02-07,P05,B,0,5,5.0,0,4.1
S0002260,2025-02-07,P05,B,1,5,4.0,0,4.1
S0002261,2025-02-07,P05,B,2,5,3.0,0,4.1
S0002262,2025-02-07,P05,B,3,5,5.0,0,4.1
S0002263,2025-02-07,P06,A,0,3,21.0,0,3.0
S0002264,2025-02-07,P06,A,1,3,12.0,0,3.0
S0002265,2025-02-07,P06,A,2,3,7.0,1,3.0
S0002266,2025-02-07,P06,B,0,3,7.0,0,3.0
S0002267,2025-02-07,P06,B,1,3,11.0,0,3.0
S0002268,2025-02-07,P06,B,2,3,3.0,1,3.0
S0002269,2025-02-07,P07,A,0,7,21.0,0,1.8
S0002270,2025-02-07,P07,A,1,7,15.0,0,1.8
S0002271,2025-02-07,P07,A,2,7,1.0,0,1.8
S0002272,2025-02-07,P07,A,3,7,10.0,0,1.8
S0002273,2025-02-07,P07,A,4,7,11.0,0,1.8
S0002274,2025-02-07,P07,A,5,7,8.0,0,1.8
S0002275,2025-02-07,P07,A,6,7,2.0,1,1.8
S0002276,2025-02-07,P07,B,0,7,5.0,0,1.8
S0002277,2025-02-07,P07,B,1,7,1.0,0,1.8
S0002278,2025-02-07,P07,B,2,7,4.0,0,1.8
S0002279,2025-02-07,P07,B,3,7,2.0,0,1.8
S0002280,2025-02-07,P07,B,4,7,3.0,0,1.8
S0002281,2025-02-07,P07,B,5,7,2.0,0,1.8
S0002282,2025-02-07,P07,B,6,7,7.0,1,1.8
S0002283,2025-02-07,P08,A,0,5,9.0,0,3.7
S0002284,2025-02-07,P08,A,1,5,7.0,0,3.7
S0002285,2025-02-07,P08,A,2,5,4.0,0,3.7
S0002286,2025-02-07,P08,A,3,5,2.0,0,3.7
S0002287,2025-02-07,P08,A,4,5,1.0,1,3.7
S0002288,2025-02-07,P08,B,0,5,11.0,0,3.7
S0002289,2025-02-07,P08,B,1,5,4.0,0,3.7
S0002290,2025-02-07,P08,B,2,5,5.0,0,3.7
S0002291,2025-02-07,P08,B,3,5,8.0,0,3.7
S0002292,2025-02-07,P08,B,4,5,1.0,1,3.7
S0002293,2025-02-08,P01,A,0,3,35.0,0,3.2
S0002294,2025-02-08,P01,A,1,3,31.0,0,3.2
S0002295,2025-02-08,P01,A,2,3,6.0,1,3.2
S0002296,2025-02-08,P01,B,0,3,20.0,0,3.2
S0002297,2025-02-08,P01,B,1,3,11.0,0,3.2
S0002298,2025-02-08,P01,B,2,3,5.0,1,3.2
S0002299,2025-02-08,P02,A,0,3,40.0,0,2.6
S0002300,2025-02-08,P02,A,1,3,25.0,0,2.6
S0002301,2025-02-08,P02,A,2,3,7.0,1,2.6
S0002302,2025-02-08,P02,B,0,3,7.0,0,2.6
S0002303,2025-02-08,P02,B,1,3,7.0,0,2.6
S0002304,2025-02-08,P02,B,2,3,2.0,1,2.6
S0002305,2025-02-08,P03,A,0,4,19.0,0,2.1
S0002306,2025-02-08,P03,A,1,4,27.0,0,2.1
S0002307,2025-02-08,P03,A,2,4,8.0,0,2.1
S0002308,2025-02-08,P03,A,3,4,23.0,1,2.1
S0002309,2025-02-08,P03,B,0,4,6.0,0,2.1
S0002310,2025-02-08,P03,B,1,4,2.0,0,2.1
S0002311,2025-02-08,P03,B,2,4,6.0,0,2.1
S0002312,2025-02-08,P04,A,0,3,24.0,0,6.8
S0002313,2025-02-08,P04,A,1,3,7.0,0,6.8
S0002314,2025-02-08,P04,A,2,3,1.0,1,6.8
S0002315,2025-02-08,P04,B,0,3,20.0,0,6.8
S0002316,2025-02-08,P04,B,1,3,6.0,0,6.8
S0002317,2025-02-08,P04,B,2,3,2.0,1,6.8
S0002318,2025-02-08,P05,A,0,5,5.0,0,4.1
S0002319,2025-02-08,P05,A,1,5,15.0,0,4.1
S0002320,2025-02-08,P05,A,2,5,3.0,0,4.1
S0002321,2025-02-08,P05,A,3,5,9.0,0,4.1
S0002322,2025-02-08,P05,A,4,5,1.0,1,4.1
S0002323,2025-02-08,P05,B,0,5,14.0,0,4.1
S0002324,2025-02-08,P05,B,1,5,11.0,0,4.1
S0002325,2025-02-08,P05,B,2,5,2.0,0,4.1
S0002326,2025-02-08,P05,B,3,5,6.0,0,4.1
S0002327,2025-02-08,P05,B,4,5,1.0,1,4.1
S0002328,2025-02-08,P06,A,0,3,24.0,0,3.0
S0002329,2025-02-08,P06,A,1,3,27.0,0,3.0
S0002330,2025-02-08,P06,A,2,3,2.0,1,3.0
S0002331,2025-02-08,P06,B,0,3,5.0,0,3.0
S0002332,2025-02-08,P06,B,1,3,13.0,0,3.0
S0002333,2025-02-08,P06,B,2,3,2.0,1,3.0
S0002334,2025-02-08,P07,A,0,7,9.0,0,1.8
S0002335,2025-02-08,P07,A,1,7,14.0,0,1.8
S0002336,2025-02-08,P07,A,2,7,13.0,0,1.8
S0002337,2025-02-08,P07,A,3,7,13.0,0,1.8
S0002338,2025-02-08,P07,A,4,7,17.0,0,1.8
S0002339,2025-02-08,P07,A,5,7,1.0,0,1.8
S0002340,2025-02-08,P07,B,0,7,8.0,0,1.8
S0002341,2025-02-08,P07,B,1,7,7.0,0,1.8
S0002342,2025-02-08,P07,B,2,7,4.0,0,1.8
S0002343,2025-02-08,P07,B,3,7,5.0,0,1.8
S0002344,2025-02-08,P07,B,4,7,3.0,0,1.8
S0002345,2025-02-08,P07,B,5,7,3.0,0,1.8
S0002346,2025-02-08,P08,A,0,5,21.0,0,3.7
S0002347,2025-02-08,P08,A,1,5,8.0,0,3.7
S0002348,2025-02-08,P08,A,2,5,14.0,0,3.7
S0002349,2025-02-08,P08,A,3,5,13.0,0,3.7
S0002350,2025-02-08,P08,A,4,5,1.0,1,3.7
S0002351,2025-02-08,P08,B,0,5,5.0,0,3.7
S0002352,2025-02-08,P08,B,1,5,2.0,0,3.7
S0002353,2025-02-08,P08,B,2,5,1.0,0,3.7
S0002354,2025-02-08,P08,B,3,5,2.0,0,3.7
S0002355,2025-02-09,P01,A,0,3,47.0,0,3.2
S0002356,2025-02-09,P01,A,1,3,17.0,0,3.2
S0002357,2025-02-09,P01,A,2,3,9.0,1,3.2
S0002358,2025-02-09,P01,B,0,3,13.0,0,3.2
S0002359,2025-02-09,P01,B,1,3,2.0,0,3.2
S0002360,2025-02-09,P01,B,2,3,3.0,1,3.2
S0002361,2025-02-09,P02,A,0,3,10.0,0,2.6
S0002362,2025-02-09,P02,A,1,3,7.0,0,2.6
S0002363,2025-02-09,P02,A,2,3,26.0,1,2.6
S0002364,2025-02-09,P02,B,0,3,24.0,0,2.6
S0002365,2025-02-09,P02,B,1,3,20.0,0,2.6
S0002366,2025-02-09,P02,B,2,3,7.0,1,2.6
S0002367,2025-02-09,P03,A,0,4,18.0,0,2.1
S0002368,2025-02-09,P03,A,1,4,20.0,0,2.1
S0002369,2025-02-09,P03,A,2,4,11.0,0,2.1
S0002370,2025-02-09,P03,A,3,4,9.0,1,2.1
S0002371,2025-02-09,P03,B,0,4,9.0,0,2.1
S0002372,2025-02-09,P03,B,1,4,9.0,0,2.1
S0002373,2025-02-09,P03,B,2,4,3.0,0,2.1
S0002374,2025-02-09,P04,A,0,3,29.0,0,6.8
S0002375,2025-02-09,P04,A,1,3,8.0,0,6.8
S0002376,2025-02-09,P04,B,0,3,15.0,0,6.8
S0002377,2025-02-09,P04,B,1,3,3.0,0,6.8
S0002378,2025-02-09,P04,B,2,3,1.0,1,6.8
S0002379,2025-02-09,P05,A,0,5,12.0,0,4.1
S0002380,2025-02-09,P05,A,1,5,8.0,0,4.1
S0002381,2025-02-09,P05,A,2,5,7.0,0,4.1
S0002382,2025-02-09,P05,A,3,5,1.0,0,4.1
S0002383,2025-02-09,P05,A,4,5,2.0,1,4.1
S0002384,2025-02-09,P05,B,0,5,7.0,0,4.1
S0002385,2025-02-09,P05,B,1,5,16.0,0,4.1
S0002386,2025-02-09,P05,B,2,5,8.0,0,4.1
S0002387,2025-02-09,P05,B,3,5,2.0,0,4.1
S0002388,2025-02-09,P05,B,4,5,3.0,1,4.1
S0002389,2025-02-09,P06,A,0,3,23.0,0,3.0
S0002390,2025-02-09,P06,A,1,3,12.0,0,3.0
S0002391,2025-02-09,P06,A,2,3,2.0,1,3.0
S0002392,2025-02-09,P06,B,0,3,9.0,0,3.0
S0002393,2025-02-09,P06,B,1,3,4.0,0,3.0
S0002394,2025-02-09,P06,B,2,3,3.0,1,3.0
S0002395,2025-02-09,P07,A,0,7,10.0,0,1.8
S0002396,2025-02-09,P07,A,1,7,7.0,0,1.8
S0002397,2025-02-09,P07,A,2,7,5.0,0,1.8
S0002398,2025-02-09,P07,A,3,7,9.0,0,1.8
S0002399,2025-02-09,P07,A,4,7,2.0,0,1.8
S0002400,2025-02-09,P07,A,5,7,2.0,0,1.8
S0002401,2025-02-09,P07,B,0,7,9.0,0,1.8
S0002402,2025-02-09,P07,B,1,7,3.0,0,1.8
S0002403,2025-02-09,P07,B,2,7,7.0,0,1.8
S0002404,2025-02-09,P07,B,3,7,1.0,0,1.8
S0002405,2025-02-09,P07,B,4,7,12.0,0,1.8
S0002406,2025-02-09,P07,B,6,7,1.0,1,1.8
S0002407,2025-02-09,P08,A,0,5,15.0,0,3.7
S0002408,2025-02-09,P08,A,1,5,11.0,0,3.7
S0002409,2025-02-09,P08,A,2,5,4.0,0,3.7
S0002410,2025-02-09,P08,A,3,5,4.0,0,3.7
S0002411,2025-02-09,P08,A,4,5,3.0,1,3.7
S0002412,2025-02-09,P08,B,0,5,8.0,0,3.7
S0002413,2025-02-09,P08,B,1,5,12.0,0,3.7
S0002414,2025-02-09,P08,B,2,5,8.0,0,3.7
S0002415,2025-02-09,P08,B,3,5,3.0,0,3.7
S0002416,2025-02-09,P08,B,4,5,1.0,1,3.7
S0002417,2025-02-10,P01,A,0,3,35.0,0,3.2
S0002418,2025-02-10,P01,A,1,3,17.0,0,3.2
S0002419,2025-02-10,P01,A,2,3,3.0,1,3.2
S0002420,2025-02-10,P01,B,0,3,38.0,0,3.2
S0002421,2025-02-10,P01,B,1,3,27.0,0,3.2
S0002422,2025-02-10,P01,B,2,3,2.0,1,3.2
S0002423,2025-02-10,P02,A,0,3,42.0,0,2.6
S0002424,2025-02-10,P02,A,1,3,18.0,0,2.6
S0002425,2025-02-10,P02,A,2,3,12.0,1,2.6
S0002426,2025-02-10,P02,B,0,3,20.0,0,2.6
S0002427,2025-02-10,P02,B,1,3,5.0,0,2.6
S0002428,2025-02-10,P02,B,2,3,2.0,1,2.6
S0002429,2025-02-10,P03,A,0,4,30.0,0,2.1
S0002430,2025-02-10,P03,A,1,4,21.0,0,2.1
S0002431,2025-02-10,P03,A,2,4,4.0,0,2.1
S0002432,2025-02-10,P03,B,0,4,9.0,0,2.1
S0002433,2025-02-10,P03,B,1,4,2.0,0,2.1
S0002434,2025-02-10,P03,B,2,4,4.0,0,2.1
S0002435,2025-02-10,P03,B,3,4,1.0,1,2.1
S0002436,2025-02-10,P04,A,0,3,17.0,0,6.8
S0002437,2025-02-10,P04,A,1,3,5.0,0,6.8
S0002438,2025-02-10,P04,A,2,3,1.0,1,6.8
S0002439,2025-02-10,P04,B,0,3,8.0,0,6.8
S0002440,2025-02-10,P04,B,1,3,12.0,0,6.8
S0002441,2025-02-10,P04,B,2,3,4.0,1,6.8
S0002442,2025-02-10,P05,A,0,5,19.0,0,4.1
S0002443,2025-02-10,P05,A,1,5,9.0,0,4.1
S0002444,2025-02-10,P05,A,2,5,21.0,0,4.1
S0002445,2025-02-10,P05,A,3,5,7.0,0,4.1
S0002446,2025-02-10,P05,A,4,5,7.0,1,4.1
S0002447,2025-02-10,P05,B,0,5,12.0,0,4.1
S0002448,2025-02-10,P05,B,1,5,4.0,0,4.1
S0002449,2025-02-10,P05,B,2,5,3.0,0,4.1
S0002450,2025-02-10,P05,B,3,5,1.0,0,4.1
S0002451,2025-02-10,P05,B,4,5,1.0,1,4.1
S0002452,2025-02-10,P06,A,0,3,3.0,0,3.0
S0002453,2025-02-10,P06,A,1,3,23.0,0,3.0
S0002454,2025-02-10,P06,A,2,3,2.0,1,3.0
S0002455,2025-02-10,P06,B,0,3,19.0,0,3.0
S0002456,2025-02-10,P06,B,1,3,15.0,0,3.0
S0002457,2025-02-10,P07,A,0,7,33.0,0,1.8
S0002458,2025-02-10,P07,A,1,7,11.0,0,1.8
S0002459,2025-02-10,P07,A,2,7,16.0,0,1.8
S0002460,2025-02-10,P07,A,3,7,22.0,0,1.8
S0002461,2025-02-10,P07,A,4,7,10.0,0,1.8
S0002462,2025-02-10,P07,A,5,7,2.0,0,1.8
S0002463,2025-02-10,P07,A,6,7,1.0,1,1.8
S0002464,2025-02-10,P07,B,0,7,4.0,0,1.8
S0002465,2025-02-10,P07,B,1,7,8.0,0,1.8
S0002466,2025-02-10,P07,B,2,7,2.0,0,1.8
S0002467,2025-02-10,P07,B,3,7,7.0,0,1.8
S0002468,2025-02-10,P07,B,4,7,1.0,0,1.8
S0002469,2025-02-10,P07,B,5,7,2.0,0,1.8
S0002470,2025-02-10,P07,B,6,7,1.0,1,1.8
S0002471,2025-02-10,P08,A,0,5,5.0,0,3.7
S0002472,2025-02-10,P08,A,1,5,7.0,0,3.7
S0002473,2025-02-10,P08,A,2,5,12.0,0,3.7
S0002474,2025-02-10,P08,A,3,5,6.0,0,3.7
S0002475,2025-02-10,P08,A,4,5,2.0,1,3.7
S0002476,2025-02-10,P08,B,0,5,7.0,0,3.7
S0002477,2025-02-10,P08,B,1,5,1.0,0,3.7
S0002478,2025-02-10,P08,B,2,5,1.0,0,3.7
S0002479,2025-02-10,P08,B,3,5,3.0,0,3.7
S0002480,2025-02-11,P01,A,0,3,50.0,0,3.2
S0002481,2025-02-11,P01,A,1,3,39.0,0,3.2
S0002482,2025-02-11,P01,A,2,3,3.0,1,3.2
S0002483,2025-02-11,P01,B,0,3,11.0,0,3.2
S0002484,2025-02-11,P01,B,1,3,4.0,0,3.2
S0002485,2025-02-11,P01,B,2,3,1.0,1,3.2
S0002486,2025-02-11,P02,A,0,3,61.0,0,2.6
S0002487,2025-02-11,P02,A,1,3,9.0,0,2.6
S0002488,2025-02-11,P02,A,2,3,9.0,1,2.6
S0002489,2025-02-11,P02,B,0,3,16.0,0,2.6
S0002490,2025-02-11,P02,B,1,3,7.0,0,2.6
S0002491,2025-02-11,P02,B,2,3,4.0,1,2.6
S0002492,2025-02-11,P03,A,0,4,23.0,0,2.1
S0002493,2025-02-11,P03,A,1,4,8.0,0,2.1
S0002494,2025-02-11,P03,A,2,4,25.0,0,2.1
S0002495,2025-02-11,P03,A,3,4,11.0,1,2.1
S0002496,2025-02-11,P03,B,0,4,7.0,0,2.1
S0002497,2025-02-11,P03,B,1,4,4.0,0,2.1
S0002498,2025-02-11,P03,B,2,4,1.0,0,2.1
S0002499,2025-02-11,P03,B,3,4,1.0,1,2.1
S0002500,2025-02-11,P04,A,0,3,16.0,0,6.8
S0002501,2025-02-11,P04,A,1,3,23.0,0,6.8
S0002502,2025-02-11,P04,A,2,3,1.0,1,6.8
S0002503,2025-02-11,P04,B,0,3,5.0,0,6.8
S0002504,2025-02-11,P04,B,1,3,2.0,0,6.8
S0002505,2025-02-11,P04,B,2,3,1.0,1,6.8
S0002506,2025-02-11,P05,A,0,5,13.0,0,4.1
S0002507,2025-02-11,P05,A,1,5,16.0,0,4.1
S0002508,2025-02-11,P05,A,2,5,31.0,0,4.1
S0002509,2025-02-11,P05,A,3,5,6.0,0,4.1
S0002510,2025-02-11,P05,A,4,5,1.0,1,4.1
S0002511,2025-02-11,P05,B,0,5,5.0,0,4.1
S0002512,2025-02-11,P05,B,1,5,2.0,0,4.1
S0002513,2025-02-11,P05,B,2,5,4.0,0,4.1
S0002514,2025-02-11,P05,B,3,5,1.0,0,4.1
S0002515,2025-02-11,P06,A,0,3,24.0,0,3.0
S0002516,2025-02-11,P06,A,1,3,18.0,0,3.0
S0002517,2025-02-11,P06,A,2,3,1.0,1,3.0
S0002518,2025-02-11,P06,B,0,3,8.0,0,3.0
S0002519,2025-02-11,P06,B,1,3,11.0,0,3.0
S0002520,2025-02-11,P06,B,2,3,2.0,1,3.0
S0002521,2025-02-11,P07,A,0,7,6.0,0,1.8
S0002522,2025-02-11,P07,A,1,7,11.0,0,1.8
S0002523,2025-02-11,P07,A,2,7,8.0,0,1.8
S0002524,2025-02-11,P07,A,3,7,1.0,0,1.8
S0002525,2025-02-11,P07,A,4,7,3.0,0,1.8
S0002526,2025-02-11,P07,A,6,7,2.0,1,1.8
S0002527,2025-02-11,P07,B,0,7,9.0,0,1.8
S0002528,2025-02-11,P07,B,1,7,5.0,0,1.8
S0002529,2025-02-11,P07,B,2,7,9.0,0,1.8
S0002530,2025-02-11,P07,B,3,7,3.0,0,1.8
S0002531,2025-02-11,P07,B,4,7,4.0,0,1.8
S0002532,2025-02-11,P08,A,0,5,10.0,0,3.7
S0002533,2025-02-11,P08,A,1,5,8.0,0,3.7
S0002534,2025-02-11,P08,A,2,5,11.0,0,3.7
S0002535,2025-02-11,P08,A,3,5,5.0,0,3.7
S0002536,2025-02-11,P08,A,4,5,6.0,1,3.7
S0002537,2025-02-11,P08,B,0,5,7.0,0,3.7
S0002538,2025-02-11,P08,B,1,5,5.0,0,3.7
S0002539,2025-02-11,P08,B,2,5,1.0,0,3.7
S0002540,2025-02-11,P08,B,3,5,3.0,0,3.7
S0002541,2025-02-11,P08,B,4,5,1.0,1,3.7
S0002542,2025-02-12,P01,A,0,3,38.0,0,3.2
S0002543,2025-02-12,P01,A,1,3,22.0,0,3.2
S0002544,2025-02-12,P01,A,2,3,8.0,1,3.2
S0002545,2025-02-12,P01,B,0,3,27.0,0,3.2
S0002546,2025-02-12,P01,B,1,3,7.0,0,3.2
S0002547,2025-02-12,P01,B,2,3,2.0,1,3.2
S0002548,2025-02-12,P02,A,0,3,25.0,0,2.6
S0002549,2025-02-12,P02,A,1,3,16.0,0,2.6
S0002550,2025-02-12,P02,A,2,3,6.0,1,2.6
S0002551,2025-02-12,P02,B,0,3,13.0,0,2.6
S0002552,2025-02-12,P02,B,1,3,19.0,0,2.6
S0002553,2025-02-12,P02,B,2,3,8.0,1,2.6
S0002554,2025-02-12,P03,A,0,4,34.0,0,2.1
S0002555,2025-02-12,P03,A,1,4,16.0,0,2.1
S0002556,2025-02-12,P03,A,2,4,2.0,0,2.1
S0002557,2025-02-12,P03,A,3,4,2.0,1,2.1
S0002558,2025-02-12,P03,B,0,4,15.0,0,2.1
S0002559,2025-02-12,P03,B,1,4,31.0,0,2.1
S0002560,2025-02-12,P03,B,2,4,10.0,0,2.1
S0002561,2025-02-12,P03,B,3,4,9.0,1,2.1
S0002562,2025-02-12,P04,A,0,3,18.0,0,6.8
S0002563,2025-02-12,P04,A,1,3,24.0,0,6.8
S0002564,2025-02-12,P04,B,0,3,4.0,0,6.8
S0002565,2025-02-12,P04,B,1,3,10.0,0,6.8
S0002566,2025-02-12,P04,B,2,3,2.0,1,6.8
S0002567,2025-02-12,P05,A,0,5,18.0,0,4.1
S0002568,2025-02-12,P05,A,1,5,9.0,0,4.1
S0002569,2025-02-12,P05,A,2,5,7.0,0,4.1
S0002570,2025-02-12,P05,A,3,5,19.0,0,4.1
S0002571,2025-02-12,P05,B,0,5,4.0,0,4.1
S0002572,2025-02-12,P05,B,1,5,5.0,0,4.1
S0002573,2025-02-12,P05,B,2,5,2.0,0,4.1
S0002574,2025-02-12,P05,B,3,5,1.0,0,4.1
S0002575,2025-02-12,P06,A,0,3,16.0,0,3.0
S0002576,2025-02-12,P06,A,1,3,14.0,0,3.0
S0002577,2025-02-12,P06,B,0,3,5.0,0,3.0
S0002578,2025-02-12,P06,B,1,3,3.0,0,3.0
S0002579,2025-02-12,P07,A,0,7,31.0,0,1.8
S0002580,2025-02-12,P07,A,1,7,14.0,0,1.8
S0002581,2025-02-12,P07,A,2,7,7.0,0,1.8
S0002582,2025-02-12,P07,A,3,7,13.0,0,1.8
S0002583,2025-02-12,P07,A,4,7,8.0,0,1.8
S0002584,2025-02-12,P07,A,5,7,5.0,0,1.8
S0002585,2025-02-12,P07,A,6,7,6.0,1,1.8
S0002586,2025-02-12,P07,B,0,7,17.0,0,1.8
S0002587,2025-02-12,P07,B,1,7,2.0,0,1.8
S0002588,2025-02-12,P07,B,2,7,5.0,0,1.8
S0002589,2025-02-12,P07,B,3,7,11.0,0,1.8
S0002590,2025-02-12,P07,B,4,7,10.0,0,1.8
S0002591,2025-02-12,P07,B,5,7,2.0,0,1.8
S0002592,2025-02-12,P07,B,6,7,6.0,1,1.8
S0002593,2025-02-12,P08,A,0,5,4.0,0,3.7
S0002594,2025-02-12,P08,A,1,5,3.0,0,3.7
S0002595,2025-02-12,P08,A,2,5,5.0,0,3.7
S0002596,2025-02-12,P08,A,3,5,6.0,0,3.7
S0002597,2025-02-12,P08,A,4,5,2.0,1,3.7
S0002598,2025-02-12,P08,B,0,5,8.0,0,3.7
S0002599,2025-02-12,P08,B,1,5,7.0,0,3.7
S0002600,2025-02-12,P08,B,2,5,4.0,0,3.7
S0002601,2025-02-12,P08,B,3,5,3.0,0,3.7
S0002602,2025-02-12,P08,B,4,5,3.0,1,3.7
S0002603,2025-02-13,P01,A,0,3,19.0,0,3.2
S0002604,2025-02-13,P01,A,1,3,51.0,0,3.2
S0002605,2025-02-13,P01,A,2,3,23.0,1,3.2
S0002606,2025-02-13,P01,B,0,3,33.0,0,3.2
S0002607,2025-02-13,P01,B,1,3,15.0,0,3.2
S0002608,2025-02-13,P01,B,2,3,5.0,1,3.2
S0002609,2025-02-13,P02,A,0,3,31.0,0,2.6
S0002610,2025-02-13,P02,A,1,3,20.0,0,2.6
S0002611,2025-02-13,P02,A,2,3,9.0,1,2.6
S0002612,2025-02-13,P02,B,0,3,6.0,0,2.6
S0002613,2025-02-13,P02,B,1,3,2.0,0,2.6
S0002614,2025-02-13,P02,B,2,3,3.0,1,2.6
S0002615,2025-02-13,P03,A,0,4,22.0,0,2.1
S0002616,2025-02-13,P03,A,1,4,30.0,0,2.1
S0002617,2025-02-13,P03,A,2,4,4.0,0,2.1
S0002618,2025-02-13,P03,B,0,4,15.0,0,2.1
S0002619,2025-02-13,P03,B,1,4,20.0,0,2.1
S0002620,2025-02-13,P03,B,2,4,14.0,0,2.1
S0002621,2025-02-13,P03,B,3,4,3.0,1,2.1
S0002622,2025-02-13,P04,A,0,3,27.0,0,6.8
S0002623,2025-02-13,P04,A,1,3,20.0,0,6.8
S0002624,2025-02-13,P04,A,2,3,12.0,1,6.8
S0002625,2025-02-13,P04,B,0,3,8.0,0,6.8
S0002626,2025-02-13,P04,B,1,3,2.0,0,6.8
S0002627,2025-02-13,P04,B,2,3,2.0,1,6.8
S0002628,2025-02-13,P05,A,0,5,6.0,0,4.1
S0002629,2025-02-13,P05,A,1,5,8.0,0,4.1
S0002630,2025-02-13,P05,A,2,5,5.0,0,4.1
S0002631,2025-02-13,P05,A,4,5,3.0,1,4.1
S0002632,2025-02-13,P05,B,0,5,9.0,0,4.1
S0002633,2025-02-13,P05,B,1,5,5.0,0,4.1
S0002634,2025-02-13,P05,B,2,5,4.0,0,4.1
S0002635,2025-02-13,P05,B,3,5,7.0,0,4.1
S0002636,2025-02-13,P05,B,4,5,1.0,1,4.1
S0002637,2025-02-13,P06,A,0,3,24.0,0,3.0
S0002638,2025-02-13,P06,A,1,3,1.0,0,3.0
S0002639,2025-02-13,P06,A,2,3,1.0,1,3.0
S0002640,2025-02-13,P06,B,0,3,16.0,0,3.0
S0002641,2025-02-13,P06,B,1,3,6.0,0,3.0
S0002642,2025-02-13,P06,B,2,3,4.0,1,3.0
S0002643,2025-02-13,P07,A,0,7,14.0,0,1.8
S0002644,2025-02-13,P07,A,1,7,22.0,0,1.8
S0002645,2025-02-13,P07,A,2,7,18.0,0,1.8
S0002646,2025-02-13,P07,A,3,7,6.0,0,1.8
S0002647,2025-02-13,P07,A,4,7,10.0,0,1.8
S0002648,2025-02-13,P07,A,5,7,5.0,0,1.8
S0002649,2025-02-13,P07,A,6,7,2.0,1,1.8
S0002650,2025-02-13,P07,B,0,7,9.0,0,1.8
S0002651,2025-02-13,P07,B,1,7,5.0,0,1.8
S0002652,2025-02-13,P07,B,2,7,11.0,0,1.8
S0002653,2025-02-13,P07,B,3,7,10.0,0,1.8
S0002654,2025-02-13,P07,B,4,7,1.0,0,1.8
S0002655,2025-02-13,P07,B,5,7,3.0,0,1.8
S0002656,2025-02-13,P07,B,6,7,2.0,1,1.8
S0002657,2025-02-13,P08,A,0,5,11.0,0,3.7
S0002658,2025-02-13,P08,A,1,5,10.0,0,3.7
S0002659,2025-02-13,P08,A,2,5,3.0,0,3.7
S0002660,2025-02-13,P08,A,3,5,8.0,0,3.7
S0002661,2025-02-13,P08,A,4,5,2.0,1,3.7
S0002662,2025-02-13,P08,B,0,5,7.0,0,3.7
S0002663,2025-02-13,P08,B,1,5,9.0,0,3.7
S0002664,2025-02-13,P08,B,2,5,10.0,0,3.7
S0002665,2025-02-13,P08,B,3,5,5.0,0,3.7
S0002666,2025-02-13,P08,B,4,5,4.0,1,3.7
S0002667,2025-02-14,P01,A,0,3,43.0,0,3.2
S0002668,2025-02-14,P01,A,1,3,34.0,0,3.2
S0002669,2025-02-14,P01,A,2,3,4.0,1,3.2
S0002670,2025-02-14,P01,B,0,3,11.0,0,3.2
S0002671,2025-02-14,P01,B,1,3,10.0,0,3.2
S0002672,2025-02-14,P01,B,2,3,1.0,1,3.2
S0002673,2025-02-14,P02,A,0,3,36.0,0,2.6
S0002674,2025-02-14,P02,A,1,3,13.0,0,2.6
S0002675,2025-02-14,P02,A,2,3,16.0,1,2.6
S0002676,2025-02-14,P02,B,0,3,7.0,0,2.6
S0002677,2025-02-14,P02,B,1,3,9.0,0,2.6
S0002678,2025-02-14,P03,A,0,4,16.0,0,2.1
S0002679,2025-02-14,P03,A,1,4,16.0,0,2.1
S0002680,2025-02-14,P03,A,2,4,10.0,0,2.1
S0002681,2025-02-14,P03,A,3,4,1.0,1,2.1
S0002682,2025-02-14,P03,B,0,4,17.0,0,2.1
S0002683,2025-02-14,P03,B,1,4,13.0,0,2.1
S0002684,2025-02-14,P03,B,2,4,5.0,0,2.1
S0002685,2025-02-14,P03,B,3,4,1.0,1,2.1
S0002686,2025-02-14,P04,A,0,3,13.0,0,6.8
S0002687,2025-02-14,P04,A,1,3,7.0,0,6.8
S0002688,2025-02-14,P04,A,2,3,2.0,1,6.8
S0002689,2025-02-14,P04,B,0,3,11.0,0,6.8
S0002690,2025-02-14,P04,B,1,3,5.0,0,6.8
S0002691,2025-02-14,P04,B,2,3,3.0,1,6.8
S0002692,2025-02-14,P05,A,0,5,26.0,0,4.1
S0002693,2025-02-14,P05,A,1,5,18.0,0,4.1
S0002694,2025-02-14,P05,A,2,5,4.0,0,4.1
S0002695,2025-02-14,P05,A,3,5,3.0,0,4.1
S0002696,2025-02-14,P05,B,0,5,9.0,0,4.1
S0002697,2025-02-14,P05,B,1,5,6.0,0,4.1
S0002698,2025-02-14,P05,B,2,5,4.0,0,4.1
S0002699,2025-02-14,P05,B,3,5,1.0,0,4.1
S0002700,2025-02-14,P06,A,0,3,27.0,0,3.0
S0002701,2025-02-14,P06,A,1,3,11.0,0,3.0
S0002702,2025-02-14,P06,A,2,3,2.0,1,3.0
S0002703,2025-02-14,P06,B,0,3,14.0,0,3.0
S0002704,2025-02-14,P06,B,1,3,4.0,0,3.0
S0002705,2025-02-14,P06,B,2,3,1.0,1,3.0
S0002706,2025-02-14,P07,A,0,7,18.0,0,1.8
S0002707,2025-02-14,P07,A,1,7,17.0,0,1.8
S0002708,2025-02-14,P07,A,2,7,18.0,0,1.8
S0002709,2025-02-14,P07,A,3,7,6.0,0,1.8
S0002710,2025-02-14,P07,A,4,7,20.0,0,1.8
S0002711,2025-02-14,P07,A,5,7,4.0,0,1.8
S0002712,2025-02-14,P07,A,6,7,12.0,1,1.8
S0002713,2025-02-14,P07,B,0,7,4.0,0,1.8
S0002714,2025-02-14,P07,B,1,7,5.0,0,1.8
S0002715,2025-02-14,P07,B,2,7,7.0,0,1.8
S0002716,2025-02-14,P07,B,3,7,1.0,0,1.8
S0002717,2025-02-14,P07,B,4,7,1.0,0,1.8
S0002718,2025-02-14,P07,B,5,7,2.0,0,1.8
S0002719,2025-02-14,P08,A,0,5,8.0,0,3.7
S0002720,2025-02-14,P08,A,1,5,5.0,0,3.7
S0002721,2025-02-14,P08,A,2,5,3.0,0,3.7
S0002722,2025-02-14,P08,A,3,5,1.0,0,3.7
S0002723,2025-02-14,P08,A,4,5,2.0,1,3.7
S0002724,2025-02-14,P08,B,0,5,12.0,0,3.7
S0002725,2025-02-14,P08,B,1,5,6.0,0,3.7
S0002726,2025-02-14,P08,B,2,5,3.0,0,3.7
S0002727,2025-02-14,P08,B,3,5,2.0,0,3.7
S0002728,2025-02-14,P08,B,4,5,1.0,1,3.7
S0002729,2025-02-15,P01,A,0,3,38.0,0,3.2
S0002730,2025-02-15,P01,A,1,3,21.0,0,3.2
S0002731,2025-02-15,P01,A,2,3,7.0,1,3.2
S0002732,2025-02-15,P01,B,0,3,31.0,0,3.2
S0002733,2025-02-15,P01,B,1,3,49.0,0,3.2
S0002734,2025-02-15,P02,A,0,3,26.0,0,2.6
S0002735,2025-02-15,P02,A,1,3,8.0,0,2.6
S0002736,2025-02-15,P02,A,2,3,6.0,1,2.6
S0002737,2025-02-15,P02,B,0,3,29.0,0,2.6
S0002738,2025-02-15,P02,B,1,3,8.0,0,2.6
S0002739,2025-02-15,P02,B,2,3,5.0,1,2.6
S0002740,2025-02-15,P03,A,0,4,20.0,0,2.1
S0002741,2025-02-15,P03,A,1,4,14.0,0,2.1
S0002742,2025-02-15,P03,A,2,4,3.0,0,2.1
S0002743,2025-02-15,P03,A,3,4,5.0,1,2.1
S0002744,2025-02-15,P03,B,0,4,20.0,0,2.1
S0002745,2025-02-15,P03,B,1,4,20.0,0,2.1
S0002746,2025-02-15,P03,B,2,4,9.0,0,2.1
S0002747,2025-02-15,P03,B,3,4,2.0,1,2.1
S0002748,2025-02-15,P04,A,0,3,31.0,0,6.8
S0002749,2025-02-15,P04,A,1,3,14.0,0,6.8
S0002750,2025-02-15,P04,A,2,3,3.0,1,6.8
S0002751,2025-02-15,P04,B,0,3,6.0,0,6.8
S0002752,2025-02-15,P04,B,1,3,2.0,0,6.8
S0002753,2025-02-15,P05,A,0,5,18.0,0,4.1
S0002754,2025-02-15,P05,A,1,5,9.0,0,4.1
S0002755,2025-02-15,P05,A,2,5,12.0,0,4.1
S0002756,2025-02-15,P05,A,3,5,3.0,0,4.1
S0002757,2025-02-15,P05,A,4,5,2.0,1,4.1
S0002758,2025-02-15,P05,B,0,5,6.0,0,4.1
S0002759,2025-02-15,P05,B,1,5,5.0,0,4.1
S0002760,2025-02-15,P05,B,2,5,4.0,0,4.1
S0002761,2025-02-15,P05,B,3,5,1.0,0,4.1
S0002762,2025-02-15,P06,A,0,3,20.0,0,3.0
S0002763,2025-02-15,P06,A,1,3,14.0,0,3.0
S0002764,2025-02-15,P06,A,2,3,3.0,1,3.0
S0002765,2025-02-15,P06,B,0,3,10.0,0,3.0
S0002766,2025-02-15,P06,B,1,3,1.0,0,3.0
S0002767,2025-02-15,P06,B,2,3,4.0,1,3.0
S0002768,2025-02-15,P07,A,0,7,12.0,0,1.8
S0002769,2025-02-15,P07,A,1,7,24.0,0,1.8
S0002770,2025-02-15,P07,A,2,7,14.0,0,1.8
S0002771,2025-02-15,P07,A,3,7,4.0,0,1.8
S0002772,2025-02-15,P07,A,4,7,8.0,0,1.8
S0002773,2025-02-15,P07,A,5,7,15.0,0,1.8
S0002774,2025-02-15,P07,A,6,7,4.0,1,1.8
S0002775,2025-02-15,P07,B,0,7,2.0,0,1.8
S0002776,2025-02-15,P07,B,1,7,6.0,0,1.8
S0002777,2025-02-15,P07,B,2,7,13.0,0,1.8
S0002778,2025-02-15,P07,B,3,7,4.0,0,1.8
S0002779,2025-02-15,P07,B,4,7,1.0,0,1.8
S0002780,2025-02-15,P07,B,5,7,1.0,0,1.8
S0002781,2025-02-15,P07,B,6,7,2.0,1,1.8
S0002782,2025-02-15,P08,A,0,5,7.0,0,3.7
S0002783,2025-02-15,P08,A,1,5,9.0,0,3.7
S0002784,2025-02-15,P08,A,2,5,6.0,0,3.7
S0002785,2025-02-15,P08,A,3,5,11.0,0,3.7
S0002786,2025-02-15,P08,B,0,5,5.0,0,3.7
S0002787,2025-02-15,P08,B,1,5,1.0,0,3.7
S0002788,2025-02-15,P08,B,2,5,3.0,0,3.7
S0002789,2025-02-15,P08,B,3,5,3.0,0,3.7
S0002790,2025-02-16,P01,A,0,3,47.0,0,3.2
S0002791,2025-02-16,P01,A,1,3,41.0,0,3.2
S0002792,2025-02-16,P01,B,0,3,7.0,0,3.2
S0002793,2025-02-16,P01,B,1,3,9.0,0,3.2
S0002794,2025-02-16,P01,B,2,3,8.0,1,3.2
S0002795,2025-02-16,P02,A,0,3,15.0,0,2.6
S0002796,2025-02-16,P02,A,1,3,42.0,0,2.6
S0002797,2025-02-16,P02,A,2,3,18.0,1,2.6
S0002798,2025-02-16,P02,B,0,3,9.0,0,2.6
S0002799,2025-02-16,P02,B,1,3,8.0,0,2.6
S0002800,2025-02-16,P02,B,2,3,2.0,1,2.6
S0002801,2025-02-16,P03,A,0,4,15.0,0,2.1
S0002802,2025-02-16,P03,A,1,4,12.0,0,2.1
S0002803,2025-02-16,P03,A,2,4,28.0,0,2.1
S0002804,2025-02-16,P03,A,3,4,10.0,1,2.1
S0002805,2025-02-16,P03,B,0,4,5.0,0,2.1
S0002806,2025-02-16,P03,B,1,4,5.0,0,2.1
S0002807,2025-02-16,P03,B,2,4,3.0,0,2.1
S0002808,2025-02-16,P03,B,3,4,3.0,1,2.1
S0002809,2025-02-16,P04,A,0,3,23.0,0,6.8
S0002810,2025-02-16,P04,A,1,3,3.0,0,6.8
S0002811,2025-02-16,P04,A,2,3,4.0,1,6.8
S0002812,2025-02-16,P04,B,0,3,18.0,0,6.8
S0002813,2025-02-16,P04,B,1,3,18.0,0,6.8
S0002814,2025-02-16,P05,A,0,5,14.0,0,4.1
S0002815,2025-02-16,P05,A,1,5,9.0,0,4.1
S0002816,2025-02-16,P05,A,2,5,15.0,0,4.1
S0002817,2025-02-16,P05,A,3,5,7.0,0,4.1
S0002818,2025-02-16,P05,A,4,5,1.0,1,4.1
S0002819,2025-02-16,P05,B,0,5,12.0,0,4.1
S0002820,2025-02-16,P05,B,1,5,5.0,0,4.1
S0002821,2025-02-16,P05,B,2,5,12.0,0,4.1
S0002822,2025-02-16,P05,B,3,5,5.0,0,4.1
S0002823,2025-02-16,P06,A,0,3,12.0,0,3.0
S0002824,2025-02-16,P06,A,1,3,16.0,0,3.0
S0002825,2025-02-16,P06,B,0,3,16.0,0,3.0
S0002826,2025-02-16,P06,B,1,3,4.0,0,3.0
S0002827,2025-02-16,P06,B,2,3,1.0,1,3.0
S0002828,2025-02-16,P07,A,0,7,20.0,0,1.8
S0002829,2025-02-16,P07,A,1,7,3.0,0,1.8
S0002830,2025-02-16,P07,A,2,7,8.0,0,1.8
S0002831,2025-02-16,P07,A,3,7,11.0,0,1.8
S0002832,2025-02-16,P07,A,4,7,5.0,0,1.8
S0002833,2025-02-16,P07,A,5,7,3.0,0,1.8
S0002834,2025-02-16,P07,A,6,7,2.0,1,1.8
S0002835,2025-02-16,P07,B,0,7,10.0,0,1.8
S0002836,2025-02-16,P07,B,1,7,17.0,0,1.8
S0002837,2025-02-16,P07,B,2,7,6.0,0,1.8
S0002838,2025-02-16,P07,B,3,7,4.0,0,1.8
S0002839,2025-02-16,P07,B,5,7,7.0,0,1.8
S0002840,2025-02-16,P08,A,0,5,15.0,0,3.7
S0002841,2025-02-16,P08,A,1,5,5.0,0,3.7
S0002842,2025-02-16,P08,A,2,5,9.0,0,3.7
S0002843,2025-02-16,P08,A,3,5,1.0,0,3.7
S0002844,2025-02-16,P08,A,4,5,1.0,1,3.7
S0002845,2025-02-16,P08,B,0,5,12.0,0,3.7
S0002846,2025-02-16,P08,B,1,5,11.0,0,3.7
S0002847,2025-02-16,P08,B,2,5,6.0,0,3.7
S0002848,2025-02-16,P08,B,3,5,9.0,0,3.7
S0002849,2025-02-17,P01,A,0,3,46.0,0,3.2
S0002850,2025-02-17,P01,A,1,3,37.0,0,3.2
S0002851,2025-02-17,P01,A,2,3,4.0,1,3.2
S0002852,2025-02-17,P01,B,0,3,16.0,0,3.2
S0002853,2025-02-17,P01,B,1,3,18.0,0,3.2
S0002854,2025-02-17,P01,B,2,3,1.0,1,3.2
S0002855,2025-02-17,P02,A,0,3,31.0,0,2.6
S0002856,2025-02-17,P02,A,1,3,11.0,0,2.6
S0002857,2025-02-17,P02,B,0,3,15.0,0,2.6
S0002858,2025-02-17,P02,B,1,3,34.0,0,2.6
S0002859,2025-02-17,P02,B,2,3,2.0,1,2.6
S0002860,2025-02-17,P03,A,0,4,34.0,0,2.1
S0002861,2025-02-17,P03,A,1,4,4.0,0,2.1
S0002862,2025-02-17,P03,A,2,4,6.0,0,2.1
S0002863,2025-02-17,P03,A,3,4,1.0,1,2.1
S0002864,2025-02-17,P03,B,0,4,23.0,0,2.1
S0002865,2025-02-17,P03,B,1,4,12.0,0,2.1
S0002866,2025-02-17,P03,B,2,4,16.0,0,2.1
S0002867,2025-02-17,P03,B,3,4,4.0,1,2.1
S0002868,2025-02-17,P04,A,0,3,7.0,0,6.8
S0002869,2025-02-17,P04,A,1,3,13.0,0,6.8
S0002870,2025-02-17,P04,A,2,3,2.0,1,6.8
S0002871,2025-02-17,P04,B,0,3,7.0,0,6.8
S0002872,2025-02-17,P04,B,1,3,4.0,0,6.8
S0002873,2025-02-17,P05,A,0,5,18.0,0,4.1
S0002874,2025-02-17,P05,A,1,5,16.0,0,4.1
S0002875,2025-02-17,P05,A,2,5,4.0,0,4.1
S0002876,2025-02-17,P05,A,3,5,3.0,0,4.1
S0002877,2025-02-17,P05,B,0,5,9.0,0,4.1
S0002878,2025-02-17,P05,B,1,5,6.0,0,4.1
S0002879,2025-02-17,P05,B,3,5,3.0,0,4.1
S0002880,2025-02-17,P06,A,0,3,11.0,0,3.0
S0002881,2025-02-17,P06,A,1,3,7.0,0,3.0
S0002882,2025-02-17,P06,A,2,3,6.0,1,3.0
S0002883,2025-02-17,P06,B,0,3,8.0,0,3.0
S0002884,2025-02-17,P06,B,1,3,2.0,0,3.0
S0002885,2025-02-17,P06,B,2,3,1.0,1,3.0
S0002886,2025-02-17,P07,A,0,7,12.0,0,1.8
S0002887,2025-02-17,P07,A,1,7,15.0,0,1.8
S0002888,2025-02-17,P07,A,2,7,10.0,0,1.8
S0002889,2025-02-17,P07,A,3,7,2.0,0,1.8
S0002890,2025-02-17,P07,A,4,7,3.0,0,1.8
S0002891,2025-02-17,P07,A,5,7,12.0,0,1.8
S0002892,2025-02-17,P07,A,6,7,2.0,1,1.8
S0002893,2025-02-17,P07,B,0,7,5.0,0,1.8
S0002894,2025-02-17,P07,B,1,7,11.0,0,1.8
S0002895,2025-02-17,P07,B,2,7,7.0,0,1.8
S0002896,2025-02-17,P07,B,3,7,2.0,0,1.8
S0002897,2025-02-17,P07,B,4,7,13.0,0,1.8
S0002898,2025-02-17,P07,B,5,7,3.0,0,1.8
S0002899,2025-02-17,P07,B,6,7,1.0,1,1.8
S0002900,2025-02-17,P08,A,0,5,28.0,0,3.7
S0002901,2025-02-17,P08,A,1,5,11.0,0,3.7
S0002902,2025-02-17,P08,A,2,5,7.0,0,3.7
S0002903,2025-02-17,P08,A,3,5,3.0,0,3.7
S0002904,2025-02-17,P08,A,4,5,4.0,1,3.7
S0002905,2025-02-17,P08,B,0,5,3.0,0,3.7
S0002906,2025-02-17,P08,B,1,5,3.0,0,3.7
S0002907,2025-02-17,P08,B,2,5,1.0,0,3.7
S0002908,2025-02-17,P08,B,3,5,2.0,0,3.7
S0002909,2025-02-18,P01,A,0,3,29.0,0,3.2
S0002910,2025-02-18,P01,A,1,3,40.0,0,3.2
S0002911,2025-02-18,P01,A,2,3,8.0,1,3.2
S0002912,2025-02-18,P01,B,0,3,8.0,0,3.2
S0002913,2025-02-18,P01,B,1,3,2.0,0,3.2
S0002914,2025-02-18,P01,B,2,3,4.0,1,3.2
S0002915,2025-02-18,P02,A,0,3,49.0,0,2.6
S0002916,2025-02-18,P02,A,1,3,14.0,0,2.6
S0002917,2025-02-18,P02,A,2,3,3.0,1,2.6
S0002918,2025-02-18,P02,B,0,3,13.0,0,2.6
S0002919,2025-02-18,P02,B,1,3,10.0,0,2.6
S0002920,2025-02-18,P03,A,0,4,29.0,0,2.1
S0002921,2025-02-18,P03,A,1,4,11.0,0,2.1
S0002922,2025-02-18,P03,A,2,4,10.0,0,2.1
S0002923,2025-02-18,P03,A,3,4,3.0,1,2.1
S0002924,2025-02-18,P03,B,0,4,13.0,0,2.1
S0002925,2025-02-18,P03,B,1,4,7.0,0,2.1
S0002926,2025-02-18,P03,B,2,4,5.0,0,2.1
S0002927,2025-02-18,P04,A,0,3,25.0,0,6.8
S0002928,2025-02-18,P04,A,1,3,8.0,0,6.8
S0002929,2025-02-18,P04,A,2,3,2.0,1,6.8
S0002930,2025-02-18,P04,B,0,3,6.0,0,6.8
S0002931,2025-02-18,P04,B,1,3,6.0,0,6.8
S0002932,2025-02-18,P05,A,0,5,13.0,0,4.1
S0002933,2025-02-18,P05,A,1,5,15.0,0,4.1
S0002934,2025-02-18,P05,A,2,5,8.0,0,4.1
S0002935,2025-02-18,P05,A,3,5,3.0,0,4.1
S0002936,2025-02-18,P05,B,0,5,5.0,0,4.1
S0002937,2025-02-18,P05,B,1,5,4.0,0,4.1
S0002938,2025-02-18,P05,B,2,5,2.0,0,4.1
S0002939,2025-02-18,P05,B,3,5,1.0,0,4.1
S0002940,2025-02-18,P06,A,0,3,24.0,0,3.0
S0002941,2025-02-18,P06,A,1,3,14.0,0,3.0
S0002942,2025-02-18,P06,B,0,3,5.0,0,3.0
S0002943,2025-02-18,P06,B,1,3,6.0,0,3.0
S0002944,2025-02-18,P06,B,2,3,3.0,1,3.0
S0002945,2025-02-18,P07,A,0,7,10.0,0,1.8
S0002946,2025-02-18,P07,A,1,7,7.0,0,1.8
S0002947,2025-02-18,P07,A,2,7,10.0,0,1.8
S0002948,2025-02-18,P07,A,3,7,14.0,0,1.8
S0002949,2025-02-18,P07,A,4,7,4.0,0,1.8
S0002950,2025-02-18,P07,A,5,7,2.0,0,1.8
S0002951,2025-02-18,P07,A,6,7,1.0,1,1.8
S0002952,2025-02-18,P07,B,0,7,11.0,0,1.8
S0002953,2025-02-18,P07,B,1,7,5.0,0,1.8
S0002954,2025-02-18,P07,B,2,7,22.0,0,1.8
S0002955,2025-02-18,P07,B,3,7,8.0,0,1.8
S0002956,2025-02-18,P07,B,4,7,3.0,0,1.8
S0002957,2025-02-18,P07,B,5,7,3.0,0,1.8
S0002958,2025-02-18,P08,A,0,5,27.0,0,3.7
S0002959,2025-02-18,P08,A,1,5,9.0,0,3.7
S0002960,2025-02-18,P08,A,2,5,4.0,0,3.7
S0002961,2025-02-18,P08,A,3,5,14.0,0,3.7
S0002962,2025-02-18,P08,B,0,5,4.0,0,3.7
S0002963,2025-02-18,P08,B,1,5,4.0,0,3.7
S0002964,2025-02-18,P08,B,2,5,2.0,0,3.7
S0002965,2025-02-18,P08,B,3,5,2.0,0,3.7
S0002966,2025-02-19,P01,A,0,3,21.0,0,3.2
S0002967,2025-02-19,P01,A,1,3,12.0,0,3.2
S0002968,2025-02-19,P01,A,2,3,9.0,1,3.2
S0002969,2025-02-19,P01,B,0,3,28.0,0,3.2
S0002970,2025-02-19,P01,B,1,3,9.0,0,3.2
S0002971,2025-02-19,P01,B,2,3,2.0,1,3.2
S0002972,2025-02-19,P02,A,0,3,17.0,0,2.6
S0002973,2025-02-19,P02,A,1,3,19.0,0,2.6
S0002974,2025-02-19,P02,A,2,3,3.0,1,2.6
S0002975,2025-02-19,P02,B,0,3,14.0,0,2.6
S0002976,2025-02-19,P02,B,1,3,2.0,0,2.6
S0002977,2025-02-19,P03,A,0,4,25.0,0,2.1
S0002978,2025-02-19,P03,A,1,4,20.0,0,2.1
S0002979,2025-02-19,P03,A,2,4,11.0,0,2.1
S0002980,2025-02-19,P03,B,0,4,24.0,0,2.1
S0002981,2025-02-19,P03,B,1,4,10.0,0,2.1
S0002982,2025-02-19,P03,B,2,4,17.0,0,2.1
S0002983,2025-02-19,P03,B,3,4,2.0,1,2.1
S0002984,2025-02-19,P04,A,0,3,26.0,0,6.8
S0002985,2025-02-19,P04,A,1,3,12.0,0,6.8
S0002986,2025-02-19,P04,A,2,3,7.0,1,6.8
S0002987,2025-02-19,P04,B,0,3,8.0,0,6.8
S0002988,2025-02-19,P04,B,1,3,13.0,0,6.8
S0002989,2025-02-19,P05,A,0,5,17.0,0,4.1
S0002990,2025-02-19,P05,A,1,5,7.0,0,4.1
S0002991,2025-02-19,P05,A,2,5,3.0,0,4.1
S0002992,2025-02-19,P05,A,3,5,2.0,0,4.1
S0002993,2025-02-19,P05,A,4,5,5.0,1,4.1
S0002994,2025-02-19,P05,B,0,5,13.0,0,4.1
S0002995,2025-02-19,P05,B,1,5,7.0,0,4.1
S0002996,2025-02-19,P05,B,2,5,12.0,0,4.1
S0002997,2025-02-19,P05,B,3,5,1.0,0,4.1
S0002998,2025-02-19,P05,B,4,5,1.0,1,4.1
S0002999,2025-02-19,P06,A,0,3,5.0,0,3.0
S0003000,2025-02-19,P06,A,1,3,13.0,0,3.0
S0003001,2025-02-19,P06,A,2,3,7.0,1,3.0
S0003002,2025-02-19,P06,B,0,3,13.0,0,3.0
S0003003,2025-02-19,P06,B,1,3,10.0,0,3.0
S0003004,2025-02-19,P06,B,2,3,7.0,1,3.0
S0003005,2025-02-19,P07,A,0,7,26.0,0,1.8
S0003006,2025-02-19,P07,A,1,7,16.0,0,1.8
S0003007,2025-02-19,P07,A,2,7,12.0,0,1.8
S0003008,2025-02-19,P07,A,3,7,11.0,0,1.8
S0003009,2025-02-19,P07,A,4,7,7.0,0,1.8
S0003010,2025-02-19,P07,A,5,7,5.0,0,1.8
S0003011,2025-02-19,P07,A,6,7,6.0,1,1.8
S0003012,2025-02-19,P07,B,0,7,4.0,0,1.8
S0003013,2025-02-19,P07,B,1,7,3.0,0,1.8
S0003014,2025-02-19,P07,B,2,7,11.0,0,1.8
S0003015,2025-02-19,P07,B,5,7,2.0,0,1.8
S0003016,2025-02-19,P08,A,0,5,6.0,0,3.7
S0003017,2025-02-19,P08,A,1,5,2.0,0,3.7
S0003018,2025-02-19,P08,A,2,5,1.0,0,3.7
S0003019,2025-02-19,P08,A,3,5,13.0,0,3.7
S0003020,2025-02-19,P08,B,0,5,3.0,0,3.7
S0003021,2025-02-19,P08,B,1,5,8.0,0,3.7
S0003022,2025-02-19,P08,B,2,5,6.0,0,3.7
S0003023,2025-02-19,P08,B,3,5,2.0,0,3.7
S0003024,2025-02-20,P01,A,0,3,33.0,0,3.2
S0003025,2025-02-20,P01,A,1,3,1.0,0,3.2
S0003026,2025-02-20,P01,A,2,3,58.0,1,3.2
S0003027,2025-02-20,P01,B,0,3,11.0,0,3.2
S0003028,2025-02-20,P01,B,1,3,8.0,0,3.2
S0003029,2025-02-20,P01,B,2,3,3.0,1,3.2
S0003030,2025-02-20,P02,A,0,3,35.0,0,2.6
S0003031,2025-02-20,P02,A,1,3,9.0,0,2.6
S0003032,2025-02-20,P02,A,2,3,5.0,1,2.6
S0003033,2025-02-20,P02,B,0,3,8.0,0,2.6
S0003034,2025-02-20,P02,B,1,3,2.0,0,2.6
S0003035,2025-02-20,P03,A,0,4,26.0,0,2.1
S0003036,2025-02-20,P03,A,1,4,9.0,0,2.1
S0003037,2025-02-20,P03,A,2,4,27.0,0,2.1
S0003038,2025-02-20,P03,A,3,4,1.0,1,2.1
S0003039,2025-02-20,P03,B,0,4,16.0,0,2.1
S0003040,2025-02-20,P03,B,1,4,1.0,0,2.1
S0003041,2025-02-20,P03,B,2,4,2.0,0,2.1
S0003042,2025-02-20,P03,B,3,4,8.0,1,2.1
S0003043,2025-02-20,P04,A,0,3,16.0,0,6.8
S0003044,2025-02-20,P04,A,1,3,6.0,0,6.8
S0003045,2025-02-20,P04,A,2,3,1.0,1,6.8
S0003046,2025-02-20,P04,B,0,3,9.0,0,6.8
S0003047,2025-02-20,P04,B,1,3,3.0,0,6.8
S0003048,2025-02-20,P05,A,0,5,12.0,0,4.1
S0003049,2025-02-20,P05,A,1,5,12.0,0,4.1
S0003050,2025-02-20,P05,A,2,5,16.0,0,4.1
S0003051,2025-02-20,P05,A,3,5,4.0,0,4.1
S0003052,2025-02-20,P05,A,4,5,1.0,1,4.1
S0003053,2025-02-20,P05,B,0,5,6.0,0,4.1
S0003054,2025-02-20,P05,B,1,5,6.0,0,4.1
S0003055,2025-02-20,P05,B,2,5,4.0,0,4.1
S0003056,2025-02-20,P05,B,3,5,2.0,0,4.1
S0003057,2025-02-20,P05,B,4,5,1.0,1,4.1
S0003058,2025-02-20,P06,A,0,3,17.0,0,3.0
S0003059,2025-02-20,P06,A,1,3,8.0,0,3.0
S0003060,2025-02-20,P06,A,2,3,2.0,1,3.0
S0003061,2025-02-20,P06,B,0,3,4.0,0,3.0
S0003062,2025-02-20,P06,B,1,3,7.0,0,3.0
S0003063,2025-02-20,P07,A,0,7,9.0,0,1.8
S0003064,2025-02-20,P07,A,1,7,16.0,0,1.8
S0003065,2025-02-20,P07,A,2,7,47.0,0,1.8
S0003066,2025-02-20,P07,A,3,7,15.0,0,1.8
S0003067,2025-02-20,P07,A,4,7,21.0,0,1.8
S0003068,2025-02-20,P07,A,5,7,7.0,0,1.8
S0003069,2025-02-20,P07,B,0,7,1.0,0,1.8
S0003070,2025-02-20,P07,B,1,7,4.0,0,1.8
S0003071,2025-02-20,P07,B,2,7,5.0,0,1.8
S0003072,2025-02-20,P07,B,3,7,6.0,0,1.8
S0003073,2025-02-20,P07,B,6,7,4.0,1,1.8
S0003074,2025-02-20,P08,A,0,5,6.0,0,3.7
S0003075,2025-02-20,P08,A,1,5,8.0,0,3.7
S0003076,2025-02-20,P08,A,2,5,4.0,0,3.7
S0003077,2025-02-20,P08,A,3,5,1.0,0,3.7
S0003078,2025-02-20,P08,A,4,5,2.0,1,3.7
S0003079,2025-02-20,P08,B,0,5,8.0,0,3.7
S0003080,2025-02-20,P08,B,1,5,5.0,0,3.7
S0003081,2025-02-20,P08,B,2,5,1.0,0,3.7
S0003082,2025-02-20,P08,B,3,5,4.0,0,3.7
S0003083,2025-02-21,P01,A,0,3,27.0,0,3.2
S0003084,2025-02-21,P01,A,1,3,2.0,0,3.2
S0003085,2025-02-21,P01,A,2,3,7.0,1,3.2
S0003086,2025-02-21,P01,B,0,3,23.0,0,3.2
S0003087,2025-02-21,P01,B,1,3,6.0,0,3.2
S0003088,2025-02-21,P01,B,2,3,2.0,1,3.2
S0003089,2025-02-21,P02,A,0,3,25.0,0,2.6
S0003090,2025-02-21,P02,A,1,3,8.0,0,2.6
S0003091,2025-02-21,P02,A,2,3,4.0,1,2.6
S0003092,2025-02-21,P02,B,0,3,9.0,0,2.6
S0003093,2025-02-21,P02,B,1,3,5.0,0,2.6
S0003094,2025-02-21,P02,B,2,3,3.0,1,2.6
S0003095,2025-02-21,P03,A,0,4,23.0,0,2.1
S0003096,2025-02-21,P03,A,1,4,29.0,0,2.1
S0003097,2025-02-21,P03,A,2,4,7.0,0,2.1
S0003098,2025-02-21,P03,A,3,4,4.0,1,2.1
S0003099,2025-02-21,P03,B,0,4,34.0,0,2.1
S0003100,2025-02-21,P03,B,1,4,13.0,0,2.1
S0003101,2025-02-21,P03,B,2,4,9.0,0,2.1
S0003102,2025-02-21,P03,B,3,4,3.0,1,2.1
S0003103,2025-02-21,P04,A,0,3,10.0,0,6.8
S0003104,2025-02-21,P04,A,1,3,3.0,0,6.8
S0003105,2025-02-21,P04,A,2,3,2.0,1,6.8
S0003106,2025-02-21,P04,B,0,3,7.0,0,6.8
S0003107,2025-02-21,P04,B,1,3,10.0,0,6.8
S0003108,2025-02-21,P05,A,0,5,16.0,0,4.1
S0003109,2025-02-21,P05,A,1,5,4.0,0,4.1
S0003110,2025-02-21,P05,A,2,5,13.0,0,4.1
S0003111,2025-02-21,P05,A,3,5,3.0,0,4.1
S0003112,2025-02-21,P05,B,0,5,6.0,0,4.1
S0003113,2025-02-21,P05,B,1,5,3.0,0,4.1
S0003114,2025-02-21,P05,B,2,5,1.0,0,4.1
S0003115,2025-02-21,P06,A,0,3,12.0,0,3.0
S0003116,2025-02-21,P06,A,1,3,4.0,0,3.0
S0003117,2025-02-21,P06,A,2,3,6.0,1,3.0
S0003118,2025-02-21,P06,B,0,3,7.0,0,3.0
S0003119,2025-02-21,P06,B,1,3,6.0,0,3.0
S0003120,2025-02-21,P06,B,2,3,5.0,1,3.0
S0003121,2025-02-21,P07,A,0,7,11.0,0,1.8
S0003122,2025-02-21,P07,A,1,7,22.0,0,1.8
S0003123,2025-02-21,P07,A,2,7,13.0,0,1.8
S0003124,2025-02-21,P07,A,3,7,17.0,0,1.8
S0003125,2025-02-21,P07,A,4,7,2.0,0,1.8
S0003126,2025-02-21,P07,A,5,7,1.0,0,1.8
S0003127,2025-02-21,P07,A,6,7,3.0,1,1.8
S0003128,2025-02-21,P07,B,0,7,2.0,0,1.8
S0003129,2025-02-21,P07,B,1,7,5.0,0,1.8
S0003130,2025-02-21,P07,B,2,7,6.0,0,1.8
S0003131,2025-02-21,P07,B,3,7,4.0,0,1.8
S0003132,2025-02-21,P07,B,4,7,7.0,0,1.8
S0003133,2025-02-21,P07,B,5,7,4.0,0,1.8
S0003134,2025-02-21,P08,A,0,5,5.0,0,3.7
S0003135,2025-02-21,P08,A,1,5,6.0,0,3.7
S0003136,2025-02-21,P08,A,2,5,7.0,0,3.7
S0003137,2025-02-21,P08,A,3,5,8.0,0,3.7
S0003138,2025-02-21,P08,A,4,5,1.0,1,3.7
S0003139,2025-02-21,P08,B,0,5,4.0,0,3.7
S0003140,2025-02-21,P08,B,1,5,16.0,0,3.7
S0003141,2025-02-21,P08,B,2,5,8.0,0,3.7
S0003142,2025-02-21,P08,B,3,5,3.0,0,3.7
S0003143,2025-02-21,P08,B,4,5,2.0,1,3.7
S0003144,2025-02-22,P01,A,0,3,36.0,0,3.2
S0003145,2025-02-22,P01,A,1,3,21.0,0,3.2
S0003146,2025-02-22,P01,A,2,3,2.0,1,3.2
S0003147,2025-02-22,P01,B,0,3,28.0,0,3.2
S0003148,2025-02-22,P01,B,1,3,5.0,0,3.2
S0003149,2025-02-22,P01,B,2,3,2.0,1,3.2
S0003150,2025-02-22,P02,A,0,3,25.0,0,2.6
S0003151,2025-02-22,P02,A,1,3,15.0,0,2.6
S0003152,2025-02-22,P02,A,2,3,1.0,1,2.6
S0003153,2025-02-22,P02,B,0,3,20.0,0,2.6
S0003154,2025-02-22,P02,B,1,3,6.0,0,2.6
S0003155,2025-02-22,P02,B,2,3,10.0,1,2.6
S0003156,2025-02-22,P03,A,0,4,39.0,0,2.1
S0003157,2025-02-22,P03,A,1,4,25.0,0,2.1
S0003158,2025-02-22,P03,A,2,4,7.0,0,2.1
S0003159,2025-02-22,P03,A,3,4,6.0,1,2.1
S0003160,2025-02-22,P03,B,0,4,7.0,0,2.1
S0003161,2025-02-22,P03,B,1,4,9.0,0,2.1
S0003162,2025-02-22,P03,B,3,4,1.0,1,2.1
S0003163,2025-02-22,P04,A,0,3,8.0,0,6.8
S0003164,2025-02-22,P04,A,1,3,16.0,0,6.8
S0003165,2025-02-22,P04,A,2,3,4.0,1,6.8
S0003166,2025-02-22,P04,B,0,3,19.0,0,6.8
S0003167,2025-02-22,P04,B,1,3,10.0,0,6.8
S0003168,2025-02-22,P04,B,2,3,5.0,1,6.8
S0003169,2025-02-22,P05,A,0,5,13.0,0,4.1
S0003170,2025-02-22,P05,A,1,5,19.0,0,4.1
S0003171,2025-02-22,P05,A,2,5,15.0,0,4.1
S0003172,2025-02-22,P05,A,3,5,4.0,0,4.1
S0003173,2025-02-22,P05,A,4,5,4.0,1,4.1
S0003174,2025-02-22,P05,B,0,5,5.0,0,4.1
S0003175,2025-02-22,P05,B,1,5,2.0,0,4.1
S0003176,2025-02-22,P05,B,2,5,2.0,0,4.1
S0003177,2025-02-22,P05,B,3,5,1.0,0,4.1
S0003178,2025-02-22,P06,A,0,3,7.0,0,3.0
S0003179,2025-02-22,P06,A,1,3,17.0,0,3.0
S0003180,2025-02-22,P06,A,2,3,1.0,1,3.0
S0003181,2025-02-22,P06,B,0,3,12.0,0,3.0
S0003182,2025-02-22,P06,B,1,3,6.0,0,3.0
S0003183,2025-02-22,P06,B,2,3,3.0,1,3.0
S0003184,2025-02-22,P07,A,0,7,12.0,0,1.8
S0003185,2025-02-22,P07,A,1,7,12.0,0,1.8
S0003186,2025-02-22,P07,A,2,7,7.0,0,1.8
S0003187,2025-02-22,P07,A,3,7,10.0,0,1.8
S0003188,2025-02-22,P07,A,4,7,5.0,0,1.8
S0003189,2025-02-22,P07,A,5,7,6.0,0,1.8
S0003190,2025-02-22,P07,A,6,7,10.0,1,1.8
S0003191,2025-02-22,P07,B,0,7,10.0,0,1.8
S0003192,2025-02-22,P07,B,1,7,11.0,0,1.8
S0003193,2025-02-22,P07,B,2,7,7.0,0,1.8
S0003194,2025-02-22,P07,B,3,7,2.0,0,1.8
S0003195,2025-02-22,P07,B,4,7,6.0,0,1.8
S0003196,2025-02-22,P07,B,5,7,1.0,0,1.8
S0003197,2025-02-22,P07,B,6,7,3.0,1,1.8
S0003198,2025-02-22,P08,A,0,5,14.0,0,3.7
S0003199,2025-02-22,P08,A,1,5,9.0,0,3.7
S0003200,2025-02-22,P08,A,2,5,6.0,0,3.7
S0003201,2025-02-22,P08,A,3,5,1.0,0,3.7
S0003202,2025-02-22,P08,B,0,5,9.0,0,3.7
S0003203,2025-02-22,P08,B,1,5,7.0,0,3.7
S0003204,2025-02-22,P08,B,2,5,6.0,0,3.7
S0003205,2025-02-22,P08,B,3,5,3.0,0,3.7
S0003206,2025-02-22,P08,B,4,5,2.0,1,3.7
S0003207,2025-02-23,P01,A,0,3,21.0,0,3.2
S0003208,2025-02-23,P01,A,1,3,10.0,0,3.2
S0003209,2025-02-23,P01,A,2,3,6.0,1,3.2
S0003210,2025-02-23,P01,B,0,3,14.0,0,3.2
S0003211,2025-02-23,P01,B,1,3,18.0,0,3.2
S0003212,2025-02-23,P01,B,2,3,2.0,1,3.2
S0003213,2025-02-23,P02,A,0,3,29.0,0,2.6
S0003214,2025-02-23,P02,A,1,3,5.0,0,2.6
S0003215,2025-02-23,P02,A,2,3,3.0,1,2.6
S0003216,2025-02-23,P02,B,0,3,23.0,0,2.6
S0003217,2025-02-23,P02,B,1,3,10.0,0,2.6
S0003218,2025-02-23,P03,A,0,4,12.0,0,2.1
S0003219,2025-02-23,P03,A,1,4,7.0,0,2.1
S0003220,2025-02-23,P03,A,2,4,9.0,0,2.1
S0003221,2025-02-23,P03,A,3,4,3.0,1,2.1
S0003222,2025-02-23,P03,B,0,4,5.0,0,2.1
S0003223,2025-02-23,P03,B,1,4,6.0,0,2.1
S0003224,2025-02-23,P03,B,2,4,3.0,0,2.1
S0003225,2025-02-23,P03,B,3,4,1.0,1,2.1
S0003226,2025-02-23,P04,A,0,3,21.0,0,6.8
S0003227,2025-02-23,P04,A,1,3,12.0,0,6.8
S0003228,2025-02-23,P04,A,2,3,2.0,1,6.8
S0003229,2025-02-23,P04,B,0,3,7.0,0,6.8
S0003230,2025-02-23,P04,B,1,3,3.0,0,6.8
S0003231,2025-02-23,P05,A,0,5,10.0,0,4.1
S0003232,2025-02-23,P05,A,1,5,4.0,0,4.1
S0003233,2025-02-23,P05,A,2,5,7.0,0,4.1
S0003234,2025-02-23,P05,A,3,5,8.0,0,4.1
S0003235,2025-02-23,P05,B,0,5,6.0,0,4.1
S0003236,2025-02-23,P05,B,1,5,3.0,0,4.1
S0003237,2025-02-23,P05,B,2,5,5.0,0,4.1
S0003238,2025-02-23,P05,B,3,5,4.0,0,4.1
S0003239,2025-02-23,P05,B,4,5,1.0,1,4.1
S0003240,2025-02-23,P06,A,0,3,5.0,0,3.0
S0003241,2025-02-23,P06,A,1,3,7.0,0,3.0
S0003242,2025-02-23,P06,A,2,3,8.0,1,3.0
S0003243,2025-02-23,P06,B,0,3,13.0,0,3.0
S0003244,2025-02-23,P06,B,1,3,7.0,0,3.0
S0003245,2025-02-23,P06,B,2,3,3.0,1,3.0
S0003246,2025-02-23,P07,A,0,7,15.0,0,1.8
S0003247,2025-02-23,P07,A,1,7,13.0,0,1.8
S0003248,2025-02-23,P07,A,2,7,9.0,0,1.8
S0003249,2025-02-23,P07,A,3,7,4.0,0,1.8
S0003250,2025-02-23,P07,A,4,7,5.0,0,1.8
S0003251,2025-02-23,P07,A,5,7,3.0,0,1.8
S0003252,2025-02-23,P07,A,6,7,3.0,1,1.8
S0003253,2025-02-23,P07,B,0,7,6.0,0,1.8
S0003254,2025-02-23,P07,B,1,7,13.0,0,1.8
S0003255,2025-02-23,P07,B,2,7,3.0,0,1.8
S0003256,2025-02-23,P07,B,3,7,1.0,0,1.8
S0003257,2025-02-23,P07,B,4,7,6.0,0,1.8
S0003258,2025-02-23,P07,B,5,7,1.0,0,1.8
S0003259,2025-02-23,P07,B,6,7,1.0,1,1.8
S0003260,2025-02-23,P08,A,0,5,15.0,0,3.7
S0003261,2025-02-23,P08,A,1,5,4.0,0,3.7
S0003262,2025-02-23,P08,A,2,5,14.0,0,3.7
S0003263,2025-02-23,P08,A,3,5,34.0,0,3.7
S0003264,2025-02-23,P08,A,4,5,3.0,1,3.7
S0003265,2025-02-23,P08,B,0,5,3.0,0,3.7
S0003266,2025-02-23,P08,B,1,5,4.0,0,3.7
S0003267,2025-02-23,P08,B,2,5,4.0,0,3.7
S0003268,2025-02-23,P08,B,3,5,1.0,0,3.7
S0003269,2025-02-24,P01,A,0,3,24.0,0,3.2
S0003270,2025-02-24,P01,A,1,3,26.0,0,3.2
S0003271,2025-02-24,P01,B,0,3,22.0,0,3.2
S0003272,2025-02-24,P01,B,1,3,8.0,0,3.2
S0003273,2025-02-24,P01,B,2,3,1.0,1,3.2
S0003274,2025-02-24,P02,A,0,3,16.0,0,2.6
S0003275,2025-02-24,P02,A,1,3,12.0,0,2.6
S0003276,2025-02-24,P02,A,2,3,1.0,1,2.6
S0003277,2025-02-24,P02,B,0,3,7.0,0,2.6
S0003278,2025-02-24,P02,B,1,3,10.0,0,2.6
S0003279,2025-02-24,P02,B,2,3,3.0,1,2.6
S0003280,2025-02-24,P03,A,0,4,44.0,0,2.1
S0003281,2025-02-24,P03,A,1,4,17.0,0,2.1
S0003282,2025-02-24,P03,A,2,4,6.0,0,2.1
S0003283,2025-02-24,P03,A,3,4,2.0,1,2.1
S0003284,2025-02-24,P03,B,0,4,6.0,0,2.1
S0003285,2025-02-24,P03,B,1,4,4.0,0,2.1
S0003286,2025-02-24,P03,B,2,4,2.0,0,2.1
S0003287,2025-02-24,P04,A,0,3,16.0,0,6.8
S0003288,2025-02-24,P04,A,1,3,6.0,0,6.8
S0003289,2025-02-24,P04,A,2,3,5.0,1,6.8
S0003290,2025-02-24,P04,B,0,3,11.0,0,6.8
S0003291,2025-02-24,P04,B,1,3,8.0,0,6.8
S0003292,2025-02-24,P04,B,2,3,1.0,1,6.8
S0003293,2025-02-24,P05,A,0,5,5.0,0,4.1
S0003294,2025-02-24,P05,A,1,5,6.0,0,4.1
S0003295,2025-02-24,P05,A,2,5,4.0,0,4.1
S0003296,2025-02-24,P05,A,3,5,2.0,0,4.1
S0003297,2025-02-24,P05,A,4,5,1.0,1,4.1
S0003298,2025-02-24,P05,B,0,5,4.0,0,4.1
S0003299,2025-02-24,P05,B,1,5,17.0,0,4.1
S0003300,2025-02-24,P05,B,3,5,2.0,0,4.1
S0003301,2025-02-24,P06,A,0,3,21.0,0,3.0
S0003302,2025-02-24,P06,A,1,3,4.0,0,3.0
S0003303,2025-02-24,P06,A,2,3,2.0,1,3.0
S0003304,2025-02-24,P06,B,0,3,8.0,0,3.0
S0003305,2025-02-24,P06,B,1,3,3.0,0,3.0
S0003306,2025-02-24,P06,B,2,3,5.0,1,3.0
S0003307,2025-02-24,P07,A,0,7,18.0,0,1.8
S0003308,2025-02-24,P07,A,1,7,6.0,0,1.8
S0003309,2025-02-24,P07,A,2,7,6.0,0,1.8
S0003310,2025-02-24,P07,A,3,7,2.0,0,1.8
S0003311,2025-02-24,P07,A,4,7,4.0,0,1.8
S0003312,2025-02-24,P07,A,5,7,3.0,0,1.8
S0003313,2025-02-24,P07,A,6,7,3.0,1,1.8
S0003314,2025-02-24,P07,B,0,7,9.0,0,1.8
S0003315,2025-02-24,P07,B,1,7,9.0,0,1.8
S0003316,2025-02-24,P07,B,2,7,4.0,0,1.8
S0003317,2025-02-24,P07,B,3,7,4.0,0,1.8
S0003318,2025-02-24,P07,B,4,7,2.0,0,1.8
S0003319,2025-02-24,P07,B,6,7,1.0,1,1.8
S0003320,2025-02-24,P08,A,0,5,16.0,0,3.7
S0003321,2025-02-24,P08,A,1,5,17.0,0,3.7
S0003322,2025-02-24,P08,A,2,5,6.0,0,3.7
S0003323,2025-02-24,P08,A,3,5,1.0,0,3.7
S0003324,2025-02-24,P08,B,0,5,4.0,0,3.7
S0003325,2025-02-24,P08,B,1,5,2.0,0,3.7
S0003326,2025-02-24,P08,B,2,5,5.0,0,3.7
S0003327,2025-02-24,P08,B,3,5,1.0,0,3.7
S0003328,2025-02-25,P01,A,0,3,27.0,0,3.2
S0003329,2025-02-25,P01,A,1,3,11.0,0,3.2
S0003330,2025-02-25,P01,A,2,3,14.0,1,3.2
S0003331,2025-02-25,P01,B,0,3,22.0,0,3.2
S0003332,2025-02-25,P01,B,1,3,6.0,0,3.2
S0003333,2025-02-25,P01,B,2,3,9.0,1,3.2
S0003334,2025-02-25,P02,A,0,3,21.0,0,2.6
S0003335,2025-02-25,P02,A,1,3,20.0,0,2.6
S0003336,2025-02-25,P02,A,2,3,4.0,1,2.6
S0003337,2025-02-25,P02,B,0,3,20.0,0,2.6
S0003338,2025-02-25,P02,B,1,3,3.0,0,2.6
S0003339,2025-02-25,P02,B,2,3,6.0,1,2.6
S0003340,2025-02-25,P03,A,0,4,18.0,0,2.1
S0003341,2025-02-25,P03,A,1,4,14.0,0,2.1
S0003342,2025-02-25,P03,A,2,4,2.0,0,2.1
S0003343,2025-02-25,P03,A,3,4,12.0,1,2.1
S0003344,2025-02-25,P03,B,0,4,10.0,0,2.1
S0003345,2025-02-25,P03,B,1,4,17.0,0,2.1
S0003346,2025-02-25,P03,B,2,4,5.0,0,2.1
S0003347,2025-02-25,P03,B,3,4,2.0,1,2.1
S0003348,2025-02-25,P04,A,0,3,21.0,0,6.8
S0003349,2025-02-25,P04,A,1,3,6.0,0,6.8
S0003350,2025-02-25,P04,A,2,3,1.0,1,6.8
S0003351,2025-02-25,P04,B,0,3,3.0,0,6.8
S0003352,2025-02-25,P04,B,1,3,3.0,0,6.8
S0003353,2025-02-25,P04,B,2,3,1.0,1,6.8
S0003354,2025-02-25,P05,A,0,5,8.0,0,4.1
S0003355,2025-02-25,P05,A,1,5,8.0,0,4.1
S0003356,2025-02-25,P05,A,2,5,11.0,0,4.1
S0003357,2025-02-25,P05,A,3,5,3.0,0,4.1
S0003358,2025-02-25,P05,B,0,5,1.0,0,4.1
S0003359,2025-02-25,P05,B,1,5,2.0,0,4.1
S0003360,2025-02-25,P05,B,2,5,2.0,0,4.1
S0003361,2025-02-25,P05,B,4,5,3.0,1,4.1
S0003362,2025-02-25,P06,A,0,3,16.0,0,3.0
S0003363,2025-02-25,P06,A,1,3,29.0,0,3.0
S0003364,2025-02-25,P06,A,2,3,3.0,1,3.0
S0003365,2025-02-25,P06,B,0,3,7.0,0,3.0
S0003366,2025-02-25,P06,B,1,3,4.0,0,3.0
S0003367,2025-02-25,P07,A,0,7,9.0,0,1.8
S0003368,2025-02-25,P07,A,1,7,14.0,0,1.8
S0003369,2025-02-25,P07,A,2,7,13.0,0,1.8
S0003370,2025-02-25,P07,A,3,7,6.0,0,1.8
S0003371,2025-02-25,P07,A,4,7,3.0,0,1.8
S0003372,2025-02-25,P07,A,6,7,7.0,1,1.8
S0003373,2025-02-25,P07,B,0,7,5.0,0,1.8
S0003374,2025-02-25,P07,B,1,7,5.0,0,1.8
S0003375,2025-02-25,P07,B,2,7,4.0,0,1.8
S0003376,2025-02-25,P07,B,3,7,5.0,0,1.8
S0003377,2025-02-25,P07,B,5,7,2.0,0,1.8
S0003378,2025-02-25,P08,A,0,5,9.0,0,3.7
S0003379,2025-02-25,P08,A,1,5,5.0,0,3.7
S0003380,2025-02-25,P08,A,2,5,2.0,0,3.7
S0003381,2025-02-25,P08,A,3,5,12.0,0,3.7
S0003382,2025-02-25,P08,A,4,5,1.0,1,3.7
S0003383,2025-02-25,P08,B,0,5,9.0,0,3.7
S0003384,2025-02-25,P08,B,1,5,3.0,0,3.7
S0003385,2025-02-25,P08,B,2,5,3.0,0,3.7
S0003386,2025-02-25,P08,B,3,5,1.0,0,3.7
S0003387,2025-02-26,P01,A,0,3,23.0,0,3.2
S0003388,2025-02-26,P01,A,1,3,18.0,0,3.2
S0003389,2025-02-26,P01,A,2,3,2.0,1,3.2
S0003390,2025-02-26,P01,B,0,3,22.0,0,3.2
S0003391,2025-02-26,P01,B,1,3,20.0,0,3.2
S0003392,2025-02-26,P01,B,2,3,10.0,1,3.2
S0003393,2025-02-26,P02,A,0,3,22.0,0,2.6
S0003394,2025-02-26,P02,A,1,3,24.0,0,2.6
S0003395,2025-02-26,P02,A,2,3,10.0,1,2.6
S0003396,2025-02-26,P02,B,0,3,7.0,0,2.6
S0003397,2025-02-26,P02,B,1,3,3.0,0,2.6
S0003398,2025-02-26,P03,A,0,4,17.0,0,2.1
S0003399,2025-02-26,P03,A,1,4,22.0,0,2.1
S0003400,2025-02-26,P03,A,2,4,19.0,0,2.1
S0003401,2025-02-26,P03,B,0,4,16.0,0,2.1
S0003402,2025-02-26,P03,B,1,4,11.0,0,2.1
S0003403,2025-02-26,P04,A,0,3,12.0,0,6.8
S0003404,2025-02-26,P04,A,1,3,9.0,0,6.8
S0003405,2025-02-26,P04,A,2,3,1.0,1,6.8
S0003406,2025-02-26,P04,B,0,3,11.0,0,6.8
S0003407,2025-02-26,P05,A,0,5,11.0,0,4.1
S0003408,2025-02-26,P05,A,1,5,18.0,0,4.1
S0003409,2025-02-26,P05,A,2,5,3.0,0,4.1
S0003410,2025-02-26,P05,A,4,5,5.0,1,4.1
S0003411,2025-02-26,P05,B,0,5,8.0,0,4.1
S0003412,2025-02-26,P05,B,1,5,2.0,0,4.1
S0003413,2025-02-26,P05,B,2,5,3.0,0,4.1
S0003414,2025-02-26,P06,A,0,3,19.0,0,3.0
S0003415,2025-02-26,P06,A,1,3,5.0,0,3.0
S0003416,2025-02-26,P06,A,2,3,6.0,1,3.0
S0003417,2025-02-26,P06,B,0,3,4.0,0,3.0
S0003418,2025-02-26,P06,B,1,3,13.0,0,3.0
S0003419,2025-02-26,P06,B,2,3,5.0,1,3.0
S0003420,2025-02-26,P07,A,0,7,14.0,0,1.8
S0003421,2025-02-26,P07,A,1,7,14.0,0,1.8
S0003422,2025-02-26,P07,A,2,7,7.0,0,1.8
S0003423,2025-02-26,P07,A,3,7,3.0,0,1.8
S0003424,2025-02-26,P07,A,4,7,10.0,0,1.8
S0003425,2025-02-26,P07,A,5,7,1.0,0,1.8
S0003426,2025-02-26,P07,B,0,7,7.0,0,1.8
S0003427,2025-02-26,P07,B,1,7,15.0,0,1.8
S0003428,2025-02-26,P07,B,2,7,4.0,0,1.8
S0003429,2025-02-26,P07,B,3,7,3.0,0,1.8
S0003430,2025-02-26,P07,B,4,7,4.0,0,1.8
S0003431,2025-02-26,P07,B,5,7,1.0,0,1.8
S0003432,2025-02-26,P08,A,0,5,15.0,0,3.7
S0003433,2025-02-26,P08,A,1,5,11.0,0,3.7
S0003434,2025-02-26,P08,A,2,5,1.0,0,3.7
S0003435,2025-02-26,P08,A,3,5,7.0,0,3.7
S0003436,2025-02-26,P08,B,0,5,5.0,0,3.7
S0003437,2025-02-26,P08,B,1,5,3.0,0,3.7
S0003438,2025-02-26,P08,B,3,5,2.0,0,3.7
S0003439,2025-02-27,P01,A,0,3,40.0,0,3.2
S0003440,2025-02-27,P01,A,1,3,31.0,0,3.2
S0003441,2025-02-27,P01,A,2,3,1.0,1,3.2
S0003442,2025-02-27,P01,B,0,3,9.0,0,3.2
S0003443,2025-02-27,P01,B,1,3,13.0,0,3.2
S0003444,2025-02-27,P01,B,2,3,3.0,1,3.2
S0003445,2025-02-27,P02,A,0,3,20.0,0,2.6
S0003446,2025-02-27,P02,A,1,3,6.0,0,2.6
S0003447,2025-02-27,P02,A,2,3,10.0,1,2.6
S0003448,2025-02-27,P02,B,0,3,13.0,0,2.6
S0003449,2025-02-27,P02,B,1,3,8.0,0,2.6
S0003450,2025-02-27,P03,A,0,4,19.0,0,2.1
S0003451,2025-02-27,P03,A,1,4,18.0,0,2.1
S0003452,2025-02-27,P03,A,2,4,23.0,0,2.1
S0003453,2025-02-27,P03,A,3,4,6.0,1,2.1
S0003454,2025-02-27,P03,B,0,4,8.0,0,2.1
S0003455,2025-02-27,P03,B,1,4,16.0,0,2.1
S0003456,2025-02-27,P03,B,2,4,7.0,0,2.1
S0003457,2025-02-27,P04,A,0,3,17.0,0,6.8
S0003458,2025-02-27,P04,A,1,3,9.0,0,6.8
S0003459,2025-02-27,P04,A,2,3,4.0,1,6.8
S0003460,2025-02-27,P04,B,0,3,24.0,0,6.8
S0003461,2025-02-27,P04,B,1,3,3.0,0,6.8
S0003462,2025-02-27,P05,A,0,5,11.0,0,4.1
S0003463,2025-02-27,P05,A,1,5,11.0,0,4.1
S0003464,2025-02-27,P05,A,2,5,3.0,0,4.1
S0003465,2025-02-27,P05,A,3,5,7.0,0,4.1
S0003466,2025-02-27,P05,A,4,5,10.0,1,4.1
S0003467,2025-02-27,P05,B,0,5,6.0,0,4.1
S0003468,2025-02-27,P05,B,1,5,8.0,0,4.1
S0003469,2025-02-27,P05,B,2,5,1.0,0,4.1
S0003470,2025-02-27,P05,B,3,5,1.0,0,4.1
S0003471,2025-02-27,P06,A,0,3,12.0,0,3.0
S0003472,2025-02-27,P06,A,1,3,8.0,0,3.0
S0003473,2025-02-27,P06,B,0,3,4.0,0,3.0
S0003474,2025-02-27,P06,B,1,3,11.0,0,3.0
S0003475,2025-02-27,P07,A,0,7,11.0,0,1.8
S0003476,2025-02-27,P07,A,1,7,12.0,0,1.8
S0003477,2025-02-27,P07,A,2,7,9.0,0,1.8
S0003478,2025-02-27,P07,A,3,7,3.0,0,1.8
S0003479,2025-02-27,P07,A,4,7,5.0,0,1.8
S0003480,2025-02-27,P07,A,5,7,1.0,0,1.8
S0003481,2025-02-27,P07,B,0,7,4.0,0,1.8
S0003482,2025-02-27,P07,B,1,7,2.0,0,1.8
S0003483,2025-02-27,P07,B,2,7,3.0,0,1.8
S0003484,2025-02-27,P07,B,3,7,1.0,0,1.8
S0003485,2025-02-27,P07,B,4,7,1.0,0,1.8
S0003486,2025-02-27,P08,A,0,5,15.0,0,3.7
S0003487,2025-02-27,P08,A,1,5,9.0,0,3.7
S0003488,2025-02-27,P08,A,2,5,6.0,0,3.7
S0003489,2025-02-27,P08,A,3,5,1.0,0,3.7
S0003490,2025-02-27,P08,A,4,5,1.0,1,3.7
S0003491,2025-02-27,P08,B,0,5,5.0,0,3.7
S0003492,2025-02-27,P08,B,1,5,7.0,0,3.7
S0003493,2025-02-27,P08,B,2,5,2.0,0,3.7
S0003494,2025-02-27,P08,B,3,5,4.0,0,3.7
S0003495,2025-02-28,P01,A,0,3,22.0,0,3.2
S0003496,2025-02-28,P01,A,1,3,16.0,0,3.2
S0003497,2025-02-28,P01,A,2,3,8.0,1,3.2
S0003498,2025-02-28,P01,B,0,3,10.0,0,3.2
S0003499,2025-02-28,P01,B,1,3,13.0,0,3.2
S0003500,2025-02-28,P01,B,2,3,4.0,1,3.2
S0003501,2025-02-28,P02,A,0,3,22.0,0,2.6
S0003502,2025-02-28,P02,A,1,3,11.0,0,2.6
S0003503,2025-02-28,P02,B,0,3,6.0,0,2.6
S0003504,2025-02-28,P02,B,1,3,15.0,0,2.6
S0003505,2025-02-28,P02,B,2,3,1.0,1,2.6
S0003506,2025-02-28,P03,A,0,4,16.0,0,2.1
S0003507,2025-02-28,P03,A,1,4,13.0,0,2.1
S0003508,2025-02-28,P03,A,2,4,5.0,0,2.1
S0003509,2025-02-28,P03,A,3,4,3.0,1,2.1
S0003510,2025-02-28,P03,B,0,4,19.0,0,2.1
S0003511,2025-02-28,P03,B,1,4,15.0,0,2.1
S0003512,2025-02-28,P03,B,2,4,4.0,0,2.1
S0003513,2025-02-28,P03,B,3,4,8.0,1,2.1
S0003514,2025-02-28,P04,A,0,3,15.0,0,6.8
S0003515,2025-02-28,P04,A,1,3,11.0,0,6.8
S0003516,2025-02-28,P04,B,0,3,8.0,0,6.8
S0003517,2025-02-28,P04,B,1,3,8.0,0,6.8
S0003518,2025-02-28,P05,A,0,5,8.0,0,4.1
S0003519,2025-02-28,P05,A,1,5,2.0,0,4.1
S0003520,2025-02-28,P05,A,2,5,8.0,0,4.1
S0003521,2025-02-28,P05,A,3,5,1.0,0,4.1
S0003522,2025-02-28,P05,A,4,5,1.0,1,4.1
S0003523,2025-02-28,P05,B,0,5,12.0,0,4.1
S0003524,2025-02-28,P05,B,1,5,7.0,0,4.1
S0003525,2025-02-28,P05,B,2,5,6.0,0,4.1
S0003526,2025-02-28,P06,A,0,3,18.0,0,3.0
S0003527,2025-02-28,P06,A,1,3,4.0,0,3.0
S0003528,2025-02-28,P06,A,2,3,7.0,1,3.0
S0003529,2025-02-28,P06,B,0,3,12.0,0,3.0
S0003530,2025-02-28,P06,B,1,3,2.0,0,3.0
S0003531,2025-02-28,P06,B,2,3,3.0,1,3.0
S0003532,2025-02-28,P07,A,0,7,30.0,0,1.8
S0003533,2025-02-28,P07,A,1,7,35.0,0,1.8
S0003534,2025-02-28,P07,A,2,7,8.0,0,1.8
S0003535,2025-02-28,P07,A,3,7,6.0,0,1.8
S0003536,2025-02-28,P07,A,4,7,12.0,0,1.8
S0003537,2025-02-28,P07,A,5,7,1.0,0,1.8
S0003538,2025-02-28,P07,A,6,7,2.0,1,1.8
S0003539,2025-02-28,P07,B,0,7,13.0,0,1.8
S0003540,2025-02-28,P07,B,1,7,14.0,0,1.8
S0003541,2025-02-28,P07,B,2,7,9.0,0,1.8
S0003542,2025-02-28,P07,B,3,7,6.0,0,1.8
S0003543,2025-02-28,P07,B,4,7,1.0,0,1.8
S0003544,2025-02-28,P07,B,5,7,2.0,0,1.8
S0003545,2025-02-28,P07,B,6,7,1.0,1,1.8
S0003546,2025-02-28,P08,A,0,5,3.0,0,3.7
S0003547,2025-02-28,P08,A,1,5,15.0,0,3.7
S0003548,2025-02-28,P08,A,2,5,9.0,0,3.7
S0003549,2025-02-28,P08,A,3,5,10.0,0,3.7
S0003550,2025-02-28,P08,A,4,5,5.0,1,3.7
S0003551,2025-02-28,P08,B,0,5,1.0,0,3.7
S0003552,2025-02-28,P08,B,1,5,4.0,0,3.7
S0003553,2025-02-28,P08,B,2,5,2.0,0,3.7
S0003554,2025-02-28,P08,B,3,5,1.0,0,3.7
S0003555,2025-03-01,P01,A,0,3,27.0,0,3.2
S0003556,2025-03-01,P01,A,1,3,12.0,0,3.2
S0003557,2025-03-01,P01,A,2,3,19.0,1,3.2
S0003558,2025-03-01,P01,B,0,3,48.0,0,3.2
S0003559,2025-03-01,P01,B,1,3,13.0,0,3.2
S0003560,2025-03-01,P01,B,2,3,9.0,1,3.2
S0003561,2025-03-01,P02,A,0,3,34.0,0,2.6
S0003562,2025-03-01,P02,A,1,3,15.0,0,2.6
S0003563,2025-03-01,P02,A,2,3,5.0,1,2.6
S0003564,2025-03-01,P02,B,0,3,20.0,0,2.6
S0003565,2025-03-01,P02,B,1,3,11.0,0,2.6
S0003566,2025-03-01,P03,A,0,4,31.0,0,2.1
S0003567,2025-03-01,P03,A,1,4,21.0,0,2.1
S0003568,2025-03-01,P03,A,2,4,11.0,0,2.1
S0003569,2025-03-01,P03,A,3,4,1.0,1,2.1
S0003570,2025-03-01,P03,B,0,4,5.0,0,2.1
S0003571,2025-03-01,P03,B,1,4,4.0,0,2.1
S0003572,2025-03-01,P03,B,2,4,2.0,0,2.1
S0003573,2025-03-01,P04,A,0,3,24.0,0,6.8
S0003574,2025-03-01,P04,A,1,3,15.0,0,6.8
S0003575,2025-03-01,P04,A,2,3,2.0,1,6.8
S0003576,2025-03-01,P04,B,0,3,6.0,0,6.8
S0003577,2025-03-01,P04,B,1,3,1.0,0,6.8
S0003578,2025-03-01,P05,A,0,5,13.0,0,4.1
S0003579,2025-03-01,P05,A,1,5,13.0,0,4.1
S0003580,2025-03-01,P05,A,2,5,6.0,0,4.1
S0003581,2025-03-01,P05,A,3,5,10.0,0,4.1
S0003582,2025-03-01,P05,B,0,5,5.0,0,4.1
S0003583,2025-03-01,P05,B,1,5,2.0,0,4.1
S0003584,2025-03-01,P05,B,4,5,1.0,1,4.1
S0003585,2025-03-01,P06,A,0,3,21.0,0,3.0
S0003586,2025-03-01,P06,A,1,3,5.0,0,3.0
S0003587,2025-03-01,P06,A,2,3,3.0,1,3.0
S0003588,2025-03-01,P06,B,0,3,14.0,0,3.0
S0003589,2025-03-01,P06,B,1,3,8.0,0,3.0
S0003590,2025-03-01,P06,B,2,3,6.0,1,3.0
S0003591,2025-03-01,P07,A,0,7,16.0,0,1.8
S0003592,2025-03-01,P07,A,1,7,9.0,0,1.8
S0003593,2025-03-01,P07,A,2,7,6.0,0,1.8
S0003594,2025-03-01,P07,A,3,7,16.0,0,1.8
S0003595,2025-03-01,P07,A,4,7,4.0,0,1.8
S0003596,2025-03-01,P07,A,5,7,3.0,0,1.8
S0003597,2025-03-01,P07,A,6,7,1.0,1,1.8
S0003598,2025-03-01,P07,B,0,7,12.0,0,1.8
S0003599,2025-03-01,P07,B,1,7,5.0,0,1.8
S0003600,2025-03-01,P07,B,2,7,10.0,0,1.8
S0003601,2025-03-01,P07,B,3,7,6.0,0,1.8
S0003602,2025-03-01,P07,B,4,7,2.0,0,1.8
S0003603,2025-03-01,P07,B,5,7,3.0,0,1.8
S0003604,2025-03-01,P07,B,6,7,1.0,1,1.8
S0003605,2025-03-01,P08,A,0,5,9.0,0,3.7
S0003606,2025-03-01,P08,A,1,5,5.0,0,3.7
S0003607,2025-03-01,P08,A,2,5,7.0,0,3.7
S0003608,2025-03-01,P08,A,3,5,4.0,0,3.7
S0003609,2025-03-01,P08,A,4,5,2.0,1,3.7
S0003610,2025-03-01,P08,B,0,5,8.0,0,3.7
S0003611,2025-03-01,P08,B,1,5,5.0,0,3.7
S0003612,2025-03-01,P08,B,2,5,16.0,0,3.7
S0003613,2025-03-01,P08,B,3,5,4.0,0,3.7
S0003614,2025-03-02,P01,A,0,3,36.0,0,3.2
S0003615,2025-03-02,P01,A,1,3,12.0,0,3.2
S0003616,2025-03-02,P01,A,2,3,1.0,1,3.2
S0003617,2025-03-02,P01,B,0,3,16.0,0,3.2
S0003618,2025-03-02,P01,B,1,3,23.0,0,3.2
S0003619,2025-03-02,P01,B,2,3,20.0,1,3.2
S0003620,2025-03-02,P02,A,0,3,32.0,0,2.6
S0003621,2025-03-02,P02,A,1,3,15.0,0,2.6
S0003622,2025-03-02,P02,A,2,3,3.0,1,2.6
S0003623,2025-03-02,P02,B,0,3,16.0,0,2.6
S0003624,2025-03-02,P02,B,1,3,9.0,0,2.6
S0003625,2025-03-02,P02,B,2,3,1.0,1,2.6
S0003626,2025-03-02,P03,A,0,4,27.0,0,2.1
S0003627,2025-03-02,P03,A,1,4,21.0,0,2.1
S0003628,2025-03-02,P03,A,2,4,18.0,0,2.1
S0003629,2025-03-02,P03,A,3,4,1.0,1,2.1
S0003630,2025-03-02,P03,B,0,4,20.0,0,2.1
S0003631,2025-03-02,P03,B,1,4,10.0,0,2.1
S0003632,2025-03-02,P03,B,2,4,1.0,0,2.1
S0003633,2025-03-02,P03,B,3,4,6.0,1,2.1
S0003634,2025-03-02,P04,A,0,3,9.0,0,6.8
S0003635,2025-03-02,P04,A,1,3,27.0,0,6.8
S0003636,2025-03-02,P04,A,2,3,2.0,1,6.8
S0003637,2025-03-02,P04,B,0,3,7.0,0,6.8
S0003638,2025-03-02,P04,B,1,3,13.0,0,6.8
S0003639,2025-03-02,P05,A,0,5,13.0,0,4.1
S0003640,2025-03-02,P05,A,1,5,31.0,0,4.1
S0003641,2025-03-02,P05,A,2,5,15.0,0,4.1
S0003642,2025-03-02,P05,A,3,5,8.0,0,4.1
S0003643,2025-03-02,P05,A,4,5,4.0,1,4.1
S0003644,2025-03-02,P05,B,0,5,4.0,0,4.1
S0003645,2025-03-02,P05,B,1,5,4.0,0,4.1
S0003646,2025-03-02,P05,B,2,5,3.0,0,4.1
S0003647,2025-03-02,P05,B,4,5,1.0,1,4.1
S0003648,2025-03-02,P06,A,0,3,28.0,0,3.0
S0003649,2025-03-02,P06,A,1,3,5.0,0,3.0
S0003650,2025-03-02,P06,A,2,3,9.0,1,3.0
S0003651,2025-03-02,P06,B,0,3,8.0,0,3.0
S0003652,2025-03-02,P06,B,1,3,6.0,0,3.0
S0003653,2025-03-02,P06,B,2,3,4.0,1,3.0
S0003654,2025-03-02,P07,A,0,7,15.0,0,1.8
S0003655,2025-03-02,P07,A,1,7,18.0,0,1.8
S0003656,2025-03-02,P07,A,2,7,15.0,0,1.8
S0003657,2025-03-02,P07,A,3,7,15.0,0,1.8
S0003658,2025-03-02,P07,A,4,7,7.0,0,1.8
S0003659,2025-03-02,P07,A,5,7,1.0,0,1.8
S0003660,2025-03-02,P07,A,6,7,1.0,1,1.8
S0003661,2025-03-02,P07,B,0,7,8.0,0,1.8
S0003662,2025-03-02,P07,B,1,7,5.0,0,1.8
S0003663,2025-03-02,P07,B,2,7,4.0,0,1.8
S0003664,2025-03-02,P07,B,3,7,1.0,0,1.8
S0003665,2025-03-02,P08,A,0,5,11.0,0,3.7
S0003666,2025-03-02,P08,A,1,5,10.0,0,3.7
S0003667,2025-03-02,P08,A,2,5,6.0,0,3.7
S0003668,2025-03-02,P08,A,3,5,3.0,0,3.7
S0003669,2025-03-02,P08,B,0,5,5.0,0,3.7
S0003670,2025-03-02,P08,B,1,5,1.0,0,3.7
S0003671,2025-03-02,P08,B,2,5,3.0,0,3.7
S0003672,2025-03-02,P08,B,3,5,1.0,0,3.7
S0003673,2025-03-03,P01,A,0,3,39.0,0,3.2
S0003674,2025-03-03,P01,A,1,3,24.0,0,3.2
S0003675,2025-03-03,P01,A,2,3,23.0,1,3.2
S0003676,2025-03-03,P01,B,0,3,20.0,0,3.2
S0003677,2025-03-03,P01,B,1,3,8.0,0,3.2
S0003678,2025-03-03,P01,B,2,3,5.0,1,3.2
S0003679,2025-03-03,P02,A,0,3,15.0,0,2.6
S0003680,2025-03-03,P02,A,1,3,7.0,0,2.6
S0003681,2025-03-03,P02,A,2,3,3.0,1,2.6
S0003682,2025-03-03,P02,B,0,3,15.0,0,2.6
S0003683,2025-03-03,P02,B,1,3,11.0,0,2.6
S0003684,2025-03-03,P02,B,2,3,4.0,1,2.6
S0003685,2025-03-03,P03,A,0,4,29.0,0,2.1
S0003686,2025-03-03,P03,A,1,4,27.0,0,2.1
S0003687,2025-03-03,P03,A,2,4,5.0,0,2.1
S0003688,2025-03-03,P03,A,3,4,2.0,1,2.1
S0003689,2025-03-03,P03,B,0,4,8.0,0,2.1
S0003690,2025-03-03,P03,B,1,4,3.0,0,2.1
S0003691,2025-03-03,P03,B,2,4,9.0,0,2.1
S0003692,2025-03-03,P03,B,3,4,1.0,1,2.1
S0003693,2025-03-03,P04,A,0,3,42.0,0,6.8
S0003694,2025-03-03,P04,A,1,3,8.0,0,6.8
S0003695,2025-03-03,P04,B,0,3,17.0,0,6.8
S0003696,2025-03-03,P04,B,1,3,1.0,0,6.8
S0003697,2025-03-03,P04,B,2,3,2.0,1,6.8
S0003698,2025-03-03,P05,A,0,5,6.0,0,4.1
S0003699,2025-03-03,P05,A,1,5,12.0,0,4.1
S0003700,2025-03-03,P05,A,2,5,13.0,0,4.1
S0003701,2025-03-03,P05,A,3,5,8.0,0,4.1
S0003702,2025-03-03,P05,A,4,5,4.0,1,4.1
S0003703,2025-03-03,P05,B,0,5,15.0,0,4.1
S0003704,2025-03-03,P05,B,1,5,26.0,0,4.1
S0003705,2025-03-03,P05,B,2,5,1.0,0,4.1
S0003706,2025-03-03,P05,B,3,5,9.0,0,4.1
S0003707,2025-03-03,P05,B,4,5,2.0,1,4.1
S0003708,2025-03-03,P06,A,0,3,9.0,0,3.0
S0003709,2025-03-03,P06,A,1,3,16.0,0,3.0
S0003710,2025-03-03,P06,A,2,3,3.0,1,3.0
S0003711,2025-03-03,P06,B,0,3,6.0,0,3.0
S0003712,2025-03-03,P06,B,1,3,2.0,0,3.0
S0003713,2025-03-03,P07,A,0,7,17.0,0,1.8
S0003714,2025-03-03,P07,A,1,7,8.0,0,1.8
S0003715,2025-03-03,P07,A,2,7,4.0,0,1.8
S0003716,2025-03-03,P07,A,3,7,11.0,0,1.8
S0003717,2025-03-03,P07,A,4,7,5.0,0,1.8
S0003718,2025-03-03,P07,B,0,7,7.0,0,1.8
S0003719,2025-03-03,P07,B,1,7,9.0,0,1.8
S0003720,2025-03-03,P07,B,2,7,9.0,0,1.8
S0003721,2025-03-03,P07,B,3,7,9.0,0,1.8
S0003722,2025-03-03,P07,B,4,7,5.0,0,1.8
S0003723,2025-03-03,P07,B,5,7,5.0,0,1.8
S0003724,2025-03-03,P07,B,6,7,2.0,1,1.8
S0003725,2025-03-03,P08,A,0,5,8.0,0,3.7
S0003726,2025-03-03,P08,A,1,5,11.0,0,3.7
S0003727,2025-03-03,P08,A,2,5,6.0,0,3.7
S0003728,2025-03-03,P08,A,3,5,9.0,0,3.7
S0003729,2025-03-03,P08,A,4,5,1.0,1,3.7
S0003730,2025-03-03,P08,B,0,5,4.0,0,3.7
S0003731,2025-03-03,P08,B,1,5,3.0,0,3.7
S0003732,2025-03-03,P08,B,3,5,1.0,0,3.7
S0003733,2025-03-04,P01,A,0,3,36.0,0,3.2
S0003734,2025-03-04,P01,A,1,3,29.0,0,3.2
S0003735,2025-03-04,P01,A,2,3,14.0,1,3.2
S0003736,2025-03-04,P01,B,0,3,28.0,0,3.2
S0003737,2025-03-04,P01,B,1,3,26.0,0,3.2
S0003738,2025-03-04,P01,B,2,3,1.0,1,3.2
S0003739,2025-03-04,P02,A,0,3,18.0,0,2.6
S0003740,2025-03-04,P02,A,1,3,11.0,0,2.6
S0003741,2025-03-04,P02,A,2,3,11.0,1,2.6
S0003742,2025-03-04,P02,B,0,3,12.0,0,2.6
S0003743,2025-03-04,P02,B,1,3,2.0,0,2.6
S0003744,2025-03-04,P02,B,2,3,8.0,1,2.6
S0003745,2025-03-04,P03,A,0,4,29.0,0,2.1
S0003746,2025-03-04,P03,A,1,4,11.0,0,2.1
S0003747,2025-03-04,P03,A,2,4,34.0,0,2.1
S0003748,2025-03-04,P03,A,3,4,3.0,1,2.1
S0003749,2025-03-04,P03,B,0,4,6.0,0,2.1
S0003750,2025-03-04,P03,B,1,4,6.0,0,2.1
S0003751,2025-03-04,P03,B,2,4,8.0,0,2.1
S0003752,2025-03-04,P03,B,3,4,14.0,1,2.1
S0003753,2025-03-04,P04,A,0,3,15.0,0,6.8
S0003754,2025-03-04,P04,A,1,3,12.0,0,6.8
S0003755,2025-03-04,P04,A,2,3,3.0,1,6.8
S0003756,2025-03-04,P04,B,0,3,8.0,0,6.8
S0003757,2025-03-04,P04,B,1,3,10.0,0,6.8
S0003758,2025-03-04,P05,A,0,5,13.0,0,4.1
S0003759,2025-03-04,P05,A,1,5,19.0,0,4.1
S0003760,2025-03-04,P05,A,2,5,13.0,0,4.1
S0003761,2025-03-04,P05,A,3,5,2.0,0,4.1
S0003762,2025-03-04,P05,A,4,5,3.0,1,4.1
S0003763,2025-03-04,P05,B,0,5,4.0,0,4.1
S0003764,2025-03-04,P05,B,1,5,3.0,0,4.1
S0003765,2025-03-04,P05,B,3,5,1.0,0,4.1
S0003766,2025-03-04,P05,B,4,5,1.0,1,4.1
S0003767,2025-03-04,P06,A,0,3,29.0,0,3.0
S0003768,2025-03-04,P06,A,1,3,31.0,0,3.0
S0003769,2025-03-04,P06,A,2,3,1.0,1,3.0
S0003770,2025-03-04,P06,B,0,3,18.0,0,3.0
S0003771,2025-03-04,P06,B,1,3,11.0,0,3.0
S0003772,2025-03-04,P07,A,0,7,11.0,0,1.8
S0003773,2025-03-04,P07,A,1,7,15.0,0,1.8
S0003774,2025-03-04,P07,A,2,7,11.0,0,1.8
S0003775,2025-03-04,P07,A,3,7,4.0,0,1.8
S0003776,2025-03-04,P07,A,4,7,2.0,0,1.8
S0003777,2025-03-04,P07,A,5,7,8.0,0,1.8
S0003778,2025-03-04,P07,A,6,7,5.0,1,1.8
S0003779,2025-03-04,P07,B,0,7,7.0,0,1.8
S0003780,2025-03-04,P07,B,1,7,7.0,0,1.8
S0003781,2025-03-04,P07,B,2,7,14.0,0,1.8
S0003782,2025-03-04,P07,B,3,7,5.0,0,1.8
S0003783,2025-03-04,P07,B,4,7,3.0,0,1.8
S0003784,2025-03-04,P07,B,5,7,3.0,0,1.8
S0003785,2025-03-04,P07,B,6,7,2.0,1,1.8
S0003786,2025-03-04,P08,A,0,5,9.0,0,3.7
S0003787,2025-03-04,P08,A,1,5,14.0,0,3.7
S0003788,2025-03-04,P08,A,2,5,6.0,0,3.7
S0003789,2025-03-04,P08,A,3,5,4.0,0,3.7
S0003790,2025-03-04,P08,A,4,5,1.0,1,3.7
S0003791,2025-03-04,P08,B,0,5,17.0,0,3.7
S0003792,2025-03-04,P08,B,1,5,6.0,0,3.7
S0003793,2025-03-04,P08,B,2,5,2.0,0,3.7
S0003794,2025-03-04,P08,B,3,5,5.0,0,3.7
S0003795,2025-03-04,P08,B,4,5,3.0,1,3.7
S0003796,2025-03-05,P01,A,0,3,59.0,0,3.2
S0003797,2025-03-05,P01,A,1,3,26.0,0,3.2
S0003798,2025-03-05,P01,A,2,3,5.0,1,3.2
S0003799,2025-03-05,P01,B,0,3,31.0,0,3.2
S0003800,2025-03-05,P01,B,1,3,21.0,0,3.2
S0003801,2025-03-05,P01,B,2,3,4.0,1,3.2
S0003802,2025-03-05,P02,A,0,3,32.0,0,2.6
S0003803,2025-03-05,P02,A,1,3,10.0,0,2.6
S0003804,2025-03-05,P02,A,2,3,1.0,1,2.6
S0003805,2025-03-05,P02,B,0,3,28.0,0,2.6
S0003806,2025-03-05,P02,B,1,3,19.0,0,2.6
S0003807,2025-03-05,P02,B,2,3,1.0,1,2.6
S0003808,2025-03-05,P03,A,0,4,18.0,0,2.1
S0003809,2025-03-05,P03,A,1,4,17.0,0,2.1
S0003810,2025-03-05,P03,A,2,4,11.0,0,2.1
S0003811,2025-03-05,P03,A,3,4,6.0,1,2.1
S0003812,2025-03-05,P03,B,0,4,18.0,0,2.1
S0003813,2025-03-05,P03,B,1,4,11.0,0,2.1
S0003814,2025-03-05,P03,B,2,4,3.0,0,2.1
S0003815,2025-03-05,P03,B,3,4,3.0,1,2.1
S0003816,2025-03-05,P04,A,0,3,38.0,0,6.8
S0003817,2025-03-05,P04,A,1,3,12.0,0,6.8
S0003818,2025-03-05,P04,A,2,3,3.0,1,6.8
S0003819,2025-03-05,P04,B,0,3,10.0,0,6.8
S0003820,2025-03-05,P04,B,1,3,2.0,0,6.8
S0003821,2025-03-05,P04,B,2,3,1.0,1,6.8
S0003822,2025-03-05,P05,A,0,5,18.0,0,4.1
S0003823,2025-03-05,P05,A,1,5,25.0,0,4.1
S0003824,2025-03-05,P05,A,2,5,26.0,0,4.1
S0003825,2025-03-05,P05,A,3,5,3.0,0,4.1
S0003826,2025-03-05,P05,A,4,5,7.0,1,4.1
S0003827,2025-03-05,P05,B,0,5,5.0,0,4.1
S0003828,2025-03-05,P05,B,1,5,10.0,0,4.1
S0003829,2025-03-05,P05,B,2,5,4.0,0,4.1
S0003830,2025-03-05,P05,B,3,5,3.0,0,4.1
S0003831,2025-03-05,P05,B,4,5,2.0,1,4.1
S0003832,2025-03-05,P06,A,0,3,14.0,0,3.0
S0003833,2025-03-05,P06,A,1,3,19.0,0,3.0
S0003834,2025-03-05,P06,A,2,3,9.0,1,3.0
S0003835,2025-03-05,P06,B,0,3,9.0,0,3.0
S0003836,2025-03-05,P06,B,1,3,2.0,0,3.0
S0003837,2025-03-05,P06,B,2,3,4.0,1,3.0
S0003838,2025-03-05,P07,A,0,7,16.0,0,1.8
S0003839,2025-03-05,P07,A,1,7,6.0,0,1.8
S0003840,2025-03-05,P07,A,2,7,2.0,0,1.8
S0003841,2025-03-05,P07,A,3,7,4.0,0,1.8
S0003842,2025-03-05,P07,A,4,7,7.0,0,1.8
S0003843,2025-03-05,P07,A,6,7,4.0,1,1.8
S0003844,2025-03-05,P07,B,0,7,13.0,0,1.8
S0003845,2025-03-05,P07,B,1,7,2.0,0,1.8
S0003846,2025-03-05,P07,B,2,7,10.0,0,1.8
S0003847,2025-03-05,P07,B,3,7,9.0,0,1.8
S0003848,2025-03-05,P07,B,4,7,8.0,0,1.8
S0003849,2025-03-05,P07,B,5,7,5.0,0,1.8
S0003850,2025-03-05,P08,A,0,5,11.0,0,3.7
S0003851,2025-03-05,P08,A,1,5,17.0,0,3.7
S0003852,2025-03-05,P08,A,2,5,9.0,0,3.7
S0003853,2025-03-05,P08,A,3,5,17.0,0,3.7
S0003854,2025-03-05,P08,A,4,5,3.0,1,3.7
S0003855,2025-03-05,P08,B,0,5,11.0,0,3.7
S0003856,2025-03-05,P08,B,1,5,10.0,0,3.7
S0003857,2025-03-05,P08,B,2,5,2.0,0,3.7
S0003858,2025-03-06,P01,A,0,3,40.0,0,3.2
S0003859,2025-03-06,P01,A,1,3,51.0,0,3.2
S0003860,2025-03-06,P01,B,0,3,14.0,0,3.2
S0003861,2025-03-06,P01,B,1,3,21.0,0,3.2
S0003862,2025-03-06,P01,B,2,3,5.0,1,3.2
S0003863,2025-03-06,P02,A,0,3,19.0,0,2.6
S0003864,2025-03-06,P02,A,1,3,24.0,0,2.6
S0003865,2025-03-06,P02,A,2,3,6.0,1,2.6
S0003866,2025-03-06,P02,B,0,3,18.0,0,2.6
S0003867,2025-03-06,P02,B,1,3,8.0,0,2.6
S0003868,2025-03-06,P03,A,0,4,28.0,0,2.1
S0003869,2025-03-06,P03,A,1,4,18.0,0,2.1
S0003870,2025-03-06,P03,A,2,4,29.0,0,2.1
S0003871,2025-03-06,P03,A,3,4,1.0,1,2.1
S0003872,2025-03-06,P03,B,0,4,13.0,0,2.1
S0003873,2025-03-06,P03,B,2,4,1.0,0,2.1
S0003874,2025-03-06,P04,A,0,3,20.0,0,6.8
S0003875,2025-03-06,P04,A,1,3,11.0,0,6.8
S0003876,2025-03-06,P04,B,0,3,14.0,0,6.8
S0003877,2025-03-06,P04,B,1,3,3.0,0,6.8
S0003878,2025-03-06,P04,B,2,3,3.0,1,6.8
S0003879,2025-03-06,P05,A,0,5,2.0,0,4.1
S0003880,2025-03-06,P05,A,1,5,9.0,0,4.1
S0003881,2025-03-06,P05,A,2,5,3.0,0,4.1
S0003882,2025-03-06,P05,A,3,5,6.0,0,4.1
S0003883,2025-03-06,P05,A,4,5,1.0,1,4.1
S0003884,2025-03-06,P05,B,0,5,10.0,0,4.1
S0003885,2025-03-06,P05,B,1,5,7.0,0,4.1
S0003886,2025-03-06,P05,B,2,5,4.0,0,4.1
S0003887,2025-03-06,P05,B,3,5,3.0,0,4.1
S0003888,2025-03-06,P05,B,4,5,1.0,1,4.1
S0003889,2025-03-06,P06,A,0,3,25.0,0,3.0
S0003890,2025-03-06,P06,A,1,3,23.0,0,3.0
S0003891,2025-03-06,P06,A,2,3,6.0,1,3.0
S0003892,2025-03-06,P06,B,0,3,6.0,0,3.0
S0003893,2025-03-06,P06,B,1,3,2.0,0,3.0
S0003894,2025-03-06,P06,B,2,3,1.0,1,3.0
S0003895,2025-03-06,P07,A,0,7,7.0,0,1.8
S0003896,2025-03-06,P07,A,1,7,12.0,0,1.8
S0003897,2025-03-06,P07,A,2,7,21.0,0,1.8
S0003898,2025-03-06,P07,A,3,7,9.0,0,1.8
S0003899,2025-03-06,P07,A,4,7,5.0,0,1.8
S0003900,2025-03-06,P07,A,5,7,13.0,0,1.8
S0003901,2025-03-06,P07,B,0,7,12.0,0,1.8
S0003902,2025-03-06,P07,B,1,7,7.0,0,1.8
S0003903,2025-03-06,P07,B,2,7,2.0,0,1.8
S0003904,2025-03-06,P07,B,3,7,2.0,0,1.8
S0003905,2025-03-06,P07,B,4,7,11.0,0,1.8
S0003906,2025-03-06,P07,B,5,7,1.0,0,1.8
S0003907,2025-03-06,P07,B,6,7,6.0,1,1.8
S0003908,2025-03-06,P08,A,0,5,3.0,0,3.7
S0003909,2025-03-06,P08,A,1,5,13.0,0,3.7
S0003910,2025-03-06,P08,A,2,5,8.0,0,3.7
S0003911,2025-03-06,P08,A,3,5,3.0,0,3.7
S0003912,2025-03-06,P08,A,4,5,5.0,1,3.7
S0003913,2025-03-06,P08,B,0,5,11.0,0,3.7
S0003914,2025-03-06,P08,B,1,5,17.0,0,3.7
S0003915,2025-03-06,P08,B,2,5,5.0,0,3.7
S0003916,2025-03-06,P08,B,3,5,5.0,0,3.7
S0003917,2025-03-07,P01,A,0,3,21.0,0,3.2
S0003918,2025-03-07,P01,A,1,3,25.0,0,3.2
S0003919,2025-03-07,P01,A,2,3,2.0,1,3.2
S0003920,2025-03-07,P01,B,0,3,19.0,0,3.2
S0003921,2025-03-07,P01,B,1,3,29.0,0,3.2
S0003922,2025-03-07,P01,B,2,3,5.0,1,3.2
S0003923,2025-03-07,P02,A,0,3,31.0,0,2.6
S0003924,2025-03-07,P02,A,1,3,9.0,0,2.6
S0003925,2025-03-07,P02,A,2,3,3.0,1,2.6
S0003926,2025-03-07,P02,B,0,3,12.0,0,2.6
S0003927,2025-03-07,P02,B,1,3,13.0,0,2.6
S0003928,2025-03-07,P03,A,0,4,36.0,0,2.1
S0003929,2025-03-07,P03,A,1,4,19.0,0,2.1
S0003930,2025-03-07,P03,A,2,4,8.0,0,2.1
S0003931,2025-03-07,P03,A,3,4,4.0,1,2.1
S0003932,2025-03-07,P03,B,0,4,19.0,0,2.1
S0003933,2025-03-07,P03,B,1,4,11.0,0,2.1
S0003934,2025-03-07,P03,B,2,4,4.0,0,2.1
S0003935,2025-03-07,P03,B,3,4,2.0,1,2.1
S0003936,2025-03-07,P04,A,0,3,28.0,0,6.8
S0003937,2025-03-07,P04,A,1,3,11.0,0,6.8
S0003938,2025-03-07,P04,A,2,3,1.0,1,6.8
S0003939,2025-03-07,P04,B,0,3,11.0,0,6.8
S0003940,2025-03-07,P04,B,1,3,4.0,0,6.8
S0003941,2025-03-07,P04,B,2,3,1.0,1,6.8
S0003942,2025-03-07,P05,A,0,5,13.0,0,4.1
S0003943,2025-03-07,P05,A,1,5,10.0,0,4.1
S0003944,2025-03-07,P05,A,2,5,6.0,0,4.1
S0003945,2025-03-07,P05,A,3,5,4.0,0,4.1
S0003946,2025-03-07,P05,A,4,5,1.0,1,4.1
S0003947,2025-03-07,P05,B,0,5,6.0,0,4.1
S0003948,2025-03-07,P05,B,1,5,8.0,0,4.1
S0003949,2025-03-07,P05,B,2,5,4.0,0,4.1
S0003950,2025-03-07,P05,B,3,5,5.0,0,4.1
S0003951,2025-03-07,P06,A,0,3,18.0,0,3.0
S0003952,2025-03-07,P06,A,1,3,11.0,0,3.0
S0003953,2025-03-07,P06,A,2,3,1.0,1,3.0
S0003954,2025-03-07,P06,B,0,3,18.0,0,3.0
S0003955,2025-03-07,P06,B,1,3,2.0,0,3.0
S0003956,2025-03-07,P06,B,2,3,6.0,1,3.0
S0003957,2025-03-07,P07,A,0,7,39.0,0,1.8
S0003958,2025-03-07,P07,A,1,7,4.0,0,1.8
S0003959,2025-03-07,P07,A,2,7,16.0,0,1.8
S0003960,2025-03-07,P07,A,3,7,22.0,0,1.8
S0003961,2025-03-07,P07,A,4,7,13.0,0,1.8
S0003962,2025-03-07,P07,A,5,7,6.0,0,1.8
S0003963,2025-03-07,P07,B,0,7,5.0,0,1.8
S0003964,2025-03-07,P07,B,1,7,2.0,0,1.8
S0003965,2025-03-07,P07,B,2,7,4.0,0,1.8
S0003966,2025-03-07,P07,B,3,7,4.0,0,1.8
S0003967,2025-03-07,P07,B,4,7,2.0,0,1.8
S0003968,2025-03-07,P07,B,5,7,1.0,0,1.8
S0003969,2025-03-07,P08,A,0,5,9.0,0,3.7
S0003970,2025-03-07,P08,A,1,5,28.0,0,3.7
S0003971,2025-03-07,P08,A,2,5,8.0,0,3.7
S0003972,2025-03-07,P08,A,3,5,8.0,0,3.7
S0003973,2025-03-07,P08,B,0,5,8.0,0,3.7
S0003974,2025-03-07,P08,B,1,5,5.0,0,3.7
S0003975,2025-03-07,P08,B,2,5,12.0,0,3.7
S0003976,2025-03-07,P08,B,3,5,4.0,0,3.7
S0003977,2025-03-07,P08,B,4,5,1.0,1,3.7
S0003978,2025-03-08,P01,A,0,3,34.0,0,3.2
S0003979,2025-03-08,P01,A,1,3,12.0,0,3.2
S0003980,2025-03-08,P01,A,2,3,3.0,1,3.2
S0003981,2025-03-08,P01,B,0,3,27.0,0,3.2
S0003982,2025-03-08,P01,B,1,3,28.0,0,3.2
S0003983,2025-03-08,P01,B,2,3,5.0,1,3.2
S0003984,2025-03-08,P02,A,0,3,27.0,0,2.6
S0003985,2025-03-08,P02,A,1,3,17.0,0,2.6
S0003986,2025-03-08,P02,A,2,3,4.0,1,2.6
S0003987,2025-03-08,P02,B,0,3,12.0,0,2.6
S0003988,2025-03-08,P02,B,1,3,3.0,0,2.6
S0003989,2025-03-08,P03,A,0,4,25.0,0,2.1
S0003990,2025-03-08,P03,A,1,4,18.0,0,2.1
S0003991,2025-03-08,P03,A,2,4,11.0,0,2.1
S0003992,2025-03-08,P03,A,3,4,1.0,1,2.1
S0003993,2025-03-08,P03,B,0,4,5.0,0,2.1
S0003994,2025-03-08,P03,B,1,4,2.0,0,2.1
S0003995,2025-03-08,P03,B,2,4,3.0,0,2.1
S0003996,2025-03-08,P03,B,3,4,4.0,1,2.1
S0003997,2025-03-08,P04,A,0,3,10.0,0,6.8
S0003998,2025-03-08,P04,A,1,3,9.0,0,6.8
S0003999,2025-03-08,P04,A,2,3,1.0,1,6.8
S0004000,2025-03-08,P04,B,0,3,10.0,0,6.8
S0004001,2025-03-08,P04,B,1,3,10.0,0,6.8
S0004002,2025-03-08,P04,B,2,3,2.0,1,6.8
S0004003,2025-03-08,P05,A,0,5,10.0,0,4.1
S0004004,2025-03-08,P05,A,1,5,12.0,0,4.1
S0004005,2025-03-08,P05,A,2,5,8.0,0,4.1
S0004006,2025-03-08,P05,A,3,5,5.0,0,4.1
S0004007,2025-03-08,P05,A,4,5,4.0,1,4.1
S0004008,2025-03-08,P05,B,0,5,14.0,0,4.1
S0004009,2025-03-08,P05,B,1,5,12.0,0,4.1
S0004010,2025-03-08,P05,B,2,5,13.0,0,4.1
S0004011,2025-03-08,P05,B,3,5,6.0,0,4.1
S0004012,2025-03-08,P05,B,4,5,3.0,1,4.1
S0004013,2025-03-08,P06,A,0,3,29.0,0,3.0
S0004014,2025-03-08,P06,A,1,3,10.0,0,3.0
S0004015,2025-03-08,P06,A,2,3,7.0,1,3.0
S0004016,2025-03-08,P06,B,0,3,6.0,0,3.0
S0004017,2025-03-08,P06,B,1,3,4.0,0,3.0
S0004018,2025-03-08,P06,B,2,3,3.0,1,3.0
S0004019,2025-03-08,P07,A,0,7,15.0,0,1.8
S0004020,2025-03-08,P07,A,1,7,11.0,0,1.8
S0004021,2025-03-08,P07,A,2,7,5.0,0,1.8
S0004022,2025-03-08,P07,A,3,7,1.0,0,1.8
S0004023,2025-03-08,P07,A,4,7,19.0,0,1.8
S0004024,2025-03-08,P07,A,5,7,8.0,0,1.8
S0004025,2025-03-08,P07,B,0,7,18.0,0,1.8
S0004026,2025-03-08,P07,B,1,7,17.0,0,1.8
S0004027,2025-03-08,P07,B,2,7,6.0,0,1.8
S0004028,2025-03-08,P07,B,3,7,8.0,0,1.8
S0004029,2025-03-08,P07,B,4,7,4.0,0,1.8
S0004030,2025-03-08,P07,B,5,7,9.0,0,1.8
S0004031,2025-03-08,P07,B,6,7,10.0,1,1.8
S0004032,2025-03-08,P08,A,0,5,15.0,0,3.7
S0004033,2025-03-08,P08,A,1,5,14.0,0,3.7
S0004034,2025-03-08,P08,A,2,5,9.0,0,3.7
S0004035,2025-03-08,P08,A,3,5,21.0,0,3.7
S0004036,2025-03-08,P08,A,4,5,2.0,1,3.7
S0004037,2025-03-08,P08,B,0,5,5.0,0,3.7
S0004038,2025-03-08,P08,B,1,5,2.0,0,3.7
S0004039,2025-03-08,P08,B,2,5,6.0,0,3.7
S0004040,2025-03-09,P01,A,0,3,45.0,0,3.2
S0004041,2025-03-09,P01,A,1,3,11.0,0,3.2
S0004042,2025-03-09,P01,B,0,3,39.0,0,3.2
S0004043,2025-03-09,P01,B,1,3,15.0,0,3.2
S0004044,2025-03-09,P01,B,2,3,14.0,1,3.2
S0004045,2025-03-09,P02,A,0,3,25.0,0,2.6
S0004046,2025-03-09,P02,A,1,3,6.0,0,2.6
S0004047,2025-03-09,P02,B,0,3,13.0,0,2.6
S0004048,2025-03-09,P02,B,1,3,6.0,0,2.6
S0004049,2025-03-09,P02,B,2,3,2.0,1,2.6
S0004050,2025-03-09,P03,A,0,4,11.0,0,2.1
S0004051,2025-03-09,P03,A,1,4,12.0,0,2.1
S0004052,2025-03-09,P03,A,2,4,7.0,0,2.1
S0004053,2025-03-09,P03,A,3,4,3.0,1,2.1
S0004054,2025-03-09,P03,B,0,4,14.0,0,2.1
S0004055,2025-03-09,P03,B,1,4,20.0,0,2.1
S0004056,2025-03-09,P03,B,2,4,5.0,0,2.1
S0004057,2025-03-09,P03,B,3,4,2.0,1,2.1
S0004058,2025-03-09,P04,A,0,3,12.0,0,6.8
S0004059,2025-03-09,P04,A,1,3,12.0,0,6.8
S0004060,2025-03-09,P04,A,2,3,15.0,1,6.8
S0004061,2025-03-09,P04,B,0,3,4.0,0,6.8
S0004062,2025-03-09,P04,B,2,3,3.0,1,6.8
S0004063,2025-03-09,P05,A,0,5,11.0,0,4.1
S0004064,2025-03-09,P05,A,1,5,19.0,0,4.1
S0004065,2025-03-09,P05,A,2,5,3.0,0,4.1
S0004066,2025-03-09,P05,A,3,5,8.0,0,4.1
S0004067,2025-03-09,P05,A,4,5,4.0,1,4.1
S0004068,2025-03-09,P05,B,0,5,17.0,0,4.1
S0004069,2025-03-09,P05,B,1,5,17.0,0,4.1
S0004070,2025-03-09,P05,B,2,5,16.0,0,4.1
S0004071,2025-03-09,P05,B,3,5,3.0,0,4.1
S0004072,2025-03-09,P05,B,4,5,2.0,1,4.1
S0004073,2025-03-09,P06,A,0,3,19.0,0,3.0
S0004074,2025-03-09,P06,A,1,3,9.0,0,3.0
S0004075,2025-03-09,P06,A,2,3,3.0,1,3.0
S0004076,2025-03-09,P06,B,0,3,27.0,0,3.0
S0004077,2025-03-09,P06,B,1,3,8.0,0,3.0
S0004078,2025-03-09,P06,B,2,3,3.0,1,3.0
S0004079,2025-03-09,P07,A,0,7,46.0,0,1.8
S0004080,2025-03-09,P07,A,1,7,39.0,0,1.8
S0004081,2025-03-09,P07,A,2,7,27.0,0,1.8
S0004082,2025-03-09,P07,A,3,7,5.0,0,1.8
S0004083,2025-03-09,P07,A,4,7,14.0,0,1.8
S0004084,2025-03-09,P07,A,5,7,12.0,0,1.8
S0004085,2025-03-09,P07,A,6,7,1.0,1,1.8
S0004086,2025-03-09,P07,B,0,7,11.0,0,1.8
S0004087,2025-03-09,P07,B,1,7,6.0,0,1.8
S0004088,2025-03-09,P07,B,2,7,6.0,0,1.8
S0004089,2025-03-09,P07,B,3,7,1.0,0,1.8
S0004090,2025-03-09,P07,B,4,7,9.0,0,1.8
S0004091,2025-03-09,P08,A,0,5,16.0,0,3.7
S0004092,2025-03-09,P08,A,1,5,6.0,0,3.7
S0004093,2025-03-09,P08,A,2,5,9.0,0,3.7
S0004094,2025-03-09,P08,A,3,5,10.0,0,3.7
S0004095,2025-03-09,P08,B,0,5,6.0,0,3.7
S0004096,2025-03-09,P08,B,1,5,6.0,0,3.7
S0004097,2025-03-09,P08,B,2,5,2.0,0,3.7
S0004098,2025-03-09,P08,B,3,5,4.0,0,3.7
S0004099,2025-03-09,P08,B,4,5,1.0,1,3.7
S0004100,2025-03-10,P01,A,0,3,36.0,0,3.2
S0004101,2025-03-10,P01,A,1,3,22.0,0,3.2
S0004102,2025-03-10,P01,A,2,3,1.0,1,3.2
S0004103,2025-03-10,P01,B,0,3,37.0,0,3.2
S0004104,2025-03-10,P01,B,1,3,8.0,0,3.2
S0004105,2025-03-10,P01,B,2,3,2.0,1,3.2
S0004106,2025-03-10,P02,A,0,3,54.0,0,2.6
S0004107,2025-03-10,P02,A,1,3,19.0,0,2.6
S0004108,2025-03-10,P02,B,0,3,23.0,0,2.6
S0004109,2025-03-10,P02,B,1,3,4.0,0,2.6
S0004110,2025-03-10,P02,B,2,3,1.0,1,2.6
S0004111,2025-03-10,P03,A,0,4,36.0,0,2.1
S0004112,2025-03-10,P03,A,1,4,31.0,0,2.1
S0004113,2025-03-10,P03,A,2,4,21.0,0,2.1
S0004114,2025-03-10,P03,A,3,4,10.0,1,2.1
S0004115,2025-03-10,P03,B,0,4,11.0,0,2.1
S0004116,2025-03-10,P03,B,1,4,5.0,0,2.1
S0004117,2025-03-10,P03,B,2,4,1.0,0,2.1
S0004118,2025-03-10,P04,A,0,3,22.0,0,6.8
S0004119,2025-03-10,P04,A,1,3,18.0,0,6.8
S0004120,2025-03-10,P04,A,2,3,19.0,1,6.8
S0004121,2025-03-10,P04,B,0,3,8.0,0,6.8
S0004122,2025-03-10,P04,B,1,3,6.0,0,6.8
S0004123,2025-03-10,P04,B,2,3,2.0,1,6.8
S0004124,2025-03-10,P05,A,0,5,30.0,0,4.1
S0004125,2025-03-10,P05,A,1,5,10.0,0,4.1
S0004126,2025-03-10,P05,A,2,5,12.0,0,4.1
S0004127,2025-03-10,P05,A,3,5,7.0,0,4.1
S0004128,2025-03-10,P05,B,0,5,11.0,0,4.1
S0004129,2025-03-10,P05,B,1,5,14.0,0,4.1
S0004130,2025-03-10,P05,B,2,5,7.0,0,4.1
S0004131,2025-03-10,P05,B,3,5,2.0,0,4.1
S0004132,2025-03-10,P05,B,4,5,1.0,1,4.1
S0004133,2025-03-10,P06,A,0,3,11.0,0,3.0
S0004134,2025-03-10,P06,A,1,3,14.0,0,3.0
S0004135,2025-03-10,P06,A,2,3,1.0,1,3.0
S0004136,2025-03-10,P06,B,0,3,10.0,0,3.0
S0004137,2025-03-10,P06,B,1,3,5.0,0,3.0
S0004138,2025-03-10,P06,B,2,3,1.0,1,3.0
S0004139,2025-03-10,P07,A,0,7,14.0,0,1.8
S0004140,2025-03-10,P07,A,1,7,16.0,0,1.8
S0004141,2025-03-10,P07,A,2,7,8.0,0,1.8
S0004142,2025-03-10,P07,A,3,7,3.0,0,1.8
S0004143,2025-03-10,P07,A,4,7,7.0,0,1.8
S0004144,2025-03-10,P07,A,5,7,5.0,0,1.8
S0004145,2025-03-10,P07,A,6,7,9.0,1,1.8
S0004146,2025-03-10,P07,B,0,7,5.0,0,1.8
S0004147,2025-03-10,P07,B,1,7,2.0,0,1.8
S0004148,2025-03-10,P07,B,2,7,2.0,0,1.8
S0004149,2025-03-10,P07,B,3,7,1.0,0,1.8
S0004150,2025-03-10,P07,B,6,7,1.0,1,1.8
S0004151,2025-03-10,P08,A,0,5,15.0,0,3.7
S0004152,2025-03-10,P08,A,1,5,16.0,0,3.7
S0004153,2025-03-10,P08,A,2,5,4.0,0,3.7
S0004154,2025-03-10,P08,A,3,5,8.0,0,3.7
S0004155,2025-03-10,P08,A,4,5,2.0,1,3.7
S0004156,2025-03-10,P08,B,0,5,15.0,0,3.7
S0004157,2025-03-10,P08,B,1,5,5.0,0,3.7
S0004158,2025-03-10,P08,B,2,5,15.0,0,3.7
S0004159,2025-03-10,P08,B,3,5,3.0,0,3.7
S0004160,2025-03-10,P08,B,4,5,7.0,1,3.7
S0004161,2025-03-11,P01,A,0,3,31.0,0,3.2
S0004162,2025-03-11,P01,A,1,3,14.0,0,3.2
S0004163,2025-03-11,P01,A,2,3,5.0,1,3.2
S0004164,2025-03-11,P01,B,0,3,39.0,0,3.2
S0004165,2025-03-11,P01,B,1,3,8.0,0,3.2
S0004166,2025-03-11,P01,B,2,3,4.0,1,3.2
S0004167,2025-03-11,P02,A,0,3,33.0,0,2.6
S0004168,2025-03-11,P02,A,1,3,16.0,0,2.6
S0004169,2025-03-11,P02,A,2,3,1.0,1,2.6
S0004170,2025-03-11,P02,B,0,3,19.0,0,2.6
S0004171,2025-03-11,P02,B,1,3,8.0,0,2.6
S0004172,2025-03-11,P02,B,2,3,1.0,1,2.6
S0004173,2025-03-11,P03,A,0,4,42.0,0,2.1
S0004174,2025-03-11,P03,A,1,4,16.0,0,2.1
S0004175,2025-03-11,P03,A,2,4,19.0,0,2.1
S0004176,2025-03-11,P03,A,3,4,10.0,1,2.1
S0004177,2025-03-11,P03,B,0,4,12.0,0,2.1
S0004178,2025-03-11,P03,B,1,4,10.0,0,2.1
S0004179,2025-03-11,P03,B,2,4,2.0,0,2.1
S0004180,2025-03-11,P04,A,0,3,20.0,0,6.8
S0004181,2025-03-11,P04,A,1,3,9.0,0,6.8
S0004182,2025-03-11,P04,A,2,3,5.0,1,6.8
S0004183,2025-03-11,P04,B,0,3,17.0,0,6.8
S0004184,2025-03-11,P04,B,1,3,10.0,0,6.8
S0004185,2025-03-11,P05,A,0,5,3.0,0,4.1
S0004186,2025-03-11,P05,A,1,5,24.0,0,4.1
S0004187,2025-03-11,P05,A,2,5,6.0,0,4.1
S0004188,2025-03-11,P05,A,3,5,2.0,0,4.1
S0004189,2025-03-11,P05,B,0,5,4.0,0,4.1
S0004190,2025-03-11,P05,B,1,5,3.0,0,4.1
S0004191,2025-03-11,P05,B,2,5,3.0,0,4.1
S0004192,2025-03-11,P05,B,3,5,4.0,0,4.1
S0004193,2025-03-11,P06,A,0,3,30.0,0,3.0
S0004194,2025-03-11,P06,A,1,3,8.0,0,3.0
S0004195,2025-03-11,P06,A,2,3,2.0,1,3.0
S0004196,2025-03-11,P06,B,0,3,14.0,0,3.0
S0004197,2025-03-11,P06,B,1,3,8.0,0,3.0
S0004198,2025-03-11,P06,B,2,3,3.0,1,3.0
S0004199,2025-03-11,P07,A,0,7,29.0,0,1.8
S0004200,2025-03-11,P07,A,1,7,12.0,0,1.8
S0004201,2025-03-11,P07,A,2,7,12.0,0,1.8
S0004202,2025-03-11,P07,A,3,7,16.0,0,1.8
S0004203,2025-03-11,P07,A,4,7,3.0,0,1.8
S0004204,2025-03-11,P07,A,5,7,11.0,0,1.8
S0004205,2025-03-11,P07,A,6,7,10.0,1,1.8
S0004206,2025-03-11,P07,B,0,7,5.0,0,1.8
S0004207,2025-03-11,P07,B,1,7,4.0,0,1.8
S0004208,2025-03-11,P07,B,2,7,1.0,0,1.8
S0004209,2025-03-11,P07,B,3,7,4.0,0,1.8
S0004210,2025-03-11,P07,B,4,7,2.0,0,1.8
S0004211,2025-03-11,P08,A,0,5,16.0,0,3.7
S0004212,2025-03-11,P08,A,1,5,7.0,0,3.7
S0004213,2025-03-11,P08,A,2,5,4.0,0,3.7
S0004214,2025-03-11,P08,A,3,5,2.0,0,3.7
S0004215,2025-03-11,P08,A,4,5,1.0,1,3.7
S0004216,2025-03-11,P08,B,0,5,7.0,0,3.7
S0004217,2025-03-11,P08,B,1,5,8.0,0,3.7
S0004218,2025-03-11,P08,B,2,5,3.0,0,3.7
S0004219,2025-03-11,P08,B,3,5,3.0,0,3.7
S0004220,2025-03-11,P08,B,4,5,1.0,1,3.7
S0004221,2025-03-12,P01,A,0,3,27.0,0,3.2
S0004222,2025-03-12,P01,A,1,3,20.0,0,3.2
S0004223,2025-03-12,P01,A,2,3,7.0,1,3.2
S0004224,2025-03-12,P01,B,0,3,32.0,0,3.2
S0004225,2025-03-12,P01,B,1,3,19.0,0,3.2
S0004226,2025-03-12,P01,B,2,3,14.0,1,3.2
S0004227,2025-03-12,P02,A,0,3,18.0,0,2.6
S0004228,2025-03-12,P02,A,1,3,43.0,0,2.6
S0004229,2025-03-12,P02,A,2,3,5.0,1,2.6
S0004230,2025-03-12,P02,B,0,3,9.0,0,2.6
S0004231,2025-03-12,P02,B,1,3,3.0,0,2.6
S0004232,2025-03-12,P02,B,2,3,1.0,1,2.6
S0004233,2025-03-12,P03,A,0,4,16.0,0,2.1
S0004234,2025-03-12,P03,A,1,4,13.0,0,2.1
S0004235,2025-03-12,P03,A,2,4,8.0,0,2.1
S0004236,2025-03-12,P03,A,3,4,3.0,1,2.1
S0004237,2025-03-12,P03,B,0,4,20.0,0,2.1
S0004238,2025-03-12,P03,B,1,4,10.0,0,2.1
S0004239,2025-03-12,P03,B,2,4,4.0,0,2.1
S0004240,2025-03-12,P03,B,3,4,14.0,1,2.1
S0004241,2025-03-12,P04,A,0,3,16.0,0,6.8
S0004242,2025-03-12,P04,A,1,3,6.0,0,6.8
S0004243,2025-03-12,P04,A,2,3,2.0,1,6.8
S0004244,2025-03-12,P04,B,0,3,24.0,0,6.8
S0004245,2025-03-12,P04,B,1,3,2.0,0,6.8
S0004246,2025-03-12,P04,B,2,3,3.0,1,6.8
S0004247,2025-03-12,P05,A,0,5,22.0,0,4.1
S0004248,2025-03-12,P05,A,1,5,12.0,0,4.1
S0004249,2025-03-12,P05,A,2,5,5.0,0,4.1
S0004250,2025-03-12,P05,A,3,5,10.0,0,4.1
S0004251,2025-03-12,P05,A,4,5,3.0,1,4.1
S0004252,2025-03-12,P05,B,0,5,9.0,0,4.1
S0004253,2025-03-12,P05,B,1,5,2.0,0,4.1
S0004254,2025-03-12,P05,B,2,5,3.0,0,4.1
S0004255,2025-03-12,P05,B,3,5,2.0,0,4.1
S0004256,2025-03-12,P06,A,0,3,22.0,0,3.0
S0004257,2025-03-12,P06,A,1,3,17.0,0,3.0
S0004258,2025-03-12,P06,B,0,3,7.0,0,3.0
S0004259,2025-03-12,P06,B,1,3,8.0,0,3.0
S0004260,2025-03-12,P06,B,2,3,3.0,1,3.0
S0004261,2025-03-12,P07,A,0,7,24.0,0,1.8
S0004262,2025-03-12,P07,A,1,7,19.0,0,1.8
S0004263,2025-03-12,P07,A,2,7,5.0,0,1.8
S0004264,2025-03-12,P07,A,3,7,4.0,0,1.8
S0004265,2025-03-12,P07,A,4,7,12.0,0,1.8
S0004266,2025-03-12,P07,A,5,7,5.0,0,1.8
S0004267,2025-03-12,P07,A,6,7,1.0,1,1.8
S0004268,2025-03-12,P07,B,0,7,22.0,0,1.8
S0004269,2025-03-12,P07,B,1,7,6.0,0,1.8
S0004270,2025-03-12,P07,B,2,7,12.0,0,1.8
S0004271,2025-03-12,P07,B,3,7,7.0,0,1.8
S0004272,2025-03-12,P07,B,4,7,4.0,0,1.8
S0004273,2025-03-12,P07,B,5,7,4.0,0,1.8
S0004274,2025-03-12,P07,B,6,7,4.0,1,1.8
S0004275,2025-03-12,P08,A,0,5,14.0,0,3.7
S0004276,2025-03-12,P08,A,1,5,16.0,0,3.7
S0004277,2025-03-12,P08,A,2,5,11.0,0,3.7
S0004278,2025-03-12,P08,A,3,5,2.0,0,3.7
S0004279,2025-03-12,P08,A,4,5,1.0,1,3.7
S0004280,2025-03-12,P08,B,0,5,6.0,0,3.7
S0004281,2025-03-12,P08,B,1,5,10.0,0,3.7
S0004282,2025-03-12,P08,B,2,5,8.0,0,3.7
S0004283,2025-03-12,P08,B,3,5,7.0,0,3.7
S0004284,2025-03-13,P01,A,0,3,24.0,0,3.2
S0004285,2025-03-13,P01,A,1,3,11.0,0,3.2
S0004286,2025-03-13,P01,A,2,3,3.0,1,3.2
S0004287,2025-03-13,P01,B,0,3,31.0,0,3.2
S0004288,2025-03-13,P01,B,1,3,12.0,0,3.2
S0004289,2025-03-13,P02,A,0,3,45.0,0,2.6
S0004290,2025-03-13,P02,A,1,3,40.0,0,2.6
S0004291,2025-03-13,P02,A,2,3,2.0,1,2.6
S0004292,2025-03-13,P02,B,0,3,10.0,0,2.6
S0004293,2025-03-13,P02,B,1,3,4.0,0,2.6
S0004294,2025-03-13,P02,B,2,3,1.0,1,2.6
S0004295,2025-03-13,P03,A,0,4,37.0,0,2.1
S0004296,2025-03-13,P03,A,1,4,20.0,0,2.1
S0004297,2025-03-13,P03,A,2,4,16.0,0,2.1
S0004298,2025-03-13,P03,A,3,4,3.0,1,2.1
S0004299,2025-03-13,P03,B,0,4,8.0,0,2.1
S0004300,2025-03-13,P03,B,1,4,7.0,0,2.1
S0004301,2025-03-13,P03,B,2,4,3.0,0,2.1
S0004302,2025-03-13,P04,A,0,3,38.0,0,6.8
S0004303,2025-03-13,P04,A,1,3,6.0,0,6.8
S0004304,2025-03-13,P04,A,2,3,5.0,1,6.8
S0004305,2025-03-13,P04,B,0,3,7.0,0,6.8
S0004306,2025-03-13,P04,B,1,3,2.0,0,6.8
S0004307,2025-03-13,P05,A,0,5,4.0,0,4.1
S0004308,2025-03-13,P05,A,1,5,21.0,0,4.1
S0004309,2025-03-13,P05,A,2,5,10.0,0,4.1
S0004310,2025-03-13,P05,A,3,5,6.0,0,4.1
S0004311,2025-03-13,P05,A,4,5,2.0,1,4.1
S0004312,2025-03-13,P05,B,0,5,15.0,0,4.1
S0004313,2025-03-13,P05,B,1,5,10.0,0,4.1
S0004314,2025-03-13,P05,B,2,5,4.0,0,4.1
S0004315,2025-03-13,P05,B,3,5,7.0,0,4.1
S0004316,2025-03-13,P05,B,4,5,3.0,1,4.1
S0004317,2025-03-13,P06,A,0,3,8.0,0,3.0
S0004318,2025-03-13,P06,A,1,3,16.0,0,3.0
S0004319,2025-03-13,P06,A,2,3,10.0,1,3.0
S0004320,2025-03-13,P06,B,0,3,2.0,0,3.0
S0004321,2025-03-13,P06,B,1,3,3.0,0,3.0
S0004322,2025-03-13,P06,B,2,3,5.0,1,3.0
S0004323,2025-03-13,P07,A,0,7,9.0,0,1.8
S0004324,2025-03-13,P07,A,1,7,5.0,0,1.8
S0004325,2025-03-13,P07,A,2,7,8.0,0,1.8
S0004326,2025-03-13,P07,A,3,7,3.0,0,1.8
S0004327,2025-03-13,P07,A,4,7,4.0,0,1.8
S0004328,2025-03-13,P07,A,5,7,6.0,0,1.8
S0004329,2025-03-13,P07,B,0,7,17.0,0,1.8
S0004330,2025-03-13,P07,B,1,7,1.0,0,1.8
S0004331,2025-03-13,P07,B,2,7,11.0,0,1.8
S0004332,2025-03-13,P07,B,3,7,2.0,0,1.8
S0004333,2025-03-13,P07,B,4,7,7.0,0,1.8
S0004334,2025-03-13,P07,B,5,7,3.0,0,1.8
S0004335,2025-03-13,P07,B,6,7,1.0,1,1.8
S0004336,2025-03-13,P08,A,0,5,25.0,0,3.7
S0004337,2025-03-13,P08,A,1,5,6.0,0,3.7
S0004338,2025-03-13,P08,A,2,5,15.0,0,3.7
S0004339,2025-03-13,P08,A,3,5,4.0,0,3.7
S0004340,2025-03-13,P08,A,4,5,4.0,1,3.7
S0004341,2025-03-13,P08,B,0,5,5.0,0,3.7
S0004342,2025-03-13,P08,B,1,5,4.0,0,3.7
S0004343,2025-03-13,P08,B,2,5,1.0,0,3.7
S0004344,2025-03-14,P01,A,0,3,20.0,0,3.2
S0004345,2025-03-14,P01,A,1,3,34.0,0,3.2
S0004346,2025-03-14,P01,A,2,3,1.0,1,3.2
S0004347,2025-03-14,P01,B,0,3,21.0,0,3.2
S0004348,2025-03-14,P01,B,1,3,12.0,0,3.2
S0004349,2025-03-14,P01,B,2,3,4.0,1,3.2
S0004350,2025-03-14,P02,A,0,3,42.0,0,2.6
S0004351,2025-03-14,P02,A,1,3,37.0,0,2.6
S0004352,2025-03-14,P02,A,2,3,1.0,1,2.6
S0004353,2025-03-14,P02,B,0,3,11.0,0,2.6
S0004354,2025-03-14,P02,B,1,3,3.0,0,2.6
S0004355,2025-03-14,P03,A,0,4,37.0,0,2.1
S0004356,2025-03-14,P03,A,1,4,18.0,0,2.1
S0004357,2025-03-14,P03,A,3,4,4.0,1,2.1
S0004358,2025-03-14,P03,B,0,4,29.0,0,2.1
S0004359,2025-03-14,P03,B,1,4,9.0,0,2.1
S0004360,2025-03-14,P03,B,2,4,5.0,0,2.1
S0004361,2025-03-14,P03,B,3,4,9.0,1,2.1
S0004362,2025-03-14,P04,A,0,3,12.0,0,6.8
S0004363,2025-03-14,P04,A,1,3,11.0,0,6.8
S0004364,2025-03-14,P04,A,2,3,2.0,1,6.8
S0004365,2025-03-14,P04,B,0,3,15.0,0,6.8
S0004366,2025-03-14,P04,B,1,3,7.0,0,6.8
S0004367,2025-03-14,P04,B,2,3,1.0,1,6.8
S0004368,2025-03-14,P05,A,0,5,9.0,0,4.1
S0004369,2025-03-14,P05,A,1,5,10.0,0,4.1
S0004370,2025-03-14,P05,A,2,5,5.0,0,4.1
S0004371,2025-03-14,P05,A,3,5,12.0,0,4.1
S0004372,2025-03-14,P05,A,4,5,2.0,1,4.1
S0004373,2025-03-14,P05,B,0,5,12.0,0,4.1
S0004374,2025-03-14,P05,B,1,5,15.0,0,4.1
S0004375,2025-03-14,P05,B,2,5,3.0,0,4.1
S0004376,2025-03-14,P05,B,3,5,5.0,0,4.1
S0004377,2025-03-14,P05,B,4,5,1.0,1,4.1
S0004378,2025-03-14,P06,A,0,3,25.0,0,3.0
S0004379,2025-03-14,P06,A,1,3,18.0,0,3.0
S0004380,2025-03-14,P06,A,2,3,4.0,1,3.0
S0004381,2025-03-14,P06,B,0,3,9.0,0,3.0
S0004382,2025-03-14,P06,B,1,3,1.0,0,3.0
S0004383,2025-03-14,P07,A,0,7,8.0,0,1.8
S0004384,2025-03-14,P07,A,1,7,8.0,0,1.8
S0004385,2025-03-14,P07,A,2,7,8.0,0,1.8
S0004386,2025-03-14,P07,A,3,7,8.0,0,1.8
S0004387,2025-03-14,P07,A,4,7,2.0,0,1.8
S0004388,2025-03-14,P07,A,5,7,3.0,0,1.8
S0004389,2025-03-14,P07,A,6,7,1.0,1,1.8
S0004390,2025-03-14,P07,B,0,7,6.0,0,1.8
S0004391,2025-03-14,P07,B,1,7,2.0,0,1.8
S0004392,2025-03-14,P07,B,2,7,6.0,0,1.8
S0004393,2025-03-14,P07,B,3,7,2.0,0,1.8
S0004394,2025-03-14,P07,B,4,7,3.0,0,1.8
S0004395,2025-03-14,P07,B,5,7,1.0,0,1.8
S0004396,2025-03-14,P07,B,6,7,1.0,1,1.8
S0004397,2025-03-14,P08,A,0,5,7.0,0,3.7
S0004398,2025-03-14,P08,A,1,5,9.0,0,3.7
S0004399,2025-03-14,P08,A,2,5,11.0,0,3.7
S0004400,2025-03-14,P08,A,3,5,2.0,0,3.7
S0004401,2025-03-14,P08,B,0,5,9.0,0,3.7
S0004402,2025-03-14,P08,B,1,5,13.0,0,3.7
S0004403,2025-03-14,P08,B,2,5,2.0,0,3.7
S0004404,2025-03-14,P08,B,3,5,6.0,0,3.7
S0004405,2025-03-15,P01,A,0,3,32.0,0,3.2
S0004406,2025-03-15,P01,A,1,3,32.0,0,3.2
S0004407,2025-03-15,P01,A,2,3,2.0,1,3.2
S0004408,2025-03-15,P01,B,0,3,8.0,0,3.2
S0004409,2025-03-15,P01,B,1,3,3.0,0,3.2
S0004410,2025-03-15,P01,B,2,3,4.0,1,3.2
S0004411,2025-03-15,P02,A,0,3,24.0,0,2.6
S0004412,2025-03-15,P02,A,1,3,20.0,0,2.6
S0004413,2025-03-15,P02,B,0,3,22.0,0,2.6
S0004414,2025-03-15,P02,B,1,3,2.0,0,2.6
S0004415,2025-03-15,P02,B,2,3,4.0,1,2.6
S0004416,2025-03-15,P03,A,0,4,14.0,0,2.1
S0004417,2025-03-15,P03,A,1,4,14.0,0,2.1
S0004418,2025-03-15,P03,A,2,4,10.0,0,2.1
S0004419,2025-03-15,P03,B,0,4,14.0,0,2.1
S0004420,2025-03-15,P03,B,1,4,18.0,0,2.1
S0004421,2025-03-15,P03,B,2,4,13.0,0,2.1
S0004422,2025-03-15,P03,B,3,4,1.0,1,2.1
S0004423,2025-03-15,P04,A,0,3,12.0,0,6.8
S0004424,2025-03-15,P04,A,1,3,15.0,0,6.8
S0004425,2025-03-15,P04,A,2,3,2.0,1,6.8
S0004426,2025-03-15,P04,B,0,3,21.0,0,6.8
S0004427,2025-03-15,P04,B,1,3,11.0,0,6.8
S0004428,2025-03-15,P04,B,2,3,3.0,1,6.8
S0004429,2025-03-15,P05,A,0,5,6.0,0,4.1
S0004430,2025-03-15,P05,A,1,5,9.0,0,4.1
S0004431,2025-03-15,P05,A,2,5,6.0,0,4.1
S0004432,2025-03-15,P05,A,3,5,5.0,0,4.1
S0004433,2025-03-15,P05,B,0,5,9.0,0,4.1
S0004434,2025-03-15,P05,B,1,5,6.0,0,4.1
S0004435,2025-03-15,P05,B,2,5,11.0,0,4.1
S0004436,2025-03-15,P05,B,3,5,3.0,0,4.1
S0004437,2025-03-15,P06,A,0,3,9.0,0,3.0
S0004438,2025-03-15,P06,A,1,3,10.0,0,3.0
S0004439,2025-03-15,P06,A,2,3,5.0,1,3.0
S0004440,2025-03-15,P06,B,0,3,4.0,0,3.0
S0004441,2025-03-15,P06,B,1,3,15.0,0,3.0
S0004442,2025-03-15,P07,A,0,7,9.0,0,1.8
S0004443,2025-03-15,P07,A,1,7,13.0,0,1.8
S0004444,2025-03-15,P07,A,2,7,7.0,0,1.8
S0004445,2025-03-15,P07,A,3,7,20.0,0,1.8
S0004446,2025-03-15,P07,A,4,7,5.0,0,1.8
S0004447,2025-03-15,P07,A,5,7,5.0,0,1.8
S0004448,2025-03-15,P07,B,0,7,11.0,0,1.8
S0004449,2025-03-15,P07,B,1,7,11.0,0,1.8
S0004450,2025-03-15,P07,B,2,7,2.0,0,1.8
S0004451,2025-03-15,P07,B,3,7,9.0,0,1.8
S0004452,2025-03-15,P07,B,4,7,11.0,0,1.8
S0004453,2025-03-15,P07,B,5,7,2.0,0,1.8
S0004454,2025-03-15,P07,B,6,7,5.0,1,1.8
S0004455,2025-03-15,P08,A,0,5,18.0,0,3.7
S0004456,2025-03-15,P08,A,1,5,5.0,0,3.7
S0004457,2025-03-15,P08,A,2,5,13.0,0,3.7
S0004458,2025-03-15,P08,A,3,5,5.0,0,3.7
S0004459,2025-03-15,P08,A,4,5,3.0,1,3.7
S0004460,2025-03-15,P08,B,0,5,3.0,0,3.7
S0004461,2025-03-15,P08,B,1,5,3.0,0,3.7
S0004462,2025-03-15,P08,B,2,5,6.0,0,3.7
S0004463,2025-03-15,P08,B,3,5,1.0,0,3.7
S0004464,2025-03-15,P08,B,4,5,7.0,1,3.7
S0004465,2025-03-16,P01,A,0,3,29.0,0,3.2
S0004466,2025-03-16,P01,A,1,3,37.0,0,3.2
S0004467,2025-03-16,P01,A,2,3,3.0,1,3.2
S0004468,2025-03-16,P01,B,0,3,27.0,0,3.2
S0004469,2025-03-16,P01,B,1,3,21.0,0,3.2
S0004470,2025-03-16,P01,B,2,3,2.0,1,3.2
S0004471,2025-03-16,P02,A,0,3,40.0,0,2.6
S0004472,2025-03-16,P02,A,1,3,11.0,0,2.6
S0004473,2025-03-16,P02,A,2,3,9.0,1,2.6
S0004474,2025-03-16,P02,B,0,3,10.0,0,2.6
S0004475,2025-03-16,P02,B,1,3,4.0,0,2.6
S0004476,2025-03-16,P03,A,0,4,17.0,0,2.1
S0004477,2025-03-16,P03,A,1,4,11.0,0,2.1
S0004478,2025-03-16,P03,A,2,4,33.0,0,2.1
S0004479,2025-03-16,P03,A,3,4,10.0,1,2.1
S0004480,2025-03-16,P03,B,0,4,10.0,0,2.1
S0004481,2025-03-16,P03,B,1,4,7.0,0,2.1
S0004482,2025-03-16,P03,B,2,4,4.0,0,2.1
S0004483,2025-03-16,P03,B,3,4,1.0,1,2.1
S0004484,2025-03-16,P04,A,0,3,24.0,0,6.8
S0004485,2025-03-16,P04,A,1,3,5.0,0,6.8
S0004486,2025-03-16,P04,A,2,3,8.0,1,6.8
S0004487,2025-03-16,P04,B,0,3,14.0,0,6.8
S0004488,2025-03-16,P04,B,1,3,15.0,0,6.8
S0004489,2025-03-16,P04,B,2,3,1.0,1,6.8
S0004490,2025-03-16,P05,A,0,5,15.0,0,4.1
S0004491,2025-03-16,P05,A,1,5,17.0,0,4.1
S0004492,2025-03-16,P05,A,2,5,5.0,0,4.1
S0004493,2025-03-16,P05,A,3,5,1.0,0,4.1
S0004494,2025-03-16,P05,A,4,5,1.0,1,4.1
S0004495,2025-03-16,P05,B,0,5,12.0,0,4.1
S0004496,2025-03-16,P05,B,1,5,12.0,0,4.1
S0004497,2025-03-16,P05,B,2,5,7.0,0,4.1
S0004498,2025-03-16,P05,B,4,5,1.0,1,4.1
S0004499,2025-03-16,P06,A,0,3,10.0,0,3.0
S0004500,2025-03-16,P06,A,1,3,4.0,0,3.0
S0004501,2025-03-16,P06,A,2,3,1.0,1,3.0
S0004502,2025-03-16,P06,B,0,3,10.0,0,3.0
S0004503,2025-03-16,P06,B,1,3,5.0,0,3.0
S0004504,2025-03-16,P06,B,2,3,2.0,1,3.0
S0004505,2025-03-16,P07,A,0,7,31.0,0,1.8
S0004506,2025-03-16,P07,A,1,7,32.0,0,1.8
S0004507,2025-03-16,P07,A,2,7,41.0,0,1.8
S0004508,2025-03-16,P07,A,3,7,19.0,0,1.8
S0004509,2025-03-16,P07,A,4,7,4.0,0,1.8
S0004510,2025-03-16,P07,A,5,7,2.0,0,1.8
S0004511,2025-03-16,P07,A,6,7,5.0,1,1.8
S0004512,2025-03-16,P07,B,0,7,7.0,0,1.8
S0004513,2025-03-16,P07,B,1,7,3.0,0,1.8
S0004514,2025-03-16,P07,B,2,7,4.0,0,1.8
S0004515,2025-03-16,P07,B,3,7,4.0,0,1.8
S0004516,2025-03-16,P07,B,4,7,2.0,0,1.8
S0004517,2025-03-16,P07,B,5,7,2.0,0,1.8
S0004518,2025-03-16,P07,B,6,7,2.0,1,1.8
S0004519,2025-03-16,P08,A,0,5,17.0,0,3.7
S0004520,2025-03-16,P08,A,1,5,7.0,0,3.7
S0004521,2025-03-16,P08,A,2,5,2.0,0,3.7
S0004522,2025-03-16,P08,A,3,5,2.0,0,3.7
S0004523,2025-03-16,P08,A,4,5,1.0,1,3.7
S0004524,2025-03-16,P08,B,0,5,12.0,0,3.7
S0004525,2025-03-16,P08,B,1,5,6.0,0,3.7
S0004526,2025-03-16,P08,B,2,5,1.0,0,3.7
S0004527,2025-03-16,P08,B,3,5,1.0,0,3.7
S0004528,2025-03-16,P08,B,4,5,10.0,1,3.7
S0004529,2025-03-17,P01,A,0,3,27.0,0,3.2
S0004530,2025-03-17,P01,A,1,3,14.0,0,3.2
S0004531,2025-03-17,P01,A,2,3,22.0,1,3.2
S0004532,2025-03-17,P01,B,0,3,17.0,0,3.2
S0004533,2025-03-17,P01,B,1,3,9.0,0,3.2
S0004534,2025-03-17,P01,B,2,3,8.0,1,3.2
S0004535,2025-03-17,P02,A,0,3,22.0,0,2.6
S0004536,2025-03-17,P02,A,1,3,15.0,0,2.6
S0004537,2025-03-17,P02,A,2,3,2.0,1,2.6
S0004538,2025-03-17,P02,B,0,3,27.0,0,2.6
S0004539,2025-03-17,P02,B,1,3,19.0,0,2.6
S0004540,2025-03-17,P02,B,2,3,1.0,1,2.6
S0004541,2025-03-17,P03,A,0,4,37.0,0,2.1
S0004542,2025-03-17,P03,A,1,4,23.0,0,2.1
S0004543,2025-03-17,P03,A,2,4,17.0,0,2.1
S0004544,2025-03-17,P03,A,3,4,3.0,1,2.1
S0004545,2025-03-17,P03,B,0,4,9.0,0,2.1
S0004546,2025-03-17,P03,B,1,4,4.0,0,2.1
S0004547,2025-03-17,P03,B,2,4,1.0,0,2.1
S0004548,2025-03-17,P04,A,0,3,27.0,0,6.8
S0004549,2025-03-17,P04,A,1,3,15.0,0,6.8
S0004550,2025-03-17,P04,A,2,3,5.0,1,6.8
S0004551,2025-03-17,P04,B,0,3,7.0,0,6.8
S0004552,2025-03-17,P04,B,1,3,3.0,0,6.8
S0004553,2025-03-17,P04,B,2,3,1.0,1,6.8
S0004554,2025-03-17,P05,A,0,5,24.0,0,4.1
S0004555,2025-03-17,P05,A,1,5,28.0,0,4.1
S0004556,2025-03-17,P05,A,2,5,12.0,0,4.1
S0004557,2025-03-17,P05,A,3,5,3.0,0,4.1
S0004558,2025-03-17,P05,A,4,5,9.0,1,4.1
S0004559,2025-03-17,P05,B,0,5,8.0,0,4.1
S0004560,2025-03-17,P05,B,1,5,3.0,0,4.1
S0004561,2025-03-17,P05,B,2,5,7.0,0,4.1
S0004562,2025-03-17,P05,B,3,5,3.0,0,4.1
S0004563,2025-03-17,P06,A,0,3,8.0,0,3.0
S0004564,2025-03-17,P06,A,1,3,17.0,0,3.0
S0004565,2025-03-17,P06,A,2,3,2.0,1,3.0
S0004566,2025-03-17,P06,B,0,3,3.0,0,3.0
S0004567,2025-03-17,P06,B,1,3,6.0,0,3.0
S0004568,2025-03-17,P06,B,2,3,2.0,1,3.0
S0004569,2025-03-17,P07,A,0,7,38.0,0,1.8
S0004570,2025-03-17,P07,A,1,7,18.0,0,1.8
S0004571,2025-03-17,P07,A,2,7,14.0,0,1.8
S0004572,2025-03-17,P07,A,3,7,6.0,0,1.8
S0004573,2025-03-17,P07,A,4,7,1.0,0,1.8
S0004574,2025-03-17,P07,A,5,7,6.0,0,1.8
S0004575,2025-03-17,P07,A,6,7,3.0,1,1.8
S0004576,2025-03-17,P07,B,0,7,5.0,0,1.8
S0004577,2025-03-17,P07,B,1,7,5.0,0,1.8
S0004578,2025-03-17,P07,B,2,7,6.0,0,1.8
S0004579,2025-03-17,P07,B,3,7,3.0,0,1.8
S0004580,2025-03-17,P07,B,4,7,1.0,0,1.8
S0004581,2025-03-17,P07,B,5,7,2.0,0,1.8
S0004582,2025-03-17,P07,B,6,7,1.0,1,1.8
S0004583,2025-03-17,P08,A,0,5,9.0,0,3.7
S0004584,2025-03-17,P08,A,1,5,11.0,0,3.7
S0004585,2025-03-17,P08,A,2,5,3.0,0,3.7
S0004586,2025-03-17,P08,B,0,5,8.0,0,3.7
S0004587,2025-03-17,P08,B,1,5,3.0,0,3.7
S0004588,2025-03-17,P08,B,2,5,4.0,0,3.7
S0004589,2025-03-17,P08,B,3,5,5.0,0,3.7
S0004590,2025-03-18,P01,A,0,3,64.0,0,3.2
S0004591,2025-03-18,P01,A,1,3,20.0,0,3.2
S0004592,2025-03-18,P01,A,2,3,5.0,1,3.2
S0004593,2025-03-18,P01,B,0,3,11.0,0,3.2
S0004594,2025-03-18,P01,B,1,3,14.0,0,3.2
S0004595,2025-03-18,P01,B,2,3,2.0,1,3.2
S0004596,2025-03-18,P02,A,0,3,18.0,0,2.6
S0004597,2025-03-18,P02,A,1,3,29.0,0,2.6
S0004598,2025-03-18,P02,A,2,3,4.0,1,2.6
S0004599,2025-03-18,P02,B,0,3,9.0,0,2.6
S0004600,2025-03-18,P02,B,1,3,9.0,0,2.6
S0004601,2025-03-18,P02,B,2,3,3.0,1,2.6
S0004602,2025-03-18,P03,A,0,4,48.0,0,2.1
S0004603,2025-03-18,P03,A,1,4,22.0,0,2.1
S0004604,2025-03-18,P03,A,2,4,13.0,0,2.1
S0004605,2025-03-18,P03,A,3,4,1.0,1,2.1
S0004606,2025-03-18,P03,B,0,4,4.0,0,2.1
S0004607,2025-03-18,P03,B,1,4,8.0,0,2.1
S0004608,2025-03-18,P03,B,2,4,1.0,0,2.1
S0004609,2025-03-18,P03,B,3,4,2.0,1,2.1
S0004610,2025-03-18,P04,A,0,3,12.0,0,6.8
S0004611,2025-03-18,P04,A,1,3,10.0,0,6.8
S0004612,2025-03-18,P04,A,2,3,1.0,1,6.8
S0004613,2025-03-18,P04,B,0,3,18.0,0,6.8
S0004614,2025-03-18,P04,B,1,3,5.0,0,6.8
S0004615,2025-03-18,P04,B,2,3,1.0,1,6.8
S0004616,2025-03-18,P05,A,0,5,12.0,0,4.1
S0004617,2025-03-18,P05,A,1,5,11.0,0,4.1
S0004618,2025-03-18,P05,A,2,5,5.0,0,4.1
S0004619,2025-03-18,P05,A,3,5,3.0,0,4.1
S0004620,2025-03-18,P05,B,0,5,5.0,0,4.1
S0004621,2025-03-18,P05,B,1,5,8.0,0,4.1
S0004622,2025-03-18,P05,B,2,5,3.0,0,4.1
S0004623,2025-03-18,P05,B,3,5,5.0,0,4.1
S0004624,2025-03-18,P05,B,4,5,7.0,1,4.1
S0004625,2025-03-18,P06,A,0,3,11.0,0,3.0
S0004626,2025-03-18,P06,A,1,3,25.0,0,3.0
S0004627,2025-03-18,P06,A,2,3,7.0,1,3.0
S0004628,2025-03-18,P06,B,0,3,7.0,0,3.0
S0004629,2025-03-18,P06,B,1,3,9.0,0,3.0
S0004630,2025-03-18,P06,B,2,3,2.0,1,3.0
S0004631,2025-03-18,P07,A,0,7,19.0,0,1.8
S0004632,2025-03-18,P07,A,1,7,11.0,0,1.8
S0004633,2025-03-18,P07,A,2,7,13.0,0,1.8
S0004634,2025-03-18,P07,A,3,7,3.0,0,1.8
S0004635,2025-03-18,P07,A,4,7,15.0,0,1.8
S0004636,2025-03-18,P07,A,5,7,2.0,0,1.8
S0004637,2025-03-18,P07,A,6,7,2.0,1,1.8
S0004638,2025-03-18,P07,B,0,7,15.0,0,1.8
S0004639,2025-03-18,P07,B,1,7,5.0,0,1.8
S0004640,2025-03-18,P07,B,2,7,8.0,0,1.8
S0004641,2025-03-18,P07,B,3,7,7.0,0,1.8
S0004642,2025-03-18,P07,B,4,7,4.0,0,1.8
S0004643,2025-03-18,P07,B,5,7,2.0,0,1.8
S0004644,2025-03-18,P07,B,6,7,1.0,1,1.8
S0004645,2025-03-18,P08,A,0,5,13.0,0,3.7
S0004646,2025-03-18,P08,A,1,5,3.0,0,3.7
S0004647,2025-03-18,P08,A,2,5,4.0,0,3.7
S0004648,2025-03-18,P08,A,3,5,4.0,0,3.7
S0004649,2025-03-18,P08,A,4,5,10.0,1,3.7
S0004650,2025-03-18,P08,B,0,5,14.0,0,3.7
S0004651,2025-03-18,P08,B,1,5,6.0,0,3.7
S0004652,2025-03-18,P08,B,2,5,5.0,0,3.7
S0004653,2025-03-18,P08,B,3,5,3.0,0,3.7
S0004654,2025-03-18,P08,B,4,5,2.0,1,3.7
S0004655,2025-03-19,P01,A,0,3,19.0,0,3.2
S0004656,2025-03-19,P01,A,1,3,35.0,0,3.2
S0004657,2025-03-19,P01,A,2,3,10.0,1,3.2
S0004658,2025-03-19,P01,B,0,3,16.0,0,3.2
S0004659,2025-03-19,P01,B,1,3,10.0,0,3.2
S0004660,2025-03-19,P01,B,2,3,8.0,1,3.2
S0004661,2025-03-19,P02,A,0,3,17.0,0,2.6
S0004662,2025-03-19,P02,A,1,3,16.0,0,2.6
S0004663,2025-03-19,P02,A,2,3,3.0,1,2.6
S0004664,2025-03-19,P02,B,0,3,8.0,0,2.6
S0004665,2025-03-19,P02,B,1,3,9.0,0,2.6
S0004666,2025-03-19,P02,B,2,3,2.0,1,2.6
S0004667,2025-03-19,P03,A,0,4,37.0,0,2.1
S0004668,2025-03-19,P03,A,1,4,18.0,0,2.1
S0004669,2025-03-19,P03,A,2,4,21.0,0,2.1
S0004670,2025-03-19,P03,A,3,4,4.0,1,2.1
S0004671,2025-03-19,P03,B,0,4,3.0,0,2.1
S0004672,2025-03-19,P03,B,1,4,5.0,0,2.1
S0004673,2025-03-19,P03,B,2,4,5.0,0,2.1
S0004674,2025-03-19,P03,B,3,4,1.0,1,2.1
S0004675,2025-03-19,P04,A,0,3,26.0,0,6.8
S0004676,2025-03-19,P04,A,1,3,15.0,0,6.8
S0004677,2025-03-19,P04,B,0,3,4.0,0,6.8
S0004678,2025-03-19,P04,B,1,3,2.0,0,6.8
S0004679,2025-03-19,P04,B,2,3,1.0,1,6.8
S0004680,2025-03-19,P05,A,0,5,7.0,0,4.1
S0004681,2025-03-19,P05,A,1,5,3.0,0,4.1
S0004682,2025-03-19,P05,A,2,5,8.0,0,4.1
S0004683,2025-03-19,P05,A,3,5,1.0,0,4.1
S0004684,2025-03-19,P05,A,4,5,4.0,1,4.1
S0004685,2025-03-19,P05,B,0,5,4.0,0,4.1
S0004686,2025-03-19,P05,B,1,5,9.0,0,4.1
S0004687,2025-03-19,P05,B,2,5,9.0,0,4.1
S0004688,2025-03-19,P05,B,3,5,1.0,0,4.1
S0004689,2025-03-19,P05,B,4,5,3.0,1,4.1
S0004690,2025-03-19,P06,A,0,3,11.0,0,3.0
S0004691,2025-03-19,P06,A,1,3,6.0,0,3.0
S0004692,2025-03-19,P06,A,2,3,1.0,1,3.0
S0004693,2025-03-19,P06,B,0,3,6.0,0,3.0
S0004694,2025-03-19,P06,B,1,3,9.0,0,3.0
S0004695,2025-03-19,P06,B,2,3,5.0,1,3.0
S0004696,2025-03-19,P07,A,0,7,29.0,0,1.8
S0004697,2025-03-19,P07,A,1,7,8.0,0,1.8
S0004698,2025-03-19,P07,A,2,7,7.0,0,1.8
S0004699,2025-03-19,P07,A,3,7,5.0,0,1.8
S0004700,2025-03-19,P07,A,4,7,2.0,0,1.8
S0004701,2025-03-19,P07,A,5,7,9.0,0,1.8
S0004702,2025-03-19,P07,A,6,7,8.0,1,1.8
S0004703,2025-03-19,P07,B,0,7,6.0,0,1.8
S0004704,2025-03-19,P07,B,1,7,4.0,0,1.8
S0004705,2025-03-19,P07,B,2,7,3.0,0,1.8
S0004706,2025-03-19,P07,B,3,7,6.0,0,1.8
S0004707,2025-03-19,P07,B,4,7,2.0,0,1.8
S0004708,2025-03-19,P07,B,6,7,1.0,1,1.8
S0004709,2025-03-19,P08,A,0,5,8.0,0,3.7
S0004710,2025-03-19,P08,A,1,5,16.0,0,3.7
S0004711,2025-03-19,P08,A,2,5,1.0,0,3.7
S0004712,2025-03-19,P08,A,3,5,13.0,0,3.7
S0004713,2025-03-19,P08,A,4,5,1.0,1,3.7
S0004714,2025-03-19,P08,B,0,5,6.0,0,3.7
S0004715,2025-03-19,P08,B,1,5,5.0,0,3.7
S0004716,2025-03-19,P08,B,2,5,1.0,0,3.7
S0004717,2025-03-19,P08,B,4,5,3.0,1,3.7
S0004718,2025-03-20,P01,A,0,3,28.0,0,3.2
S0004719,2025-03-20,P01,A,1,3,26.0,0,3.2
S0004720,2025-03-20,P01,A,2,3,10.0,1,3.2
S0004721,2025-03-20,P01,B,0,3,17.0,0,3.2
S0004722,2025-03-20,P01,B,1,3,30.0,0,3.2
S0004723,2025-03-20,P01,B,2,3,7.0,1,3.2
S0004724,2025-03-20,P02,A,0,3,8.0,0,2.6
S0004725,2025-03-20,P02,A,1,3,28.0,0,2.6
S0004726,2025-03-20,P02,A,2,3,1.0,1,2.6
S0004727,2025-03-20,P02,B,0,3,19.0,0,2.6
S0004728,2025-03-20,P02,B,1,3,11.0,0,2.6
S0004729,2025-03-20,P02,B,2,3,15.0,1,2.6
S0004730,2025-03-20,P03,A,0,4,17.0,0,2.1
S0004731,2025-03-20,P03,A,1,4,19.0,0,2.1
S0004732,2025-03-20,P03,A,2,4,11.0,0,2.1
S0004733,2025-03-20,P03,A,3,4,4.0,1,2.1
S0004734,2025-03-20,P03,B,0,4,3.0,0,2.1
S0004735,2025-03-20,P03,B,1,4,11.0,0,2.1
S0004736,2025-03-20,P03,B,2,4,12.0,0,2.1
S0004737,2025-03-20,P03,B,3,4,5.0,1,2.1
S0004738,2025-03-20,P04,A,0,3,21.0,0,6.8
S0004739,2025-03-20,P04,A,1,3,17.0,0,6.8
S0004740,2025-03-20,P04,A,2,3,8.0,1,6.8
S0004741,2025-03-20,P04,B,0,3,13.0,0,6.8
S0004742,2025-03-20,P04,B,1,3,13.0,0,6.8
S0004743,2025-03-20,P04,B,2,3,2.0,1,6.8
S0004744,2025-03-20,P05,A,0,5,7.0,0,4.1
S0004745,2025-03-20,P05,A,1,5,8.0,0,4.1
S0004746,2025-03-20,P05,A,2,5,8.0,0,4.1
S0004747,2025-03-20,P05,A,3,5,4.0,0,4.1
S0004748,2025-03-20,P05,A,4,5,4.0,1,4.1
S0004749,2025-03-20,P05,B,0,5,8.0,0,4.1
S0004750,2025-03-20,P05,B,1,5,11.0,0,4.1
S0004751,2025-03-20,P05,B,2,5,3.0,0,4.1
S0004752,2025-03-20,P05,B,3,5,11.0,0,4.1
S0004753,2025-03-20,P05,B,4,5,4.0,1,4.1
S0004754,2025-03-20,P06,A,0,3,14.0,0,3.0
S0004755,2025-03-20,P06,A,1,3,6.0,0,3.0
S0004756,2025-03-20,P06,A,2,3,3.0,1,3.0
S0004757,2025-03-20,P06,B,0,3,8.0,0,3.0
S0004758,2025-03-20,P06,B,1,3,4.0,0,3.0
S0004759,2025-03-20,P07,A,0,7,6.0,0,1.8
S0004760,2025-03-20,P07,A,1,7,7.0,0,1.8
S0004761,2025-03-20,P07,A,2,7,11.0,0,1.8
S0004762,2025-03-20,P07,A,3,7,9.0,0,1.8
S0004763,2025-03-20,P07,A,4,7,4.0,0,1.8
S0004764,2025-03-20,P07,A,5,7,1.0,0,1.8
S0004765,2025-03-20,P07,B,0,7,5.0,0,1.8
S0004766,2025-03-20,P07,B,1,7,4.0,0,1.8
S0004767,2025-03-20,P07,B,2,7,23.0,0,1.8
S0004768,2025-03-20,P07,B,3,7,5.0,0,1.8
S0004769,2025-03-20,P07,B,4,7,2.0,0,1.8
S0004770,2025-03-20,P07,B,5,7,4.0,0,1.8
S0004771,2025-03-20,P07,B,6,7,3.0,1,1.8
S0004772,2025-03-20,P08,A,0,5,15.0,0,3.7
S0004773,2025-03-20,P08,A,1,5,3.0,0,3.7
S0004774,2025-03-20,P08,A,2,5,5.0,0,3.7
S0004775,2025-03-20,P08,A,3,5,10.0,0,3.7
S0004776,2025-03-20,P08,A,4,5,2.0,1,3.7
S0004777,2025-03-20,P08,B,0,5,4.0,0,3.7
S0004778,2025-03-20,P08,B,1,5,6.0,0,3.7
S0004779,2025-03-20,P08,B,2,5,4.0,0,3.7
S0004780,2025-03-20,P08,B,4,5,3.0,1,3.7
S0004781,2025-03-21,P01,A,0,3,26.0,0,3.2
S0004782,2025-03-21,P01,A,1,3,9.0,0,3.2
S0004783,2025-03-21,P01,B,0,3,21.0,0,3.2
S0004784,2025-03-21,P01,B,1,3,17.0,0,3.2
S0004785,2025-03-21,P01,B,2,3,3.0,1,3.2
S0004786,2025-03-21,P02,A,0,3,13.0,0,2.6
S0004787,2025-03-21,P02,A,1,3,20.0,0,2.6
S0004788,2025-03-21,P02,B,0,3,23.0,0,2.6
S0004789,2025-03-21,P02,B,1,3,17.0,0,2.6
S0004790,2025-03-21,P03,A,0,4,20.0,0,2.1
S0004791,2025-03-21,P03,A,1,4,18.0,0,2.1
S0004792,2025-03-21,P03,A,2,4,8.0,0,2.1
S0004793,2025-03-21,P03,A,3,4,4.0,1,2.1
S0004794,2025-03-21,P03,B,0,4,12.0,0,2.1
S0004795,2025-03-21,P03,B,1,4,7.0,0,2.1
S0004796,2025-03-21,P03,B,2,4,3.0,0,2.1
S0004797,2025-03-21,P03,B,3,4,5.0,1,2.1
S0004798,2025-03-21,P04,A,0,3,15.0,0,6.8
S0004799,2025-03-21,P04,A,1,3,9.0,0,6.8
S0004800,2025-03-21,P04,A,2,3,2.0,1,6.8
S0004801,2025-03-21,P04,B,0,3,11.0,0,6.8
S0004802,2025-03-21,P04,B,1,3,5.0,0,6.8
S0004803,2025-03-21,P04,B,2,3,2.0,1,6.8
S0004804,2025-03-21,P05,A,0,5,11.0,0,4.1
S0004805,2025-03-21,P05,A,1,5,6.0,0,4.1
S0004806,2025-03-21,P05,A,2,5,7.0,0,4.1
S0004807,2025-03-21,P05,A,3,5,8.0,0,4.1
S0004808,2025-03-21,P05,A,4,5,5.0,1,4.1
S0004809,2025-03-21,P05,B,0,5,13.0,0,4.1
S0004810,2025-03-21,P05,B,1,5,7.0,0,4.1
S0004811,2025-03-21,P05,B,2,5,1.0,0,4.1
S0004812,2025-03-21,P05,B,3,5,2.0,0,4.1
S0004813,2025-03-21,P06,A,0,3,10.0,0,3.0
S0004814,2025-03-21,P06,A,1,3,8.0,0,3.0
S0004815,2025-03-21,P06,A,2,3,2.0,1,3.0
S0004816,2025-03-21,P06,B,0,3,17.0,0,3.0
S0004817,2025-03-21,P06,B,1,3,8.0,0,3.0
S0004818,2025-03-21,P07,A,0,7,18.0,0,1.8
S0004819,2025-03-21,P07,A,1,7,6.0,0,1.8
S0004820,2025-03-21,P07,A,2,7,6.0,0,1.8
S0004821,2025-03-21,P07,A,3,7,9.0,0,1.8
S0004822,2025-03-21,P07,A,4,7,7.0,0,1.8
S0004823,2025-03-21,P07,A,5,7,4.0,0,1.8
S0004824,2025-03-21,P07,B,0,7,10.0,0,1.8
S0004825,2025-03-21,P07,B,1,7,2.0,0,1.8
S0004826,2025-03-21,P07,B,2,7,6.0,0,1.8
S0004827,2025-03-21,P07,B,3,7,8.0,0,1.8
S0004828,2025-03-21,P07,B,4,7,13.0,0,1.8
S0004829,2025-03-21,P08,A,0,5,17.0,0,3.7
S0004830,2025-03-21,P08,A,1,5,20.0,0,3.7
S0004831,2025-03-21,P08,A,2,5,14.0,0,3.7
S0004832,2025-03-21,P08,A,4,5,3.0,1,3.7
S0004833,2025-03-21,P08,B,0,5,3.0,0,3.7
S0004834,2025-03-21,P08,B,1,5,4.0,0,3.7
S0004835,2025-03-21,P08,B,2,5,3.0,0,3.7
S0004836,2025-03-21,P08,B,4,5,1.0,1,3.7
S0004837,2025-03-22,P01,A,0,3,43.0,0,3.2
S0004838,2025-03-22,P01,A,1,3,74.0,0,3.2
S0004839,2025-03-22,P01,A,2,3,1.0,1,3.2
S0004840,2025-03-22,P01,B,0,3,9.0,0,3.2
S0004841,2025-03-22,P01,B,1,3,8.0,0,3.2
S0004842,2025-03-22,P01,B,2,3,5.0,1,3.2
S0004843,2025-03-22,P02,A,0,3,38.0,0,2.6
S0004844,2025-03-22,P02,A,1,3,12.0,0,2.6
S0004845,2025-03-22,P02,B,0,3,8.0,0,2.6
S0004846,2025-03-22,P02,B,1,3,5.0,0,2.6
S0004847,2025-03-22,P02,B,2,3,1.0,1,2.6
S0004848,2025-03-22,P03,A,0,4,13.0,0,2.1
S0004849,2025-03-22,P03,A,1,4,20.0,0,2.1
S0004850,2025-03-22,P03,A,2,4,8.0,0,2.1
S0004851,2025-03-22,P03,B,0,4,14.0,0,2.1
S0004852,2025-03-22,P03,B,1,4,11.0,0,2.1
S0004853,2025-03-22,P03,B,2,4,10.0,0,2.1
S0004854,2025-03-22,P03,B,3,4,1.0,1,2.1
S0004855,2025-03-22,P04,A,0,3,21.0,0,6.8
S0004856,2025-03-22,P04,A,1,3,7.0,0,6.8
S0004857,2025-03-22,P04,A,2,3,2.0,1,6.8
S0004858,2025-03-22,P04,B,0,3,7.0,0,6.8
S0004859,2025-03-22,P04,B,1,3,4.0,0,6.8
S0004860,2025-03-22,P04,B,2,3,2.0,1,6.8
S0004861,2025-03-22,P05,A,0,5,13.0,0,4.1
S0004862,2025-03-22,P05,A,1,5,18.0,0,4.1
S0004863,2025-03-22,P05,A,2,5,5.0,0,4.1
S0004864,2025-03-22,P05,A,3,5,8.0,0,4.1
S0004865,2025-03-22,P05,B,0,5,6.0,0,4.1
S0004866,2025-03-22,P05,B,1,5,5.0,0,4.1
S0004867,2025-03-22,P05,B,2,5,5.0,0,4.1
S0004868,2025-03-22,P05,B,3,5,1.0,0,4.1
S0004869,2025-03-22,P05,B,4,5,1.0,1,4.1
S0004870,2025-03-22,P06,A,0,3,34.0,0,3.0
S0004871,2025-03-22,P06,A,1,3,8.0,0,3.0
S0004872,2025-03-22,P06,A,2,3,2.0,1,3.0
S0004873,2025-03-22,P06,B,0,3,5.0,0,3.0
S0004874,2025-03-22,P06,B,1,3,4.0,0,3.0
S0004875,2025-03-22,P07,A,0,7,16.0,0,1.8
S0004876,2025-03-22,P07,A,1,7,8.0,0,1.8
S0004877,2025-03-22,P07,A,2,7,6.0,0,1.8
S0004878,2025-03-22,P07,A,3,7,8.0,0,1.8
S0004879,2025-03-22,P07,A,4,7,15.0,0,1.8
S0004880,2025-03-22,P07,A,5,7,16.0,0,1.8
S0004881,2025-03-22,P07,A,6,7,2.0,1,1.8
S0004882,2025-03-22,P07,B,0,7,6.0,0,1.8
S0004883,2025-03-22,P07,B,1,7,5.0,0,1.8
S0004884,2025-03-22,P07,B,2,7,3.0,0,1.8
S0004885,2025-03-22,P07,B,3,7,3.0,0,1.8
S0004886,2025-03-22,P07,B,4,7,5.0,0,1.8
S0004887,2025-03-22,P07,B,5,7,2.0,0,1.8
S0004888,2025-03-22,P07,B,6,7,1.0,1,1.8
S0004889,2025-03-22,P08,A,0,5,15.0,0,3.7
S0004890,2025-03-22,P08,A,1,5,5.0,0,3.7
S0004891,2025-03-22,P08,A,2,5,1.0,0,3.7
S0004892,2025-03-22,P08,A,3,5,8.0,0,3.7
S0004893,2025-03-22,P08,B,0,5,8.0,0,3.7
S0004894,2025-03-22,P08,B,1,5,8.0,0,3.7
S0004895,2025-03-22,P08,B,2,5,4.0,0,3.7
S0004896,2025-03-22,P08,B,3,5,1.0,0,3.7
S0004897,2025-03-22,P08,B,4,5,1.0,1,3.7
S0004898,2025-03-23,P01,A,0,3,26.0,0,3.2
S0004899,2025-03-23,P01,A,1,3,34.0,0,3.2
S0004900,2025-03-23,P01,A,2,3,9.0,1,3.2
S0004901,2025-03-23,P01,B,0,3,34.0,0,3.2
S0004902,2025-03-23,P01,B,1,3,5.0,0,3.2
S0004903,2025-03-23,P01,B,2,3,6.0,1,3.2
S0004904,2025-03-23,P02,A,0,3,13.0,0,2.6
S0004905,2025-03-23,P02,A,1,3,11.0,0,2.6
S0004906,2025-03-23,P02,A,2,3,8.0,1,2.6
S0004907,2025-03-23,P02,B,0,3,17.0,0,2.6
S0004908,2025-03-23,P02,B,1,3,3.0,0,2.6
S0004909,2025-03-23,P03,A,0,4,14.0,0,2.1
S0004910,2025-03-23,P03,A,1,4,32.0,0,2.1
S0004911,2025-03-23,P03,A,2,4,12.0,0,2.1
S0004912,2025-03-23,P03,A,3,4,1.0,1,2.1
S0004913,2025-03-23,P03,B,0,4,23.0,0,2.1
S0004914,2025-03-23,P03,B,1,4,9.0,0,2.1
S0004915,2025-03-23,P03,B,2,4,9.0,0,2.1
S0004916,2025-03-23,P03,B,3,4,1.0,1,2.1
S0004917,2025-03-23,P04,A,0,3,7.0,0,6.8
S0004918,2025-03-23,P04,A,1,3,14.0,0,6.8
S0004919,2025-03-23,P04,A,2,3,5.0,1,6.8
S0004920,2025-03-23,P04,B,0,3,5.0,0,6.8
S0004921,2025-03-23,P04,B,1,3,2.0,0,6.8
S0004922,2025-03-23,P05,A,0,5,7.0,0,4.1
S0004923,2025-03-23,P05,A,1,5,8.0,0,4.1
S0004924,2025-03-23,P05,A,2,5,8.0,0,4.1
S0004925,2025-03-23,P05,A,4,5,1.0,1,4.1
S0004926,2025-03-23,P05,B,0,5,3.0,0,4.1
S0004927,2025-03-23,P05,B,1,5,12.0,0,4.1
S0004928,2025-03-23,P05,B,2,5,5.0,0,4.1
S0004929,2025-03-23,P05,B,3,5,2.0,0,4.1
S0004930,2025-03-23,P05,B,4,5,7.0,1,4.1
S0004931,2025-03-23,P06,A,0,3,9.0,0,3.0
S0004932,2025-03-23,P06,A,1,3,13.0,0,3.0
S0004933,2025-03-23,P06,A,2,3,4.0,1,3.0
S0004934,2025-03-23,P06,B,0,3,12.0,0,3.0
S0004935,2025-03-23,P06,B,1,3,9.0,0,3.0
S0004936,2025-03-23,P06,B,2,3,3.0,1,3.0
S0004937,2025-03-23,P07,A,0,7,16.0,0,1.8
S0004938,2025-03-23,P07,A,1,7,15.0,0,1.8
S0004939,2025-03-23,P07,A,2,7,7.0,0,1.8
S0004940,2025-03-23,P07,A,3,7,9.0,0,1.8
S0004941,2025-03-23,P07,A,4,7,2.0,0,1.8
S0004942,2025-03-23,P07,A,5,7,8.0,0,1.8
S0004943,2025-03-23,P07,B,0,7,10.0,0,1.8
S0004944,2025-03-23,P07,B,1,7,8.0,0,1.8
S0004945,2025-03-23,P07,B,2,7,12.0,0,1.8
S0004946,2025-03-23,P07,B,3,7,1.0,0,1.8
S0004947,2025-03-23,P07,B,4,7,4.0,0,1.8
S0004948,2025-03-23,P07,B,5,7,1.0,0,1.8
S0004949,2025-03-23,P07,B,6,7,4.0,1,1.8
S0004950,2025-03-23,P08,A,0,5,12.0,0,3.7
S0004951,2025-03-23,P08,A,1,5,14.0,0,3.7
S0004952,2025-03-23,P08,A,2,5,7.0,0,3.7
S0004953,2025-03-23,P08,A,3,5,12.0,0,3.7
S0004954,2025-03-23,P08,A,4,5,5.0,1,3.7
S0004955,2025-03-23,P08,B,0,5,8.0,0,3.7
S0004956,2025-03-23,P08,B,1,5,6.0,0,3.7
S0004957,2025-03-23,P08,B,2,5,4.0,0,3.7
S0004958,2025-03-23,P08,B,4,5,1.0,1,3.7
S0004959,2025-03-24,P01,A,0,3,48.0,0,3.2
S0004960,2025-03-24,P01,A,1,3,5.0,0,3.2
S0004961,2025-03-24,P01,A,2,3,12.0,1,3.2
S0004962,2025-03-24,P01,B,0,3,7.0,0,3.2
S0004963,2025-03-24,P01,B,1,3,3.0,0,3.2
S0004964,2025-03-24,P01,B,2,3,1.0,1,3.2
S0004965,2025-03-24,P02,A,0,3,8.0,0,2.6
S0004966,2025-03-24,P02,A,1,3,9.0,0,2.6
S0004967,2025-03-24,P02,A,2,3,11.0,1,2.6
S0004968,2025-03-24,P02,B,0,3,18.0,0,2.6
S0004969,2025-03-24,P02,B,1,3,8.0,0,2.6
S0004970,2025-03-24,P03,A,0,4,17.0,0,2.1
S0004971,2025-03-24,P03,A,1,4,17.0,0,2.1
S0004972,2025-03-24,P03,A,2,4,6.0,0,2.1
S0004973,2025-03-24,P03,A,3,4,1.0,1,2.1
S0004974,2025-03-24,P03,B,0,4,10.0,0,2.1
S0004975,2025-03-24,P03,B,1,4,5.0,0,2.1
S0004976,2025-03-24,P03,B,2,4,1.0,0,2.1
S0004977,2025-03-24,P03,B,3,4,1.0,1,2.1
S0004978,2025-03-24,P04,A,0,3,13.0,0,6.8
S0004979,2025-03-24,P04,A,1,3,20.0,0,6.8
S0004980,2025-03-24,P04,A,2,3,2.0,1,6.8
S0004981,2025-03-24,P04,B,0,3,13.0,0,6.8
S0004982,2025-03-24,P04,B,1,3,3.0,0,6.8
S0004983,2025-03-24,P04,B,2,3,1.0,1,6.8
S0004984,2025-03-24,P05,A,0,5,3.0,0,4.1
S0004985,2025-03-24,P05,A,1,5,9.0,0,4.1
S0004986,2025-03-24,P05,A,2,5,10.0,0,4.1
S0004987,2025-03-24,P05,A,3,5,3.0,0,4.1
S0004988,2025-03-24,P05,B,0,5,7.0,0,4.1
S0004989,2025-03-24,P05,B,1,5,5.0,0,4.1
S0004990,2025-03-24,P05,B,2,5,3.0,0,4.1
S0004991,2025-03-24,P05,B,3,5,1.0,0,4.1
S0004992,2025-03-24,P05,B,4,5,4.0,1,4.1
S0004993,2025-03-24,P06,A,0,3,25.0,0,3.0
S0004994,2025-03-24,P06,A,1,3,7.0,0,3.0
S0004995,2025-03-24,P06,A,2,3,3.0,1,3.0
S0004996,2025-03-24,P06,B,0,3,9.0,0,3.0
S0004997,2025-03-24,P06,B,1,3,4.0,0,3.0
S0004998,2025-03-24,P06,B,2,3,2.0,1,3.0
S0004999,2025-03-24,P07,A,0,7,24.0,0,1.8
S0005000,2025-03-24,P07,A,1,7,20.0,0,1.8
S0005001,2025-03-24,P07,A,2,7,15.0,0,1.8
S0005002,2025-03-24,P07,A,3,7,3.0,0,1.8
S0005003,2025-03-24,P07,A,4,7,7.0,0,1.8
S0005004,2025-03-24,P07,A,5,7,7.0,0,1.8
S0005005,2025-03-24,P07,A,6,7,2.0,1,1.8
S0005006,2025-03-24,P07,B,0,7,3.0,0,1.8
S0005007,2025-03-24,P07,B,1,7,4.0,0,1.8
S0005008,2025-03-24,P07,B,2,7,5.0,0,1.8
S0005009,2025-03-24,P07,B,3,7,2.0,0,1.8
S0005010,2025-03-24,P07,B,4,7,1.0,0,1.8
S0005011,2025-03-24,P07,B,5,7,1.0,0,1.8
S0005012,2025-03-24,P08,A,0,5,8.0,0,3.7
S0005013,2025-03-24,P08,A,1,5,7.0,0,3.7
S0005014,2025-03-24,P08,A,2,5,5.0,0,3.7
S0005015,2025-03-24,P08,A,3,5,9.0,0,3.7
S0005016,2025-03-24,P08,A,4,5,5.0,1,3.7
S0005017,2025-03-24,P08,B,0,5,2.0,0,3.7
S0005018,2025-03-24,P08,B,1,5,5.0,0,3.7
S0005019,2025-03-24,P08,B,2,5,4.0,0,3.7
S0005020,2025-03-25,P01,A,0,3,35.0,0,3.2
S0005021,2025-03-25,P01,A,1,3,41.0,0,3.2
S0005022,2025-03-25,P01,A,2,3,18.0,1,3.2
S0005023,2025-03-25,P01,B,0,3,11.0,0,3.2
S0005024,2025-03-25,P01,B,1,3,4.0,0,3.2
S0005025,2025-03-25,P01,B,2,3,2.0,1,3.2
S0005026,2025-03-25,P02,A,0,3,16.0,0,2.6
S0005027,2025-03-25,P02,A,1,3,20.0,0,2.6
S0005028,2025-03-25,P02,A,2,3,2.0,1,2.6
S0005029,2025-03-25,P02,B,0,3,3.0,0,2.6
S0005030,2025-03-25,P02,B,1,3,8.0,0,2.6
S0005031,2025-03-25,P02,B,2,3,1.0,1,2.6
S0005032,2025-03-25,P03,A,0,4,16.0,0,2.1
S0005033,2025-03-25,P03,A,1,4,16.0,0,2.1
S0005034,2025-03-25,P03,A,2,4,13.0,0,2.1
S0005035,2025-03-25,P03,A,3,4,3.0,1,2.1
S0005036,2025-03-25,P03,B,0,4,23.0,0,2.1
S0005037,2025-03-25,P03,B,1,4,12.0,0,2.1
S0005038,2025-03-25,P03,B,2,4,4.0,0,2.1
S0005039,2025-03-25,P03,B,3,4,5.0,1,2.1
S0005040,2025-03-25,P04,A,0,3,25.0,0,6.8
S0005041,2025-03-25,P04,A,1,3,10.0,0,6.8
S0005042,2025-03-25,P04,B,0,3,4.0,0,6.8
S0005043,2025-03-25,P04,B,1,3,2.0,0,6.8
S0005044,2025-03-25,P05,A,0,5,5.0,0,4.1
S0005045,2025-03-25,P05,A,1,5,12.0,0,4.1
S0005046,2025-03-25,P05,A,2,5,3.0,0,4.1
S0005047,2025-03-25,P05,A,3,5,5.0,0,4.1
S0005048,2025-03-25,P05,A,4,5,1.0,1,4.1
S0005049,2025-03-25,P05,B,0,5,4.0,0,4.1
S0005050,2025-03-25,P05,B,1,5,3.0,0,4.1
S0005051,2025-03-25,P05,B,2,5,3.0,0,4.1
S0005052,2025-03-25,P05,B,3,5,5.0,0,4.1
S0005053,2025-03-25,P05,B,4,5,1.0,1,4.1
S0005054,2025-03-25,P06,A,0,3,16.0,0,3.0
S0005055,2025-03-25,P06,A,1,3,6.0,0,3.0
S0005056,2025-03-25,P06,A,2,3,1.0,1,3.0
S0005057,2025-03-25,P06,B,0,3,6.0,0,3.0
S0005058,2025-03-25,P06,B,1,3,2.0,0,3.0
S0005059,2025-03-25,P06,B,2,3,1.0,1,3.0
S0005060,2025-03-25,P07,A,0,7,9.0,0,1.8
S0005061,2025-03-25,P07,A,1,7,8.0,0,1.8
S0005062,2025-03-25,P07,A,2,7,8.0,0,1.8
S0005063,2025-03-25,P07,A,3,7,2.0,0,1.8
S0005064,2025-03-25,P07,A,4,7,2.0,0,1.8
S0005065,2025-03-25,P07,A,5,7,2.0,0,1.8
S0005066,2025-03-25,P07,A,6,7,4.0,1,1.8
S0005067,2025-03-25,P07,B,0,7,3.0,0,1.8
S0005068,2025-03-25,P07,B,1,7,17.0,0,1.8
S0005069,2025-03-25,P07,B,2,7,4.0,0,1.8
S0005070,2025-03-25,P07,B,3,7,8.0,0,1.8
S0005071,2025-03-25,P07,B,4,7,4.0,0,1.8
S0005072,2025-03-25,P07,B,5,7,3.0,0,1.8
S0005073,2025-03-25,P07,B,6,7,1.0,1,1.8
S0005074,2025-03-25,P08,A,0,5,13.0,0,3.7
S0005075,2025-03-25,P08,A,1,5,4.0,0,3.7
S0005076,2025-03-25,P08,A,2,5,2.0,0,3.7
S0005077,2025-03-25,P08,B,0,5,10.0,0,3.7
S0005078,2025-03-25,P08,B,1,5,3.0,0,3.7
S0005079,2025-03-25,P08,B,2,5,4.0,0,3.7
S0005080,2025-03-25,P08,B,3,5,1.0,0,3.7
S0005081,2025-03-26,P01,A,0,3,13.0,0,3.2
S0005082,2025-03-26,P01,A,1,3,13.0,0,3.2
S0005083,2025-03-26,P01,A,2,3,5.0,1,3.2
S0005084,2025-03-26,P01,B,0,3,17.0,0,3.2
S0005085,2025-03-26,P01,B,1,3,9.0,0,3.2
S0005086,2025-03-26,P01,B,2,3,5.0,1,3.2
S0005087,2025-03-26,P02,A,0,3,23.0,0,2.6
S0005088,2025-03-26,P02,A,1,3,14.0,0,2.6
S0005089,2025-03-26,P02,A,2,3,3.0,1,2.6
S0005090,2025-03-26,P02,B,0,3,9.0,0,2.6
S0005091,2025-03-26,P02,B,1,3,3.0,0,2.6
S0005092,2025-03-26,P03,A,0,4,13.0,0,2.1
S0005093,2025-03-26,P03,A,1,4,33.0,0,2.1
S0005094,2025-03-26,P03,A,2,4,8.0,0,2.1
S0005095,2025-03-26,P03,A,3,4,2.0,1,2.1
S0005096,2025-03-26,P03,B,0,4,10.0,0,2.1
S0005097,2025-03-26,P03,B,1,4,19.0,0,2.1
S0005098,2025-03-26,P03,B,2,4,12.0,0,2.1
S0005099,2025-03-26,P04,A,0,3,12.0,0,6.8
S0005100,2025-03-26,P04,A,1,3,12.0,0,6.8
S0005101,2025-03-26,P04,A,2,3,7.0,1,6.8
S0005102,2025-03-26,P04,B,0,3,23.0,0,6.8
S0005103,2025-03-26,P04,B,1,3,10.0,0,6.8
S0005104,2025-03-26,P04,B,2,3,5.0,1,6.8
S0005105,2025-03-26,P05,A,0,5,5.0,0,4.1
S0005106,2025-03-26,P05,A,1,5,6.0,0,4.1
S0005107,2025-03-26,P05,A,2,5,9.0,0,4.1
S0005108,2025-03-26,P05,A,3,5,13.0,0,4.1
S0005109,2025-03-26,P05,B,0,5,5.0,0,4.1
S0005110,2025-03-26,P05,B,1,5,19.0,0,4.1
S0005111,2025-03-26,P05,B,2,5,8.0,0,4.1
S0005112,2025-03-26,P05,B,3,5,6.0,0,4.1
S0005113,2025-03-26,P05,B,4,5,2.0,1,4.1
S0005114,2025-03-26,P06,A,0,3,13.0,0,3.0
S0005115,2025-03-26,P06,A,1,3,9.0,0,3.0
S0005116,2025-03-26,P06,A,2,3,1.0,1,3.0
S0005117,2025-03-26,P06,B,0,3,4.0,0,3.0
S0005118,2025-03-26,P06,B,1,3,7.0,0,3.0
S0005119,2025-03-26,P07,A,0,7,14.0,0,1.8
S0005120,2025-03-26,P07,A,1,7,12.0,0,1.8
S0005121,2025-03-26,P07,A,2,7,15.0,0,1.8
S0005122,2025-03-26,P07,A,3,7,5.0,0,1.8
S0005123,2025-03-26,P07,A,4,7,5.0,0,1.8
S0005124,2025-03-26,P07,A,6,7,7.0,1,1.8
S0005125,2025-03-26,P07,B,0,7,22.0,0,1.8
S0005126,2025-03-26,P07,B,1,7,13.0,0,1.8
S0005127,2025-03-26,P07,B,2,7,12.0,0,1.8
S0005128,2025-03-26,P07,B,3,7,2.0,0,1.8
S0005129,2025-03-26,P07,B,4,7,2.0,0,1.8
S0005130,2025-03-26,P07,B,5,7,2.0,0,1.8
S0005131,2025-03-26,P08,A,0,5,11.0,0,3.7
S0005132,2025-03-26,P08,A,1,5,7.0,0,3.7
S0005133,2025-03-26,P08,A,2,5,6.0,0,3.7
S0005134,2025-03-26,P08,A,3,5,2.0,0,3.7
S0005135,2025-03-26,P08,A,4,5,1.0,1,3.7
S0005136,2025-03-26,P08,B,0,5,4.0,0,3.7
S0005137,2025-03-26,P08,B,1,5,4.0,0,3.7
S0005138,2025-03-26,P08,B,2,5,1.0,0,3.7
S0005139,2025-03-26,P08,B,3,5,3.0,0,3.7
S0005140,2025-03-26,P08,B,4,5,2.0,1,3.7
S0005141,2025-03-27,P01,A,0,3,24.0,0,3.2
S0005142,2025-03-27,P01,A,1,3,15.0,0,3.2
S0005143,2025-03-27,P01,A,2,3,3.0,1,3.2
S0005144,2025-03-27,P01,B,0,3,14.0,0,3.2
S0005145,2025-03-27,P01,B,1,3,7.0,0,3.2
S0005146,2025-03-27,P01,B,2,3,5.0,1,3.2
S0005147,2025-03-27,P02,A,0,3,22.0,0,2.6
S0005148,2025-03-27,P02,A,1,3,15.0,0,2.6
S0005149,2025-03-27,P02,A,2,3,2.0,1,2.6
S0005150,2025-03-27,P02,B,0,3,15.0,0,2.6
S0005151,2025-03-27,P02,B,1,3,3.0,0,2.6
S0005152,2025-03-27,P02,B,2,3,2.0,1,2.6
S0005153,2025-03-27,P03,A,0,4,35.0,0,2.1
S0005154,2025-03-27,P03,A,1,4,15.0,0,2.1
S0005155,2025-03-27,P03,A,2,4,7.0,0,2.1
S0005156,2025-03-27,P03,A,3,4,2.0,1,2.1
S0005157,2025-03-27,P03,B,0,4,28.0,0,2.1
S0005158,2025-03-27,P03,B,1,4,24.0,0,2.1
S0005159,2025-03-27,P03,B,2,4,14.0,0,2.1
S0005160,2025-03-27,P03,B,3,4,6.0,1,2.1
S0005161,2025-03-27,P04,A,0,3,26.0,0,6.8
S0005162,2025-03-27,P04,A,1,3,3.0,0,6.8
S0005163,2025-03-27,P04,A,2,3,7.0,1,6.8
S0005164,2025-03-27,P04,B,0,3,6.0,0,6.8
S0005165,2025-03-27,P04,B,1,3,10.0,0,6.8
S0005166,2025-03-27,P04,B,2,3,2.0,1,6.8
S0005167,2025-03-27,P05,A,0,5,11.0,0,4.1
S0005168,2025-03-27,P05,A,1,5,10.0,0,4.1
S0005169,2025-03-27,P05,A,2,5,15.0,0,4.1
S0005170,2025-03-27,P05,A,3,5,28.0,0,4.1
S0005171,2025-03-27,P05,B,0,5,10.0,0,4.1
S0005172,2025-03-27,P05,B,1,5,4.0,0,4.1
S0005173,2025-03-27,P05,B,2,5,2.0,0,4.1
S0005174,2025-03-27,P05,B,3,5,2.0,0,4.1
S0005175,2025-03-27,P05,B,4,5,1.0,1,4.1
S0005176,2025-03-27,P06,A,0,3,24.0,0,3.0
S0005177,2025-03-27,P06,A,1,3,15.0,0,3.0
S0005178,2025-03-27,P06,A,2,3,4.0,1,3.0
S0005179,2025-03-27,P06,B,0,3,18.0,0,3.0
S0005180,2025-03-27,P06,B,1,3,5.0,0,3.0
S0005181,2025-03-27,P07,A,0,7,21.0,0,1.8
S0005182,2025-03-27,P07,A,1,7,15.0,0,1.8
S0005183,2025-03-27,P07,A,2,7,13.0,0,1.8
S0005184,2025-03-27,P07,A,3,7,8.0,0,1.8
S0005185,2025-03-27,P07,A,4,7,12.0,0,1.8
S0005186,2025-03-27,P07,A,5,7,16.0,0,1.8
S0005187,2025-03-27,P07,A,6,7,3.0,1,1.8
S0005188,2025-03-27,P07,B,0,7,4.0,0,1.8
S0005189,2025-03-27,P07,B,1,7,1.0,0,1.8
S0005190,2025-03-27,P07,B,2,7,2.0,0,1.8
S0005191,2025-03-27,P07,B,3,7,5.0,0,1.8
S0005192,2025-03-27,P07,B,4,7,3.0,0,1.8
S0005193,2025-03-27,P08,A,0,5,9.0,0,3.7
S0005194,2025-03-27,P08,A,1,5,6.0,0,3.7
S0005195,2025-03-27,P08,A,2,5,3.0,0,3.7
S0005196,2025-03-27,P08,A,3,5,1.0,0,3.7
S0005197,2025-03-27,P08,B,0,5,7.0,0,3.7
S0005198,2025-03-27,P08,B,1,5,8.0,0,3.7
S0005199,2025-03-27,P08,B,2,5,5.0,0,3.7
S0005200,2025-03-27,P08,B,3,5,2.0,0,3.7
S0005201,2025-03-27,P08,B,4,5,1.0,1,3.7
S0005202,2025-03-28,P01,A,0,3,67.0,0,3.2
S0005203,2025-03-28,P01,A,1,3,45.0,0,3.2
S0005204,2025-03-28,P01,A,2,3,11.0,1,3.2
S0005205,2025-03-28,P01,B,0,3,16.0,0,3.2
S0005206,2025-03-28,P01,B,1,3,5.0,0,3.2
S0005207,2025-03-28,P01,B,2,3,1.0,1,3.2
S0005208,2025-03-28,P02,A,0,3,12.0,0,2.6
S0005209,2025-03-28,P02,A,1,3,9.0,0,2.6
S0005210,2025-03-28,P02,A,2,3,3.0,1,2.6
S0005211,2025-03-28,P02,B,0,3,16.0,0,2.6
S0005212,2025-03-28,P02,B,1,3,7.0,0,2.6
S0005213,2025-03-28,P02,B,2,3,6.0,1,2.6
S0005214,2025-03-28,P03,A,0,4,20.0,0,2.1
S0005215,2025-03-28,P03,A,1,4,7.0,0,2.1
S0005216,2025-03-28,P03,A,2,4,10.0,0,2.1
S0005217,2025-03-28,P03,A,3,4,1.0,1,2.1
S0005218,2025-03-28,P03,B,0,4,7.0,0,2.1
S0005219,2025-03-28,P03,B,1,4,4.0,0,2.1
S0005220,2025-03-28,P03,B,2,4,8.0,0,2.1
S0005221,2025-03-28,P03,B,3,4,2.0,1,2.1
S0005222,2025-03-28,P04,A,0,3,31.0,0,6.8
S0005223,2025-03-28,P04,A,1,3,2.0,0,6.8
S0005224,2025-03-28,P04,A,2,3,9.0,1,6.8
S0005225,2025-03-28,P04,B,0,3,5.0,0,6.8
S0005226,2025-03-28,P04,B,1,3,1.0,0,6.8
S0005227,2025-03-28,P04,B,2,3,1.0,1,6.8
S0005228,2025-03-28,P05,A,0,5,26.0,0,4.1
S0005229,2025-03-28,P05,A,1,5,13.0,0,4.1
S0005230,2025-03-28,P05,A,2,5,5.0,0,4.1
S0005231,2025-03-28,P05,A,3,5,4.0,0,4.1
S0005232,2025-03-28,P05,A,4,5,1.0,1,4.1
S0005233,2025-03-28,P05,B,0,5,3.0,0,4.1
S0005234,2025-03-28,P05,B,1,5,4.0,0,4.1
S0005235,2025-03-28,P05,B,2,5,2.0,0,4.1
S0005236,2025-03-28,P06,A,0,3,13.0,0,3.0
S0005237,2025-03-28,P06,A,1,3,6.0,0,3.0
S0005238,2025-03-28,P06,A,2,3,7.0,1,3.0
S0005239,2025-03-28,P06,B,0,3,3.0,0,3.0
S0005240,2025-03-28,P06,B,1,3,8.0,0,3.0
S0005241,2025-03-28,P07,A,0,7,20.0,0,1.8
S0005242,2025-03-28,P07,A,1,7,11.0,0,1.8
S0005243,2025-03-28,P07,A,2,7,5.0,0,1.8
S0005244,2025-03-28,P07,A,3,7,29.0,0,1.8
S0005245,2025-03-28,P07,A,4,7,1.0,0,1.8
S0005246,2025-03-28,P07,A,5,7,4.0,0,1.8
S0005247,2025-03-28,P07,B,0,7,8.0,0,1.8
S0005248,2025-03-28,P07,B,1,7,13.0,0,1.8
S0005249,2025-03-28,P07,B,2,7,6.0,0,1.8
S0005250,2025-03-28,P07,B,3,7,7.0,0,1.8
S0005251,2025-03-28,P07,B,4,7,4.0,0,1.8
S0005252,2025-03-28,P07,B,5,7,7.0,0,1.8
S0005253,2025-03-28,P07,B,6,7,5.0,1,1.8
S0005254,2025-03-28,P08,A,0,5,8.0,0,3.7
S0005255,2025-03-28,P08,A,1,5,10.0,0,3.7
S0005256,2025-03-28,P08,A,2,5,2.0,0,3.7
S0005257,2025-03-28,P08,A,4,5,1.0,1,3.7
S0005258,2025-03-28,P08,B,0,5,10.0,0,3.7
S0005259,2025-03-28,P08,B,1,5,4.0,0,3.7
S0005260,2025-03-28,P08,B,2,5,5.0,0,3.7
S0005261,2025-03-28,P08,B,3,5,4.0,0,3.7
S0005262,2025-03-28,P08,B,4,5,2.0,1,3.7
S0005263,2025-03-29,P01,A,0,3,74.0,0,3.2
S0005264,2025-03-29,P01,A,1,3,13.0,0,3.2
S0005265,2025-03-29,P01,A,2,3,2.0,1,3.2
S0005266,2025-03-29,P01,B,0,3,21.0,0,3.2
S0005267,2025-03-29,P01,B,1,3,11.0,0,3.2
S0005268,2025-03-29,P02,A,0,3,49.0,0,2.6
S0005269,2025-03-29,P02,A,1,3,29.0,0,2.6
S0005270,2025-03-29,P02,A,2,3,2.0,1,2.6
S0005271,2025-03-29,P02,B,0,3,5.0,0,2.6
S0005272,2025-03-29,P02,B,1,3,9.0,0,2.6
S0005273,2025-03-29,P03,A,0,4,28.0,0,2.1
S0005274,2025-03-29,P03,A,1,4,16.0,0,2.1
S0005275,2025-03-29,P03,A,2,4,1.0,0,2.1
S0005276,2025-03-29,P03,A,3,4,7.0,1,2.1
S0005277,2025-03-29,P03,B,0,4,17.0,0,2.1
S0005278,2025-03-29,P03,B,1,4,17.0,0,2.1
S0005279,2025-03-29,P03,B,2,4,1.0,0,2.1
S0005280,2025-03-29,P03,B,3,4,10.0,1,2.1
S0005281,2025-03-29,P04,A,0,3,20.0,0,6.8
S0005282,2025-03-29,P04,A,1,3,7.0,0,6.8
S0005283,2025-03-29,P04,A,2,3,2.0,1,6.8
S0005284,2025-03-29,P04,B,0,3,9.0,0,6.8
S0005285,2025-03-29,P04,B,1,3,5.0,0,6.8
S0005286,2025-03-29,P04,B,2,3,2.0,1,6.8
S0005287,2025-03-29,P05,A,0,5,16.0,0,4.1
S0005288,2025-03-29,P05,A,1,5,13.0,0,4.1
S0005289,2025-03-29,P05,A,2,5,10.0,0,4.1
S0005290,2025-03-29,P05,A,3,5,8.0,0,4.1
S0005291,2025-03-29,P05,A,4,5,1.0,1,4.1
S0005292,2025-03-29,P05,B,0,5,8.0,0,4.1
S0005293,2025-03-29,P05,B,1,5,5.0,0,4.1
S0005294,2025-03-29,P05,B,2,5,8.0,0,4.1
S0005295,2025-03-29,P05,B,3,5,2.0,0,4.1
S0005296,2025-03-29,P05,B,4,5,3.0,1,4.1
S0005297,2025-03-29,P06,A,0,3,14.0,0,3.0
S0005298,2025-03-29,P06,A,1,3,15.0,0,3.0
S0005299,2025-03-29,P06,B,0,3,5.0,0,3.0
S0005300,2025-03-29,P06,B,1,3,6.0,0,3.0
S0005301,2025-03-29,P06,B,2,3,2.0,1,3.0
S0005302,2025-03-29,P07,A,0,7,12.0,0,1.8
S0005303,2025-03-29,P07,A,1,7,13.0,0,1.8
S0005304,2025-03-29,P07,A,2,7,8.0,0,1.8
S0005305,2025-03-29,P07,A,3,7,6.0,0,1.8
S0005306,2025-03-29,P07,A,4,7,1.0,0,1.8
S0005307,2025-03-29,P07,A,5,7,2.0,0,1.8
S0005308,2025-03-29,P07,A,6,7,6.0,1,1.8
S0005309,2025-03-29,P07,B,0,7,12.0,0,1.8
S0005310,2025-03-29,P07,B,1,7,5.0,0,1.8
S0005311,2025-03-29,P07,B,2,7,4.0,0,1.8
S0005312,2025-03-29,P07,B,3,7,8.0,0,1.8
S0005313,2025-03-29,P07,B,4,7,3.0,0,1.8
S0005314,2025-03-29,P07,B,5,7,3.0,0,1.8
S0005315,2025-03-29,P07,B,6,7,6.0,1,1.8
S0005316,2025-03-29,P08,A,0,5,7.0,0,3.7
S0005317,2025-03-29,P08,A,1,5,13.0,0,3.7
S0005318,2025-03-29,P08,A,2,5,6.0,0,3.7
S0005319,2025-03-29,P08,A,3,5,8.0,0,3.7
S0005320,2025-03-29,P08,A,4,5,3.0,1,3.7
S0005321,2025-03-29,P08,B,0,5,6.0,0,3.7
S0005322,2025-03-29,P08,B,1,5,4.0,0,3.7
S0005323,2025-03-29,P08,B,2,5,2.0,0,3.7
S0005324,2025-03-29,P08,B,3,5,1.0,0,3.7
S0005325,2025-03-29,P08,B,4,5,1.0,1,3.7
S0005326,2025-03-30,P01,A,0,3,43.0,0,3.2
S0005327,2025-03-30,P01,A,1,3,15.0,0,3.2
S0005328,2025-03-30,P01,A,2,3,5.0,1,3.2
S0005329,2025-03-30,P01,B,0,3,4.0,0,3.2
S0005330,2025-03-30,P01,B,1,3,10.0,0,3.2
S0005331,2025-03-30,P01,B,2,3,4.0,1,3.2
S0005332,2025-03-30,P02,A,0,3,15.0,0,2.6
S0005333,2025-03-30,P02,A,1,3,7.0,0,2.6
S0005334,2025-03-30,P02,A,2,3,1.0,1,2.6
S0005335,2025-03-30,P02,B,0,3,21.0,0,2.6
S0005336,2025-03-30,P02,B,1,3,8.0,0,2.6
S0005337,2025-03-30,P03,A,0,4,17.0,0,2.1
S0005338,2025-03-30,P03,A,1,4,24.0,0,2.1
S0005339,2025-03-30,P03,A,2,4,11.0,0,2.1
S0005340,2025-03-30,P03,A,3,4,4.0,1,2.1
S0005341,2025-03-30,P03,B,0,4,4.0,0,2.1
S0005342,2025-03-30,P03,B,1,4,4.0,0,2.1
S0005343,2025-03-30,P03,B,2,4,2.0,0,2.1
S0005344,2025-03-30,P04,A,0,3,13.0,0,6.8
S0005345,2025-03-30,P04,A,1,3,9.0,0,6.8
S0005346,2025-03-30,P04,A,2,3,4.0,1,6.8
S0005347,2025-03-30,P04,B,0,3,20.0,0,6.8
S0005348,2025-03-30,P04,B,1,3,9.0,0,6.8
S0005349,2025-03-30,P04,B,2,3,1.0,1,6.8
S0005350,2025-03-30,P05,A,0,5,21.0,0,4.1
S0005351,2025-03-30,P05,A,1,5,14.0,0,4.1
S0005352,2025-03-30,P05,A,2,5,16.0,0,4.1
S0005353,2025-03-30,P05,A,3,5,6.0,0,4.1
S0005354,2025-03-30,P05,A,4,5,5.0,1,4.1
S0005355,2025-03-30,P05,B,0,5,7.0,0,4.1
S0005356,2025-03-30,P05,B,1,5,9.0,0,4.1
S0005357,2025-03-30,P05,B,2,5,11.0,0,4.1
S0005358,2025-03-30,P05,B,3,5,4.0,0,4.1
S0005359,2025-03-30,P05,B,4,5,1.0,1,4.1
S0005360,2025-03-30,P06,A,0,3,24.0,0,3.0
S0005361,2025-03-30,P06,A,1,3,13.0,0,3.0
S0005362,2025-03-30,P06,B,0,3,1.0,0,3.0
S0005363,2025-03-30,P06,B,1,3,5.0,0,3.0
S0005364,2025-03-30,P06,B,2,3,4.0,1,3.0
S0005365,2025-03-30,P07,A,0,7,10.0,0,1.8
S0005366,2025-03-30,P07,A,1,7,25.0,0,1.8
S0005367,2025-03-30,P07,A,2,7,9.0,0,1.8
S0005368,2025-03-30,P07,A,3,7,10.0,0,1.8
S0005369,2025-03-30,P07,A,4,7,3.0,0,1.8
S0005370,2025-03-30,P07,B,0,7,9.0,0,1.8
S0005371,2025-03-30,P07,B,1,7,8.0,0,1.8
S0005372,2025-03-30,P07,B,2,7,5.0,0,1.8
S0005373,2025-03-30,P07,B,3,7,1.0,0,1.8
S0005374,2025-03-30,P07,B,4,7,9.0,0,1.8
S0005375,2025-03-30,P07,B,5,7,5.0,0,1.8
S0005376,2025-03-30,P07,B,6,7,7.0,1,1.8
S0005377,2025-03-30,P08,A,0,5,9.0,0,3.7
S0005378,2025-03-30,P08,A,1,5,8.0,0,3.7
S0005379,2025-03-30,P08,A,2,5,4.0,0,3.7
S0005380,2025-03-30,P08,A,3,5,2.0,0,3.7
S0005381,2025-03-30,P08,A,4,5,1.0,1,3.7
S0005382,2025-03-30,P08,B,0,5,4.0,0,3.7
S0005383,2025-03-30,P08,B,1,5,5.0,0,3.7
S0005384,2025-03-30,P08,B,2,5,5.0,0,3.7
S0005385,2025-03-30,P08,B,3,5,1.0,0,3.7
S0005386,2025-03-31,P01,A,0,3,27.0,0,3.2
S0005387,2025-03-31,P01,A,1,3,11.0,0,3.2
S0005388,2025-03-31,P01,A,2,3,5.0,1,3.2
S0005389,2025-03-31,P01,B,0,3,19.0,0,3.2
S0005390,2025-03-31,P01,B,1,3,6.0,0,3.2
S0005391,2025-03-31,P01,B,2,3,2.0,1,3.2
S0005392,2025-03-31,P02,A,0,3,19.0,0,2.6
S0005393,2025-03-31,P02,A,1,3,8.0,0,2.6
S0005394,2025-03-31,P02,A,2,3,6.0,1,2.6
S0005395,2025-03-31,P02,B,0,3,19.0,0,2.6
S0005396,2025-03-31,P02,B,1,3,3.0,0,2.6
S0005397,2025-03-31,P02,B,2,3,4.0,1,2.6
S0005398,2025-03-31,P03,A,0,4,32.0,0,2.1
S0005399,2025-03-31,P03,A,1,4,23.0,0,2.1
S0005400,2025-03-31,P03,A,2,4,7.0,0,2.1
S0005401,2025-03-31,P03,A,3,4,11.0,1,2.1
S0005402,2025-03-31,P03,B,0,4,14.0,0,2.1
S0005403,2025-03-31,P03,B,1,4,14.0,0,2.1
S0005404,2025-03-31,P03,B,3,4,4.0,1,2.1
S0005405,2025-03-31,P04,A,0,3,31.0,0,6.8
S0005406,2025-03-31,P04,A,1,3,22.0,0,6.8
S0005407,2025-03-31,P04,A,2,3,1.0,1,6.8
S0005408,2025-03-31,P04,B,0,3,7.0,0,6.8
S0005409,2025-03-31,P04,B,1,3,3.0,0,6.8
S0005410,2025-03-31,P05,A,0,5,17.0,0,4.1
S0005411,2025-03-31,P05,A,1,5,19.0,0,4.1
S0005412,2025-03-31,P05,A,2,5,10.0,0,4.1
S0005413,2025-03-31,P05,A,3,5,9.0,0,4.1
S0005414,2025-03-31,P05,A,4,5,1.0,1,4.1
S0005415,2025-03-31,P05,B,0,5,5.0,0,4.1
S0005416,2025-03-31,P05,B,1,5,5.0,0,4.1
S0005417,2025-03-31,P05,B,3,5,2.0,0,4.1
S0005418,2025-03-31,P06,A,0,3,26.0,0,3.0
S0005419,2025-03-31,P06,A,1,3,10.0,0,3.0
S0005420,2025-03-31,P06,A,2,3,3.0,1,3.0
S0005421,2025-03-31,P06,B,0,3,9.0,0,3.0
S0005422,2025-03-31,P06,B,1,3,10.0,0,3.0
S0005423,2025-03-31,P07,A,0,7,6.0,0,1.8
S0005424,2025-03-31,P07,A,1,7,5.0,0,1.8
S0005425,2025-03-31,P07,A,2,7,4.0,0,1.8
S0005426,2025-03-31,P07,A,3,7,12.0,0,1.8
S0005427,2025-03-31,P07,A,4,7,2.0,0,1.8
S0005428,2025-03-31,P07,A,5,7,5.0,0,1.8
S0005429,2025-03-31,P07,A,6,7,1.0,1,1.8
S0005430,2025-03-31,P07,B,0,7,2.0,0,1.8
S0005431,2025-03-31,P07,B,1,7,9.0,0,1.8
S0005432,2025-03-31,P07,B,2,7,8.0,0,1.8
S0005433,2025-03-31,P07,B,3,7,4.0,0,1.8
S0005434,2025-03-31,P07,B,4,7,1.0,0,1.8
S0005435,2025-03-31,P07,B,5,7,1.0,0,1.8
S0005436,2025-03-31,P07,B,6,7,1.0,1,1.8
S0005437,2025-03-31,P08,A,0,5,25.0,0,3.7
S0005438,2025-03-31,P08,A,1,5,11.0,0,3.7
S0005439,2025-03-31,P08,A,2,5,19.0,0,3.7
S0005440,2025-03-31,P08,A,3,5,12.0,0,3.7
S0005441,2025-03-31,P08,A,4,5,3.0,1,3.7
S0005442,2025-03-31,P08,B,0,5,8.0,0,3.7
S0005443,2025-03-31,P08,B,1,5,7.0,0,3.7
S0005444,2025-03-31,P08,B,2,5,1.0,0,3.7
S0005445,2025-03-31,P08,B,3,5,5.0,0,3.7
